,year,value,indicator_value,country_id,country_value,region,incomeLevel,lendingType,longitude,latitude
0,2025,3.7430158719504,GDP growth (annual %),ZH,Africa Eastern and Southern,Aggregates,Aggregates,Aggregates,,
1,2024,2.78793146807502,GDP growth (annual %),ZH,Africa Eastern and Southern,Aggregates,Aggregates,Aggregates,,
2,2023,1.94138157772015,GDP growth (annual %),ZH,Africa Eastern and Southern,Aggregates,Aggregates,Aggregates,,
3,2022,3.66802914041513,GDP growth (annual %),ZH,Africa Eastern and Southern,Aggregates,Aggregates,Aggregates,,
4,2021,4.45264295607002,GDP growth (annual %),ZH,Africa Eastern and Southern,Aggregates,Aggregates,Aggregates,,
5,2020,-2.93076411386527,GDP growth (annual %),ZH,Africa Eastern and Southern,Aggregates,Aggregates,Aggregates,,
6,2019,1.93559262617022,GDP growth (annual %),ZH,Africa Eastern and Southern,Aggregates,Aggregates,Aggregates,,
7,2018,2.70620741957582,GDP growth (annual %),ZH,Africa Eastern and Southern,Aggregates,Aggregates,Aggregates,,
8,2017,2.67886266771569,GDP growth (annual %),ZH,Africa Eastern and Southern,Aggregates,Aggregates,Aggregates,,
9,2016,2.2925005812875,GDP growth (annual %),ZH,Africa Eastern and Southern,Aggregates,Aggregates,Aggregates,,
10,2025,4.6000999560392,GDP growth (annual %),ZI,Africa Western and Central,Aggregates,Aggregates,Aggregates,,
11,2024,4.59618335068083,GDP growth (annual %),ZI,Africa Western and Central,Aggregates,Aggregates,Aggregates,,
12,2023,3.64459087867006,GDP growth (annual %),ZI,Africa Western and Central,Aggregates,Aggregates,Aggregates,,
13,2022,4.47710763731639,GDP growth (annual %),ZI,Africa Western and Central,Aggregates,Aggregates,Aggregates,,
14,2021,2.54547274764256,GDP growth (annual %),ZI,Africa Western and Central,Aggregates,Aggregates,Aggregates,,
15,2020,-3.71879330346492,GDP growth (annual %),ZI,Africa Western and Central,Aggregates,Aggregates,Aggregates,,
16,2019,3.28314241472725,GDP growth (annual %),ZI,Africa Western and Central,Aggregates,Aggregates,Aggregates,,
17,2018,2.89995418634321,GDP growth (annual %),ZI,Africa Western and Central,Aggregates,Aggregates,Aggregates,,
18,2017,2.30276059142707,GDP growth (annual %),ZI,Africa Western and Central,Aggregates,Aggregates,Aggregates,,
19,2016,0.176171718599761,GDP growth (annual %),ZI,Africa Western and Central,Aggregates,Aggregates,Aggregates,,
20,2025,3.67757993848036,GDP growth (annual %),1A,Arab World,Aggregates,Aggregates,Aggregates,,
21,2024,2.00521809439076,GDP growth (annual %),1A,Arab World,Aggregates,Aggregates,Aggregates,,
22,2023,1.6487292798157,GDP growth (annual %),1A,Arab World,Aggregates,Aggregates,Aggregates,,
23,2022,6.99667634282584,GDP growth (annual %),1A,Arab World,Aggregates,Aggregates,Aggregates,,
24,2021,4.43140396719774,GDP growth (annual %),1A,Arab World,Aggregates,Aggregates,Aggregates,,
25,2020,-5.28641417078185,GDP growth (annual %),1A,Arab World,Aggregates,Aggregates,Aggregates,,
26,2019,1.74949238304778,GDP growth (annual %),1A,Arab World,Aggregates,Aggregates,Aggregates,,
27,2018,2.67038341212846,GDP growth (annual %),1A,Arab World,Aggregates,Aggregates,Aggregates,,
28,2017,1.33126991214532,GDP growth (annual %),1A,Arab World,Aggregates,Aggregates,Aggregates,,
29,2016,3.57245633977796,GDP growth (annual %),1A,Arab World,Aggregates,Aggregates,Aggregates,,
30,2025,7.97505570265018,GDP growth (annual %),S3,Caribbean small states,Aggregates,Aggregates,Aggregates,,
31,2024,13.3281652583601,GDP growth (annual %),S3,Caribbean small states,Aggregates,Aggregates,Aggregates,,
32,2023,8.80514656985758,GDP growth (annual %),S3,Caribbean small states,Aggregates,Aggregates,Aggregates,,
33,2022,14.7413556305504,GDP growth (annual %),S3,Caribbean small states,Aggregates,Aggregates,Aggregates,,
34,2021,7.23640467044548,GDP growth (annual %),S3,Caribbean small states,Aggregates,Aggregates,Aggregates,,
35,2020,-9.27326845637317,GDP growth (annual %),S3,Caribbean small states,Aggregates,Aggregates,Aggregates,,
36,2019,0.865089017714141,GDP growth (annual %),S3,Caribbean small states,Aggregates,Aggregates,Aggregates,,
37,2018,1.31016136681117,GDP growth (annual %),S3,Caribbean small states,Aggregates,Aggregates,Aggregates,,
38,2017,-0.750655745538538,GDP growth (annual %),S3,Caribbean small states,Aggregates,Aggregates,Aggregates,,
39,2016,-3.08739815275796,GDP growth (annual %),S3,Caribbean small states,Aggregates,Aggregates,Aggregates,,
40,2025,2.36701156809835,GDP growth (annual %),B8,Central Europe and the Baltics,Aggregates,Aggregates,Aggregates,,
41,2024,2.09534007010555,GDP growth (annual %),B8,Central Europe and the Baltics,Aggregates,Aggregates,Aggregates,,
42,2023,0.720328299990356,GDP growth (annual %),B8,Central Europe and the Baltics,Aggregates,Aggregates,Aggregates,,
43,2022,4.03989151407053,GDP growth (annual %),B8,Central Europe and the Baltics,Aggregates,Aggregates,Aggregates,,
44,2021,6.57271679525719,GDP growth (annual %),B8,Central Europe and the Baltics,Aggregates,Aggregates,Aggregates,,
45,2020,-3.30110758026468,GDP growth (annual %),B8,Central Europe and the Baltics,Aggregates,Aggregates,Aggregates,,
46,2019,4.03232614160713,GDP growth (annual %),B8,Central Europe and the Baltics,Aggregates,Aggregates,Aggregates,,
47,2018,4.95337220818838,GDP growth (annual %),B8,Central Europe and the Baltics,Aggregates,Aggregates,Aggregates,,
48,2017,5.10713071566526,GDP growth (annual %),B8,Central Europe and the Baltics,Aggregates,Aggregates,Aggregates,,
49,2016,2.80724942330426,GDP growth (annual %),B8,Central Europe and the Baltics,Aggregates,Aggregates,Aggregates,,
50,2025,4.3721639998719,GDP growth (annual %),V2,Early-demographic dividend,Aggregates,Aggregates,Aggregates,,
51,2024,3.86155873347995,GDP growth (annual %),V2,Early-demographic dividend,Aggregates,Aggregates,Aggregates,,
52,2023,4.12336017326531,GDP growth (annual %),V2,Early-demographic dividend,Aggregates,Aggregates,Aggregates,,
53,2022,6.02429179462496,GDP growth (annual %),V2,Early-demographic dividend,Aggregates,Aggregates,Aggregates,,
54,2021,7.50689561708779,GDP growth (annual %),V2,Early-demographic dividend,Aggregates,Aggregates,Aggregates,,
55,2020,-4.28342682037605,GDP growth (annual %),V2,Early-demographic dividend,Aggregates,Aggregates,Aggregates,,
56,2019,2.27263621294111,GDP growth (annual %),V2,Early-demographic dividend,Aggregates,Aggregates,Aggregates,,
57,2018,3.61280978921729,GDP growth (annual %),V2,Early-demographic dividend,Aggregates,Aggregates,Aggregates,,
58,2017,4.49000658496557,GDP growth (annual %),V2,Early-demographic dividend,Aggregates,Aggregates,Aggregates,,
59,2016,4.14710614319185,GDP growth (annual %),V2,Early-demographic dividend,Aggregates,Aggregates,Aggregates,,
60,2025,3.99734138634533,GDP growth (annual %),Z4,East Asia & Pacific,Aggregates,Aggregates,Aggregates,,
61,2024,3.72534172801831,GDP growth (annual %),Z4,East Asia & Pacific,Aggregates,Aggregates,Aggregates,,
62,2023,4.07119548974431,GDP growth (annual %),Z4,East Asia & Pacific,Aggregates,Aggregates,Aggregates,,
63,2022,3.05155877820648,GDP growth (annual %),Z4,East Asia & Pacific,Aggregates,Aggregates,Aggregates,,
64,2021,6.48037639158159,GDP growth (annual %),Z4,East Asia & Pacific,Aggregates,Aggregates,Aggregates,,
65,2020,-0.0906651751610497,GDP growth (annual %),Z4,East Asia & Pacific,Aggregates,Aggregates,Aggregates,,
66,2019,4.04090596808282,GDP growth (annual %),Z4,East Asia & Pacific,Aggregates,Aggregates,Aggregates,,
67,2018,4.81200310102888,GDP growth (annual %),Z4,East Asia & Pacific,Aggregates,Aggregates,Aggregates,,
68,2017,5.03667021498299,GDP growth (annual %),Z4,East Asia & Pacific,Aggregates,Aggregates,Aggregates,,
69,2016,4.63114688285732,GDP growth (annual %),Z4,East Asia & Pacific,Aggregates,Aggregates,Aggregates,,
70,2025,4.9444935536329,GDP growth (annual %),4E,East Asia & Pacific (excluding high income),Aggregates,Aggregates,Aggregates,,
71,2024,4.95407477892253,GDP growth (annual %),4E,East Asia & Pacific (excluding high income),Aggregates,Aggregates,Aggregates,,
72,2023,5.26014161362973,GDP growth (annual %),4E,East Asia & Pacific (excluding high income),Aggregates,Aggregates,Aggregates,,
73,2022,3.54917734794495,GDP growth (annual %),4E,East Asia & Pacific (excluding high income),Aggregates,Aggregates,Aggregates,,
74,2021,7.72023040471529,GDP growth (annual %),4E,East Asia & Pacific (excluding high income),Aggregates,Aggregates,Aggregates,,
75,2020,1.34340856610488,GDP growth (annual %),4E,East Asia & Pacific (excluding high income),Aggregates,Aggregates,Aggregates,,
76,2019,5.88489228328295,GDP growth (annual %),4E,East Asia & Pacific (excluding high income),Aggregates,Aggregates,Aggregates,,
77,2018,6.53800447051142,GDP growth (annual %),4E,East Asia & Pacific (excluding high income),Aggregates,Aggregates,Aggregates,,
78,2017,6.66666534648019,GDP growth (annual %),4E,East Asia & Pacific (excluding high income),Aggregates,Aggregates,Aggregates,,
79,2016,6.50852874508779,GDP growth (annual %),4E,East Asia & Pacific (excluding high income),Aggregates,Aggregates,Aggregates,,
80,2025,4.94449693162349,GDP growth (annual %),T4,East Asia & Pacific (IDA & IBRD countries),Aggregates,Aggregates,Aggregates,,
81,2024,4.95413752144529,GDP growth (annual %),T4,East Asia & Pacific (IDA & IBRD countries),Aggregates,Aggregates,Aggregates,,
82,2023,5.2600647393007,GDP growth (annual %),T4,East Asia & Pacific (IDA & IBRD countries),Aggregates,Aggregates,Aggregates,,
83,2022,3.5491103392587,GDP growth (annual %),T4,East Asia & Pacific (IDA & IBRD countries),Aggregates,Aggregates,Aggregates,,
84,2021,7.71993890573823,GDP growth (annual %),T4,East Asia & Pacific (IDA & IBRD countries),Aggregates,Aggregates,Aggregates,,
85,2020,1.34329202401489,GDP growth (annual %),T4,East Asia & Pacific (IDA & IBRD countries),Aggregates,Aggregates,Aggregates,,
86,2019,5.88481120447702,GDP growth (annual %),T4,East Asia & Pacific (IDA & IBRD countries),Aggregates,Aggregates,Aggregates,,
87,2018,6.53783889633732,GDP growth (annual %),T4,East Asia & Pacific (IDA & IBRD countries),Aggregates,Aggregates,Aggregates,,
88,2017,6.66638400332221,GDP growth (annual %),T4,East Asia & Pacific (IDA & IBRD countries),Aggregates,Aggregates,Aggregates,,
89,2016,6.50841250220505,GDP growth (annual %),T4,East Asia & Pacific (IDA & IBRD countries),Aggregates,Aggregates,Aggregates,,
90,2025,1.41107242318353,GDP growth (annual %),XC,Euro area,Aggregates,Aggregates,Aggregates,,
91,2024,0.938707263867073,GDP growth (annual %),XC,Euro area,Aggregates,Aggregates,Aggregates,,
92,2023,0.460070365687699,GDP growth (annual %),XC,Euro area,Aggregates,Aggregates,Aggregates,,
93,2022,3.66468497532753,GDP growth (annual %),XC,Euro area,Aggregates,Aggregates,Aggregates,,
94,2021,6.44349747359811,GDP growth (annual %),XC,Euro area,Aggregates,Aggregates,Aggregates,,
95,2020,-6.04374915754508,GDP growth (annual %),XC,Euro area,Aggregates,Aggregates,Aggregates,,
96,2019,1.63208944796722,GDP growth (annual %),XC,Euro area,Aggregates,Aggregates,Aggregates,,
97,2018,1.78229304985051,GDP growth (annual %),XC,Euro area,Aggregates,Aggregates,Aggregates,,
98,2017,2.62315671239708,GDP growth (annual %),XC,Euro area,Aggregates,Aggregates,Aggregates,,
99,2016,1.80681433573471,GDP growth (annual %),XC,Euro area,Aggregates,Aggregates,Aggregates,,
100,2025,1.703297097267,GDP growth (annual %),Z7,Europe & Central Asia,Aggregates,Aggregates,Aggregates,,
101,2024,1.61092975636407,GDP growth (annual %),Z7,Europe & Central Asia,Aggregates,Aggregates,Aggregates,,
102,2023,1.04695405528739,GDP growth (annual %),Z7,Europe & Central Asia,Aggregates,Aggregates,Aggregates,,
103,2022,3.42810235027954,GDP growth (annual %),Z7,Europe & Central Asia,Aggregates,Aggregates,Aggregates,,
104,2021,6.82460720354004,GDP growth (annual %),Z7,Europe & Central Asia,Aggregates,Aggregates,Aggregates,,
105,2020,-5.37584934879737,GDP growth (annual %),Z7,Europe & Central Asia,Aggregates,Aggregates,Aggregates,,
106,2019,1.83149788108096,GDP growth (annual %),Z7,Europe & Central Asia,Aggregates,Aggregates,Aggregates,,
107,2018,2.18261664657453,GDP growth (annual %),Z7,Europe & Central Asia,Aggregates,Aggregates,Aggregates,,
108,2017,2.96168679697557,GDP growth (annual %),Z7,Europe & Central Asia,Aggregates,Aggregates,Aggregates,,
109,2016,1.90825385031148,GDP growth (annual %),Z7,Europe & Central Asia,Aggregates,Aggregates,Aggregates,,
110,2025,4.20093767131738,GDP growth (annual %),7E,Europe & Central Asia (excluding high income),Aggregates,Aggregates,Aggregates,,
111,2024,4.05695234474402,GDP growth (annual %),7E,Europe & Central Asia (excluding high income),Aggregates,Aggregates,Aggregates,,
112,2023,5.05062997543834,GDP growth (annual %),7E,Europe & Central Asia (excluding high income),Aggregates,Aggregates,Aggregates,,
113,2022,3.11188050867233,GDP growth (annual %),7E,Europe & Central Asia (excluding high income),Aggregates,Aggregates,Aggregates,,
114,2021,9.27987062914227,GDP growth (annual %),7E,Europe & Central Asia (excluding high income),Aggregates,Aggregates,Aggregates,,
115,2020,0.29079640989535,GDP growth (annual %),7E,Europe & Central Asia (excluding high income),Aggregates,Aggregates,Aggregates,,
116,2019,2.61922676231219,GDP growth (annual %),7E,Europe & Central Asia (excluding high income),Aggregates,Aggregates,Aggregates,,
117,2018,3.78753357770429,GDP growth (annual %),7E,Europe & Central Asia (excluding high income),Aggregates,Aggregates,Aggregates,,
118,2017,6.00896760124667,GDP growth (annual %),7E,Europe & Central Asia (excluding high income),Aggregates,Aggregates,Aggregates,,
119,2016,2.85797309720172,GDP growth (annual %),7E,Europe & Central Asia (excluding high income),Aggregates,Aggregates,Aggregates,,
120,2025,2.84310557858637,GDP growth (annual %),T7,Europe & Central Asia (IDA & IBRD countries),Aggregates,Aggregates,Aggregates,,
121,2024,4.03167528195137,GDP growth (annual %),T7,Europe & Central Asia (IDA & IBRD countries),Aggregates,Aggregates,Aggregates,,
122,2023,3.8319198777364,GDP growth (annual %),T7,Europe & Central Asia (IDA & IBRD countries),Aggregates,Aggregates,Aggregates,,
123,2022,1.97113681599863,GDP growth (annual %),T7,Europe & Central Asia (IDA & IBRD countries),Aggregates,Aggregates,Aggregates,,
124,2021,7.59725679517675,GDP growth (annual %),T7,Europe & Central Asia (IDA & IBRD countries),Aggregates,Aggregates,Aggregates,,
125,2020,-1.44509752100556,GDP growth (annual %),T7,Europe & Central Asia (IDA & IBRD countries),Aggregates,Aggregates,Aggregates,,
126,2019,2.83114768378128,GDP growth (annual %),T7,Europe & Central Asia (IDA & IBRD countries),Aggregates,Aggregates,Aggregates,,
127,2018,3.81479272946348,GDP growth (annual %),T7,Europe & Central Asia (IDA & IBRD countries),Aggregates,Aggregates,Aggregates,,
128,2017,4.37963852941809,GDP growth (annual %),T7,Europe & Central Asia (IDA & IBRD countries),Aggregates,Aggregates,Aggregates,,
129,2016,1.89511334774663,GDP growth (annual %),T7,Europe & Central Asia (IDA & IBRD countries),Aggregates,Aggregates,Aggregates,,
130,2025,1.53795434836212,GDP growth (annual %),EU,European Union,Aggregates,Aggregates,Aggregates,,
131,2024,1.08657885620458,GDP growth (annual %),EU,European Union,Aggregates,Aggregates,Aggregates,,
132,2023,0.4380089249495,GDP growth (annual %),EU,European Union,Aggregates,Aggregates,Aggregates,,
133,2022,3.56455510630462,GDP growth (annual %),EU,European Union,Aggregates,Aggregates,Aggregates,,
134,2021,6.37773717070797,GDP growth (annual %),EU,European Union,Aggregates,Aggregates,Aggregates,,
135,2020,-5.57888122067428,GDP growth (annual %),EU,European Union,Aggregates,Aggregates,Aggregates,,
136,2019,1.87525498889181,GDP growth (annual %),EU,European Union,Aggregates,Aggregates,Aggregates,,
137,2018,2.04641967934145,GDP growth (annual %),EU,European Union,Aggregates,Aggregates,Aggregates,,
138,2017,2.81810835521954,GDP growth (annual %),EU,European Union,Aggregates,Aggregates,Aggregates,,
139,2016,1.91997902907598,GDP growth (annual %),EU,European Union,Aggregates,Aggregates,Aggregates,,
140,2025,5.82575819723698,GDP growth (annual %),XE,Heavily indebted poor countries (HIPC),Aggregates,Aggregates,Aggregates,,
141,2024,5.12099358552982,GDP growth (annual %),XE,Heavily indebted poor countries (HIPC),Aggregates,Aggregates,Aggregates,,
142,2023,3.48241783540763,GDP growth (annual %),XE,Heavily indebted poor countries (HIPC),Aggregates,Aggregates,Aggregates,,
143,2022,4.89961676353468,GDP growth (annual %),XE,Heavily indebted poor countries (HIPC),Aggregates,Aggregates,Aggregates,,
144,2021,4.35683661926664,GDP growth (annual %),XE,Heavily indebted poor countries (HIPC),Aggregates,Aggregates,Aggregates,,
145,2020,0.00307772049912103,GDP growth (annual %),XE,Heavily indebted poor countries (HIPC),Aggregates,Aggregates,Aggregates,,
146,2019,4.20365615145262,GDP growth (annual %),XE,Heavily indebted poor countries (HIPC),Aggregates,Aggregates,Aggregates,,
147,2018,4.18286148680316,GDP growth (annual %),XE,Heavily indebted poor countries (HIPC),Aggregates,Aggregates,Aggregates,,
148,2017,5.06377966448277,GDP growth (annual %),XE,Heavily indebted poor countries (HIPC),Aggregates,Aggregates,Aggregates,,
149,2016,4.30006123912206,GDP growth (annual %),XE,Heavily indebted poor countries (HIPC),Aggregates,Aggregates,Aggregates,,
150,2025,1.90733502746166,GDP growth (annual %),XD,High income,Aggregates,Aggregates,Aggregates,,
151,2024,1.96948428510512,GDP growth (annual %),XD,High income,Aggregates,Aggregates,Aggregates,,
152,2023,1.79534582183456,GDP growth (annual %),XD,High income,Aggregates,Aggregates,Aggregates,,
153,2022,3.1058606935064,GDP growth (annual %),XD,High income,Aggregates,Aggregates,Aggregates,,
154,2021,5.97111332006301,GDP growth (annual %),XD,High income,Aggregates,Aggregates,Aggregates,,
155,2020,-3.86618363020789,GDP growth (annual %),XD,High income,Aggregates,Aggregates,Aggregates,,
156,2019,1.90035790608474,GDP growth (annual %),XD,High income,Aggregates,Aggregates,Aggregates,,
157,2018,2.4045350031779,GDP growth (annual %),XD,High income,Aggregates,Aggregates,Aggregates,,
158,2017,2.49197626247846,GDP growth (annual %),XD,High income,Aggregates,Aggregates,Aggregates,,
159,2016,1.83965907046031,GDP growth (annual %),XD,High income,Aggregates,Aggregates,Aggregates,,
160,2025,4.30532305518705,GDP growth (annual %),XF,IBRD only,Aggregates,Aggregates,Aggregates,,
161,2024,4.4256614810418,GDP growth (annual %),XF,IBRD only,Aggregates,Aggregates,Aggregates,,
162,2023,4.63911789010562,GDP growth (annual %),XF,IBRD only,Aggregates,Aggregates,Aggregates,,
163,2022,3.76945565506477,GDP growth (annual %),XF,IBRD only,Aggregates,Aggregates,Aggregates,,
164,2021,7.62447663420478,GDP growth (annual %),XF,IBRD only,Aggregates,Aggregates,Aggregates,,
165,2020,-1.28694758331594,GDP growth (annual %),XF,IBRD only,Aggregates,Aggregates,Aggregates,,
166,2019,3.98803326580348,GDP growth (annual %),XF,IBRD only,Aggregates,Aggregates,Aggregates,,
167,2018,4.86157952405858,GDP growth (annual %),XF,IBRD only,Aggregates,Aggregates,Aggregates,,
168,2017,5.16179362572515,GDP growth (annual %),XF,IBRD only,Aggregates,Aggregates,Aggregates,,
169,2016,4.44703872345713,GDP growth (annual %),XF,IBRD only,Aggregates,Aggregates,Aggregates,,
170,2025,4.33570580325535,GDP growth (annual %),ZT,IDA & IBRD total,Aggregates,Aggregates,Aggregates,,
171,2024,4.42022565074735,GDP growth (annual %),ZT,IDA & IBRD total,Aggregates,Aggregates,Aggregates,,
172,2023,4.52590057203417,GDP growth (annual %),ZT,IDA & IBRD total,Aggregates,Aggregates,Aggregates,,
173,2022,3.8271063174832,GDP growth (annual %),ZT,IDA & IBRD total,Aggregates,Aggregates,Aggregates,,
174,2021,7.35158119263311,GDP growth (annual %),ZT,IDA & IBRD total,Aggregates,Aggregates,Aggregates,,
175,2020,-1.32331489746059,GDP growth (annual %),ZT,IDA & IBRD total,Aggregates,Aggregates,Aggregates,,
176,2019,3.98475924215585,GDP growth (annual %),ZT,IDA & IBRD total,Aggregates,Aggregates,Aggregates,,
177,2018,4.82460273989518,GDP growth (annual %),ZT,IDA & IBRD total,Aggregates,Aggregates,Aggregates,,
178,2017,5.07330968455011,GDP growth (annual %),ZT,IDA & IBRD total,Aggregates,Aggregates,Aggregates,,
179,2016,4.35480936392952,GDP growth (annual %),ZT,IDA & IBRD total,Aggregates,Aggregates,Aggregates,,
180,2025,4.57673954149303,GDP growth (annual %),XH,IDA blend,Aggregates,Aggregates,Aggregates,,
181,2024,4.11563151662068,GDP growth (annual %),XH,IDA blend,Aggregates,Aggregates,Aggregates,,
182,2023,2.87508782353444,GDP growth (annual %),XH,IDA blend,Aggregates,Aggregates,Aggregates,,
183,2022,4.82256296455954,GDP growth (annual %),XH,IDA blend,Aggregates,Aggregates,Aggregates,,
184,2021,4.36009454869888,GDP growth (annual %),XH,IDA blend,Aggregates,Aggregates,Aggregates,,
185,2020,-3.22553173097771,GDP growth (annual %),XH,IDA blend,Aggregates,Aggregates,Aggregates,,
186,2019,3.06868522671206,GDP growth (annual %),XH,IDA blend,Aggregates,Aggregates,Aggregates,,
187,2018,3.8983413977238,GDP growth (annual %),XH,IDA blend,Aggregates,Aggregates,Aggregates,,
188,2017,2.82463712924834,GDP growth (annual %),XH,IDA blend,Aggregates,Aggregates,Aggregates,,
189,2016,2.37410124286114,GDP growth (annual %),XH,IDA blend,Aggregates,Aggregates,Aggregates,,
190,2025,4.86860827326892,GDP growth (annual %),XI,IDA only,Aggregates,Aggregates,Aggregates,,
191,2024,4.57659622486648,GDP growth (annual %),XI,IDA only,Aggregates,Aggregates,Aggregates,,
192,2023,3.3073554888398,GDP growth (annual %),XI,IDA only,Aggregates,Aggregates,Aggregates,,
193,2022,4.31005230149408,GDP growth (annual %),XI,IDA only,Aggregates,Aggregates,Aggregates,,
194,2021,3.64269213685422,GDP growth (annual %),XI,IDA only,Aggregates,Aggregates,Aggregates,,
195,2020,-0.335170512912143,GDP growth (annual %),XI,IDA only,Aggregates,Aggregates,Aggregates,,
196,2019,4.82130049368115,GDP growth (annual %),XI,IDA only,Aggregates,Aggregates,Aggregates,,
197,2018,4.85450921076745,GDP growth (annual %),XI,IDA only,Aggregates,Aggregates,Aggregates,,
198,2017,5.22907858100467,GDP growth (annual %),XI,IDA only,Aggregates,Aggregates,Aggregates,,
199,2016,4.18372892932952,GDP growth (annual %),XI,IDA only,Aggregates,Aggregates,Aggregates,,
200,2025,4.72576659326165,GDP growth (annual %),XG,IDA total,Aggregates,Aggregates,Aggregates,,
201,2024,4.35048943307154,GDP growth (annual %),XG,IDA total,Aggregates,Aggregates,Aggregates,,
202,2023,3.09487183510299,GDP growth (annual %),XG,IDA total,Aggregates,Aggregates,Aggregates,,
203,2022,4.56135207487173,GDP growth (annual %),XG,IDA total,Aggregates,Aggregates,Aggregates,,
204,2021,3.99322003260568,GDP growth (annual %),XG,IDA total,Aggregates,Aggregates,Aggregates,,
205,2020,-1.76868159241481,GDP growth (annual %),XG,IDA total,Aggregates,Aggregates,Aggregates,,
206,2019,3.94468113264645,GDP growth (annual %),XG,IDA total,Aggregates,Aggregates,Aggregates,,
207,2018,4.37406543309571,GDP growth (annual %),XG,IDA total,Aggregates,Aggregates,Aggregates,,
208,2017,4.00703084076721,GDP growth (annual %),XG,IDA total,Aggregates,Aggregates,Aggregates,,
209,2016,3.25606924193475,GDP growth (annual %),XG,IDA total,Aggregates,Aggregates,Aggregates,,
210,2025,4.45332355682564,GDP growth (annual %),V3,Late-demographic dividend,Aggregates,Aggregates,Aggregates,,
211,2024,4.52553873018407,GDP growth (annual %),V3,Late-demographic dividend,Aggregates,Aggregates,Aggregates,,
212,2023,4.43253867675644,GDP growth (annual %),V3,Late-demographic dividend,Aggregates,Aggregates,Aggregates,,
213,2022,3.28975241103197,GDP growth (annual %),V3,Late-demographic dividend,Aggregates,Aggregates,Aggregates,,
214,2021,7.59396655185003,GDP growth (annual %),V3,Late-demographic dividend,Aggregates,Aggregates,Aggregates,,
215,2020,0.235409361022192,GDP growth (annual %),V3,Late-demographic dividend,Aggregates,Aggregates,Aggregates,,
216,2019,4.74723356857159,GDP growth (annual %),V3,Late-demographic dividend,Aggregates,Aggregates,Aggregates,,
217,2018,5.44116105376224,GDP growth (annual %),V3,Late-demographic dividend,Aggregates,Aggregates,Aggregates,,
218,2017,5.26224829988129,GDP growth (annual %),V3,Late-demographic dividend,Aggregates,Aggregates,Aggregates,,
219,2016,4.44982415289267,GDP growth (annual %),V3,Late-demographic dividend,Aggregates,Aggregates,Aggregates,,
220,2025,2.32153204967842,GDP growth (annual %),ZJ,Latin America & Caribbean,Aggregates,Aggregates,Aggregates,,
221,2024,2.25497168830525,GDP growth (annual %),ZJ,Latin America & Caribbean,Aggregates,Aggregates,Aggregates,,
222,2023,2.20678468368602,GDP growth (annual %),ZJ,Latin America & Caribbean,Aggregates,Aggregates,Aggregates,,
223,2022,4.09058657203177,GDP growth (annual %),ZJ,Latin America & Caribbean,Aggregates,Aggregates,Aggregates,,
224,2021,7.07608139571873,GDP growth (annual %),ZJ,Latin America & Caribbean,Aggregates,Aggregates,Aggregates,,
225,2020,-6.85943781930433,GDP growth (annual %),ZJ,Latin America & Caribbean,Aggregates,Aggregates,Aggregates,,
226,2019,0.317364964426716,GDP growth (annual %),ZJ,Latin America & Caribbean,Aggregates,Aggregates,Aggregates,,
227,2018,1.22291785556858,GDP growth (annual %),ZJ,Latin America & Caribbean,Aggregates,Aggregates,Aggregates,,
228,2017,1.55352771899284,GDP growth (annual %),ZJ,Latin America & Caribbean,Aggregates,Aggregates,Aggregates,,
229,2016,-0.730974962811146,GDP growth (annual %),ZJ,Latin America & Caribbean,Aggregates,Aggregates,Aggregates,,
230,2025,2.21490070818977,GDP growth (annual %),XJ,Latin America & Caribbean (excluding high income),Aggregates,Aggregates,Aggregates,,
231,2024,1.99001515816749,GDP growth (annual %),XJ,Latin America & Caribbean (excluding high income),Aggregates,Aggregates,Aggregates,,
232,2023,2.12680994822227,GDP growth (annual %),XJ,Latin America & Caribbean (excluding high income),Aggregates,Aggregates,Aggregates,,
233,2022,3.97595959337909,GDP growth (annual %),XJ,Latin America & Caribbean (excluding high income),Aggregates,Aggregates,Aggregates,,
234,2021,6.85451332312384,GDP growth (annual %),XJ,Latin America & Caribbean (excluding high income),Aggregates,Aggregates,Aggregates,,
235,2020,-6.79640022295334,GDP growth (annual %),XJ,Latin America & Caribbean (excluding high income),Aggregates,Aggregates,Aggregates,,
236,2019,0.182794027991264,GDP growth (annual %),XJ,Latin America & Caribbean (excluding high income),Aggregates,Aggregates,Aggregates,,
237,2018,1.15229755041935,GDP growth (annual %),XJ,Latin America & Caribbean (excluding high income),Aggregates,Aggregates,Aggregates,,
238,2017,1.58746258230468,GDP growth (annual %),XJ,Latin America & Caribbean (excluding high income),Aggregates,Aggregates,Aggregates,,
239,2016,-0.977477793493975,GDP growth (annual %),XJ,Latin America & Caribbean (excluding high income),Aggregates,Aggregates,Aggregates,,
240,2025,2.356382434447,GDP growth (annual %),T2,Latin America & the Caribbean (IDA & IBRD countries),Aggregates,Aggregates,Aggregates,,
241,2024,2.27782988064618,GDP growth (annual %),T2,Latin America & the Caribbean (IDA & IBRD countries),Aggregates,Aggregates,Aggregates,,
242,2023,2.28058560829545,GDP growth (annual %),T2,Latin America & the Caribbean (IDA & IBRD countries),Aggregates,Aggregates,Aggregates,,
243,2022,4.12386672781881,GDP growth (annual %),T2,Latin America & the Caribbean (IDA & IBRD countries),Aggregates,Aggregates,Aggregates,,
244,2021,7.27596087772766,GDP growth (annual %),T2,Latin America & the Caribbean (IDA & IBRD countries),Aggregates,Aggregates,Aggregates,,
245,2020,-6.78167389936947,GDP growth (annual %),T2,Latin America & the Caribbean (IDA & IBRD countries),Aggregates,Aggregates,Aggregates,,
246,2019,0.295159946142377,GDP growth (annual %),T2,Latin America & the Caribbean (IDA & IBRD countries),Aggregates,Aggregates,Aggregates,,
247,2018,1.30772581346528,GDP growth (annual %),T2,Latin America & the Caribbean (IDA & IBRD countries),Aggregates,Aggregates,Aggregates,,
248,2017,1.62136105748272,GDP growth (annual %),T2,Latin America & the Caribbean (IDA & IBRD countries),Aggregates,Aggregates,Aggregates,,
249,2016,-0.748991632597836,GDP growth (annual %),T2,Latin America & the Caribbean (IDA & IBRD countries),Aggregates,Aggregates,Aggregates,,
250,2025,4.30000841303122,GDP growth (annual %),XL,Least developed countries: UN classification,Aggregates,Aggregates,Aggregates,,
251,2024,3.87232968748361,GDP growth (annual %),XL,Least developed countries: UN classification,Aggregates,Aggregates,Aggregates,,
252,2023,3.05090811063616,GDP growth (annual %),XL,Least developed countries: UN classification,Aggregates,Aggregates,Aggregates,,
253,2022,4.71510989192116,GDP growth (annual %),XL,Least developed countries: UN classification,Aggregates,Aggregates,Aggregates,,
254,2021,2.75579291386683,GDP growth (annual %),XL,Least developed countries: UN classification,Aggregates,Aggregates,Aggregates,,
255,2020,-0.181011978205504,GDP growth (annual %),XL,Least developed countries: UN classification,Aggregates,Aggregates,Aggregates,,
256,2019,4.82459913567837,GDP growth (annual %),XL,Least developed countries: UN classification,Aggregates,Aggregates,Aggregates,,
257,2018,4.65270171918264,GDP growth (annual %),XL,Least developed countries: UN classification,Aggregates,Aggregates,Aggregates,,
258,2017,4.50257523548829,GDP growth (annual %),XL,Least developed countries: UN classification,Aggregates,Aggregates,Aggregates,,
259,2016,3.79797989969202,GDP growth (annual %),XL,Least developed countries: UN classification,Aggregates,Aggregates,Aggregates,,
260,2025,4.53280075988324,GDP growth (annual %),XO,Low & middle income,Aggregates,Aggregates,Aggregates,,
261,2024,4.42439890311286,GDP growth (annual %),XO,Low & middle income,Aggregates,Aggregates,Aggregates,,
262,2023,4.65212132351984,GDP growth (annual %),XO,Low & middle income,Aggregates,Aggregates,Aggregates,,
263,2022,4.00803776152725,GDP growth (annual %),XO,Low & middle income,Aggregates,Aggregates,Aggregates,,
264,2021,7.37033958733097,GDP growth (annual %),XO,Low & middle income,Aggregates,Aggregates,Aggregates,,
265,2020,-1.15067064256841,GDP growth (annual %),XO,Low & middle income,Aggregates,Aggregates,Aggregates,,
266,2019,4.09130986730312,GDP growth (annual %),XO,Low & middle income,Aggregates,Aggregates,Aggregates,,
267,2018,4.92164615265142,GDP growth (annual %),XO,Low & middle income,Aggregates,Aggregates,Aggregates,,
268,2017,5.26386453553506,GDP growth (annual %),XO,Low & middle income,Aggregates,Aggregates,Aggregates,,
269,2016,4.64827928186369,GDP growth (annual %),XO,Low & middle income,Aggregates,Aggregates,Aggregates,,
270,2025,5.33668200665313,GDP growth (annual %),XM,Low income,Aggregates,Aggregates,Aggregates,,
271,2024,3.40605658075204,GDP growth (annual %),XM,Low income,Aggregates,Aggregates,Aggregates,,
272,2023,1.21474688217289,GDP growth (annual %),XM,Low income,Aggregates,Aggregates,Aggregates,,
273,2022,3.73264703552607,GDP growth (annual %),XM,Low income,Aggregates,Aggregates,Aggregates,,
274,2021,2.03102251641869,GDP growth (annual %),XM,Low income,Aggregates,Aggregates,Aggregates,,
275,2020,0.270078071528431,GDP growth (annual %),XM,Low income,Aggregates,Aggregates,Aggregates,,
276,2019,3.95860369775775,GDP growth (annual %),XM,Low income,Aggregates,Aggregates,Aggregates,,
277,2018,3.50195265516888,GDP growth (annual %),XM,Low income,Aggregates,Aggregates,Aggregates,,
278,2017,3.16424373054566,GDP growth (annual %),XM,Low income,Aggregates,Aggregates,Aggregates,,
279,2016,1.79417060199694,GDP growth (annual %),XM,Low income,Aggregates,Aggregates,Aggregates,,
280,2025,5.96181800412216,GDP growth (annual %),XN,Lower middle income,Aggregates,Aggregates,Aggregates,,
281,2024,5.37952719978989,GDP growth (annual %),XN,Lower middle income,Aggregates,Aggregates,Aggregates,,
282,2023,5.29082296744885,GDP growth (annual %),XN,Lower middle income,Aggregates,Aggregates,Aggregates,,
283,2022,6.27876038879147,GDP growth (annual %),XN,Lower middle income,Aggregates,Aggregates,Aggregates,,
284,2021,6.79896357094398,GDP growth (annual %),XN,Lower middle income,Aggregates,Aggregates,Aggregates,,
285,2020,-4.21903396199713,GDP growth (annual %),XN,Lower middle income,Aggregates,Aggregates,Aggregates,,
286,2019,3.403376204922,GDP growth (annual %),XN,Lower middle income,Aggregates,Aggregates,Aggregates,,
287,2018,4.90431450173897,GDP growth (annual %),XN,Lower middle income,Aggregates,Aggregates,Aggregates,,
288,2017,4.80938629568179,GDP growth (annual %),XN,Lower middle income,Aggregates,Aggregates,Aggregates,,
289,2016,5.00300529129822,GDP growth (annual %),XN,Lower middle income,Aggregates,Aggregates,Aggregates,,
290,2025,2.74495660378074,GDP growth (annual %),ZQ,"Middle East, North Africa, Afghanistan & Pakistan",Aggregates,Aggregates,Aggregates,,
291,2024,2.3285702387722,GDP growth (annual %),ZQ,"Middle East, North Africa, Afghanistan & Pakistan",Aggregates,Aggregates,Aggregates,,
292,2023,2.29073324961962,GDP growth (annual %),ZQ,"Middle East, North Africa, Afghanistan & Pakistan",Aggregates,Aggregates,Aggregates,,
293,2022,6.44954466678931,GDP growth (annual %),ZQ,"Middle East, North Africa, Afghanistan & Pakistan",Aggregates,Aggregates,Aggregates,,
294,2021,5.030413314914,GDP growth (annual %),ZQ,"Middle East, North Africa, Afghanistan & Pakistan",Aggregates,Aggregates,Aggregates,,
295,2020,-3.55690005451382,GDP growth (annual %),ZQ,"Middle East, North Africa, Afghanistan & Pakistan",Aggregates,Aggregates,Aggregates,,
296,2019,1.58096878672049,GDP growth (annual %),ZQ,"Middle East, North Africa, Afghanistan & Pakistan",Aggregates,Aggregates,Aggregates,,
297,2018,2.4028056194,GDP growth (annual %),ZQ,"Middle East, North Africa, Afghanistan & Pakistan",Aggregates,Aggregates,Aggregates,,
298,2017,2.07681939089466,GDP growth (annual %),ZQ,"Middle East, North Africa, Afghanistan & Pakistan",Aggregates,Aggregates,Aggregates,,
299,2016,4.50367765418986,GDP growth (annual %),ZQ,"Middle East, North Africa, Afghanistan & Pakistan",Aggregates,Aggregates,Aggregates,,
300,2025,1.99549507789871,GDP growth (annual %),XQ,"Middle East, North Africa, Afghanistan & Pakistan (excluding high income)",Aggregates,Aggregates,Aggregates,,
301,2024,2.26137020265979,GDP growth (annual %),XQ,"Middle East, North Africa, Afghanistan & Pakistan (excluding high income)",Aggregates,Aggregates,Aggregates,,
302,2023,2.89591827095839,GDP growth (annual %),XQ,"Middle East, North Africa, Afghanistan & Pakistan (excluding high income)",Aggregates,Aggregates,Aggregates,,
303,2022,4.3206385298363,GDP growth (annual %),XQ,"Middle East, North Africa, Afghanistan & Pakistan (excluding high income)",Aggregates,Aggregates,Aggregates,,
304,2021,4.33211957315503,GDP growth (annual %),XQ,"Middle East, North Africa, Afghanistan & Pakistan (excluding high income)",Aggregates,Aggregates,Aggregates,,
305,2020,-2.61983985761596,GDP growth (annual %),XQ,"Middle East, North Africa, Afghanistan & Pakistan (excluding high income)",Aggregates,Aggregates,Aggregates,,
306,2019,1.39546116127963,GDP growth (annual %),XQ,"Middle East, North Africa, Afghanistan & Pakistan (excluding high income)",Aggregates,Aggregates,Aggregates,,
307,2018,2.09831066371866,GDP growth (annual %),XQ,"Middle East, North Africa, Afghanistan & Pakistan (excluding high income)",Aggregates,Aggregates,Aggregates,,
308,2017,3.40247234432427,GDP growth (annual %),XQ,"Middle East, North Africa, Afghanistan & Pakistan (excluding high income)",Aggregates,Aggregates,Aggregates,,
309,2016,5.56210361617076,GDP growth (annual %),XQ,"Middle East, North Africa, Afghanistan & Pakistan (excluding high income)",Aggregates,Aggregates,Aggregates,,
310,2025,1.9829526200861,GDP growth (annual %),T3,"Middle East, North Africa, Afghanistan & Pakistan (IDA & IBRD)",Aggregates,Aggregates,Aggregates,,
311,2024,2.43947657943453,GDP growth (annual %),T3,"Middle East, North Africa, Afghanistan & Pakistan (IDA & IBRD)",Aggregates,Aggregates,Aggregates,,
312,2023,2.92442456913298,GDP growth (annual %),T3,"Middle East, North Africa, Afghanistan & Pakistan (IDA & IBRD)",Aggregates,Aggregates,Aggregates,,
313,2022,4.3223956322189,GDP growth (annual %),T3,"Middle East, North Africa, Afghanistan & Pakistan (IDA & IBRD)",Aggregates,Aggregates,Aggregates,,
314,2021,4.31282389000222,GDP growth (annual %),T3,"Middle East, North Africa, Afghanistan & Pakistan (IDA & IBRD)",Aggregates,Aggregates,Aggregates,,
315,2020,-2.55101546183431,GDP growth (annual %),T3,"Middle East, North Africa, Afghanistan & Pakistan (IDA & IBRD)",Aggregates,Aggregates,Aggregates,,
316,2019,1.39572055452479,GDP growth (annual %),T3,"Middle East, North Africa, Afghanistan & Pakistan (IDA & IBRD)",Aggregates,Aggregates,Aggregates,,
317,2018,2.1052660162653,GDP growth (annual %),T3,"Middle East, North Africa, Afghanistan & Pakistan (IDA & IBRD)",Aggregates,Aggregates,Aggregates,,
318,2017,3.41861623376329,GDP growth (annual %),T3,"Middle East, North Africa, Afghanistan & Pakistan (IDA & IBRD)",Aggregates,Aggregates,Aggregates,,
319,2016,5.53604079765444,GDP growth (annual %),T3,"Middle East, North Africa, Afghanistan & Pakistan (IDA & IBRD)",Aggregates,Aggregates,Aggregates,,
320,2025,4.52178755917781,GDP growth (annual %),XP,Middle income,Aggregates,Aggregates,Aggregates,,
321,2024,4.43845841319835,GDP growth (annual %),XP,Middle income,Aggregates,Aggregates,Aggregates,,
322,2023,4.70121337251241,GDP growth (annual %),XP,Middle income,Aggregates,Aggregates,Aggregates,,
323,2022,4.01198144032888,GDP growth (annual %),XP,Middle income,Aggregates,Aggregates,Aggregates,,
324,2021,7.4508617815507,GDP growth (annual %),XP,Middle income,Aggregates,Aggregates,Aggregates,,
325,2020,-1.17178883495949,GDP growth (annual %),XP,Middle income,Aggregates,Aggregates,Aggregates,,
326,2019,4.09328498445664,GDP growth (annual %),XP,Middle income,Aggregates,Aggregates,Aggregates,,
327,2018,4.94307020212865,GDP growth (annual %),XP,Middle income,Aggregates,Aggregates,Aggregates,,
328,2017,5.29620389044459,GDP growth (annual %),XP,Middle income,Aggregates,Aggregates,Aggregates,,
329,2016,4.69349170335944,GDP growth (annual %),XP,Middle income,Aggregates,Aggregates,Aggregates,,
330,2025,2.12972384862783,GDP growth (annual %),XU,North America,Aggregates,Aggregates,Aggregates,,
331,2024,2.73606791647842,GDP growth (annual %),XU,North America,Aggregates,Aggregates,Aggregates,,
332,2023,2.85945132916503,GDP growth (annual %),XU,North America,Aggregates,Aggregates,Aggregates,,
333,2022,2.68881207167273,GDP growth (annual %),XU,North America,Aggregates,Aggregates,Aggregates,,
334,2021,6.13640923701173,GDP growth (annual %),XU,North America,Aggregates,Aggregates,Aggregates,,
335,2020,-2.31236247885967,GDP growth (annual %),XU,North America,Aggregates,Aggregates,Aggregates,,
336,2019,2.53036581365198,GDP growth (annual %),XU,North America,Aggregates,Aggregates,Aggregates,,
337,2018,2.94789312072024,GDP growth (annual %),XU,North America,Aggregates,Aggregates,Aggregates,,
338,2017,2.50284500298896,GDP growth (annual %),XU,North America,Aggregates,Aggregates,Aggregates,,
339,2016,1.7574135378599,GDP growth (annual %),XU,North America,Aggregates,Aggregates,Aggregates,,
340,2025,,GDP growth (annual %),XY,Not classified,Aggregates,Aggregates,Aggregates,,
341,2024,,GDP growth (annual %),XY,Not classified,Aggregates,Aggregates,Aggregates,,
342,2023,,GDP growth (annual %),XY,Not classified,Aggregates,Aggregates,Aggregates,,
343,2022,,GDP growth (annual %),XY,Not classified,Aggregates,Aggregates,Aggregates,,
344,2021,,GDP growth (annual %),XY,Not classified,Aggregates,Aggregates,Aggregates,,
345,2020,,GDP growth (annual %),XY,Not classified,Aggregates,Aggregates,Aggregates,,
346,2019,,GDP growth (annual %),XY,Not classified,Aggregates,Aggregates,Aggregates,,
347,2018,,GDP growth (annual %),XY,Not classified,Aggregates,Aggregates,Aggregates,,
348,2017,,GDP growth (annual %),XY,Not classified,Aggregates,Aggregates,Aggregates,,
349,2016,,GDP growth (annual %),XY,Not classified,Aggregates,Aggregates,Aggregates,,
350,2025,1.77005853071937,GDP growth (annual %),OE,OECD members,Aggregates,Aggregates,Aggregates,,
351,2024,1.78218444615328,GDP growth (annual %),OE,OECD members,Aggregates,Aggregates,Aggregates,,
352,2023,1.78937161232169,GDP growth (annual %),OE,OECD members,Aggregates,Aggregates,Aggregates,,
353,2022,3.15854809219758,GDP growth (annual %),OE,OECD members,Aggregates,Aggregates,Aggregates,,
354,2021,6.09471533648059,GDP growth (annual %),OE,OECD members,Aggregates,Aggregates,Aggregates,,
355,2020,-3.86432916323412,GDP growth (annual %),OE,OECD members,Aggregates,Aggregates,Aggregates,,
356,2019,1.85301586905177,GDP growth (annual %),OE,OECD members,Aggregates,Aggregates,Aggregates,,
357,2018,2.38931017293615,GDP growth (annual %),OE,OECD members,Aggregates,Aggregates,Aggregates,,
358,2017,2.61204188490709,GDP growth (annual %),OE,OECD members,Aggregates,Aggregates,Aggregates,,
359,2016,1.85463774155879,GDP growth (annual %),OE,OECD members,Aggregates,Aggregates,Aggregates,,
360,2025,2.88340086402312,GDP growth (annual %),S4,Other small states,Aggregates,Aggregates,Aggregates,,
361,2024,2.76881258067121,GDP growth (annual %),S4,Other small states,Aggregates,Aggregates,Aggregates,,
362,2023,3.20030722043091,GDP growth (annual %),S4,Other small states,Aggregates,Aggregates,Aggregates,,
363,2022,4.39868942923867,GDP growth (annual %),S4,Other small states,Aggregates,Aggregates,Aggregates,,
364,2021,7.99114438236406,GDP growth (annual %),S4,Other small states,Aggregates,Aggregates,Aggregates,,
365,2020,-5.76450168062843,GDP growth (annual %),S4,Other small states,Aggregates,Aggregates,Aggregates,,
366,2019,4.24191171511896,GDP growth (annual %),S4,Other small states,Aggregates,Aggregates,Aggregates,,
367,2018,4.36915856791936,GDP growth (annual %),S4,Other small states,Aggregates,Aggregates,Aggregates,,
368,2017,5.06269393757441,GDP growth (annual %),S4,Other small states,Aggregates,Aggregates,Aggregates,,
369,2016,4.11324521484462,GDP growth (annual %),S4,Other small states,Aggregates,Aggregates,Aggregates,,
370,2025,3.31927523064815,GDP growth (annual %),S2,Pacific island small states,Aggregates,Aggregates,Aggregates,,
371,2024,3.66740238652645,GDP growth (annual %),S2,Pacific island small states,Aggregates,Aggregates,Aggregates,,
372,2023,7.23510889764707,GDP growth (annual %),S2,Pacific island small states,Aggregates,Aggregates,Aggregates,,
373,2022,8.33511772575022,GDP growth (annual %),S2,Pacific island small states,Aggregates,Aggregates,Aggregates,,
374,2021,-2.62004384629151,GDP growth (annual %),S2,Pacific island small states,Aggregates,Aggregates,Aggregates,,
375,2020,-10.2465615365926,GDP growth (annual %),S2,Pacific island small states,Aggregates,Aggregates,Aggregates,,
376,2019,1.1632387186459,GDP growth (annual %),S2,Pacific island small states,Aggregates,Aggregates,Aggregates,,
377,2018,2.72310809047187,GDP growth (annual %),S2,Pacific island small states,Aggregates,Aggregates,Aggregates,,
378,2017,3.88507048124241,GDP growth (annual %),S2,Pacific island small states,Aggregates,Aggregates,Aggregates,,
379,2016,3.74906305678715,GDP growth (annual %),S2,Pacific island small states,Aggregates,Aggregates,Aggregates,,
380,2025,1.6533096131564,GDP growth (annual %),V4,Post-demographic dividend,Aggregates,Aggregates,Aggregates,,
381,2024,1.77944527022298,GDP growth (annual %),V4,Post-demographic dividend,Aggregates,Aggregates,Aggregates,,
382,2023,1.79595440239152,GDP growth (annual %),V4,Post-demographic dividend,Aggregates,Aggregates,Aggregates,,
383,2022,2.86042677787768,GDP growth (annual %),V4,Post-demographic dividend,Aggregates,Aggregates,Aggregates,,
384,2021,5.82057405938134,GDP growth (annual %),V4,Post-demographic dividend,Aggregates,Aggregates,Aggregates,,
385,2020,-4.03866257492757,GDP growth (annual %),V4,Post-demographic dividend,Aggregates,Aggregates,Aggregates,,
386,2019,1.82164159324701,GDP growth (annual %),V4,Post-demographic dividend,Aggregates,Aggregates,Aggregates,,
387,2018,2.28758807836371,GDP growth (annual %),V4,Post-demographic dividend,Aggregates,Aggregates,Aggregates,,
388,2017,2.47944817538426,GDP growth (annual %),V4,Post-demographic dividend,Aggregates,Aggregates,Aggregates,,
389,2016,1.80639608099386,GDP growth (annual %),V4,Post-demographic dividend,Aggregates,Aggregates,Aggregates,,
390,2025,3.57431469085844,GDP growth (annual %),V1,Pre-demographic dividend,Aggregates,Aggregates,Aggregates,,
391,2024,3.328621675752,GDP growth (annual %),V1,Pre-demographic dividend,Aggregates,Aggregates,Aggregates,,
392,2023,2.44455093685518,GDP growth (annual %),V1,Pre-demographic dividend,Aggregates,Aggregates,Aggregates,,
393,2022,4.63522422118558,GDP growth (annual %),V1,Pre-demographic dividend,Aggregates,Aggregates,Aggregates,,
394,2021,2.29076410791771,GDP growth (annual %),V1,Pre-demographic dividend,Aggregates,Aggregates,Aggregates,,
395,2020,-4.15455315541389,GDP growth (annual %),V1,Pre-demographic dividend,Aggregates,Aggregates,Aggregates,,
396,2019,3.16086400453494,GDP growth (annual %),V1,Pre-demographic dividend,Aggregates,Aggregates,Aggregates,,
397,2018,2.65801624793845,GDP growth (annual %),V1,Pre-demographic dividend,Aggregates,Aggregates,Aggregates,,
398,2017,1.65401035196942,GDP growth (annual %),V1,Pre-demographic dividend,Aggregates,Aggregates,Aggregates,,
399,2016,2.48790883634129,GDP growth (annual %),V1,Pre-demographic dividend,Aggregates,Aggregates,Aggregates,,
400,2025,4.39108110908893,GDP growth (annual %),S1,Small states,Aggregates,Aggregates,Aggregates,,
401,2024,6.06796967493719,GDP growth (annual %),S1,Small states,Aggregates,Aggregates,Aggregates,,
402,2023,5.02859646200615,GDP growth (annual %),S1,Small states,Aggregates,Aggregates,Aggregates,,
403,2022,7.42838535135735,GDP growth (annual %),S1,Small states,Aggregates,Aggregates,Aggregates,,
404,2021,7.29421049896773,GDP growth (annual %),S1,Small states,Aggregates,Aggregates,Aggregates,,
405,2020,-6.9752973416568,GDP growth (annual %),S1,Small states,Aggregates,Aggregates,Aggregates,,
406,2019,3.11127439080343,GDP growth (annual %),S1,Small states,Aggregates,Aggregates,Aggregates,,
407,2018,3.38174135854818,GDP growth (annual %),S1,Small states,Aggregates,Aggregates,Aggregates,,
408,2017,3.2130480541305,GDP growth (annual %),S1,Small states,Aggregates,Aggregates,Aggregates,,
409,2016,1.764520691762,GDP growth (annual %),S1,Small states,Aggregates,Aggregates,Aggregates,,
410,2025,7.12381420637792,GDP growth (annual %),8S,South Asia,Aggregates,Aggregates,Aggregates,,
411,2024,6.75761201913679,GDP growth (annual %),8S,South Asia,Aggregates,Aggregates,Aggregates,,
412,2023,6.7848640413625,GDP growth (annual %),8S,South Asia,Aggregates,Aggregates,Aggregates,,
413,2022,7.10115392414392,GDP growth (annual %),8S,South Asia,Aggregates,Aggregates,Aggregates,,
414,2021,9.24659959756499,GDP growth (annual %),8S,South Asia,Aggregates,Aggregates,Aggregates,,
415,2020,-4.98750173652559,GDP growth (annual %),8S,South Asia,Aggregates,Aggregates,Aggregates,,
416,2019,4.09454306534288,GDP growth (annual %),8S,South Asia,Aggregates,Aggregates,Aggregates,,
417,2018,6.39366632555758,GDP growth (annual %),8S,South Asia,Aggregates,Aggregates,Aggregates,,
418,2017,6.78411966009934,GDP growth (annual %),8S,South Asia,Aggregates,Aggregates,Aggregates,,
419,2016,7.96912333644603,GDP growth (annual %),8S,South Asia,Aggregates,Aggregates,Aggregates,,
420,2025,7.12381420637792,GDP growth (annual %),T5,South Asia (IDA & IBRD),Aggregates,Aggregates,Aggregates,,
421,2024,6.75761201913679,GDP growth (annual %),T5,South Asia (IDA & IBRD),Aggregates,Aggregates,Aggregates,,
422,2023,6.7848640413625,GDP growth (annual %),T5,South Asia (IDA & IBRD),Aggregates,Aggregates,Aggregates,,
423,2022,7.10115392414392,GDP growth (annual %),T5,South Asia (IDA & IBRD),Aggregates,Aggregates,Aggregates,,
424,2021,9.24659959756499,GDP growth (annual %),T5,South Asia (IDA & IBRD),Aggregates,Aggregates,Aggregates,,
425,2020,-4.98750173652559,GDP growth (annual %),T5,South Asia (IDA & IBRD),Aggregates,Aggregates,Aggregates,,
426,2019,4.09454306534288,GDP growth (annual %),T5,South Asia (IDA & IBRD),Aggregates,Aggregates,Aggregates,,
427,2018,6.39366632555758,GDP growth (annual %),T5,South Asia (IDA & IBRD),Aggregates,Aggregates,Aggregates,,
428,2017,6.78411966009934,GDP growth (annual %),T5,South Asia (IDA & IBRD),Aggregates,Aggregates,Aggregates,,
429,2016,7.96912333644603,GDP growth (annual %),T5,South Asia (IDA & IBRD),Aggregates,Aggregates,Aggregates,,
430,2025,4.13928145259649,GDP growth (annual %),ZG,Sub-Saharan Africa,Aggregates,Aggregates,Aggregates,,
431,2024,3.6161279249573,GDP growth (annual %),ZG,Sub-Saharan Africa,Aggregates,Aggregates,Aggregates,,
432,2023,2.71446691675897,GDP growth (annual %),ZG,Sub-Saharan Africa,Aggregates,Aggregates,Aggregates,,
433,2022,4.03371066956886,GDP growth (annual %),ZG,Sub-Saharan Africa,Aggregates,Aggregates,Aggregates,,
434,2021,3.58194129290288,GDP growth (annual %),ZG,Sub-Saharan Africa,Aggregates,Aggregates,Aggregates,,
435,2020,-3.29212615874913,GDP growth (annual %),ZG,Sub-Saharan Africa,Aggregates,Aggregates,Aggregates,,
436,2019,2.54913933046186,GDP growth (annual %),ZG,Sub-Saharan Africa,Aggregates,Aggregates,Aggregates,,
437,2018,2.79433082130898,GDP growth (annual %),ZG,Sub-Saharan Africa,Aggregates,Aggregates,Aggregates,,
438,2017,2.5074548530006,GDP growth (annual %),ZG,Sub-Saharan Africa,Aggregates,Aggregates,Aggregates,,
439,2016,1.31700355850863,GDP growth (annual %),ZG,Sub-Saharan Africa,Aggregates,Aggregates,Aggregates,,
440,2025,4.13764837892776,GDP growth (annual %),ZF,Sub-Saharan Africa (excluding high income),Aggregates,Aggregates,Aggregates,,
441,2024,3.61639391196729,GDP growth (annual %),ZF,Sub-Saharan Africa (excluding high income),Aggregates,Aggregates,Aggregates,,
442,2023,2.71209038880693,GDP growth (annual %),ZF,Sub-Saharan Africa (excluding high income),Aggregates,Aggregates,Aggregates,,
443,2022,4.02837470360804,GDP growth (annual %),ZF,Sub-Saharan Africa (excluding high income),Aggregates,Aggregates,Aggregates,,
444,2021,3.58478965187514,GDP growth (annual %),ZF,Sub-Saharan Africa (excluding high income),Aggregates,Aggregates,Aggregates,,
445,2020,-3.28342298905326,GDP growth (annual %),ZF,Sub-Saharan Africa (excluding high income),Aggregates,Aggregates,Aggregates,,
446,2019,2.54617045203717,GDP growth (annual %),ZF,Sub-Saharan Africa (excluding high income),Aggregates,Aggregates,Aggregates,,
447,2018,2.7922269325805,GDP growth (annual %),ZF,Sub-Saharan Africa (excluding high income),Aggregates,Aggregates,Aggregates,,
448,2017,2.50327515080239,GDP growth (annual %),ZF,Sub-Saharan Africa (excluding high income),Aggregates,Aggregates,Aggregates,,
449,2016,1.30783035327565,GDP growth (annual %),ZF,Sub-Saharan Africa (excluding high income),Aggregates,Aggregates,Aggregates,,
450,2025,4.13928145259648,GDP growth (annual %),T6,Sub-Saharan Africa (IDA & IBRD countries),Aggregates,Aggregates,Aggregates,,
451,2024,3.61612792495724,GDP growth (annual %),T6,Sub-Saharan Africa (IDA & IBRD countries),Aggregates,Aggregates,Aggregates,,
452,2023,2.71446691675898,GDP growth (annual %),T6,Sub-Saharan Africa (IDA & IBRD countries),Aggregates,Aggregates,Aggregates,,
453,2022,4.03371066956888,GDP growth (annual %),T6,Sub-Saharan Africa (IDA & IBRD countries),Aggregates,Aggregates,Aggregates,,
454,2021,3.58194129290288,GDP growth (annual %),T6,Sub-Saharan Africa (IDA & IBRD countries),Aggregates,Aggregates,Aggregates,,
455,2020,-3.29212615874916,GDP growth (annual %),T6,Sub-Saharan Africa (IDA & IBRD countries),Aggregates,Aggregates,Aggregates,,
456,2019,2.5491393304619,GDP growth (annual %),T6,Sub-Saharan Africa (IDA & IBRD countries),Aggregates,Aggregates,Aggregates,,
457,2018,2.7943308213089,GDP growth (annual %),T6,Sub-Saharan Africa (IDA & IBRD countries),Aggregates,Aggregates,Aggregates,,
458,2017,2.50745485300064,GDP growth (annual %),T6,Sub-Saharan Africa (IDA & IBRD countries),Aggregates,Aggregates,Aggregates,,
459,2016,1.31700355850862,GDP growth (annual %),T6,Sub-Saharan Africa (IDA & IBRD countries),Aggregates,Aggregates,Aggregates,,
460,2025,4.20533481650185,GDP growth (annual %),XT,Upper middle income,Aggregates,Aggregates,Aggregates,,
461,2024,4.23445227221156,GDP growth (annual %),XT,Upper middle income,Aggregates,Aggregates,Aggregates,,
462,2023,4.57426687515756,GDP growth (annual %),XT,Upper middle income,Aggregates,Aggregates,Aggregates,,
463,2022,3.53652312476997,GDP growth (annual %),XT,Upper middle income,Aggregates,Aggregates,Aggregates,,
464,2021,7.58860883559845,GDP growth (annual %),XT,Upper middle income,Aggregates,Aggregates,Aggregates,,
465,2020,-0.502919871037122,GDP growth (annual %),XT,Upper middle income,Aggregates,Aggregates,Aggregates,,
466,2019,4.24595361596556,GDP growth (annual %),XT,Upper middle income,Aggregates,Aggregates,Aggregates,,
467,2018,4.95165024884356,GDP growth (annual %),XT,Upper middle income,Aggregates,Aggregates,Aggregates,,
468,2017,5.40459151052542,GDP growth (annual %),XT,Upper middle income,Aggregates,Aggregates,Aggregates,,
469,2016,4.62482816773941,GDP growth (annual %),XT,Upper middle income,Aggregates,Aggregates,Aggregates,,
470,2025,2.92127318539153,GDP growth (annual %),1W,World,Aggregates,Aggregates,Aggregates,,
471,2024,2.90001340156714,GDP growth (annual %),1W,World,Aggregates,Aggregates,Aggregates,,
472,2023,2.85938493335973,GDP growth (annual %),1W,World,Aggregates,Aggregates,Aggregates,,
473,2022,3.44001097265647,GDP growth (annual %),1W,World,Aggregates,Aggregates,Aggregates,,
474,2021,6.48508887596752,GDP growth (annual %),1W,World,Aggregates,Aggregates,Aggregates,,
475,2020,-2.88621185457086,GDP growth (annual %),1W,World,Aggregates,Aggregates,Aggregates,,
476,2019,2.680308747553,GDP growth (annual %),1W,World,Aggregates,Aggregates,Aggregates,,
477,2018,3.28663086462807,GDP growth (annual %),1W,World,Aggregates,Aggregates,Aggregates,,
478,2017,3.44658623167955,GDP growth (annual %),1W,World,Aggregates,Aggregates,Aggregates,,
479,2016,2.78974074234593,GDP growth (annual %),1W,World,Aggregates,Aggregates,Aggregates,,
480,2025,,GDP growth (annual %),AF,Afghanistan,"Middle East, North Africa, Afghanistan & Pakistan",Low income,IDA,69.1761,34.5228
481,2024,1.87319280045979,GDP growth (annual %),AF,Afghanistan,"Middle East, North Africa, Afghanistan & Pakistan",Low income,IDA,69.1761,34.5228
482,2023,2.26694373649188,GDP growth (annual %),AF,Afghanistan,"Middle East, North Africa, Afghanistan & Pakistan",Low income,IDA,69.1761,34.5228
483,2022,-6.24017199240269,GDP growth (annual %),AF,Afghanistan,"Middle East, North Africa, Afghanistan & Pakistan",Low income,IDA,69.1761,34.5228
484,2021,-20.7388393676343,GDP growth (annual %),AF,Afghanistan,"Middle East, North Africa, Afghanistan & Pakistan",Low income,IDA,69.1761,34.5228
485,2020,-2.35110067203466,GDP growth (annual %),AF,Afghanistan,"Middle East, North Africa, Afghanistan & Pakistan",Low income,IDA,69.1761,34.5228
486,2019,3.91160341625552,GDP growth (annual %),AF,Afghanistan,"Middle East, North Africa, Afghanistan & Pakistan",Low income,IDA,69.1761,34.5228
487,2018,1.18922812944517,GDP growth (annual %),AF,Afghanistan,"Middle East, North Africa, Afghanistan & Pakistan",Low income,IDA,69.1761,34.5228
488,2017,2.6470032027451,GDP growth (annual %),AF,Afghanistan,"Middle East, North Africa, Afghanistan & Pakistan",Low income,IDA,69.1761,34.5228
489,2016,2.26031420279821,GDP growth (annual %),AF,Afghanistan,"Middle East, North Africa, Afghanistan & Pakistan",Low income,IDA,69.1761,34.5228
490,2025,3.78893836241024,GDP growth (annual %),AL,Albania,Europe & Central Asia,Upper middle income,IBRD,19.8172,41.3317
491,2024,4.04592845095348,GDP growth (annual %),AL,Albania,Europe & Central Asia,Upper middle income,IBRD,19.8172,41.3317
492,2023,4.01541716935742,GDP growth (annual %),AL,Albania,Europe & Central Asia,Upper middle income,IBRD,19.8172,41.3317
493,2022,4.8268006234359,GDP growth (annual %),AL,Albania,Europe & Central Asia,Upper middle income,IBRD,19.8172,41.3317
494,2021,8.96957619074095,GDP growth (annual %),AL,Albania,Europe & Central Asia,Upper middle income,IBRD,19.8172,41.3317
495,2020,-3.31375636888916,GDP growth (annual %),AL,Albania,Europe & Central Asia,Upper middle income,IBRD,19.8172,41.3317
496,2019,2.06257790176122,GDP growth (annual %),AL,Albania,Europe & Central Asia,Upper middle income,IBRD,19.8172,41.3317
497,2018,3.67141928098908,GDP growth (annual %),AL,Albania,Europe & Central Asia,Upper middle income,IBRD,19.8172,41.3317
498,2017,3.28317593330073,GDP growth (annual %),AL,Albania,Europe & Central Asia,Upper middle income,IBRD,19.8172,41.3317
499,2016,3.90893551362245,GDP growth (annual %),AL,Albania,Europe & Central Asia,Upper middle income,IBRD,19.8172,41.3317
500,2025,3.815543719231,GDP growth (annual %),DZ,Algeria,"Middle East, North Africa, Afghanistan & Pakistan",Upper middle income,IBRD,3.05097,36.7397
501,2024,3.69999999907979,GDP growth (annual %),DZ,Algeria,"Middle East, North Africa, Afghanistan & Pakistan",Upper middle income,IBRD,3.05097,36.7397
502,2023,4.10000000005964,GDP growth (annual %),DZ,Algeria,"Middle East, North Africa, Afghanistan & Pakistan",Upper middle income,IBRD,3.05097,36.7397
503,2022,3.60000000094915,GDP growth (annual %),DZ,Algeria,"Middle East, North Africa, Afghanistan & Pakistan",Upper middle income,IBRD,3.05097,36.7397
504,2021,3.79999999900707,GDP growth (annual %),DZ,Algeria,"Middle East, North Africa, Afghanistan & Pakistan",Upper middle income,IBRD,3.05097,36.7397
505,2020,-4.99999999908597,GDP growth (annual %),DZ,Algeria,"Middle East, North Africa, Afghanistan & Pakistan",Upper middle income,IBRD,3.05097,36.7397
506,2019,0.899999999219148,GDP growth (annual %),DZ,Algeria,"Middle East, North Africa, Afghanistan & Pakistan",Upper middle income,IBRD,3.05097,36.7397
507,2018,1.40000000088281,GDP growth (annual %),DZ,Algeria,"Middle East, North Africa, Afghanistan & Pakistan",Upper middle income,IBRD,3.05097,36.7397
508,2017,1.49999999895587,GDP growth (annual %),DZ,Algeria,"Middle East, North Africa, Afghanistan & Pakistan",Upper middle income,IBRD,3.05097,36.7397
509,2016,3.90000000017621,GDP growth (annual %),DZ,Algeria,"Middle East, North Africa, Afghanistan & Pakistan",Upper middle income,IBRD,3.05097,36.7397
510,2025,,GDP growth (annual %),AS,American Samoa,East Asia & Pacific,High income,Not classified,-170.691,-14.2846
511,2024,,GDP growth (annual %),AS,American Samoa,East Asia & Pacific,High income,Not classified,-170.691,-14.2846
512,2023,,GDP growth (annual %),AS,American Samoa,East Asia & Pacific,High income,Not classified,-170.691,-14.2846
513,2022,1.73501577287065,GDP growth (annual %),AS,American Samoa,East Asia & Pacific,High income,Not classified,-170.691,-14.2846
514,2021,-0.782472613458523,GDP growth (annual %),AS,American Samoa,East Asia & Pacific,High income,Not classified,-170.691,-14.2846
515,2020,4.41176470588236,GDP growth (annual %),AS,American Samoa,East Asia & Pacific,High income,Not classified,-170.691,-14.2846
516,2019,-0.487804878048777,GDP growth (annual %),AS,American Samoa,East Asia & Pacific,High income,Not classified,-170.691,-14.2846
517,2018,2.6711185308848,GDP growth (annual %),AS,American Samoa,East Asia & Pacific,High income,Not classified,-170.691,-14.2846
518,2017,-6.98757763975155,GDP growth (annual %),AS,American Samoa,East Asia & Pacific,High income,Not classified,-170.691,-14.2846
519,2016,-1.67938931297709,GDP growth (annual %),AS,American Samoa,East Asia & Pacific,High income,Not classified,-170.691,-14.2846
520,2025,3.86803450687808,GDP growth (annual %),AD,Andorra,Europe & Central Asia,High income,Not classified,1.5218,42.5075
521,2024,3.8491605039052,GDP growth (annual %),AD,Andorra,Europe & Central Asia,High income,Not classified,1.5218,42.5075
522,2023,2.58355480961319,GDP growth (annual %),AD,Andorra,Europe & Central Asia,High income,Not classified,1.5218,42.5075
523,2022,9.56461225648184,GDP growth (annual %),AD,Andorra,Europe & Central Asia,High income,Not classified,1.5218,42.5075
524,2021,8.28677879049404,GDP growth (annual %),AD,Andorra,Europe & Central Asia,High income,Not classified,1.5218,42.5075
525,2020,-11.1839399355384,GDP growth (annual %),AD,Andorra,Europe & Central Asia,High income,Not classified,1.5218,42.5075
526,2019,2.01554763848308,GDP growth (annual %),AD,Andorra,Europe & Central Asia,High income,Not classified,1.5218,42.5075
527,2018,1.58876549046354,GDP growth (annual %),AD,Andorra,Europe & Central Asia,High income,Not classified,1.5218,42.5075
528,2017,0.346071889630295,GDP growth (annual %),AD,Andorra,Europe & Central Asia,High income,Not classified,1.5218,42.5075
529,2016,3.70967806978986,GDP growth (annual %),AD,Andorra,Europe & Central Asia,High income,Not classified,1.5218,42.5075
530,2025,3.13353542450008,GDP growth (annual %),AO,Angola,Sub-Saharan Africa ,Lower middle income,IBRD,13.242,-8.81155
531,2024,4.95267860425956,GDP growth (annual %),AO,Angola,Sub-Saharan Africa ,Lower middle income,IBRD,13.242,-8.81155
532,2023,1.32016587081031,GDP growth (annual %),AO,Angola,Sub-Saharan Africa ,Lower middle income,IBRD,13.242,-8.81155
533,2022,3.55749206675667,GDP growth (annual %),AO,Angola,Sub-Saharan Africa ,Lower middle income,IBRD,13.242,-8.81155
534,2021,1.09058369944815,GDP growth (annual %),AO,Angola,Sub-Saharan Africa ,Lower middle income,IBRD,13.242,-8.81155
535,2020,-5.27349128300007,GDP growth (annual %),AO,Angola,Sub-Saharan Africa ,Lower middle income,IBRD,13.242,-8.81155
536,2019,-1.05523414494337,GDP growth (annual %),AO,Angola,Sub-Saharan Africa ,Lower middle income,IBRD,13.242,-8.81155
537,2018,-0.506697543616156,GDP growth (annual %),AO,Angola,Sub-Saharan Africa ,Lower middle income,IBRD,13.242,-8.81155
538,2017,-0.164688656961076,GDP growth (annual %),AO,Angola,Sub-Saharan Africa ,Lower middle income,IBRD,13.242,-8.81155
539,2016,-0.233076954805284,GDP growth (annual %),AO,Angola,Sub-Saharan Africa ,Lower middle income,IBRD,13.242,-8.81155
540,2025,4.99803998431987,GDP growth (annual %),AG,Antigua and Barbuda,Latin America & Caribbean ,High income,IBRD,-61.8456,17.1175
541,2024,2.54044193946544,GDP growth (annual %),AG,Antigua and Barbuda,Latin America & Caribbean ,High income,IBRD,-61.8456,17.1175
542,2023,3.86550160079324,GDP growth (annual %),AG,Antigua and Barbuda,Latin America & Caribbean ,High income,IBRD,-61.8456,17.1175
543,2022,8.49776342254205,GDP growth (annual %),AG,Antigua and Barbuda,Latin America & Caribbean ,High income,IBRD,-61.8456,17.1175
544,2021,8.17286311186622,GDP growth (annual %),AG,Antigua and Barbuda,Latin America & Caribbean ,High income,IBRD,-61.8456,17.1175
545,2020,-18.8687765208148,GDP growth (annual %),AG,Antigua and Barbuda,Latin America & Caribbean ,High income,IBRD,-61.8456,17.1175
546,2019,3.1722219373937,GDP growth (annual %),AG,Antigua and Barbuda,Latin America & Caribbean ,High income,IBRD,-61.8456,17.1175
547,2018,6.71200487159726,GDP growth (annual %),AG,Antigua and Barbuda,Latin America & Caribbean ,High income,IBRD,-61.8456,17.1175
548,2017,2.71272657973627,GDP growth (annual %),AG,Antigua and Barbuda,Latin America & Caribbean ,High income,IBRD,-61.8456,17.1175
549,2016,4.1203675438061,GDP growth (annual %),AG,Antigua and Barbuda,Latin America & Caribbean ,High income,IBRD,-61.8456,17.1175
550,2025,4.36733330217022,GDP growth (annual %),AR,Argentina,Latin America & Caribbean ,Upper middle income,IBRD,-58.4173,-34.6118
551,2024,-1.34293072157739,GDP growth (annual %),AR,Argentina,Latin America & Caribbean ,Upper middle income,IBRD,-58.4173,-34.6118
552,2023,-1.85578803046339,GDP growth (annual %),AR,Argentina,Latin America & Caribbean ,Upper middle income,IBRD,-58.4173,-34.6118
553,2022,6.02074537534855,GDP growth (annual %),AR,Argentina,Latin America & Caribbean ,Upper middle income,IBRD,-58.4173,-34.6118
554,2021,10.4418119882506,GDP growth (annual %),AR,Argentina,Latin America & Caribbean ,Upper middle income,IBRD,-58.4173,-34.6118
555,2020,-9.9004848136464,GDP growth (annual %),AR,Argentina,Latin America & Caribbean ,Upper middle income,IBRD,-58.4173,-34.6118
556,2019,-2.00086100285785,GDP growth (annual %),AR,Argentina,Latin America & Caribbean ,Upper middle income,IBRD,-58.4173,-34.6118
557,2018,-2.61739646282038,GDP growth (annual %),AR,Argentina,Latin America & Caribbean ,Upper middle income,IBRD,-58.4173,-34.6118
558,2017,2.81850297775918,GDP growth (annual %),AR,Argentina,Latin America & Caribbean ,Upper middle income,IBRD,-58.4173,-34.6118
559,2016,-2.08032784377811,GDP growth (annual %),AR,Argentina,Latin America & Caribbean ,Upper middle income,IBRD,-58.4173,-34.6118
560,2025,7.2,GDP growth (annual %),AM,Armenia,Europe & Central Asia,Upper middle income,IBRD,44.509,40.1596
561,2024,5.90000000046228,GDP growth (annual %),AM,Armenia,Europe & Central Asia,Upper middle income,IBRD,44.509,40.1596
562,2023,8.29999999959539,GDP growth (annual %),AM,Armenia,Europe & Central Asia,Upper middle income,IBRD,44.509,40.1596
563,2022,12.5999999997766,GDP growth (annual %),AM,Armenia,Europe & Central Asia,Upper middle income,IBRD,44.509,40.1596
564,2021,5.80000000065645,GDP growth (annual %),AM,Armenia,Europe & Central Asia,Upper middle income,IBRD,44.509,40.1596
565,2020,-7.19999999920631,GDP growth (annual %),AM,Armenia,Europe & Central Asia,Upper middle income,IBRD,44.509,40.1596
566,2019,7.59999999853918,GDP growth (annual %),AM,Armenia,Europe & Central Asia,Upper middle income,IBRD,44.509,40.1596
567,2018,5.19999999965324,GDP growth (annual %),AM,Armenia,Europe & Central Asia,Upper middle income,IBRD,44.509,40.1596
568,2017,7.50000000164144,GDP growth (annual %),AM,Armenia,Europe & Central Asia,Upper middle income,IBRD,44.509,40.1596
569,2016,0.199999999825991,GDP growth (annual %),AM,Armenia,Europe & Central Asia,Upper middle income,IBRD,44.509,40.1596
570,2025,,GDP growth (annual %),AW,Aruba,Latin America & Caribbean ,High income,Not classified,-70.0167,12.5167
571,2024,6.81077669324554,GDP growth (annual %),AW,Aruba,Latin America & Caribbean ,High income,Not classified,-70.0167,12.5167
572,2023,9.51636022347185,GDP growth (annual %),AW,Aruba,Latin America & Caribbean ,High income,Not classified,-70.0167,12.5167
573,2022,10.6079607621246,GDP growth (annual %),AW,Aruba,Latin America & Caribbean ,High income,Not classified,-70.0167,12.5167
574,2021,14.833691976226,GDP growth (annual %),AW,Aruba,Latin America & Caribbean ,High income,Not classified,-70.0167,12.5167
575,2020,-23.9400592677491,GDP growth (annual %),AW,Aruba,Latin America & Caribbean ,High income,Not classified,-70.0167,12.5167
576,2019,1.22914408896015,GDP growth (annual %),AW,Aruba,Latin America & Caribbean ,High income,Not classified,-70.0167,12.5167
577,2018,3.21247111920076,GDP growth (annual %),AW,Aruba,Latin America & Caribbean ,High income,Not classified,-70.0167,12.5167
578,2017,3.49342985290626,GDP growth (annual %),AW,Aruba,Latin America & Caribbean ,High income,Not classified,-70.0167,12.5167
579,2016,1.23433537363427,GDP growth (annual %),AW,Aruba,Latin America & Caribbean ,High income,Not classified,-70.0167,12.5167
580,2025,1.35039785076631,GDP growth (annual %),AU,Australia,East Asia & Pacific,High income,Not classified,149.129,-35.282
581,2024,1.37340773365975,GDP growth (annual %),AU,Australia,East Asia & Pacific,High income,Not classified,149.129,-35.282
582,2023,3.58382100798981,GDP growth (annual %),AU,Australia,East Asia & Pacific,High income,Not classified,149.129,-35.282
583,2022,4.25304559238732,GDP growth (annual %),AU,Australia,East Asia & Pacific,High income,Not classified,149.129,-35.282
584,2021,2.00694844335034,GDP growth (annual %),AU,Australia,East Asia & Pacific,High income,Not classified,149.129,-35.282
585,2020,-0.133531904304775,GDP growth (annual %),AU,Australia,East Asia & Pacific,High income,Not classified,149.129,-35.282
586,2019,2.19401703622717,GDP growth (annual %),AU,Australia,East Asia & Pacific,High income,Not classified,149.129,-35.282
587,2018,2.87417039499501,GDP growth (annual %),AU,Australia,East Asia & Pacific,High income,Not classified,149.129,-35.282
588,2017,2.29331030192918,GDP growth (annual %),AU,Australia,East Asia & Pacific,High income,Not classified,149.129,-35.282
589,2016,2.75564065529868,GDP growth (annual %),AU,Australia,East Asia & Pacific,High income,Not classified,149.129,-35.282
590,2025,0.615747280959056,GDP growth (annual %),AT,Austria,Europe & Central Asia,High income,Not classified,16.3798,48.2201
591,2024,-0.659089573171372,GDP growth (annual %),AT,Austria,Europe & Central Asia,High income,Not classified,16.3798,48.2201
592,2023,-0.786244288594673,GDP growth (annual %),AT,Austria,Europe & Central Asia,High income,Not classified,16.3798,48.2201
593,2022,5.33096379400371,GDP growth (annual %),AT,Austria,Europe & Central Asia,High income,Not classified,16.3798,48.2201
594,2021,4.92309171717903,GDP growth (annual %),AT,Austria,Europe & Central Asia,High income,Not classified,16.3798,48.2201
595,2020,-6.31825509209936,GDP growth (annual %),AT,Austria,Europe & Central Asia,High income,Not classified,16.3798,48.2201
596,2019,1.75497619649288,GDP growth (annual %),AT,Austria,Europe & Central Asia,High income,Not classified,16.3798,48.2201
597,2018,2.48422114080024,GDP growth (annual %),AT,Austria,Europe & Central Asia,High income,Not classified,16.3798,48.2201
598,2017,2.27224992038207,GDP growth (annual %),AT,Austria,Europe & Central Asia,High income,Not classified,16.3798,48.2201
599,2016,2.11721964494312,GDP growth (annual %),AT,Austria,Europe & Central Asia,High income,Not classified,16.3798,48.2201
600,2025,1.44985591122698,GDP growth (annual %),AZ,Azerbaijan,Europe & Central Asia,Upper middle income,IBRD,49.8932,40.3834
601,2024,4.15806800428062,GDP growth (annual %),AZ,Azerbaijan,Europe & Central Asia,Upper middle income,IBRD,49.8932,40.3834
602,2023,1.35447749115767,GDP growth (annual %),AZ,Azerbaijan,Europe & Central Asia,Upper middle income,IBRD,49.8932,40.3834
603,2022,4.71468033247649,GDP growth (annual %),AZ,Azerbaijan,Europe & Central Asia,Upper middle income,IBRD,49.8932,40.3834
604,2021,5.61644027150554,GDP growth (annual %),AZ,Azerbaijan,Europe & Central Asia,Upper middle income,IBRD,49.8932,40.3834
605,2020,-4.19896065333343,GDP growth (annual %),AZ,Azerbaijan,Europe & Central Asia,Upper middle income,IBRD,49.8932,40.3834
606,2019,2.47980879185565,GDP growth (annual %),AZ,Azerbaijan,Europe & Central Asia,Upper middle income,IBRD,49.8932,40.3834
607,2018,1.50040167167313,GDP growth (annual %),AZ,Azerbaijan,Europe & Central Asia,Upper middle income,IBRD,49.8932,40.3834
608,2017,0.153614661745507,GDP growth (annual %),AZ,Azerbaijan,Europe & Central Asia,Upper middle income,IBRD,49.8932,40.3834
609,2016,-3.06359842251706,GDP growth (annual %),AZ,Azerbaijan,Europe & Central Asia,Upper middle income,IBRD,49.8932,40.3834
610,2025,,GDP growth (annual %),BS,"Bahamas, The",Latin America & Caribbean ,High income,Not classified,-77.339,25.0661
611,2024,3.37866553336166,GDP growth (annual %),BS,"Bahamas, The",Latin America & Caribbean ,High income,Not classified,-77.339,25.0661
612,2023,3.04824180553773,GDP growth (annual %),BS,"Bahamas, The",Latin America & Caribbean ,High income,Not classified,-77.339,25.0661
613,2022,10.8779009410268,GDP growth (annual %),BS,"Bahamas, The",Latin America & Caribbean ,High income,Not classified,-77.339,25.0661
614,2021,17.5861390037409,GDP growth (annual %),BS,"Bahamas, The",Latin America & Caribbean ,High income,Not classified,-77.339,25.0661
615,2020,-20.0893664891399,GDP growth (annual %),BS,"Bahamas, The",Latin America & Caribbean ,High income,Not classified,-77.339,25.0661
616,2019,-0.838585871193203,GDP growth (annual %),BS,"Bahamas, The",Latin America & Caribbean ,High income,Not classified,-77.339,25.0661
617,2018,2.39795510823548,GDP growth (annual %),BS,"Bahamas, The",Latin America & Caribbean ,High income,Not classified,-77.339,25.0661
618,2017,3.3713988456489,GDP growth (annual %),BS,"Bahamas, The",Latin America & Caribbean ,High income,Not classified,-77.339,25.0661
619,2016,-1.15650811269629,GDP growth (annual %),BS,"Bahamas, The",Latin America & Caribbean ,High income,Not classified,-77.339,25.0661
620,2025,3.48137573668635,GDP growth (annual %),BH,Bahrain,"Middle East, North Africa, Afghanistan & Pakistan",High income,Not classified,50.5354,26.1921
621,2024,2.89710543153512,GDP growth (annual %),BH,Bahrain,"Middle East, North Africa, Afghanistan & Pakistan",High income,Not classified,50.5354,26.1921
622,2023,3.87811614845566,GDP growth (annual %),BH,Bahrain,"Middle East, North Africa, Afghanistan & Pakistan",High income,Not classified,50.5354,26.1921
623,2022,6.18016125475185,GDP growth (annual %),BH,Bahrain,"Middle East, North Africa, Afghanistan & Pakistan",High income,Not classified,50.5354,26.1921
624,2021,4.35004091668986,GDP growth (annual %),BH,Bahrain,"Middle East, North Africa, Afghanistan & Pakistan",High income,Not classified,50.5354,26.1921
625,2020,-5.9113629524152,GDP growth (annual %),BH,Bahrain,"Middle East, North Africa, Afghanistan & Pakistan",High income,Not classified,50.5354,26.1921
626,2019,2.05287774418655,GDP growth (annual %),BH,Bahrain,"Middle East, North Africa, Afghanistan & Pakistan",High income,Not classified,50.5354,26.1921
627,2018,2.05258864979861,GDP growth (annual %),BH,Bahrain,"Middle East, North Africa, Afghanistan & Pakistan",High income,Not classified,50.5354,26.1921
628,2017,4.95383534123657,GDP growth (annual %),BH,Bahrain,"Middle East, North Africa, Afghanistan & Pakistan",High income,Not classified,50.5354,26.1921
629,2016,3.81499327422425,GDP growth (annual %),BH,Bahrain,"Middle East, North Africa, Afghanistan & Pakistan",High income,Not classified,50.5354,26.1921
630,2025,3.48990671836833,GDP growth (annual %),BD,Bangladesh,South Asia,Lower middle income,IDA,90.4113,23.7055
631,2024,4.22325911250161,GDP growth (annual %),BD,Bangladesh,South Asia,Lower middle income,IDA,90.4113,23.7055
632,2023,5.77511237007889,GDP growth (annual %),BD,Bangladesh,South Asia,Lower middle income,IDA,90.4113,23.7055
633,2022,7.09982877575158,GDP growth (annual %),BD,Bangladesh,South Asia,Lower middle income,IDA,90.4113,23.7055
634,2021,6.93867912442445,GDP growth (annual %),BD,Bangladesh,South Asia,Lower middle income,IDA,90.4113,23.7055
635,2020,3.44801755122445,GDP growth (annual %),BD,Bangladesh,South Asia,Lower middle income,IDA,90.4113,23.7055
636,2019,7.88191515117722,GDP growth (annual %),BD,Bangladesh,South Asia,Lower middle income,IDA,90.4113,23.7055
637,2018,7.31941263014136,GDP growth (annual %),BD,Bangladesh,South Asia,Lower middle income,IDA,90.4113,23.7055
638,2017,6.59024999794057,GDP growth (annual %),BD,Bangladesh,South Asia,Lower middle income,IDA,90.4113,23.7055
639,2016,7.11347821270093,GDP growth (annual %),BD,Bangladesh,South Asia,Lower middle income,IDA,90.4113,23.7055
640,2025,2.70000021764021,GDP growth (annual %),BB,Barbados,Latin America & Caribbean ,High income,IBRD,-59.6105,13.0935
641,2024,3.3669492581395,GDP growth (annual %),BB,Barbados,Latin America & Caribbean ,High income,IBRD,-59.6105,13.0935
642,2023,1.81419817804516,GDP growth (annual %),BB,Barbados,Latin America & Caribbean ,High income,IBRD,-59.6105,13.0935
643,2022,15.9453206225473,GDP growth (annual %),BB,Barbados,Latin America & Caribbean ,High income,IBRD,-59.6105,13.0935
644,2021,8.0198770096479,GDP growth (annual %),BB,Barbados,Latin America & Caribbean ,High income,IBRD,-59.6105,13.0935
645,2020,-17.4059314651747,GDP growth (annual %),BB,Barbados,Latin America & Caribbean ,High income,IBRD,-59.6105,13.0935
646,2019,0.241099789148677,GDP growth (annual %),BB,Barbados,Latin America & Caribbean ,High income,IBRD,-59.6105,13.0935
647,2018,-0.252085325827849,GDP growth (annual %),BB,Barbados,Latin America & Caribbean ,High income,IBRD,-59.6105,13.0935
648,2017,0.654655602860373,GDP growth (annual %),BB,Barbados,Latin America & Caribbean ,High income,IBRD,-59.6105,13.0935
649,2016,1.41632446821541,GDP growth (annual %),BB,Barbados,Latin America & Caribbean ,High income,IBRD,-59.6105,13.0935
650,2025,1.29999999999998,GDP growth (annual %),BY,Belarus,Europe & Central Asia,Upper middle income,IBRD,27.5766,53.9678
651,2024,4.34999638140579,GDP growth (annual %),BY,Belarus,Europe & Central Asia,Upper middle income,IBRD,27.5766,53.9678
652,2023,4.12654007153881,GDP growth (annual %),BY,Belarus,Europe & Central Asia,Upper middle income,IBRD,27.5766,53.9678
653,2022,-4.65839591328999,GDP growth (annual %),BY,Belarus,Europe & Central Asia,Upper middle income,IBRD,27.5766,53.9678
654,2021,2.43886210234947,GDP growth (annual %),BY,Belarus,Europe & Central Asia,Upper middle income,IBRD,27.5766,53.9678
655,2020,-0.672742918585868,GDP growth (annual %),BY,Belarus,Europe & Central Asia,Upper middle income,IBRD,27.5766,53.9678
656,2019,1.44645548204305,GDP growth (annual %),BY,Belarus,Europe & Central Asia,Upper middle income,IBRD,27.5766,53.9678
657,2018,3.14919758275296,GDP growth (annual %),BY,Belarus,Europe & Central Asia,Upper middle income,IBRD,27.5766,53.9678
658,2017,2.53218349471909,GDP growth (annual %),BY,Belarus,Europe & Central Asia,Upper middle income,IBRD,27.5766,53.9678
659,2016,-2.5264464460425,GDP growth (annual %),BY,Belarus,Europe & Central Asia,Upper middle income,IBRD,27.5766,53.9678
660,2025,0.983117967125935,GDP growth (annual %),BE,Belgium,Europe & Central Asia,High income,Not classified,4.36761,50.8371
661,2024,1.09775383828703,GDP growth (annual %),BE,Belgium,Europe & Central Asia,High income,Not classified,4.36761,50.8371
662,2023,1.56125539542029,GDP growth (annual %),BE,Belgium,Europe & Central Asia,High income,Not classified,4.36761,50.8371
663,2022,4.02460852835887,GDP growth (annual %),BE,Belgium,Europe & Central Asia,High income,Not classified,4.36761,50.8371
664,2021,6.25445686466593,GDP growth (annual %),BE,Belgium,Europe & Central Asia,High income,Not classified,4.36761,50.8371
665,2020,-4.7929839083518,GDP growth (annual %),BE,Belgium,Europe & Central Asia,High income,Not classified,4.36761,50.8371
666,2019,2.4428900448156,GDP growth (annual %),BE,Belgium,Europe & Central Asia,High income,Not classified,4.36761,50.8371
667,2018,1.87796847383565,GDP growth (annual %),BE,Belgium,Europe & Central Asia,High income,Not classified,4.36761,50.8371
668,2017,1.47446761556785,GDP growth (annual %),BE,Belgium,Europe & Central Asia,High income,Not classified,4.36761,50.8371
669,2016,1.19350273007754,GDP growth (annual %),BE,Belgium,Europe & Central Asia,High income,Not classified,4.36761,50.8371
670,2025,2.74831731763744,GDP growth (annual %),BZ,Belize,Latin America & Caribbean ,Upper middle income,Blend,-88.7713,17.2534
671,2024,3.50466435023895,GDP growth (annual %),BZ,Belize,Latin America & Caribbean ,Upper middle income,Blend,-88.7713,17.2534
672,2023,0.500127941638667,GDP growth (annual %),BZ,Belize,Latin America & Caribbean ,Upper middle income,Blend,-88.7713,17.2534
673,2022,9.25051329530994,GDP growth (annual %),BZ,Belize,Latin America & Caribbean ,Upper middle income,Blend,-88.7713,17.2534
674,2021,17.9899244143607,GDP growth (annual %),BZ,Belize,Latin America & Caribbean ,Upper middle income,Blend,-88.7713,17.2534
675,2020,-13.5228997055506,GDP growth (annual %),BZ,Belize,Latin America & Caribbean ,Upper middle income,Blend,-88.7713,17.2534
676,2019,4.25658710030072,GDP growth (annual %),BZ,Belize,Latin America & Caribbean ,Upper middle income,Blend,-88.7713,17.2534
677,2018,0.822068592512508,GDP growth (annual %),BZ,Belize,Latin America & Caribbean ,Upper middle income,Blend,-88.7713,17.2534
678,2017,-1.83323729057784,GDP growth (annual %),BZ,Belize,Latin America & Caribbean ,Upper middle income,Blend,-88.7713,17.2534
679,2016,-0.0187414958130319,GDP growth (annual %),BZ,Belize,Latin America & Caribbean ,Upper middle income,Blend,-88.7713,17.2534
680,2025,8.07408453688336,GDP growth (annual %),BJ,Benin,Sub-Saharan Africa ,Lower middle income,IDA,2.6323,6.4779
681,2024,7.45311566226201,GDP growth (annual %),BJ,Benin,Sub-Saharan Africa ,Lower middle income,IDA,2.6323,6.4779
682,2023,6.3527773854442,GDP growth (annual %),BJ,Benin,Sub-Saharan Africa ,Lower middle income,IDA,2.6323,6.4779
683,2022,6.25294705373625,GDP growth (annual %),BJ,Benin,Sub-Saharan Africa ,Lower middle income,IDA,2.6323,6.4779
684,2021,7.1554516457574,GDP growth (annual %),BJ,Benin,Sub-Saharan Africa ,Lower middle income,IDA,2.6323,6.4779
685,2020,3.84879240030133,GDP growth (annual %),BJ,Benin,Sub-Saharan Africa ,Lower middle income,IDA,2.6323,6.4779
686,2019,6.86568662848335,GDP growth (annual %),BJ,Benin,Sub-Saharan Africa ,Lower middle income,IDA,2.6323,6.4779
687,2018,6.69725362180888,GDP growth (annual %),BJ,Benin,Sub-Saharan Africa ,Lower middle income,IDA,2.6323,6.4779
688,2017,5.67156195150444,GDP growth (annual %),BJ,Benin,Sub-Saharan Africa ,Lower middle income,IDA,2.6323,6.4779
689,2016,3.33967342629693,GDP growth (annual %),BJ,Benin,Sub-Saharan Africa ,Lower middle income,IDA,2.6323,6.4779
690,2025,,GDP growth (annual %),BM,Bermuda,North America,High income,Not classified,-64.706,32.3293
691,2024,1.88822861970388,GDP growth (annual %),BM,Bermuda,North America,High income,Not classified,-64.706,32.3293
692,2023,4.33447280353832,GDP growth (annual %),BM,Bermuda,North America,High income,Not classified,-64.706,32.3293
693,2022,6.25695521240877,GDP growth (annual %),BM,Bermuda,North America,High income,Not classified,-64.706,32.3293
694,2021,4.76497899668355,GDP growth (annual %),BM,Bermuda,North America,High income,Not classified,-64.706,32.3293
695,2020,-6.97162571479863,GDP growth (annual %),BM,Bermuda,North America,High income,Not classified,-64.706,32.3293
696,2019,0.307106461240664,GDP growth (annual %),BM,Bermuda,North America,High income,Not classified,-64.706,32.3293
697,2018,-0.432801300339307,GDP growth (annual %),BM,Bermuda,North America,High income,Not classified,-64.706,32.3293
698,2017,3.61141983706115,GDP growth (annual %),BM,Bermuda,North America,High income,Not classified,-64.706,32.3293
699,2016,-0.657206304259205,GDP growth (annual %),BM,Bermuda,North America,High income,Not classified,-64.706,32.3293
700,2025,8.00502716233098,GDP growth (annual %),BT,Bhutan,South Asia,Lower middle income,IDA,89.6177,27.5768
701,2024,7.49856206754038,GDP growth (annual %),BT,Bhutan,South Asia,Lower middle income,IDA,89.6177,27.5768
702,2023,4.63215702969933,GDP growth (annual %),BT,Bhutan,South Asia,Lower middle income,IDA,89.6177,27.5768
703,2022,5.21386783786224,GDP growth (annual %),BT,Bhutan,South Asia,Lower middle income,IDA,89.6177,27.5768
704,2021,4.42136738945015,GDP growth (annual %),BT,Bhutan,South Asia,Lower middle income,IDA,89.6177,27.5768
705,2020,-10.2183974208569,GDP growth (annual %),BT,Bhutan,South Asia,Lower middle income,IDA,89.6177,27.5768
706,2019,5.75514851246506,GDP growth (annual %),BT,Bhutan,South Asia,Lower middle income,IDA,89.6177,27.5768
707,2018,3.50187185732737,GDP growth (annual %),BT,Bhutan,South Asia,Lower middle income,IDA,89.6177,27.5768
708,2017,2.08684522733067,GDP growth (annual %),BT,Bhutan,South Asia,Lower middle income,IDA,89.6177,27.5768
709,2016,8.47594339232963,GDP growth (annual %),BT,Bhutan,South Asia,Lower middle income,IDA,89.6177,27.5768
710,2025,-1.58237567348246,GDP growth (annual %),BO,Bolivia,Latin America & Caribbean ,Lower middle income,IBRD,-66.1936,-13.9908
711,2024,-1.12335595517212,GDP growth (annual %),BO,Bolivia,Latin America & Caribbean ,Lower middle income,IBRD,-66.1936,-13.9908
712,2023,2.51636590154891,GDP growth (annual %),BO,Bolivia,Latin America & Caribbean ,Lower middle income,IBRD,-66.1936,-13.9908
713,2022,3.74741781241461,GDP growth (annual %),BO,Bolivia,Latin America & Caribbean ,Lower middle income,IBRD,-66.1936,-13.9908
714,2021,10.0290488827886,GDP growth (annual %),BO,Bolivia,Latin America & Caribbean ,Lower middle income,IBRD,-66.1936,-13.9908
715,2020,-12.7194690092717,GDP growth (annual %),BO,Bolivia,Latin America & Caribbean ,Lower middle income,IBRD,-66.1936,-13.9908
716,2019,1.50672102666863,GDP growth (annual %),BO,Bolivia,Latin America & Caribbean ,Lower middle income,IBRD,-66.1936,-13.9908
717,2018,2.86808404814794,GDP growth (annual %),BO,Bolivia,Latin America & Caribbean ,Lower middle income,IBRD,-66.1936,-13.9908
718,2017,4.19520633364647,GDP growth (annual %),BO,Bolivia,Latin America & Caribbean ,Lower middle income,IBRD,-66.1936,-13.9908
719,2016,4.26392086992173,GDP growth (annual %),BO,Bolivia,Latin America & Caribbean ,Lower middle income,IBRD,-66.1936,-13.9908
720,2025,2.12861913138053,GDP growth (annual %),BA,Bosnia and Herzegovina,Europe & Central Asia,Upper middle income,IBRD,18.4214,43.8607
721,2024,3.22679979810856,GDP growth (annual %),BA,Bosnia and Herzegovina,Europe & Central Asia,Upper middle income,IBRD,18.4214,43.8607
722,2023,1.99439414850893,GDP growth (annual %),BA,Bosnia and Herzegovina,Europe & Central Asia,Upper middle income,IBRD,18.4214,43.8607
723,2022,4.22681333390325,GDP growth (annual %),BA,Bosnia and Herzegovina,Europe & Central Asia,Upper middle income,IBRD,18.4214,43.8607
724,2021,7.39164256472846,GDP growth (annual %),BA,Bosnia and Herzegovina,Europe & Central Asia,Upper middle income,IBRD,18.4214,43.8607
725,2020,-3.01509335460439,GDP growth (annual %),BA,Bosnia and Herzegovina,Europe & Central Asia,Upper middle income,IBRD,18.4214,43.8607
726,2019,2.88585242083978,GDP growth (annual %),BA,Bosnia and Herzegovina,Europe & Central Asia,Upper middle income,IBRD,18.4214,43.8607
727,2018,3.82900399349064,GDP growth (annual %),BA,Bosnia and Herzegovina,Europe & Central Asia,Upper middle income,IBRD,18.4214,43.8607
728,2017,3.24409895306594,GDP growth (annual %),BA,Bosnia and Herzegovina,Europe & Central Asia,Upper middle income,IBRD,18.4214,43.8607
729,2016,3.24225822231566,GDP growth (annual %),BA,Bosnia and Herzegovina,Europe & Central Asia,Upper middle income,IBRD,18.4214,43.8607
730,2025,-0.733898323852287,GDP growth (annual %),BW,Botswana,Sub-Saharan Africa ,Upper middle income,IBRD,25.9201,-24.6544
731,2024,-2.77988981666252,GDP growth (annual %),BW,Botswana,Sub-Saharan Africa ,Upper middle income,IBRD,25.9201,-24.6544
732,2023,3.20806812224438,GDP growth (annual %),BW,Botswana,Sub-Saharan Africa ,Upper middle income,IBRD,25.9201,-24.6544
733,2022,5.48601706446772,GDP growth (annual %),BW,Botswana,Sub-Saharan Africa ,Upper middle income,IBRD,25.9201,-24.6544
734,2021,11.9162724376008,GDP growth (annual %),BW,Botswana,Sub-Saharan Africa ,Upper middle income,IBRD,25.9201,-24.6544
735,2020,-8.72888243996397,GDP growth (annual %),BW,Botswana,Sub-Saharan Africa ,Upper middle income,IBRD,25.9201,-24.6544
736,2019,3.0317733945467,GDP growth (annual %),BW,Botswana,Sub-Saharan Africa ,Upper middle income,IBRD,25.9201,-24.6544
737,2018,4.18869237159223,GDP growth (annual %),BW,Botswana,Sub-Saharan Africa ,Upper middle income,IBRD,25.9201,-24.6544
738,2017,4.11437856445083,GDP growth (annual %),BW,Botswana,Sub-Saharan Africa ,Upper middle income,IBRD,25.9201,-24.6544
739,2016,7.20442475914267,GDP growth (annual %),BW,Botswana,Sub-Saharan Africa ,Upper middle income,IBRD,25.9201,-24.6544
740,2025,2.2857464902475,GDP growth (annual %),BR,Brazil,Latin America & Caribbean ,Upper middle income,IBRD,-47.9292,-15.7801
741,2024,3.41931516501906,GDP growth (annual %),BR,Brazil,Latin America & Caribbean ,Upper middle income,IBRD,-47.9292,-15.7801
742,2023,3.24165532906981,GDP growth (annual %),BR,Brazil,Latin America & Caribbean ,Upper middle income,IBRD,-47.9292,-15.7801
743,2022,3.01669435393015,GDP growth (annual %),BR,Brazil,Latin America & Caribbean ,Upper middle income,IBRD,-47.9292,-15.7801
744,2021,4.76260437908608,GDP growth (annual %),BR,Brazil,Latin America & Caribbean ,Upper middle income,IBRD,-47.9292,-15.7801
745,2020,-3.2767587964736,GDP growth (annual %),BR,Brazil,Latin America & Caribbean ,Upper middle income,IBRD,-47.9292,-15.7801
746,2019,1.22077782360842,GDP growth (annual %),BR,Brazil,Latin America & Caribbean ,Upper middle income,IBRD,-47.9292,-15.7801
747,2018,1.783666761634,GDP growth (annual %),BR,Brazil,Latin America & Caribbean ,Upper middle income,IBRD,-47.9292,-15.7801
748,2017,1.32286905404399,GDP growth (annual %),BR,Brazil,Latin America & Caribbean ,Upper middle income,IBRD,-47.9292,-15.7801
749,2016,-3.27591690782192,GDP growth (annual %),BR,Brazil,Latin America & Caribbean ,Upper middle income,IBRD,-47.9292,-15.7801
750,2025,,GDP growth (annual %),VG,British Virgin Islands,Latin America & Caribbean ,High income,Not classified,-64.623056,18.431389
751,2024,,GDP growth (annual %),VG,British Virgin Islands,Latin America & Caribbean ,High income,Not classified,-64.623056,18.431389
752,2023,,GDP growth (annual %),VG,British Virgin Islands,Latin America & Caribbean ,High income,Not classified,-64.623056,18.431389
753,2022,,GDP growth (annual %),VG,British Virgin Islands,Latin America & Caribbean ,High income,Not classified,-64.623056,18.431389
754,2021,,GDP growth (annual %),VG,British Virgin Islands,Latin America & Caribbean ,High income,Not classified,-64.623056,18.431389
755,2020,,GDP growth (annual %),VG,British Virgin Islands,Latin America & Caribbean ,High income,Not classified,-64.623056,18.431389
756,2019,,GDP growth (annual %),VG,British Virgin Islands,Latin America & Caribbean ,High income,Not classified,-64.623056,18.431389
757,2018,,GDP growth (annual %),VG,British Virgin Islands,Latin America & Caribbean ,High income,Not classified,-64.623056,18.431389
758,2017,,GDP growth (annual %),VG,British Virgin Islands,Latin America & Caribbean ,High income,Not classified,-64.623056,18.431389
759,2016,,GDP growth (annual %),VG,British Virgin Islands,Latin America & Caribbean ,High income,Not classified,-64.623056,18.431389
760,2025,0.66956214816436,GDP growth (annual %),BN,Brunei Darussalam,East Asia & Pacific,High income,Not classified,114.946,4.94199
761,2024,4.05251709306727,GDP growth (annual %),BN,Brunei Darussalam,East Asia & Pacific,High income,Not classified,114.946,4.94199
762,2023,1.12764418162719,GDP growth (annual %),BN,Brunei Darussalam,East Asia & Pacific,High income,Not classified,114.946,4.94199
763,2022,-1.62833154515108,GDP growth (annual %),BN,Brunei Darussalam,East Asia & Pacific,High income,Not classified,114.946,4.94199
764,2021,-1.59076260099606,GDP growth (annual %),BN,Brunei Darussalam,East Asia & Pacific,High income,Not classified,114.946,4.94199
765,2020,1.1335733495246,GDP growth (annual %),BN,Brunei Darussalam,East Asia & Pacific,High income,Not classified,114.946,4.94199
766,2019,3.86884436177075,GDP growth (annual %),BN,Brunei Darussalam,East Asia & Pacific,High income,Not classified,114.946,4.94199
767,2018,0.0523710418528935,GDP growth (annual %),BN,Brunei Darussalam,East Asia & Pacific,High income,Not classified,114.946,4.94199
768,2017,1.32872661057823,GDP growth (annual %),BN,Brunei Darussalam,East Asia & Pacific,High income,Not classified,114.946,4.94199
769,2016,-2.47791771833224,GDP growth (annual %),BN,Brunei Darussalam,East Asia & Pacific,High income,Not classified,114.946,4.94199
770,2025,3.0963663917961,GDP growth (annual %),BG,Bulgaria,Europe & Central Asia,High income,IBRD,23.3238,42.7105
771,2024,3.38708962009333,GDP growth (annual %),BG,Bulgaria,Europe & Central Asia,High income,IBRD,23.3238,42.7105
772,2023,1.68151075832925,GDP growth (annual %),BG,Bulgaria,Europe & Central Asia,High income,IBRD,23.3238,42.7105
773,2022,4.08386398118941,GDP growth (annual %),BG,Bulgaria,Europe & Central Asia,High income,IBRD,23.3238,42.7105
774,2021,7.82817310703665,GDP growth (annual %),BG,Bulgaria,Europe & Central Asia,High income,IBRD,23.3238,42.7105
775,2020,-3.13323543125917,GDP growth (annual %),BG,Bulgaria,Europe & Central Asia,High income,IBRD,23.3238,42.7105
776,2019,3.79331964589196,GDP growth (annual %),BG,Bulgaria,Europe & Central Asia,High income,IBRD,23.3238,42.7105
777,2018,2.33015054210419,GDP growth (annual %),BG,Bulgaria,Europe & Central Asia,High income,IBRD,23.3238,42.7105
778,2017,2.74592737750996,GDP growth (annual %),BG,Bulgaria,Europe & Central Asia,High income,IBRD,23.3238,42.7105
779,2016,3.02662820096305,GDP growth (annual %),BG,Bulgaria,Europe & Central Asia,High income,IBRD,23.3238,42.7105
780,2025,5.29461839319283,GDP growth (annual %),BF,Burkina Faso,Sub-Saharan Africa ,Low income,IDA,-1.53395,12.3605
781,2024,4.83395810163883,GDP growth (annual %),BF,Burkina Faso,Sub-Saharan Africa ,Low income,IDA,-1.53395,12.3605
782,2023,3.00027415814125,GDP growth (annual %),BF,Burkina Faso,Sub-Saharan Africa ,Low income,IDA,-1.53395,12.3605
783,2022,1.62673258211919,GDP growth (annual %),BF,Burkina Faso,Sub-Saharan Africa ,Low income,IDA,-1.53395,12.3605
784,2021,6.94252492572348,GDP growth (annual %),BF,Burkina Faso,Sub-Saharan Africa ,Low income,IDA,-1.53395,12.3605
785,2020,2.01077262406221,GDP growth (annual %),BF,Burkina Faso,Sub-Saharan Africa ,Low income,IDA,-1.53395,12.3605
786,2019,5.88920497068135,GDP growth (annual %),BF,Burkina Faso,Sub-Saharan Africa ,Low income,IDA,-1.53395,12.3605
787,2018,6.60456906812341,GDP growth (annual %),BF,Burkina Faso,Sub-Saharan Africa ,Low income,IDA,-1.53395,12.3605
788,2017,6.20348941121868,GDP growth (annual %),BF,Burkina Faso,Sub-Saharan Africa ,Low income,IDA,-1.53395,12.3605
789,2016,5.95797670754024,GDP growth (annual %),BF,Burkina Faso,Sub-Saharan Africa ,Low income,IDA,-1.53395,12.3605
790,2025,4.24010529884178,GDP growth (annual %),BI,Burundi,Sub-Saharan Africa ,Low income,IDA,29.3639,-3.3784
791,2024,4.11227376394912,GDP growth (annual %),BI,Burundi,Sub-Saharan Africa ,Low income,IDA,29.3639,-3.3784
792,2023,3.25476897326196,GDP growth (annual %),BI,Burundi,Sub-Saharan Africa ,Low income,IDA,29.3639,-3.3784
793,2022,2.31770122350822,GDP growth (annual %),BI,Burundi,Sub-Saharan Africa ,Low income,IDA,29.3639,-3.3784
794,2021,3.23707479372925,GDP growth (annual %),BI,Burundi,Sub-Saharan Africa ,Low income,IDA,29.3639,-3.3784
795,2020,0.306443811651718,GDP growth (annual %),BI,Burundi,Sub-Saharan Africa ,Low income,IDA,29.3639,-3.3784
796,2019,4.45934202358784,GDP growth (annual %),BI,Burundi,Sub-Saharan Africa ,Low income,IDA,29.3639,-3.3784
797,2018,5.34224473186408,GDP growth (annual %),BI,Burundi,Sub-Saharan Africa ,Low income,IDA,29.3639,-3.3784
798,2017,3.83185757061784,GDP growth (annual %),BI,Burundi,Sub-Saharan Africa ,Low income,IDA,29.3639,-3.3784
799,2016,3.20017470408993,GDP growth (annual %),BI,Burundi,Sub-Saharan Africa ,Low income,IDA,29.3639,-3.3784
800,2025,6.29698518253096,GDP growth (annual %),CV,Cabo Verde,Sub-Saharan Africa ,Upper middle income,Blend,-23.5087,14.9218
801,2024,6.98888280991075,GDP growth (annual %),CV,Cabo Verde,Sub-Saharan Africa ,Upper middle income,Blend,-23.5087,14.9218
802,2023,4.7947613911073,GDP growth (annual %),CV,Cabo Verde,Sub-Saharan Africa ,Upper middle income,Blend,-23.5087,14.9218
803,2022,15.843675684642,GDP growth (annual %),CV,Cabo Verde,Sub-Saharan Africa ,Upper middle income,Blend,-23.5087,14.9218
804,2021,7.03353010694514,GDP growth (annual %),CV,Cabo Verde,Sub-Saharan Africa ,Upper middle income,Blend,-23.5087,14.9218
805,2020,-20.8052758990735,GDP growth (annual %),CV,Cabo Verde,Sub-Saharan Africa ,Upper middle income,Blend,-23.5087,14.9218
806,2019,6.94782634051859,GDP growth (annual %),CV,Cabo Verde,Sub-Saharan Africa ,Upper middle income,Blend,-23.5087,14.9218
807,2018,3.70696458310842,GDP growth (annual %),CV,Cabo Verde,Sub-Saharan Africa ,Upper middle income,Blend,-23.5087,14.9218
808,2017,4.5513148102974,GDP growth (annual %),CV,Cabo Verde,Sub-Saharan Africa ,Upper middle income,Blend,-23.5087,14.9218
809,2016,4.28071482662371,GDP growth (annual %),CV,Cabo Verde,Sub-Saharan Africa ,Upper middle income,Blend,-23.5087,14.9218
810,2025,5.34932084572877,GDP growth (annual %),KH,Cambodia,East Asia & Pacific,Lower middle income,IDA,104.874,11.5556
811,2024,6.0158145735202,GDP growth (annual %),KH,Cambodia,East Asia & Pacific,Lower middle income,IDA,104.874,11.5556
812,2023,5.00733043811898,GDP growth (annual %),KH,Cambodia,East Asia & Pacific,Lower middle income,IDA,104.874,11.5556
813,2022,5.12990110773977,GDP growth (annual %),KH,Cambodia,East Asia & Pacific,Lower middle income,IDA,104.874,11.5556
814,2021,3.08984284148661,GDP growth (annual %),KH,Cambodia,East Asia & Pacific,Lower middle income,IDA,104.874,11.5556
815,2020,-3.55572193406549,GDP growth (annual %),KH,Cambodia,East Asia & Pacific,Lower middle income,IDA,104.874,11.5556
816,2019,7.93695013588524,GDP growth (annual %),KH,Cambodia,East Asia & Pacific,Lower middle income,IDA,104.874,11.5556
817,2018,8.77622376224463,GDP growth (annual %),KH,Cambodia,East Asia & Pacific,Lower middle income,IDA,104.874,11.5556
818,2017,8.07503915535979,GDP growth (annual %),KH,Cambodia,East Asia & Pacific,Lower middle income,IDA,104.874,11.5556
819,2016,7.90550116130704,GDP growth (annual %),KH,Cambodia,East Asia & Pacific,Lower middle income,IDA,104.874,11.5556
820,2025,3.20000015616144,GDP growth (annual %),CM,Cameroon,Sub-Saharan Africa ,Lower middle income,Blend,11.5174,3.8721
821,2024,3.52472308052245,GDP growth (annual %),CM,Cameroon,Sub-Saharan Africa ,Lower middle income,Blend,11.5174,3.8721
822,2023,3.34756290750219,GDP growth (annual %),CM,Cameroon,Sub-Saharan Africa ,Lower middle income,Blend,11.5174,3.8721
823,2022,3.7367840056412,GDP growth (annual %),CM,Cameroon,Sub-Saharan Africa ,Lower middle income,Blend,11.5174,3.8721
824,2021,3.33885747179505,GDP growth (annual %),CM,Cameroon,Sub-Saharan Africa ,Lower middle income,Blend,11.5174,3.8721
825,2020,0.259932915907115,GDP growth (annual %),CM,Cameroon,Sub-Saharan Africa ,Lower middle income,Blend,11.5174,3.8721
826,2019,3.47505998194981,GDP growth (annual %),CM,Cameroon,Sub-Saharan Africa ,Lower middle income,Blend,11.5174,3.8721
827,2018,3.95551423892049,GDP growth (annual %),CM,Cameroon,Sub-Saharan Africa ,Lower middle income,Blend,11.5174,3.8721
828,2017,3.54117654926007,GDP growth (annual %),CM,Cameroon,Sub-Saharan Africa ,Lower middle income,Blend,11.5174,3.8721
829,2016,4.53579423678801,GDP growth (annual %),CM,Cameroon,Sub-Saharan Africa ,Lower middle income,Blend,11.5174,3.8721
830,2025,1.74268536175708,GDP growth (annual %),CA,Canada,North America,High income,Not classified,-75.6919,45.4215
831,2024,2.04626605401701,GDP growth (annual %),CA,Canada,North America,High income,Not classified,-75.6919,45.4215
832,2023,1.95308552199025,GDP growth (annual %),CA,Canada,North America,High income,Not classified,-75.6919,45.4215
833,2022,4.69541985045903,GDP growth (annual %),CA,Canada,North America,High income,Not classified,-75.6919,45.4215
834,2021,5.95052804984759,GDP growth (annual %),CA,Canada,North America,High income,Not classified,-75.6919,45.4215
835,2020,-5.03823342794087,GDP growth (annual %),CA,Canada,North America,High income,Not classified,-75.6919,45.4215
836,2019,1.90843193887251,GDP growth (annual %),CA,Canada,North America,High income,Not classified,-75.6919,45.4215
837,2018,2.74296341402246,GDP growth (annual %),CA,Canada,North America,High income,Not classified,-75.6919,45.4215
838,2017,3.03383491841392,GDP growth (annual %),CA,Canada,North America,High income,Not classified,-75.6919,45.4215
839,2016,1.03855091989323,GDP growth (annual %),CA,Canada,North America,High income,Not classified,-75.6919,45.4215
840,2025,,GDP growth (annual %),KY,Cayman Islands,Latin America & Caribbean ,High income,Not classified,-81.3857,19.3022
841,2024,3.75641197192778,GDP growth (annual %),KY,Cayman Islands,Latin America & Caribbean ,High income,Not classified,-81.3857,19.3022
842,2023,5.80436961198644,GDP growth (annual %),KY,Cayman Islands,Latin America & Caribbean ,High income,Not classified,-81.3857,19.3022
843,2022,5.66079366938135,GDP growth (annual %),KY,Cayman Islands,Latin America & Caribbean ,High income,Not classified,-81.3857,19.3022
844,2021,4.86941655353661,GDP growth (annual %),KY,Cayman Islands,Latin America & Caribbean ,High income,Not classified,-81.3857,19.3022
845,2020,-4.95480696516726,GDP growth (annual %),KY,Cayman Islands,Latin America & Caribbean ,High income,Not classified,-81.3857,19.3022
846,2019,3.91563534249416,GDP growth (annual %),KY,Cayman Islands,Latin America & Caribbean ,High income,Not classified,-81.3857,19.3022
847,2018,4.26726745249641,GDP growth (annual %),KY,Cayman Islands,Latin America & Caribbean ,High income,Not classified,-81.3857,19.3022
848,2017,3.18404592334522,GDP growth (annual %),KY,Cayman Islands,Latin America & Caribbean ,High income,Not classified,-81.3857,19.3022
849,2016,3.23997433895669,GDP growth (annual %),KY,Cayman Islands,Latin America & Caribbean ,High income,Not classified,-81.3857,19.3022
850,2025,4.49950000393781,GDP growth (annual %),CF,Central African Republic,Sub-Saharan Africa ,Low income,IDA,21.6407,5.63056
851,2024,1.49999999847535,GDP growth (annual %),CF,Central African Republic,Sub-Saharan Africa ,Low income,IDA,21.6407,5.63056
852,2023,0.69996840076054,GDP growth (annual %),CF,Central African Republic,Sub-Saharan Africa ,Low income,IDA,21.6407,5.63056
853,2022,0.453901876447787,GDP growth (annual %),CF,Central African Republic,Sub-Saharan Africa ,Low income,IDA,21.6407,5.63056
854,2021,0.982919996264229,GDP growth (annual %),CF,Central African Republic,Sub-Saharan Africa ,Low income,IDA,21.6407,5.63056
855,2020,0.899999996857062,GDP growth (annual %),CF,Central African Republic,Sub-Saharan Africa ,Low income,IDA,21.6407,5.63056
856,2019,3.09999999999999,GDP growth (annual %),CF,Central African Republic,Sub-Saharan Africa ,Low income,IDA,21.6407,5.63056
857,2018,3.78944359275462,GDP growth (annual %),CF,Central African Republic,Sub-Saharan Africa ,Low income,IDA,21.6407,5.63056
858,2017,4.52727821346231,GDP growth (annual %),CF,Central African Republic,Sub-Saharan Africa ,Low income,IDA,21.6407,5.63056
859,2016,4.75031684122342,GDP growth (annual %),CF,Central African Republic,Sub-Saharan Africa ,Low income,IDA,21.6407,5.63056
860,2025,5.58988021765651,GDP growth (annual %),TD,Chad,Sub-Saharan Africa ,Low income,IDA,15.0445,12.1048
861,2024,4.95210484607125,GDP growth (annual %),TD,Chad,Sub-Saharan Africa ,Low income,IDA,15.0445,12.1048
862,2023,3.99861309461539,GDP growth (annual %),TD,Chad,Sub-Saharan Africa ,Low income,IDA,15.0445,12.1048
863,2022,4.12969897668356,GDP growth (annual %),TD,Chad,Sub-Saharan Africa ,Low income,IDA,15.0445,12.1048
864,2021,0.293442648033434,GDP growth (annual %),TD,Chad,Sub-Saharan Africa ,Low income,IDA,15.0445,12.1048
865,2020,-0.393646582380399,GDP growth (annual %),TD,Chad,Sub-Saharan Africa ,Low income,IDA,15.0445,12.1048
866,2019,5.38282202874814,GDP growth (annual %),TD,Chad,Sub-Saharan Africa ,Low income,IDA,15.0445,12.1048
867,2018,5.74111580758154,GDP growth (annual %),TD,Chad,Sub-Saharan Africa ,Low income,IDA,15.0445,12.1048
868,2017,-1.61746922820204,GDP growth (annual %),TD,Chad,Sub-Saharan Africa ,Low income,IDA,15.0445,12.1048
869,2016,-4.12250332637034,GDP growth (annual %),TD,Chad,Sub-Saharan Africa ,Low income,IDA,15.0445,12.1048
870,2025,,GDP growth (annual %),JG,Channel Islands,Europe & Central Asia,High income,Not classified,,
871,2024,,GDP growth (annual %),JG,Channel Islands,Europe & Central Asia,High income,Not classified,,
872,2023,3.71500590367266,GDP growth (annual %),JG,Channel Islands,Europe & Central Asia,High income,Not classified,,
873,2022,5.34196140375869,GDP growth (annual %),JG,Channel Islands,Europe & Central Asia,High income,Not classified,,
874,2021,9.93680136985076,GDP growth (annual %),JG,Channel Islands,Europe & Central Asia,High income,Not classified,,
875,2020,-8.89677926591959,GDP growth (annual %),JG,Channel Islands,Europe & Central Asia,High income,Not classified,,
876,2019,1.57335596156342,GDP growth (annual %),JG,Channel Islands,Europe & Central Asia,High income,Not classified,,
877,2018,1.1222435658518,GDP growth (annual %),JG,Channel Islands,Europe & Central Asia,High income,Not classified,,
878,2017,1.80648131383585,GDP growth (annual %),JG,Channel Islands,Europe & Central Asia,High income,Not classified,,
879,2016,1.21302407657195,GDP growth (annual %),JG,Channel Islands,Europe & Central Asia,High income,Not classified,,
880,2025,2.45925474781374,GDP growth (annual %),CL,Chile,Latin America & Caribbean ,High income,IBRD,-70.6475,-33.475
881,2024,2.80512637106611,GDP growth (annual %),CL,Chile,Latin America & Caribbean ,High income,IBRD,-70.6475,-33.475
882,2023,0.677024831595858,GDP growth (annual %),CL,Chile,Latin America & Caribbean ,High income,IBRD,-70.6475,-33.475
883,2022,2.06391864254198,GDP growth (annual %),CL,Chile,Latin America & Caribbean ,High income,IBRD,-70.6475,-33.475
884,2021,11.3374032409913,GDP growth (annual %),CL,Chile,Latin America & Caribbean ,High income,IBRD,-70.6475,-33.475
885,2020,-6.1396969411886,GDP growth (annual %),CL,Chile,Latin America & Caribbean ,High income,IBRD,-70.6475,-33.475
886,2019,0.644223402631923,GDP growth (annual %),CL,Chile,Latin America & Caribbean ,High income,IBRD,-70.6475,-33.475
887,2018,3.99002947789977,GDP growth (annual %),CL,Chile,Latin America & Caribbean ,High income,IBRD,-70.6475,-33.475
888,2017,1.35769537343957,GDP growth (annual %),CL,Chile,Latin America & Caribbean ,High income,IBRD,-70.6475,-33.475
889,2016,1.753038749071,GDP growth (annual %),CL,Chile,Latin America & Caribbean ,High income,IBRD,-70.6475,-33.475
890,2025,4.95994886240992,GDP growth (annual %),CN,China,East Asia & Pacific,Upper middle income,IBRD,116.286,40.0495
891,2024,4.95830378788091,GDP growth (annual %),CN,China,East Asia & Pacific,Upper middle income,IBRD,116.286,40.0495
892,2023,5.41600334492955,GDP growth (annual %),CN,China,East Asia & Pacific,Upper middle income,IBRD,116.286,40.0495
893,2022,3.13385438394069,GDP growth (annual %),CN,China,East Asia & Pacific,Upper middle income,IBRD,116.286,40.0495
894,2021,8.57038414981781,GDP growth (annual %),CN,China,East Asia & Pacific,Upper middle income,IBRD,116.286,40.0495
895,2020,2.33950385203023,GDP growth (annual %),CN,China,East Asia & Pacific,Upper middle income,IBRD,116.286,40.0495
896,2019,6.06737806333672,GDP growth (annual %),CN,China,East Asia & Pacific,Upper middle income,IBRD,116.286,40.0495
897,2018,6.757806142324,GDP growth (annual %),CN,China,East Asia & Pacific,Upper middle income,IBRD,116.286,40.0495
898,2017,6.89123916636191,GDP growth (annual %),CN,China,East Asia & Pacific,Upper middle income,IBRD,116.286,40.0495
899,2016,6.7736886867727,GDP growth (annual %),CN,China,East Asia & Pacific,Upper middle income,IBRD,116.286,40.0495
900,2025,2.64201548985928,GDP growth (annual %),CO,Colombia,Latin America & Caribbean ,Upper middle income,IBRD,-74.082,4.60987
901,2024,1.49330728771066,GDP growth (annual %),CO,Colombia,Latin America & Caribbean ,Upper middle income,IBRD,-74.082,4.60987
902,2023,0.841819555752039,GDP growth (annual %),CO,Colombia,Latin America & Caribbean ,Upper middle income,IBRD,-74.082,4.60987
903,2022,7.32827729427979,GDP growth (annual %),CO,Colombia,Latin America & Caribbean ,Upper middle income,IBRD,-74.082,4.60987
904,2021,10.8011981904878,GDP growth (annual %),CO,Colombia,Latin America & Caribbean ,Upper middle income,IBRD,-74.082,4.60987
905,2020,-7.18591413760859,GDP growth (annual %),CO,Colombia,Latin America & Caribbean ,Upper middle income,IBRD,-74.082,4.60987
906,2019,3.18685539245533,GDP growth (annual %),CO,Colombia,Latin America & Caribbean ,Upper middle income,IBRD,-74.082,4.60987
907,2018,2.56432428277704,GDP growth (annual %),CO,Colombia,Latin America & Caribbean ,Upper middle income,IBRD,-74.082,4.60987
908,2017,1.35936086788746,GDP growth (annual %),CO,Colombia,Latin America & Caribbean ,Upper middle income,IBRD,-74.082,4.60987
909,2016,2.08738250162794,GDP growth (annual %),CO,Colombia,Latin America & Caribbean ,Upper middle income,IBRD,-74.082,4.60987
910,2025,3.7544428489181,GDP growth (annual %),KM,Comoros,Sub-Saharan Africa ,Lower middle income,IDA,43.2418,-11.6986
911,2024,3.30071498500033,GDP growth (annual %),KM,Comoros,Sub-Saharan Africa ,Lower middle income,IDA,43.2418,-11.6986
912,2023,3.1866131800554,GDP growth (annual %),KM,Comoros,Sub-Saharan Africa ,Lower middle income,IDA,43.2418,-11.6986
913,2022,2.45381174550259,GDP growth (annual %),KM,Comoros,Sub-Saharan Africa ,Lower middle income,IDA,43.2418,-11.6986
914,2021,2.04245238320844,GDP growth (annual %),KM,Comoros,Sub-Saharan Africa ,Lower middle income,IDA,43.2418,-11.6986
915,2020,-0.195556841918759,GDP growth (annual %),KM,Comoros,Sub-Saharan Africa ,Lower middle income,IDA,43.2418,-11.6986
916,2019,1.76078023564568,GDP growth (annual %),KM,Comoros,Sub-Saharan Africa ,Lower middle income,IDA,43.2418,-11.6986
917,2018,3.64245114733689,GDP growth (annual %),KM,Comoros,Sub-Saharan Africa ,Lower middle income,IDA,43.2418,-11.6986
918,2017,3.81576287489548,GDP growth (annual %),KM,Comoros,Sub-Saharan Africa ,Lower middle income,IDA,43.2418,-11.6986
919,2016,3.3204465548877,GDP growth (annual %),KM,Comoros,Sub-Saharan Africa ,Lower middle income,IDA,43.2418,-11.6986
920,2025,5.75924471639999,GDP growth (annual %),CD,"Congo, Dem. Rep.",Sub-Saharan Africa ,Low income,IDA,15.3222,-4.325
921,2024,6.1025294442863,GDP growth (annual %),CD,"Congo, Dem. Rep.",Sub-Saharan Africa ,Low income,IDA,15.3222,-4.325
922,2023,8.5334898318451,GDP growth (annual %),CD,"Congo, Dem. Rep.",Sub-Saharan Africa ,Low income,IDA,15.3222,-4.325
923,2022,9.31116944064918,GDP growth (annual %),CD,"Congo, Dem. Rep.",Sub-Saharan Africa ,Low income,IDA,15.3222,-4.325
924,2021,6.42961005647355,GDP growth (annual %),CD,"Congo, Dem. Rep.",Sub-Saharan Africa ,Low income,IDA,15.3222,-4.325
925,2020,0.775427992354622,GDP growth (annual %),CD,"Congo, Dem. Rep.",Sub-Saharan Africa ,Low income,IDA,15.3222,-4.325
926,2019,0.555384294580819,GDP growth (annual %),CD,"Congo, Dem. Rep.",Sub-Saharan Africa ,Low income,IDA,15.3222,-4.325
927,2018,6.07168870646615,GDP growth (annual %),CD,"Congo, Dem. Rep.",Sub-Saharan Africa ,Low income,IDA,15.3222,-4.325
928,2017,4.24121047272719,GDP growth (annual %),CD,"Congo, Dem. Rep.",Sub-Saharan Africa ,Low income,IDA,15.3222,-4.325
929,2016,0.393832798154563,GDP growth (annual %),CD,"Congo, Dem. Rep.",Sub-Saharan Africa ,Low income,IDA,15.3222,-4.325
930,2025,3.08292728120063,GDP growth (annual %),CG,"Congo, Rep.",Sub-Saharan Africa ,Lower middle income,Blend,15.2662,-4.2767
931,2024,2.09998918002519,GDP growth (annual %),CG,"Congo, Rep.",Sub-Saharan Africa ,Lower middle income,Blend,15.2662,-4.2767
932,2023,1.90686426346754,GDP growth (annual %),CG,"Congo, Rep.",Sub-Saharan Africa ,Lower middle income,Blend,15.2662,-4.2767
933,2022,1.47535613247133,GDP growth (annual %),CG,"Congo, Rep.",Sub-Saharan Africa ,Lower middle income,Blend,15.2662,-4.2767
934,2021,1.01507036990908,GDP growth (annual %),CG,"Congo, Rep.",Sub-Saharan Africa ,Lower middle income,Blend,15.2662,-4.2767
935,2020,-6.26777227963225,GDP growth (annual %),CG,"Congo, Rep.",Sub-Saharan Africa ,Lower middle income,Blend,15.2662,-4.2767
936,2019,1.12447391976529,GDP growth (annual %),CG,"Congo, Rep.",Sub-Saharan Africa ,Lower middle income,Blend,15.2662,-4.2767
937,2018,-2.30431780125842,GDP growth (annual %),CG,"Congo, Rep.",Sub-Saharan Africa ,Lower middle income,Blend,15.2662,-4.2767
938,2017,-5.59477371915547,GDP growth (annual %),CG,"Congo, Rep.",Sub-Saharan Africa ,Lower middle income,Blend,15.2662,-4.2767
939,2016,-8.68524343913786,GDP growth (annual %),CG,"Congo, Rep.",Sub-Saharan Africa ,Lower middle income,Blend,15.2662,-4.2767
940,2025,4.56033547844829,GDP growth (annual %),CR,Costa Rica,Latin America & Caribbean ,High income,IBRD,-84.0089,9.63701
941,2024,4.08292444182048,GDP growth (annual %),CR,Costa Rica,Latin America & Caribbean ,High income,IBRD,-84.0089,9.63701
942,2023,4.79187732359398,GDP growth (annual %),CR,Costa Rica,Latin America & Caribbean ,High income,IBRD,-84.0089,9.63701
943,2022,5.46119455235068,GDP growth (annual %),CR,Costa Rica,Latin America & Caribbean ,High income,IBRD,-84.0089,9.63701
944,2021,8.21817953969082,GDP growth (annual %),CR,Costa Rica,Latin America & Caribbean ,High income,IBRD,-84.0089,9.63701
945,2020,-4.14159340574358,GDP growth (annual %),CR,Costa Rica,Latin America & Caribbean ,High income,IBRD,-84.0089,9.63701
946,2019,2.70813912948329,GDP growth (annual %),CR,Costa Rica,Latin America & Caribbean ,High income,IBRD,-84.0089,9.63701
947,2018,2.85285959760458,GDP growth (annual %),CR,Costa Rica,Latin America & Caribbean ,High income,IBRD,-84.0089,9.63701
948,2017,4.15769914676933,GDP growth (annual %),CR,Costa Rica,Latin America & Caribbean ,High income,IBRD,-84.0089,9.63701
949,2016,4.20432320775184,GDP growth (annual %),CR,Costa Rica,Latin America & Caribbean ,High income,IBRD,-84.0089,9.63701
950,2025,6.4999999999999,GDP growth (annual %),CI,Cote d'Ivoire,Sub-Saharan Africa ,Lower middle income,Blend,-4.0305,5.332
951,2024,6.0195346193922,GDP growth (annual %),CI,Cote d'Ivoire,Sub-Saharan Africa ,Lower middle income,Blend,-4.0305,5.332
952,2023,6.60000045209176,GDP growth (annual %),CI,Cote d'Ivoire,Sub-Saharan Africa ,Lower middle income,Blend,-4.0305,5.332
953,2022,6.39988362730921,GDP growth (annual %),CI,Cote d'Ivoire,Sub-Saharan Africa ,Lower middle income,Blend,-4.0305,5.332
954,2021,7.06253713446816,GDP growth (annual %),CI,Cote d'Ivoire,Sub-Saharan Africa ,Lower middle income,Blend,-4.0305,5.332
955,2020,0.699728593494228,GDP growth (annual %),CI,Cote d'Ivoire,Sub-Saharan Africa ,Lower middle income,Blend,-4.0305,5.332
956,2019,6.72137167584978,GDP growth (annual %),CI,Cote d'Ivoire,Sub-Saharan Africa ,Lower middle income,Blend,-4.0305,5.332
957,2018,4.84314605889178,GDP growth (annual %),CI,Cote d'Ivoire,Sub-Saharan Africa ,Lower middle income,Blend,-4.0305,5.332
958,2017,7.41076242592504,GDP growth (annual %),CI,Cote d'Ivoire,Sub-Saharan Africa ,Lower middle income,Blend,-4.0305,5.332
959,2016,7.17275963956332,GDP growth (annual %),CI,Cote d'Ivoire,Sub-Saharan Africa ,Lower middle income,Blend,-4.0305,5.332
960,2025,3.40307537181749,GDP growth (annual %),HR,Croatia,Europe & Central Asia,High income,IBRD,15.9614,45.8069
961,2024,3.82578440126859,GDP growth (annual %),HR,Croatia,Europe & Central Asia,High income,IBRD,15.9614,45.8069
962,2023,3.76204092717136,GDP growth (annual %),HR,Croatia,Europe & Central Asia,High income,IBRD,15.9614,45.8069
963,2022,7.29479114889533,GDP growth (annual %),HR,Croatia,Europe & Central Asia,High income,IBRD,15.9614,45.8069
964,2021,12.6312741312741,GDP growth (annual %),HR,Croatia,Europe & Central Asia,High income,IBRD,15.9614,45.8069
965,2020,-8.31046995309319,GDP growth (annual %),HR,Croatia,Europe & Central Asia,High income,IBRD,15.9614,45.8069
966,2019,3.10247285336254,GDP growth (annual %),HR,Croatia,Europe & Central Asia,High income,IBRD,15.9614,45.8069
967,2018,2.91107146210912,GDP growth (annual %),HR,Croatia,Europe & Central Asia,High income,IBRD,15.9614,45.8069
968,2017,3.2840626939789,GDP growth (annual %),HR,Croatia,Europe & Central Asia,High income,IBRD,15.9614,45.8069
969,2016,3.46613146011039,GDP growth (annual %),HR,Croatia,Europe & Central Asia,High income,IBRD,15.9614,45.8069
970,2025,,GDP growth (annual %),CU,Cuba,Latin America & Caribbean ,Upper middle income,Not classified,-82.3667,23.1333
971,2024,-1.06173273220524,GDP growth (annual %),CU,Cuba,Latin America & Caribbean ,Upper middle income,Not classified,-82.3667,23.1333
972,2023,-1.92937123169681,GDP growth (annual %),CU,Cuba,Latin America & Caribbean ,Upper middle income,Not classified,-82.3667,23.1333
973,2022,1.77465227724316,GDP growth (annual %),CU,Cuba,Latin America & Caribbean ,Upper middle income,Not classified,-82.3667,23.1333
974,2021,1.25448735650322,GDP growth (annual %),CU,Cuba,Latin America & Caribbean ,Upper middle income,Not classified,-82.3667,23.1333
975,2020,-10.9494359030206,GDP growth (annual %),CU,Cuba,Latin America & Caribbean ,Upper middle income,Not classified,-82.3667,23.1333
976,2019,-0.163087223606624,GDP growth (annual %),CU,Cuba,Latin America & Caribbean ,Upper middle income,Not classified,-82.3667,23.1333
977,2018,2.24794852913217,GDP growth (annual %),CU,Cuba,Latin America & Caribbean ,Upper middle income,Not classified,-82.3667,23.1333
978,2017,1.80979178380274,GDP growth (annual %),CU,Cuba,Latin America & Caribbean ,Upper middle income,Not classified,-82.3667,23.1333
979,2016,0.512843095700745,GDP growth (annual %),CU,Cuba,Latin America & Caribbean ,Upper middle income,Not classified,-82.3667,23.1333
980,2025,,GDP growth (annual %),CW,Curacao,Latin America & Caribbean ,High income,Not classified,,
981,2024,5.02690015475606,GDP growth (annual %),CW,Curacao,Latin America & Caribbean ,High income,Not classified,,
982,2023,4.20199929761131,GDP growth (annual %),CW,Curacao,Latin America & Caribbean ,High income,Not classified,,
983,2022,6.90600055461097,GDP growth (annual %),CW,Curacao,Latin America & Caribbean ,High income,Not classified,,
984,2021,4.18371018614259,GDP growth (annual %),CW,Curacao,Latin America & Caribbean ,High income,Not classified,,
985,2020,-18.4384696124769,GDP growth (annual %),CW,Curacao,Latin America & Caribbean ,High income,Not classified,,
986,2019,-3.20613230348162,GDP growth (annual %),CW,Curacao,Latin America & Caribbean ,High income,Not classified,,
987,2018,-2.10411133101029,GDP growth (annual %),CW,Curacao,Latin America & Caribbean ,High income,Not classified,,
988,2017,-1.2762081008495,GDP growth (annual %),CW,Curacao,Latin America & Caribbean ,High income,Not classified,,
989,2016,-1.06770848655277,GDP growth (annual %),CW,Curacao,Latin America & Caribbean ,High income,Not classified,,
990,2025,3.77325347982725,GDP growth (annual %),CY,Cyprus,Europe & Central Asia,High income,Not classified,33.3736,35.1676
991,2024,3.94076934447787,GDP growth (annual %),CY,Cyprus,Europe & Central Asia,High income,Not classified,33.3736,35.1676
992,2023,3.62045368236082,GDP growth (annual %),CY,Cyprus,Europe & Central Asia,High income,Not classified,33.3736,35.1676
993,2022,8.73854684881674,GDP growth (annual %),CY,Cyprus,Europe & Central Asia,High income,Not classified,33.3736,35.1676
994,2021,11.3975590801512,GDP growth (annual %),CY,Cyprus,Europe & Central Asia,High income,Not classified,33.3736,35.1676
995,2020,-3.22063018637567,GDP growth (annual %),CY,Cyprus,Europe & Central Asia,High income,Not classified,33.3736,35.1676
996,2019,5.87559583386607,GDP growth (annual %),CY,Cyprus,Europe & Central Asia,High income,Not classified,33.3736,35.1676
997,2018,6.27166360056404,GDP growth (annual %),CY,Cyprus,Europe & Central Asia,High income,Not classified,33.3736,35.1676
998,2017,5.75083236554525,GDP growth (annual %),CY,Cyprus,Europe & Central Asia,High income,Not classified,33.3736,35.1676
999,2016,6.57359080924678,GDP growth (annual %),CY,Cyprus,Europe & Central Asia,High income,Not classified,33.3736,35.1676
1000,2025,2.58046673293437,GDP growth (annual %),CZ,Czechia,Europe & Central Asia,High income,Not classified,14.4205,50.0878
1001,2024,1.25131096245923,GDP growth (annual %),CZ,Czechia,Europe & Central Asia,High income,Not classified,14.4205,50.0878
1002,2023,0.0475803308973752,GDP growth (annual %),CZ,Czechia,Europe & Central Asia,High income,Not classified,14.4205,50.0878
1003,2022,2.8471706583814,GDP growth (annual %),CZ,Czechia,Europe & Central Asia,High income,Not classified,14.4205,50.0878
1004,2021,4.02901832055149,GDP growth (annual %),CZ,Czechia,Europe & Central Asia,High income,Not classified,14.4205,50.0878
1005,2020,-5.30487955463876,GDP growth (annual %),CZ,Czechia,Europe & Central Asia,High income,Not classified,14.4205,50.0878
1006,2019,3.56577658128261,GDP growth (annual %),CZ,Czechia,Europe & Central Asia,High income,Not classified,14.4205,50.0878
1007,2018,2.83030588267866,GDP growth (annual %),CZ,Czechia,Europe & Central Asia,High income,Not classified,14.4205,50.0878
1008,2017,5.17356529967881,GDP growth (annual %),CZ,Czechia,Europe & Central Asia,High income,Not classified,14.4205,50.0878
1009,2016,2.58087013921376,GDP growth (annual %),CZ,Czechia,Europe & Central Asia,High income,Not classified,14.4205,50.0878
1010,2025,2.92843280014236,GDP growth (annual %),DK,Denmark,Europe & Central Asia,High income,Not classified,12.5681,55.6763
1011,2024,3.47783593140312,GDP growth (annual %),DK,Denmark,Europe & Central Asia,High income,Not classified,12.5681,55.6763
1012,2023,0.604587766175584,GDP growth (annual %),DK,Denmark,Europe & Central Asia,High income,Not classified,12.5681,55.6763
1013,2022,0.443832614908331,GDP growth (annual %),DK,Denmark,Europe & Central Asia,High income,Not classified,12.5681,55.6763
1014,2021,6.50025445756295,GDP growth (annual %),DK,Denmark,Europe & Central Asia,High income,Not classified,12.5681,55.6763
1015,2020,-1.78010601831291,GDP growth (annual %),DK,Denmark,Europe & Central Asia,High income,Not classified,12.5681,55.6763
1016,2019,1.71140093932736,GDP growth (annual %),DK,Denmark,Europe & Central Asia,High income,Not classified,12.5681,55.6763
1017,2018,1.8600074900921,GDP growth (annual %),DK,Denmark,Europe & Central Asia,High income,Not classified,12.5681,55.6763
1018,2017,3.05647723922718,GDP growth (annual %),DK,Denmark,Europe & Central Asia,High income,Not classified,12.5681,55.6763
1019,2016,3.07304549209093,GDP growth (annual %),DK,Denmark,Europe & Central Asia,High income,Not classified,12.5681,55.6763
1020,2025,6.4954610524268,GDP growth (annual %),DJ,Djibouti,"Middle East, North Africa, Afghanistan & Pakistan",Lower middle income,IDA,43.1425,11.5806
1021,2024,6.98048467276334,GDP growth (annual %),DJ,Djibouti,"Middle East, North Africa, Afghanistan & Pakistan",Lower middle income,IDA,43.1425,11.5806
1022,2023,6.80733529403308,GDP growth (annual %),DJ,Djibouti,"Middle East, North Africa, Afghanistan & Pakistan",Lower middle income,IDA,43.1425,11.5806
1023,2022,5.16653702854374,GDP growth (annual %),DJ,Djibouti,"Middle East, North Africa, Afghanistan & Pakistan",Lower middle income,IDA,43.1425,11.5806
1024,2021,4.40715667561153,GDP growth (annual %),DJ,Djibouti,"Middle East, North Africa, Afghanistan & Pakistan",Lower middle income,IDA,43.1425,11.5806
1025,2020,1.2021151728969,GDP growth (annual %),DJ,Djibouti,"Middle East, North Africa, Afghanistan & Pakistan",Lower middle income,IDA,43.1425,11.5806
1026,2019,5.54508081154978,GDP growth (annual %),DJ,Djibouti,"Middle East, North Africa, Afghanistan & Pakistan",Lower middle income,IDA,43.1425,11.5806
1027,2018,4.77433934943193,GDP growth (annual %),DJ,Djibouti,"Middle East, North Africa, Afghanistan & Pakistan",Lower middle income,IDA,43.1425,11.5806
1028,2017,5.458091517212,GDP growth (annual %),DJ,Djibouti,"Middle East, North Africa, Afghanistan & Pakistan",Lower middle income,IDA,43.1425,11.5806
1029,2016,7.1234323372872,GDP growth (annual %),DJ,Djibouti,"Middle East, North Africa, Afghanistan & Pakistan",Lower middle income,IDA,43.1425,11.5806
1030,2025,3.05243763087539,GDP growth (annual %),DM,Dominica,Latin America & Caribbean ,Upper middle income,Blend,-61.39,15.2976
1031,2024,2.052738472526,GDP growth (annual %),DM,Dominica,Latin America & Caribbean ,Upper middle income,Blend,-61.39,15.2976
1032,2023,3.65221012208734,GDP growth (annual %),DM,Dominica,Latin America & Caribbean ,Upper middle income,Blend,-61.39,15.2976
1033,2022,10.3968076616121,GDP growth (annual %),DM,Dominica,Latin America & Caribbean ,Upper middle income,Blend,-61.39,15.2976
1034,2021,5.37983838954712,GDP growth (annual %),DM,Dominica,Latin America & Caribbean ,Upper middle income,Blend,-61.39,15.2976
1035,2020,-15.7064024545862,GDP growth (annual %),DM,Dominica,Latin America & Caribbean ,Upper middle income,Blend,-61.39,15.2976
1036,2019,3.94809757938053,GDP growth (annual %),DM,Dominica,Latin America & Caribbean ,Upper middle income,Blend,-61.39,15.2976
1037,2018,2.964010610466,GDP growth (annual %),DM,Dominica,Latin America & Caribbean ,Upper middle income,Blend,-61.39,15.2976
1038,2017,-7.5443637547282,GDP growth (annual %),DM,Dominica,Latin America & Caribbean ,Upper middle income,Blend,-61.39,15.2976
1039,2016,1.44724556489263,GDP growth (annual %),DM,Dominica,Latin America & Caribbean ,Upper middle income,Blend,-61.39,15.2976
1040,2025,2.11739113534632,GDP growth (annual %),DO,Dominican Republic,Latin America & Caribbean ,Upper middle income,IBRD,-69.8908,18.479
1041,2024,4.95352204492849,GDP growth (annual %),DO,Dominican Republic,Latin America & Caribbean ,Upper middle income,IBRD,-69.8908,18.479
1042,2023,2.19229848237939,GDP growth (annual %),DO,Dominican Republic,Latin America & Caribbean ,Upper middle income,IBRD,-69.8908,18.479
1043,2022,5.23795652902595,GDP growth (annual %),DO,Dominican Republic,Latin America & Caribbean ,Upper middle income,IBRD,-69.8908,18.479
1044,2021,14.0124289062207,GDP growth (annual %),DO,Dominican Republic,Latin America & Caribbean ,Upper middle income,IBRD,-69.8908,18.479
1045,2020,-7.92905234231061,GDP growth (annual %),DO,Dominican Republic,Latin America & Caribbean ,Upper middle income,IBRD,-69.8908,18.479
1046,2019,4.8940301149584,GDP growth (annual %),DO,Dominican Republic,Latin America & Caribbean ,Upper middle income,IBRD,-69.8908,18.479
1047,2018,7.09751640210159,GDP growth (annual %),DO,Dominican Republic,Latin America & Caribbean ,Upper middle income,IBRD,-69.8908,18.479
1048,2017,3.93386176401576,GDP growth (annual %),DO,Dominican Republic,Latin America & Caribbean ,Upper middle income,IBRD,-69.8908,18.479
1049,2016,6.71974078681295,GDP growth (annual %),DO,Dominican Republic,Latin America & Caribbean ,Upper middle income,IBRD,-69.8908,18.479
1050,2025,3.72594857272087,GDP growth (annual %),EC,Ecuador,Latin America & Caribbean ,Upper middle income,IBRD,-78.5243,-0.229498
1051,2024,-1.94409022506859,GDP growth (annual %),EC,Ecuador,Latin America & Caribbean ,Upper middle income,IBRD,-78.5243,-0.229498
1052,2023,1.8328406107788,GDP growth (annual %),EC,Ecuador,Latin America & Caribbean ,Upper middle income,IBRD,-78.5243,-0.229498
1053,2022,5.86842354862311,GDP growth (annual %),EC,Ecuador,Latin America & Caribbean ,Upper middle income,IBRD,-78.5243,-0.229498
1054,2021,9.42189269033631,GDP growth (annual %),EC,Ecuador,Latin America & Caribbean ,Upper middle income,IBRD,-78.5243,-0.229498
1055,2020,-9.24509619165865,GDP growth (annual %),EC,Ecuador,Latin America & Caribbean ,Upper middle income,IBRD,-78.5243,-0.229498
1056,2019,0.1654044646003,GDP growth (annual %),EC,Ecuador,Latin America & Caribbean ,Upper middle income,IBRD,-78.5243,-0.229498
1057,2018,1.04429460679607,GDP growth (annual %),EC,Ecuador,Latin America & Caribbean ,Upper middle income,IBRD,-78.5243,-0.229498
1058,2017,5.97039880954841,GDP growth (annual %),EC,Ecuador,Latin America & Caribbean ,Upper middle income,IBRD,-78.5243,-0.229498
1059,2016,-0.687954245877947,GDP growth (annual %),EC,Ecuador,Latin America & Caribbean ,Upper middle income,IBRD,-78.5243,-0.229498
1060,2025,4.39201068570188,GDP growth (annual %),EG,"Egypt, Arab Rep.","Middle East, North Africa, Afghanistan & Pakistan",Lower middle income,IBRD,31.2461,30.0982
1061,2024,2.3991692678251,GDP growth (annual %),EG,"Egypt, Arab Rep.","Middle East, North Africa, Afghanistan & Pakistan",Lower middle income,IBRD,31.2461,30.0982
1062,2023,3.76028052279247,GDP growth (annual %),EG,"Egypt, Arab Rep.","Middle East, North Africa, Afghanistan & Pakistan",Lower middle income,IBRD,31.2461,30.0982
1063,2022,6.58784560870467,GDP growth (annual %),EG,"Egypt, Arab Rep.","Middle East, North Africa, Afghanistan & Pakistan",Lower middle income,IBRD,31.2461,30.0982
1064,2021,3.29064601193245,GDP growth (annual %),EG,"Egypt, Arab Rep.","Middle East, North Africa, Afghanistan & Pakistan",Lower middle income,IBRD,31.2461,30.0982
1065,2020,3.55016483883115,GDP growth (annual %),EG,"Egypt, Arab Rep.","Middle East, North Africa, Afghanistan & Pakistan",Lower middle income,IBRD,31.2461,30.0982
1066,2019,5.55209307084222,GDP growth (annual %),EG,"Egypt, Arab Rep.","Middle East, North Africa, Afghanistan & Pakistan",Lower middle income,IBRD,31.2461,30.0982
1067,2018,5.33110861887155,GDP growth (annual %),EG,"Egypt, Arab Rep.","Middle East, North Africa, Afghanistan & Pakistan",Lower middle income,IBRD,31.2461,30.0982
1068,2017,4.18122099961562,GDP growth (annual %),EG,"Egypt, Arab Rep.","Middle East, North Africa, Afghanistan & Pakistan",Lower middle income,IBRD,31.2461,30.0982
1069,2016,4.34664345601914,GDP growth (annual %),EG,"Egypt, Arab Rep.","Middle East, North Africa, Afghanistan & Pakistan",Lower middle income,IBRD,31.2461,30.0982
1070,2025,3.90594189242583,GDP growth (annual %),SV,El Salvador,Latin America & Caribbean ,Upper middle income,IBRD,-89.2073,13.7034
1071,2024,2.5904637107794,GDP growth (annual %),SV,El Salvador,Latin America & Caribbean ,Upper middle income,IBRD,-89.2073,13.7034
1072,2023,3.35508721646165,GDP growth (annual %),SV,El Salvador,Latin America & Caribbean ,Upper middle income,IBRD,-89.2073,13.7034
1073,2022,2.9546041089332,GDP growth (annual %),SV,El Salvador,Latin America & Caribbean ,Upper middle income,IBRD,-89.2073,13.7034
1074,2021,11.9047617015957,GDP growth (annual %),SV,El Salvador,Latin America & Caribbean ,Upper middle income,IBRD,-89.2073,13.7034
1075,2020,-7.893101359867,GDP growth (annual %),SV,El Salvador,Latin America & Caribbean ,Upper middle income,IBRD,-89.2073,13.7034
1076,2019,2.43747159065784,GDP growth (annual %),SV,El Salvador,Latin America & Caribbean ,Upper middle income,IBRD,-89.2073,13.7034
1077,2018,2.4124442237792,GDP growth (annual %),SV,El Salvador,Latin America & Caribbean ,Upper middle income,IBRD,-89.2073,13.7034
1078,2017,2.24761908134138,GDP growth (annual %),SV,El Salvador,Latin America & Caribbean ,Upper middle income,IBRD,-89.2073,13.7034
1079,2016,2.53906241135864,GDP growth (annual %),SV,El Salvador,Latin America & Caribbean ,Upper middle income,IBRD,-89.2073,13.7034
1080,2025,-5.84678505700693,GDP growth (annual %),GQ,Equatorial Guinea,Sub-Saharan Africa ,Upper middle income,IBRD,8.7741,3.7523
1081,2024,0.39622552095193,GDP growth (annual %),GQ,Equatorial Guinea,Sub-Saharan Africa ,Upper middle income,IBRD,8.7741,3.7523
1082,2023,-7.4250553172124,GDP growth (annual %),GQ,Equatorial Guinea,Sub-Saharan Africa ,Upper middle income,IBRD,8.7741,3.7523
1083,2022,3.22350831658598,GDP growth (annual %),GQ,Equatorial Guinea,Sub-Saharan Africa ,Upper middle income,IBRD,8.7741,3.7523
1084,2021,0.860269956382069,GDP growth (annual %),GQ,Equatorial Guinea,Sub-Saharan Africa ,Upper middle income,IBRD,8.7741,3.7523
1085,2020,-4.79108083383294,GDP growth (annual %),GQ,Equatorial Guinea,Sub-Saharan Africa ,Upper middle income,IBRD,8.7741,3.7523
1086,2019,-5.48182537893445,GDP growth (annual %),GQ,Equatorial Guinea,Sub-Saharan Africa ,Upper middle income,IBRD,8.7741,3.7523
1087,2018,-6.23654406734575,GDP growth (annual %),GQ,Equatorial Guinea,Sub-Saharan Africa ,Upper middle income,IBRD,8.7741,3.7523
1088,2017,-5.66750850486686,GDP growth (annual %),GQ,Equatorial Guinea,Sub-Saharan Africa ,Upper middle income,IBRD,8.7741,3.7523
1089,2016,-8.81641723219757,GDP growth (annual %),GQ,Equatorial Guinea,Sub-Saharan Africa ,Upper middle income,IBRD,8.7741,3.7523
1090,2025,,GDP growth (annual %),ER,Eritrea,Sub-Saharan Africa ,Low income,IDA,38.9183,15.3315
1091,2024,,GDP growth (annual %),ER,Eritrea,Sub-Saharan Africa ,Low income,IDA,38.9183,15.3315
1092,2023,,GDP growth (annual %),ER,Eritrea,Sub-Saharan Africa ,Low income,IDA,38.9183,15.3315
1093,2022,,GDP growth (annual %),ER,Eritrea,Sub-Saharan Africa ,Low income,IDA,38.9183,15.3315
1094,2021,,GDP growth (annual %),ER,Eritrea,Sub-Saharan Africa ,Low income,IDA,38.9183,15.3315
1095,2020,,GDP growth (annual %),ER,Eritrea,Sub-Saharan Africa ,Low income,IDA,38.9183,15.3315
1096,2019,,GDP growth (annual %),ER,Eritrea,Sub-Saharan Africa ,Low income,IDA,38.9183,15.3315
1097,2018,,GDP growth (annual %),ER,Eritrea,Sub-Saharan Africa ,Low income,IDA,38.9183,15.3315
1098,2017,,GDP growth (annual %),ER,Eritrea,Sub-Saharan Africa ,Low income,IDA,38.9183,15.3315
1099,2016,,GDP growth (annual %),ER,Eritrea,Sub-Saharan Africa ,Low income,IDA,38.9183,15.3315
1100,2025,0.584308464789387,GDP growth (annual %),EE,Estonia,Europe & Central Asia,High income,Not classified,24.7586,59.4392
1101,2024,-0.0900428648493801,GDP growth (annual %),EE,Estonia,Europe & Central Asia,High income,Not classified,24.7586,59.4392
1102,2023,-2.74421914571231,GDP growth (annual %),EE,Estonia,Europe & Central Asia,High income,Not classified,24.7586,59.4392
1103,2022,-1.22616966587796,GDP growth (annual %),EE,Estonia,Europe & Central Asia,High income,Not classified,24.7586,59.4392
1104,2021,8.25488044580031,GDP growth (annual %),EE,Estonia,Europe & Central Asia,High income,Not classified,24.7586,59.4392
1105,2020,-2.88380751483778,GDP growth (annual %),EE,Estonia,Europe & Central Asia,High income,Not classified,24.7586,59.4392
1106,2019,3.72664943466884,GDP growth (annual %),EE,Estonia,Europe & Central Asia,High income,Not classified,24.7586,59.4392
1107,2018,3.69969756161726,GDP growth (annual %),EE,Estonia,Europe & Central Asia,High income,Not classified,24.7586,59.4392
1108,2017,5.63467248963991,GDP growth (annual %),EE,Estonia,Europe & Central Asia,High income,Not classified,24.7586,59.4392
1109,2016,3.09301920751959,GDP growth (annual %),EE,Estonia,Europe & Central Asia,High income,Not classified,24.7586,59.4392
1110,2025,4.1939175580556,GDP growth (annual %),SZ,Eswatini,Sub-Saharan Africa ,Lower middle income,Blend,31.4659,-26.5225
1111,2024,3.03162462475916,GDP growth (annual %),SZ,Eswatini,Sub-Saharan Africa ,Lower middle income,Blend,31.4659,-26.5225
1112,2023,3.53257662836211,GDP growth (annual %),SZ,Eswatini,Sub-Saharan Africa ,Lower middle income,Blend,31.4659,-26.5225
1113,2022,0.386070835562705,GDP growth (annual %),SZ,Eswatini,Sub-Saharan Africa ,Lower middle income,Blend,31.4659,-26.5225
1114,2021,4.23621913615419,GDP growth (annual %),SZ,Eswatini,Sub-Saharan Africa ,Lower middle income,Blend,31.4659,-26.5225
1115,2020,-2.95183453409287,GDP growth (annual %),SZ,Eswatini,Sub-Saharan Africa ,Lower middle income,Blend,31.4659,-26.5225
1116,2019,6.43186888691574,GDP growth (annual %),SZ,Eswatini,Sub-Saharan Africa ,Lower middle income,Blend,31.4659,-26.5225
1117,2018,0.0653956557843571,GDP growth (annual %),SZ,Eswatini,Sub-Saharan Africa ,Lower middle income,Blend,31.4659,-26.5225
1118,2017,3.52095345987983,GDP growth (annual %),SZ,Eswatini,Sub-Saharan Africa ,Lower middle income,Blend,31.4659,-26.5225
1119,2016,2.94916821059911,GDP growth (annual %),SZ,Eswatini,Sub-Saharan Africa ,Lower middle income,Blend,31.4659,-26.5225
1120,2025,9.7715182202934,GDP growth (annual %),ET,Ethiopia,Sub-Saharan Africa ,Low income,IDA,38.7468,9.02274
1121,2024,7.61277447616879,GDP growth (annual %),ET,Ethiopia,Sub-Saharan Africa ,Low income,IDA,38.7468,9.02274
1122,2023,6.59424599054353,GDP growth (annual %),ET,Ethiopia,Sub-Saharan Africa ,Low income,IDA,38.7468,9.02274
1123,2022,5.32175988485454,GDP growth (annual %),ET,Ethiopia,Sub-Saharan Africa ,Low income,IDA,38.7468,9.02274
1124,2021,5.64153069324176,GDP growth (annual %),ET,Ethiopia,Sub-Saharan Africa ,Low income,IDA,38.7468,9.02274
1125,2020,6.05953089248577,GDP growth (annual %),ET,Ethiopia,Sub-Saharan Africa ,Low income,IDA,38.7468,9.02274
1126,2019,8.36408573111346,GDP growth (annual %),ET,Ethiopia,Sub-Saharan Africa ,Low income,IDA,38.7468,9.02274
1127,2018,6.81614778557282,GDP growth (annual %),ET,Ethiopia,Sub-Saharan Africa ,Low income,IDA,38.7468,9.02274
1128,2017,9.56418965754014,GDP growth (annual %),ET,Ethiopia,Sub-Saharan Africa ,Low income,IDA,38.7468,9.02274
1129,2016,9.43348265981905,GDP growth (annual %),ET,Ethiopia,Sub-Saharan Africa ,Low income,IDA,38.7468,9.02274
1130,2025,,GDP growth (annual %),FO,Faroe Islands,Europe & Central Asia,High income,Not classified,-6.91181,61.8926
1131,2024,0.843716851362103,GDP growth (annual %),FO,Faroe Islands,Europe & Central Asia,High income,Not classified,-6.91181,61.8926
1132,2023,3.15873872329266,GDP growth (annual %),FO,Faroe Islands,Europe & Central Asia,High income,Not classified,-6.91181,61.8926
1133,2022,3.86099981669155,GDP growth (annual %),FO,Faroe Islands,Europe & Central Asia,High income,Not classified,-6.91181,61.8926
1134,2021,5.06636291600633,GDP growth (annual %),FO,Faroe Islands,Europe & Central Asia,High income,Not classified,-6.91181,61.8926
1135,2020,-1.63732118017028,GDP growth (annual %),FO,Faroe Islands,Europe & Central Asia,High income,Not classified,-6.91181,61.8926
1136,2019,4.53851028676189,GDP growth (annual %),FO,Faroe Islands,Europe & Central Asia,High income,Not classified,-6.91181,61.8926
1137,2018,2.76370952267429,GDP growth (annual %),FO,Faroe Islands,Europe & Central Asia,High income,Not classified,-6.91181,61.8926
1138,2017,3.51201367488443,GDP growth (annual %),FO,Faroe Islands,Europe & Central Asia,High income,Not classified,-6.91181,61.8926
1139,2016,1.38644795938293,GDP growth (annual %),FO,Faroe Islands,Europe & Central Asia,High income,Not classified,-6.91181,61.8926
1140,2025,3.19546862124029,GDP growth (annual %),FJ,Fiji,East Asia & Pacific,Upper middle income,Blend,178.399,-18.1149
1141,2024,3.53085896076352,GDP growth (annual %),FJ,Fiji,East Asia & Pacific,Upper middle income,Blend,178.399,-18.1149
1142,2023,9.44245856738313,GDP growth (annual %),FJ,Fiji,East Asia & Pacific,Upper middle income,Blend,178.399,-18.1149
1143,2022,17.7451269773594,GDP growth (annual %),FJ,Fiji,East Asia & Pacific,Upper middle income,Blend,178.399,-18.1149
1144,2021,-4.3459619989752,GDP growth (annual %),FJ,Fiji,East Asia & Pacific,Upper middle income,Blend,178.399,-18.1149
1145,2020,-17.1835352599354,GDP growth (annual %),FJ,Fiji,East Asia & Pacific,Upper middle income,Blend,178.399,-18.1149
1146,2019,-0.581946590349759,GDP growth (annual %),FJ,Fiji,East Asia & Pacific,Upper middle income,Blend,178.399,-18.1149
1147,2018,3.812350939512,GDP growth (annual %),FJ,Fiji,East Asia & Pacific,Upper middle income,Blend,178.399,-18.1149
1148,2017,5.35336434979577,GDP growth (annual %),FJ,Fiji,East Asia & Pacific,Upper middle income,Blend,178.399,-18.1149
1149,2016,2.44565202449249,GDP growth (annual %),FJ,Fiji,East Asia & Pacific,Upper middle income,Blend,178.399,-18.1149
1150,2025,0.173444509584499,GDP growth (annual %),FI,Finland,Europe & Central Asia,High income,Not classified,24.9525,60.1608
1151,2024,0.374566568538427,GDP growth (annual %),FI,Finland,Europe & Central Asia,High income,Not classified,24.9525,60.1608
1152,2023,-1.28973484453397,GDP growth (annual %),FI,Finland,Europe & Central Asia,High income,Not classified,24.9525,60.1608
1153,2022,0.763041912763526,GDP growth (annual %),FI,Finland,Europe & Central Asia,High income,Not classified,24.9525,60.1608
1154,2021,2.67634641498897,GDP growth (annual %),FI,Finland,Europe & Central Asia,High income,Not classified,24.9525,60.1608
1155,2020,-2.49103605535707,GDP growth (annual %),FI,Finland,Europe & Central Asia,High income,Not classified,24.9525,60.1608
1156,2019,1.34973845741737,GDP growth (annual %),FI,Finland,Europe & Central Asia,High income,Not classified,24.9525,60.1608
1157,2018,1.19297759742292,GDP growth (annual %),FI,Finland,Europe & Central Asia,High income,Not classified,24.9525,60.1608
1158,2017,3.30337003591039,GDP growth (annual %),FI,Finland,Europe & Central Asia,High income,Not classified,24.9525,60.1608
1159,2016,2.57193414898754,GDP growth (annual %),FI,Finland,Europe & Central Asia,High income,Not classified,24.9525,60.1608
1160,2025,0.840949955479587,GDP growth (annual %),FR,France,Europe & Central Asia,High income,Not classified,2.35097,48.8566
1161,2024,1.19046798275883,GDP growth (annual %),FR,France,Europe & Central Asia,High income,Not classified,2.35097,48.8566
1162,2023,1.43921494437743,GDP growth (annual %),FR,France,Europe & Central Asia,High income,Not classified,2.35097,48.8566
1163,2022,2.71676264185913,GDP growth (annual %),FR,France,Europe & Central Asia,High income,Not classified,2.35097,48.8566
1164,2021,6.88233783360239,GDP growth (annual %),FR,France,Europe & Central Asia,High income,Not classified,2.35097,48.8566
1165,2020,-7.44064589948231,GDP growth (annual %),FR,France,Europe & Central Asia,High income,Not classified,2.35097,48.8566
1166,2019,2.02744646419237,GDP growth (annual %),FR,France,Europe & Central Asia,High income,Not classified,2.35097,48.8566
1167,2018,1.64590872395887,GDP growth (annual %),FR,France,Europe & Central Asia,High income,Not classified,2.35097,48.8566
1168,2017,2.08361485997399,GDP growth (annual %),FR,France,Europe & Central Asia,High income,Not classified,2.35097,48.8566
1169,2016,0.860031075424033,GDP growth (annual %),FR,France,Europe & Central Asia,High income,Not classified,2.35097,48.8566
1170,2025,,GDP growth (annual %),PF,French Polynesia,East Asia & Pacific,High income,Not classified,-149.57,-17.535
1171,2024,1.12638897730247,GDP growth (annual %),PF,French Polynesia,East Asia & Pacific,High income,Not classified,-149.57,-17.535
1172,2023,2.77284077155413,GDP growth (annual %),PF,French Polynesia,East Asia & Pacific,High income,Not classified,-149.57,-17.535
1173,2022,2.9373470716322,GDP growth (annual %),PF,French Polynesia,East Asia & Pacific,High income,Not classified,-149.57,-17.535
1174,2021,3.36590242421546,GDP growth (annual %),PF,French Polynesia,East Asia & Pacific,High income,Not classified,-149.57,-17.535
1175,2020,-10.5738138632489,GDP growth (annual %),PF,French Polynesia,East Asia & Pacific,High income,Not classified,-149.57,-17.535
1176,2019,2.68946658143334,GDP growth (annual %),PF,French Polynesia,East Asia & Pacific,High income,Not classified,-149.57,-17.535
1177,2018,1.80687498305207,GDP growth (annual %),PF,French Polynesia,East Asia & Pacific,High income,Not classified,-149.57,-17.535
1178,2017,4.29263363103487,GDP growth (annual %),PF,French Polynesia,East Asia & Pacific,High income,Not classified,-149.57,-17.535
1179,2016,2.30219823670438,GDP growth (annual %),PF,French Polynesia,East Asia & Pacific,High income,Not classified,-149.57,-17.535
1180,2025,2.47287961498321,GDP growth (annual %),GA,Gabon,Sub-Saharan Africa ,Upper middle income,IBRD,9.45162,0.38832
1181,2024,3.39403899521831,GDP growth (annual %),GA,Gabon,Sub-Saharan Africa ,Upper middle income,IBRD,9.45162,0.38832
1182,2023,2.43893665041031,GDP growth (annual %),GA,Gabon,Sub-Saharan Africa ,Upper middle income,IBRD,9.45162,0.38832
1183,2022,3.03761449525692,GDP growth (annual %),GA,Gabon,Sub-Saharan Africa ,Upper middle income,IBRD,9.45162,0.38832
1184,2021,1.46795731508091,GDP growth (annual %),GA,Gabon,Sub-Saharan Africa ,Upper middle income,IBRD,9.45162,0.38832
1185,2020,-1.8377610635094,GDP growth (annual %),GA,Gabon,Sub-Saharan Africa ,Upper middle income,IBRD,9.45162,0.38832
1186,2019,3.92080879452831,GDP growth (annual %),GA,Gabon,Sub-Saharan Africa ,Upper middle income,IBRD,9.45162,0.38832
1187,2018,0.83791658082157,GDP growth (annual %),GA,Gabon,Sub-Saharan Africa ,Upper middle income,IBRD,9.45162,0.38832
1188,2017,0.472642030911146,GDP growth (annual %),GA,Gabon,Sub-Saharan Africa ,Upper middle income,IBRD,9.45162,0.38832
1189,2016,2.09144220829562,GDP growth (annual %),GA,Gabon,Sub-Saharan Africa ,Upper middle income,IBRD,9.45162,0.38832
1190,2025,5.89309208233146,GDP growth (annual %),GM,"Gambia, The",Sub-Saharan Africa ,Low income,IDA,-16.5885,13.4495
1191,2024,5.55126065805138,GDP growth (annual %),GM,"Gambia, The",Sub-Saharan Africa ,Low income,IDA,-16.5885,13.4495
1192,2023,5.91679576551141,GDP growth (annual %),GM,"Gambia, The",Sub-Saharan Africa ,Low income,IDA,-16.5885,13.4495
1193,2022,5.49299823010114,GDP growth (annual %),GM,"Gambia, The",Sub-Saharan Africa ,Low income,IDA,-16.5885,13.4495
1194,2021,5.25596878816744,GDP growth (annual %),GM,"Gambia, The",Sub-Saharan Africa ,Low income,IDA,-16.5885,13.4495
1195,2020,0.591487287873974,GDP growth (annual %),GM,"Gambia, The",Sub-Saharan Africa ,Low income,IDA,-16.5885,13.4495
1196,2019,6.22205315994859,GDP growth (annual %),GM,"Gambia, The",Sub-Saharan Africa ,Low income,IDA,-16.5885,13.4495
1197,2018,7.23489033258579,GDP growth (annual %),GM,"Gambia, The",Sub-Saharan Africa ,Low income,IDA,-16.5885,13.4495
1198,2017,4.8226112492757,GDP growth (annual %),GM,"Gambia, The",Sub-Saharan Africa ,Low income,IDA,-16.5885,13.4495
1199,2016,1.94335965478776,GDP growth (annual %),GM,"Gambia, The",Sub-Saharan Africa ,Low income,IDA,-16.5885,13.4495
1200,2025,7.46161504152039,GDP growth (annual %),GE,Georgia,Europe & Central Asia,Upper middle income,IBRD,44.793,41.71
1201,2024,9.67979379712661,GDP growth (annual %),GE,Georgia,Europe & Central Asia,Upper middle income,IBRD,44.793,41.71
1202,2023,7.83220126555726,GDP growth (annual %),GE,Georgia,Europe & Central Asia,Upper middle income,IBRD,44.793,41.71
1203,2022,10.9585321385624,GDP growth (annual %),GE,Georgia,Europe & Central Asia,Upper middle income,IBRD,44.793,41.71
1204,2021,10.6442336580969,GDP growth (annual %),GE,Georgia,Europe & Central Asia,Upper middle income,IBRD,44.793,41.71
1205,2020,-6.2904717853839,GDP growth (annual %),GE,Georgia,Europe & Central Asia,Upper middle income,IBRD,44.793,41.71
1206,2019,5.38071926589951,GDP growth (annual %),GE,Georgia,Europe & Central Asia,Upper middle income,IBRD,44.793,41.71
1207,2018,6.062036412677,GDP growth (annual %),GE,Georgia,Europe & Central Asia,Upper middle income,IBRD,44.793,41.71
1208,2017,5.15990261658827,GDP growth (annual %),GE,Georgia,Europe & Central Asia,Upper middle income,IBRD,44.793,41.71
1209,2016,3.45021517996871,GDP growth (annual %),GE,Georgia,Europe & Central Asia,Upper middle income,IBRD,44.793,41.71
1210,2025,0.239578342117881,GDP growth (annual %),DE,Germany,Europe & Central Asia,High income,Not classified,13.4115,52.5235
1211,2024,-0.495851897260366,GDP growth (annual %),DE,Germany,Europe & Central Asia,High income,Not classified,13.4115,52.5235
1212,2023,-0.869647578573321,GDP growth (annual %),DE,Germany,Europe & Central Asia,High income,Not classified,13.4115,52.5235
1213,2022,1.8092581243061,GDP growth (annual %),DE,Germany,Europe & Central Asia,High income,Not classified,13.4115,52.5235
1214,2021,3.90999994204108,GDP growth (annual %),DE,Germany,Europe & Central Asia,High income,Not classified,13.4115,52.5235
1215,2020,-4.13191443239947,GDP growth (annual %),DE,Germany,Europe & Central Asia,High income,Not classified,13.4115,52.5235
1216,2019,0.977734697038784,GDP growth (annual %),DE,Germany,Europe & Central Asia,High income,Not classified,13.4115,52.5235
1217,2018,1.13569604599849,GDP growth (annual %),DE,Germany,Europe & Central Asia,High income,Not classified,13.4115,52.5235
1218,2017,2.797906720551,GDP growth (annual %),DE,Germany,Europe & Central Asia,High income,Not classified,13.4115,52.5235
1219,2016,2.22222216259371,GDP growth (annual %),DE,Germany,Europe & Central Asia,High income,Not classified,13.4115,52.5235
1220,2025,5.95441714756899,GDP growth (annual %),GH,Ghana,Sub-Saharan Africa ,Lower middle income,IDA,-0.20795,5.57045
1221,2024,5.84746854280382,GDP growth (annual %),GH,Ghana,Sub-Saharan Africa ,Lower middle income,IDA,-0.20795,5.57045
1222,2023,3.14009100080186,GDP growth (annual %),GH,Ghana,Sub-Saharan Africa ,Lower middle income,IDA,-0.20795,5.57045
1223,2022,3.80484978178042,GDP growth (annual %),GH,Ghana,Sub-Saharan Africa ,Lower middle income,IDA,-0.20795,5.57045
1224,2021,5.07646643533542,GDP growth (annual %),GH,Ghana,Sub-Saharan Africa ,Lower middle income,IDA,-0.20795,5.57045
1225,2020,0.513941670628171,GDP growth (annual %),GH,Ghana,Sub-Saharan Africa ,Lower middle income,IDA,-0.20795,5.57045
1226,2019,6.5077747939152,GDP growth (annual %),GH,Ghana,Sub-Saharan Africa ,Lower middle income,IDA,-0.20795,5.57045
1227,2018,6.20007768127284,GDP growth (annual %),GH,Ghana,Sub-Saharan Africa ,Lower middle income,IDA,-0.20795,5.57045
1228,2017,8.12889488100956,GDP growth (annual %),GH,Ghana,Sub-Saharan Africa ,Lower middle income,IDA,-0.20795,5.57045
1229,2016,3.37346574966936,GDP growth (annual %),GH,Ghana,Sub-Saharan Africa ,Lower middle income,IDA,-0.20795,5.57045
1230,2025,,GDP growth (annual %),GI,Gibraltar,Europe & Central Asia,High income,Not classified,,
1231,2024,,GDP growth (annual %),GI,Gibraltar,Europe & Central Asia,High income,Not classified,,
1232,2023,,GDP growth (annual %),GI,Gibraltar,Europe & Central Asia,High income,Not classified,,
1233,2022,,GDP growth (annual %),GI,Gibraltar,Europe & Central Asia,High income,Not classified,,
1234,2021,,GDP growth (annual %),GI,Gibraltar,Europe & Central Asia,High income,Not classified,,
1235,2020,,GDP growth (annual %),GI,Gibraltar,Europe & Central Asia,High income,Not classified,,
1236,2019,,GDP growth (annual %),GI,Gibraltar,Europe & Central Asia,High income,Not classified,,
1237,2018,,GDP growth (annual %),GI,Gibraltar,Europe & Central Asia,High income,Not classified,,
1238,2017,,GDP growth (annual %),GI,Gibraltar,Europe & Central Asia,High income,Not classified,,
1239,2016,,GDP growth (annual %),GI,Gibraltar,Europe & Central Asia,High income,Not classified,,
1240,2025,2.07306882481713,GDP growth (annual %),GR,Greece,Europe & Central Asia,High income,Not classified,23.7166,37.9792
1241,2024,2.0865743380603,GDP growth (annual %),GR,Greece,Europe & Central Asia,High income,Not classified,23.7166,37.9792
1242,2023,2.13591131996631,GDP growth (annual %),GR,Greece,Europe & Central Asia,High income,Not classified,23.7166,37.9792
1243,2022,5.52198580589408,GDP growth (annual %),GR,Greece,Europe & Central Asia,High income,Not classified,23.7166,37.9792
1244,2021,8.65449786002131,GDP growth (annual %),GR,Greece,Europe & Central Asia,High income,Not classified,23.7166,37.9792
1245,2020,-9.19623149726978,GDP growth (annual %),GR,Greece,Europe & Central Asia,High income,Not classified,23.7166,37.9792
1246,2019,2.27718065334808,GDP growth (annual %),GR,Greece,Europe & Central Asia,High income,Not classified,23.7166,37.9792
1247,2018,2.06467207892409,GDP growth (annual %),GR,Greece,Europe & Central Asia,High income,Not classified,23.7166,37.9792
1248,2017,1.47312472702352,GDP growth (annual %),GR,Greece,Europe & Central Asia,High income,Not classified,23.7166,37.9792
1249,2016,-0.0317947678412054,GDP growth (annual %),GR,Greece,Europe & Central Asia,High income,Not classified,23.7166,37.9792
1250,2025,,GDP growth (annual %),GL,Greenland,Europe & Central Asia,High income,Not classified,-51.7214,64.1836
1251,2024,,GDP growth (annual %),GL,Greenland,Europe & Central Asia,High income,Not classified,-51.7214,64.1836
1252,2023,0.865961986998158,GDP growth (annual %),GL,Greenland,Europe & Central Asia,High income,Not classified,-51.7214,64.1836
1253,2022,2.00455580865604,GDP growth (annual %),GL,Greenland,Europe & Central Asia,High income,Not classified,-51.7214,64.1836
1254,2021,1.63409410992996,GDP growth (annual %),GL,Greenland,Europe & Central Asia,High income,Not classified,-51.7214,64.1836
1255,2020,0.250789762104304,GDP growth (annual %),GL,Greenland,Europe & Central Asia,High income,Not classified,-51.7214,64.1836
1256,2019,2.83217756798683,GDP growth (annual %),GL,Greenland,Europe & Central Asia,High income,Not classified,-51.7214,64.1836
1257,2018,0.62306542854094,GDP growth (annual %),GL,Greenland,Europe & Central Asia,High income,Not classified,-51.7214,64.1836
1258,2017,0.0527281828800312,GDP growth (annual %),GL,Greenland,Europe & Central Asia,High income,Not classified,-51.7214,64.1836
1259,2016,4.68195410972302,GDP growth (annual %),GL,Greenland,Europe & Central Asia,High income,Not classified,-51.7214,64.1836
1260,2025,4.41201,GDP growth (annual %),GD,Grenada,Latin America & Caribbean ,Upper middle income,Blend,-61.7449,12.0653
1261,2024,2.3996478454327,GDP growth (annual %),GD,Grenada,Latin America & Caribbean ,Upper middle income,Blend,-61.7449,12.0653
1262,2023,4.52657497450693,GDP growth (annual %),GD,Grenada,Latin America & Caribbean ,Upper middle income,Blend,-61.7449,12.0653
1263,2022,7.31023806981959,GDP growth (annual %),GD,Grenada,Latin America & Caribbean ,Upper middle income,Blend,-61.7449,12.0653
1264,2021,4.6977240232674,GDP growth (annual %),GD,Grenada,Latin America & Caribbean ,Upper middle income,Blend,-61.7449,12.0653
1265,2020,-13.7566222572107,GDP growth (annual %),GD,Grenada,Latin America & Caribbean ,Upper middle income,Blend,-61.7449,12.0653
1266,2019,0.676511738873756,GDP growth (annual %),GD,Grenada,Latin America & Caribbean ,Upper middle income,Blend,-61.7449,12.0653
1267,2018,4.36144039364797,GDP growth (annual %),GD,Grenada,Latin America & Caribbean ,Upper middle income,Blend,-61.7449,12.0653
1268,2017,4.43867566948151,GDP growth (annual %),GD,Grenada,Latin America & Caribbean ,Upper middle income,Blend,-61.7449,12.0653
1269,2016,3.7396039558691,GDP growth (annual %),GD,Grenada,Latin America & Caribbean ,Upper middle income,Blend,-61.7449,12.0653
1270,2025,,GDP growth (annual %),GU,Guam,East Asia & Pacific,High income,Not classified,144.794,13.4443
1271,2024,,GDP growth (annual %),GU,Guam,East Asia & Pacific,High income,Not classified,144.794,13.4443
1272,2023,,GDP growth (annual %),GU,Guam,East Asia & Pacific,High income,Not classified,144.794,13.4443
1273,2022,5.09986426216793,GDP growth (annual %),GU,Guam,East Asia & Pacific,High income,Not classified,144.794,13.4443
1274,2021,2.0581832574708,GDP growth (annual %),GU,Guam,East Asia & Pacific,High income,Not classified,144.794,13.4443
1275,2020,-10.5188595714539,GDP growth (annual %),GU,Guam,East Asia & Pacific,High income,Not classified,144.794,13.4443
1276,2019,2.52360203340596,GDP growth (annual %),GU,Guam,East Asia & Pacific,High income,Not classified,144.794,13.4443
1277,2018,-0.828231904933389,GDP growth (annual %),GU,Guam,East Asia & Pacific,High income,Not classified,144.794,13.4443
1278,2017,0.890099909173486,GDP growth (annual %),GU,Guam,East Asia & Pacific,High income,Not classified,144.794,13.4443
1279,2016,0.18198362147406,GDP growth (annual %),GU,Guam,East Asia & Pacific,High income,Not classified,144.794,13.4443
1280,2025,4.28003207921405,GDP growth (annual %),GT,Guatemala,Latin America & Caribbean ,Upper middle income,IBRD,-90.5328,14.6248
1281,2024,3.71558453779777,GDP growth (annual %),GT,Guatemala,Latin America & Caribbean ,Upper middle income,IBRD,-90.5328,14.6248
1282,2023,3.52430434049013,GDP growth (annual %),GT,Guatemala,Latin America & Caribbean ,Upper middle income,IBRD,-90.5328,14.6248
1283,2022,4.15492196609047,GDP growth (annual %),GT,Guatemala,Latin America & Caribbean ,Upper middle income,IBRD,-90.5328,14.6248
1284,2021,8.04170398855833,GDP growth (annual %),GT,Guatemala,Latin America & Caribbean ,Upper middle income,IBRD,-90.5328,14.6248
1285,2020,-1.78555117570465,GDP growth (annual %),GT,Guatemala,Latin America & Caribbean ,Upper middle income,IBRD,-90.5328,14.6248
1286,2019,4.01789830861587,GDP growth (annual %),GT,Guatemala,Latin America & Caribbean ,Upper middle income,IBRD,-90.5328,14.6248
1287,2018,3.40687328176345,GDP growth (annual %),GT,Guatemala,Latin America & Caribbean ,Upper middle income,IBRD,-90.5328,14.6248
1288,2017,3.0798512212244,GDP growth (annual %),GT,Guatemala,Latin America & Caribbean ,Upper middle income,IBRD,-90.5328,14.6248
1289,2016,2.6778031930216,GDP growth (annual %),GT,Guatemala,Latin America & Caribbean ,Upper middle income,IBRD,-90.5328,14.6248
1290,2025,7.44709668357611,GDP growth (annual %),GN,Guinea,Sub-Saharan Africa ,Lower middle income,IDA,-13.7,9.51667
1291,2024,5.35004659049265,GDP growth (annual %),GN,Guinea,Sub-Saharan Africa ,Lower middle income,IDA,-13.7,9.51667
1292,2023,5.54172668627702,GDP growth (annual %),GN,Guinea,Sub-Saharan Africa ,Lower middle income,IDA,-13.7,9.51667
1293,2022,3.97240784200721,GDP growth (annual %),GN,Guinea,Sub-Saharan Africa ,Lower middle income,IDA,-13.7,9.51667
1294,2021,5.5823328114905,GDP growth (annual %),GN,Guinea,Sub-Saharan Africa ,Lower middle income,IDA,-13.7,9.51667
1295,2020,4.70459096113575,GDP growth (annual %),GN,Guinea,Sub-Saharan Africa ,Lower middle income,IDA,-13.7,9.51667
1296,2019,5.61691446889876,GDP growth (annual %),GN,Guinea,Sub-Saharan Africa ,Lower middle income,IDA,-13.7,9.51667
1297,2018,6.35849192736715,GDP growth (annual %),GN,Guinea,Sub-Saharan Africa ,Lower middle income,IDA,-13.7,9.51667
1298,2017,10.3000053427355,GDP growth (annual %),GN,Guinea,Sub-Saharan Africa ,Lower middle income,IDA,-13.7,9.51667
1299,2016,10.82062719659,GDP growth (annual %),GN,Guinea,Sub-Saharan Africa ,Lower middle income,IDA,-13.7,9.51667
1300,2025,5.81813762310792,GDP growth (annual %),GW,Guinea-Bissau,Sub-Saharan Africa ,Low income,IDA,-15.1804,11.8037
1301,2024,4.40920107183611,GDP growth (annual %),GW,Guinea-Bissau,Sub-Saharan Africa ,Low income,IDA,-15.1804,11.8037
1302,2023,4.63052364601562,GDP growth (annual %),GW,Guinea-Bissau,Sub-Saharan Africa ,Low income,IDA,-15.1804,11.8037
1303,2022,5.45776090019501,GDP growth (annual %),GW,Guinea-Bissau,Sub-Saharan Africa ,Low income,IDA,-15.1804,11.8037
1304,2021,5.0173096003907,GDP growth (annual %),GW,Guinea-Bissau,Sub-Saharan Africa ,Low income,IDA,-15.1804,11.8037
1305,2020,2.89149979806913,GDP growth (annual %),GW,Guinea-Bissau,Sub-Saharan Africa ,Low income,IDA,-15.1804,11.8037
1306,2019,5.32749571119344,GDP growth (annual %),GW,Guinea-Bissau,Sub-Saharan Africa ,Low income,IDA,-15.1804,11.8037
1307,2018,3.76145359637003,GDP growth (annual %),GW,Guinea-Bissau,Sub-Saharan Africa ,Low income,IDA,-15.1804,11.8037
1308,2017,4.66367943913264,GDP growth (annual %),GW,Guinea-Bissau,Sub-Saharan Africa ,Low income,IDA,-15.1804,11.8037
1309,2016,5.4326782650304,GDP growth (annual %),GW,Guinea-Bissau,Sub-Saharan Africa ,Low income,IDA,-15.1804,11.8037
1310,2025,19.3360097091818,GDP growth (annual %),GY,Guyana,Latin America & Caribbean ,High income,IDA,-58.1548,6.80461
1311,2024,43.8192726391966,GDP growth (annual %),GY,Guyana,Latin America & Caribbean ,High income,IDA,-58.1548,6.80461
1312,2023,33.795011115873,GDP growth (annual %),GY,Guyana,Latin America & Caribbean ,High income,IDA,-58.1548,6.80461
1313,2022,63.3346343654855,GDP growth (annual %),GY,Guyana,Latin America & Caribbean ,High income,IDA,-58.1548,6.80461
1314,2021,20.0599975568418,GDP growth (annual %),GY,Guyana,Latin America & Caribbean ,High income,IDA,-58.1548,6.80461
1315,2020,43.479651716849,GDP growth (annual %),GY,Guyana,Latin America & Caribbean ,High income,IDA,-58.1548,6.80461
1316,2019,5.35284003535665,GDP growth (annual %),GY,Guyana,Latin America & Caribbean ,High income,IDA,-58.1548,6.80461
1317,2018,4.44091288475967,GDP growth (annual %),GY,Guyana,Latin America & Caribbean ,High income,IDA,-58.1548,6.80461
1318,2017,3.73449154571284,GDP growth (annual %),GY,Guyana,Latin America & Caribbean ,High income,IDA,-58.1548,6.80461
1319,2016,3.80745626378814,GDP growth (annual %),GY,Guyana,Latin America & Caribbean ,High income,IDA,-58.1548,6.80461
1320,2025,-2.71291075761471,GDP growth (annual %),HT,Haiti,Latin America & Caribbean ,Lower middle income,IDA,-72.3288,18.5392
1321,2024,-4.18495104762965,GDP growth (annual %),HT,Haiti,Latin America & Caribbean ,Lower middle income,IDA,-72.3288,18.5392
1322,2023,-1.86388420254838,GDP growth (annual %),HT,Haiti,Latin America & Caribbean ,Lower middle income,IDA,-72.3288,18.5392
1323,2022,-1.68198396897978,GDP growth (annual %),HT,Haiti,Latin America & Caribbean ,Lower middle income,IDA,-72.3288,18.5392
1324,2021,-1.79823988931486,GDP growth (annual %),HT,Haiti,Latin America & Caribbean ,Lower middle income,IDA,-72.3288,18.5392
1325,2020,-3.30550546965893,GDP growth (annual %),HT,Haiti,Latin America & Caribbean ,Lower middle income,IDA,-72.3288,18.5392
1326,2019,-1.72309699839232,GDP growth (annual %),HT,Haiti,Latin America & Caribbean ,Lower middle income,IDA,-72.3288,18.5392
1327,2018,1.66781095484656,GDP growth (annual %),HT,Haiti,Latin America & Caribbean ,Lower middle income,IDA,-72.3288,18.5392
1328,2017,2.51027134544685,GDP growth (annual %),HT,Haiti,Latin America & Caribbean ,Lower middle income,IDA,-72.3288,18.5392
1329,2016,1.81246807847532,GDP growth (annual %),HT,Haiti,Latin America & Caribbean ,Lower middle income,IDA,-72.3288,18.5392
1330,2025,3.75143102801252,GDP growth (annual %),HN,Honduras,Latin America & Caribbean ,Lower middle income,IDA,-87.4667,15.1333
1331,2024,3.63240745450875,GDP growth (annual %),HN,Honduras,Latin America & Caribbean ,Lower middle income,IDA,-87.4667,15.1333
1332,2023,3.57584760454412,GDP growth (annual %),HN,Honduras,Latin America & Caribbean ,Lower middle income,IDA,-87.4667,15.1333
1333,2022,4.14356194013767,GDP growth (annual %),HN,Honduras,Latin America & Caribbean ,Lower middle income,IDA,-87.4667,15.1333
1334,2021,12.5652843771279,GDP growth (annual %),HN,Honduras,Latin America & Caribbean ,Lower middle income,IDA,-87.4667,15.1333
1335,2020,-8.96508223267296,GDP growth (annual %),HN,Honduras,Latin America & Caribbean ,Lower middle income,IDA,-87.4667,15.1333
1336,2019,2.55963434592314,GDP growth (annual %),HN,Honduras,Latin America & Caribbean ,Lower middle income,IDA,-87.4667,15.1333
1337,2018,3.84499476966735,GDP growth (annual %),HN,Honduras,Latin America & Caribbean ,Lower middle income,IDA,-87.4667,15.1333
1338,2017,4.84291391050387,GDP growth (annual %),HN,Honduras,Latin America & Caribbean ,Lower middle income,IDA,-87.4667,15.1333
1339,2016,3.89297219726413,GDP growth (annual %),HN,Honduras,Latin America & Caribbean ,Lower middle income,IDA,-87.4667,15.1333
1340,2025,3.48764886355949,GDP growth (annual %),HK,"Hong Kong SAR, China",East Asia & Pacific,High income,Not classified,114.109,22.3964
1341,2024,2.62936861207362,GDP growth (annual %),HK,"Hong Kong SAR, China",East Asia & Pacific,High income,Not classified,114.109,22.3964
1342,2023,3.15034461759902,GDP growth (annual %),HK,"Hong Kong SAR, China",East Asia & Pacific,High income,Not classified,114.109,22.3964
1343,2022,-3.68528359281325,GDP growth (annual %),HK,"Hong Kong SAR, China",East Asia & Pacific,High income,Not classified,114.109,22.3964
1344,2021,6.45443038333934,GDP growth (annual %),HK,"Hong Kong SAR, China",East Asia & Pacific,High income,Not classified,114.109,22.3964
1345,2020,-6.54479640529367,GDP growth (annual %),HK,"Hong Kong SAR, China",East Asia & Pacific,High income,Not classified,114.109,22.3964
1346,2019,-1.67242865968056,GDP growth (annual %),HK,"Hong Kong SAR, China",East Asia & Pacific,High income,Not classified,114.109,22.3964
1347,2018,2.84690922660509,GDP growth (annual %),HK,"Hong Kong SAR, China",East Asia & Pacific,High income,Not classified,114.109,22.3964
1348,2017,3.79610937243891,GDP growth (annual %),HK,"Hong Kong SAR, China",East Asia & Pacific,High income,Not classified,114.109,22.3964
1349,2016,2.17544820327555,GDP growth (annual %),HK,"Hong Kong SAR, China",East Asia & Pacific,High income,Not classified,114.109,22.3964
1350,2025,0.509542309726868,GDP growth (annual %),HU,Hungary,Europe & Central Asia,High income,Not classified,19.0408,47.4984
1351,2024,0.709070599066038,GDP growth (annual %),HU,Hungary,Europe & Central Asia,High income,Not classified,19.0408,47.4984
1352,2023,-0.817107370513455,GDP growth (annual %),HU,Hungary,Europe & Central Asia,High income,Not classified,19.0408,47.4984
1353,2022,4.15238057779229,GDP growth (annual %),HU,Hungary,Europe & Central Asia,High income,Not classified,19.0408,47.4984
1354,2021,7.22291580811137,GDP growth (annual %),HU,Hungary,Europe & Central Asia,High income,Not classified,19.0408,47.4984
1355,2020,-4.33872540024058,GDP growth (annual %),HU,Hungary,Europe & Central Asia,High income,Not classified,19.0408,47.4984
1356,2019,5.07718495088933,GDP growth (annual %),HU,Hungary,Europe & Central Asia,High income,Not classified,19.0408,47.4984
1357,2018,5.60613813768876,GDP growth (annual %),HU,Hungary,Europe & Central Asia,High income,Not classified,19.0408,47.4984
1358,2017,4.12418389451805,GDP growth (annual %),HU,Hungary,Europe & Central Asia,High income,Not classified,19.0408,47.4984
1359,2016,2.43864141309342,GDP growth (annual %),HU,Hungary,Europe & Central Asia,High income,Not classified,19.0408,47.4984
1360,2025,1.27946207863934,GDP growth (annual %),IS,Iceland,Europe & Central Asia,High income,Not classified,-21.8952,64.1353
1361,2024,-1.2828764442695,GDP growth (annual %),IS,Iceland,Europe & Central Asia,High income,Not classified,-21.8952,64.1353
1362,2023,5.0322597376242,GDP growth (annual %),IS,Iceland,Europe & Central Asia,High income,Not classified,-21.8952,64.1353
1363,2022,8.85729897856851,GDP growth (annual %),IS,Iceland,Europe & Central Asia,High income,Not classified,-21.8952,64.1353
1364,2021,5.18057190719905,GDP growth (annual %),IS,Iceland,Europe & Central Asia,High income,Not classified,-21.8952,64.1353
1365,2020,-6.64587810456635,GDP growth (annual %),IS,Iceland,Europe & Central Asia,High income,Not classified,-21.8952,64.1353
1366,2019,1.13821227336888,GDP growth (annual %),IS,Iceland,Europe & Central Asia,High income,Not classified,-21.8952,64.1353
1367,2018,4.66077036232377,GDP growth (annual %),IS,Iceland,Europe & Central Asia,High income,Not classified,-21.8952,64.1353
1368,2017,3.48506704155555,GDP growth (annual %),IS,Iceland,Europe & Central Asia,High income,Not classified,-21.8952,64.1353
1369,2016,6.21808764670307,GDP growth (annual %),IS,Iceland,Europe & Central Asia,High income,Not classified,-21.8952,64.1353
1370,2025,7.56666179284244,GDP growth (annual %),IN,India,South Asia,Lower middle income,IBRD,77.225,28.6353
1371,2024,7.09927893176518,GDP growth (annual %),IN,India,South Asia,Lower middle income,IBRD,77.225,28.6353
1372,2023,7.210224629335,GDP growth (annual %),IN,India,South Asia,Lower middle income,IBRD,77.225,28.6353
1373,2022,7.6093649776932,GDP growth (annual %),IN,India,South Asia,Lower middle income,IBRD,77.225,28.6353
1374,2021,9.68959249191741,GDP growth (annual %),IN,India,South Asia,Lower middle income,IBRD,77.225,28.6353
1375,2020,-5.77772470687303,GDP growth (annual %),IN,India,South Asia,Lower middle income,IBRD,77.225,28.6353
1376,2019,3.87143694070524,GDP growth (annual %),IN,India,South Asia,Lower middle income,IBRD,77.225,28.6353
1377,2018,6.45385134495295,GDP growth (annual %),IN,India,South Asia,Lower middle income,IBRD,77.225,28.6353
1378,2017,6.79538341902422,GDP growth (annual %),IN,India,South Asia,Lower middle income,IBRD,77.225,28.6353
1379,2016,8.25630550176662,GDP growth (annual %),IN,India,South Asia,Lower middle income,IBRD,77.225,28.6353
1380,2025,5.10808904438025,GDP growth (annual %),ID,Indonesia,East Asia & Pacific,Upper middle income,IBRD,106.83,-6.19752
1381,2024,5.03257477088519,GDP growth (annual %),ID,Indonesia,East Asia & Pacific,Upper middle income,IBRD,106.83,-6.19752
1382,2023,5.04883117855516,GDP growth (annual %),ID,Indonesia,East Asia & Pacific,Upper middle income,IBRD,106.83,-6.19752
1383,2022,5.30719722664799,GDP growth (annual %),ID,Indonesia,East Asia & Pacific,Upper middle income,IBRD,106.83,-6.19752
1384,2021,3.70288562827751,GDP growth (annual %),ID,Indonesia,East Asia & Pacific,Upper middle income,IBRD,106.83,-6.19752
1385,2020,-2.06551182934165,GDP growth (annual %),ID,Indonesia,East Asia & Pacific,Upper middle income,IBRD,106.83,-6.19752
1386,2019,5.01928768046282,GDP growth (annual %),ID,Indonesia,East Asia & Pacific,Upper middle income,IBRD,106.83,-6.19752
1387,2018,5.17429153955024,GDP growth (annual %),ID,Indonesia,East Asia & Pacific,Upper middle income,IBRD,106.83,-6.19752
1388,2017,5.06978590134916,GDP growth (annual %),ID,Indonesia,East Asia & Pacific,Upper middle income,IBRD,106.83,-6.19752
1389,2016,5.03306918280177,GDP growth (annual %),ID,Indonesia,East Asia & Pacific,Upper middle income,IBRD,106.83,-6.19752
1390,2025,-2.82597163290347,GDP growth (annual %),IR,"Iran, Islamic Rep.","Middle East, North Africa, Afghanistan & Pakistan",Upper middle income,IBRD,51.4447,35.6878
1391,2024,3.66312057949303,GDP growth (annual %),IR,"Iran, Islamic Rep.","Middle East, North Africa, Afghanistan & Pakistan",Upper middle income,IBRD,51.4447,35.6878
1392,2023,5.33235116079808,GDP growth (annual %),IR,"Iran, Islamic Rep.","Middle East, North Africa, Afghanistan & Pakistan",Upper middle income,IBRD,51.4447,35.6878
1393,2022,4.35281087521344,GDP growth (annual %),IR,"Iran, Islamic Rep.","Middle East, North Africa, Afghanistan & Pakistan",Upper middle income,IBRD,51.4447,35.6878
1394,2021,4.13089685034471,GDP growth (annual %),IR,"Iran, Islamic Rep.","Middle East, North Africa, Afghanistan & Pakistan",Upper middle income,IBRD,51.4447,35.6878
1395,2020,4.44180865358672,GDP growth (annual %),IR,"Iran, Islamic Rep.","Middle East, North Africa, Afghanistan & Pakistan",Upper middle income,IBRD,51.4447,35.6878
1396,2019,-2.36143538770575,GDP growth (annual %),IR,"Iran, Islamic Rep.","Middle East, North Africa, Afghanistan & Pakistan",Upper middle income,IBRD,51.4447,35.6878
1397,2018,-3.74796015711334,GDP growth (annual %),IR,"Iran, Islamic Rep.","Middle East, North Africa, Afghanistan & Pakistan",Upper middle income,IBRD,51.4447,35.6878
1398,2017,3.02685468694025,GDP growth (annual %),IR,"Iran, Islamic Rep.","Middle East, North Africa, Afghanistan & Pakistan",Upper middle income,IBRD,51.4447,35.6878
1399,2016,8.8150866425182,GDP growth (annual %),IR,"Iran, Islamic Rep.","Middle East, North Africa, Afghanistan & Pakistan",Upper middle income,IBRD,51.4447,35.6878
1400,2025,-2.15574219066178,GDP growth (annual %),IQ,Iraq,"Middle East, North Africa, Afghanistan & Pakistan",Upper middle income,IBRD,44.394,33.3302
1401,2024,-1.54525198319173,GDP growth (annual %),IQ,Iraq,"Middle East, North Africa, Afghanistan & Pakistan",Upper middle income,IBRD,44.394,33.3302
1402,2023,0.517705525140073,GDP growth (annual %),IQ,Iraq,"Middle East, North Africa, Afghanistan & Pakistan",Upper middle income,IBRD,44.394,33.3302
1403,2022,7.95904804990212,GDP growth (annual %),IQ,Iraq,"Middle East, North Africa, Afghanistan & Pakistan",Upper middle income,IBRD,44.394,33.3302
1404,2021,1.5021807095434,GDP growth (annual %),IQ,Iraq,"Middle East, North Africa, Afghanistan & Pakistan",Upper middle income,IBRD,44.394,33.3302
1405,2020,-12.0367930960454,GDP growth (annual %),IQ,Iraq,"Middle East, North Africa, Afghanistan & Pakistan",Upper middle income,IBRD,44.394,33.3302
1406,2019,5.5137905789381,GDP growth (annual %),IQ,Iraq,"Middle East, North Africa, Afghanistan & Pakistan",Upper middle income,IBRD,44.394,33.3302
1407,2018,2.63385099105624,GDP growth (annual %),IQ,Iraq,"Middle East, North Africa, Afghanistan & Pakistan",Upper middle income,IBRD,44.394,33.3302
1408,2017,-1.81975035118309,GDP growth (annual %),IQ,Iraq,"Middle East, North Africa, Afghanistan & Pakistan",Upper middle income,IBRD,44.394,33.3302
1409,2016,13.7873730187089,GDP growth (annual %),IQ,Iraq,"Middle East, North Africa, Afghanistan & Pakistan",Upper middle income,IBRD,44.394,33.3302
1410,2025,12.3375990291434,GDP growth (annual %),IE,Ireland,Europe & Central Asia,High income,Not classified,-6.26749,53.3441
1411,2024,2.59946721553708,GDP growth (annual %),IE,Ireland,Europe & Central Asia,High income,Not classified,-6.26749,53.3441
1412,2023,-2.53637409313261,GDP growth (annual %),IE,Ireland,Europe & Central Asia,High income,Not classified,-6.26749,53.3441
1413,2022,7.51113888415304,GDP growth (annual %),IE,Ireland,Europe & Central Asia,High income,Not classified,-6.26749,53.3441
1414,2021,16.2581881158197,GDP growth (annual %),IE,Ireland,Europe & Central Asia,High income,Not classified,-6.26749,53.3441
1415,2020,7.15369505735335,GDP growth (annual %),IE,Ireland,Europe & Central Asia,High income,Not classified,-6.26749,53.3441
1416,2019,4.97288003766816,GDP growth (annual %),IE,Ireland,Europe & Central Asia,High income,Not classified,-6.26749,53.3441
1417,2018,7.68865937437435,GDP growth (annual %),IE,Ireland,Europe & Central Asia,High income,Not classified,-6.26749,53.3441
1418,2017,10.1088576065965,GDP growth (annual %),IE,Ireland,Europe & Central Asia,High income,Not classified,-6.26749,53.3441
1419,2016,1.22271661130947,GDP growth (annual %),IE,Ireland,Europe & Central Asia,High income,Not classified,-6.26749,53.3441
1420,2025,,GDP growth (annual %),IM,Isle of Man,Europe & Central Asia,High income,Not classified,-4.47928,54.1509
1421,2024,,GDP growth (annual %),IM,Isle of Man,Europe & Central Asia,High income,Not classified,-4.47928,54.1509
1422,2023,-2.03524496955581,GDP growth (annual %),IM,Isle of Man,Europe & Central Asia,High income,Not classified,-4.47928,54.1509
1423,2022,-4.16847722466753,GDP growth (annual %),IM,Isle of Man,Europe & Central Asia,High income,Not classified,-4.47928,54.1509
1424,2021,3.83783632334639,GDP growth (annual %),IM,Isle of Man,Europe & Central Asia,High income,Not classified,-4.47928,54.1509
1425,2020,-8.83681697473475,GDP growth (annual %),IM,Isle of Man,Europe & Central Asia,High income,Not classified,-4.47928,54.1509
1426,2019,0.254877847398262,GDP growth (annual %),IM,Isle of Man,Europe & Central Asia,High income,Not classified,-4.47928,54.1509
1427,2018,2.2133975392251,GDP growth (annual %),IM,Isle of Man,Europe & Central Asia,High income,Not classified,-4.47928,54.1509
1428,2017,2.83775807093689,GDP growth (annual %),IM,Isle of Man,Europe & Central Asia,High income,Not classified,-4.47928,54.1509
1429,2016,6.95230284899407,GDP growth (annual %),IM,Isle of Man,Europe & Central Asia,High income,Not classified,-4.47928,54.1509
1430,2025,2.93114966387968,GDP growth (annual %),IL,Israel,"Middle East, North Africa, Afghanistan & Pakistan",High income,Not classified,35.2035,31.7717
1431,2024,0.953618469238535,GDP growth (annual %),IL,Israel,"Middle East, North Africa, Afghanistan & Pakistan",High income,Not classified,35.2035,31.7717
1432,2023,2.06272504731618,GDP growth (annual %),IL,Israel,"Middle East, North Africa, Afghanistan & Pakistan",High income,Not classified,35.2035,31.7717
1433,2022,6.36407234798706,GDP growth (annual %),IL,Israel,"Middle East, North Africa, Afghanistan & Pakistan",High income,Not classified,35.2035,31.7717
1434,2021,9.33534690236249,GDP growth (annual %),IL,Israel,"Middle East, North Africa, Afghanistan & Pakistan",High income,Not classified,35.2035,31.7717
1435,2020,-1.80206927953466,GDP growth (annual %),IL,Israel,"Middle East, North Africa, Afghanistan & Pakistan",High income,Not classified,35.2035,31.7717
1436,2019,3.57898762923605,GDP growth (annual %),IL,Israel,"Middle East, North Africa, Afghanistan & Pakistan",High income,Not classified,35.2035,31.7717
1437,2018,4.05349952888294,GDP growth (annual %),IL,Israel,"Middle East, North Africa, Afghanistan & Pakistan",High income,Not classified,35.2035,31.7717
1438,2017,4.34394518932547,GDP growth (annual %),IL,Israel,"Middle East, North Africa, Afghanistan & Pakistan",High income,Not classified,35.2035,31.7717
1439,2016,4.53601939236572,GDP growth (annual %),IL,Israel,"Middle East, North Africa, Afghanistan & Pakistan",High income,Not classified,35.2035,31.7717
1440,2025,0.539583636778445,GDP growth (annual %),IT,Italy,Europe & Central Asia,High income,Not classified,12.4823,41.8955
1441,2024,0.783039135276795,GDP growth (annual %),IT,Italy,Europe & Central Asia,High income,Not classified,12.4823,41.8955
1442,2023,0.922796543670316,GDP growth (annual %),IT,Italy,Europe & Central Asia,High income,Not classified,12.4823,41.8955
1443,2022,4.82117669913565,GDP growth (annual %),IT,Italy,Europe & Central Asia,High income,Not classified,12.4823,41.8955
1444,2021,8.93106210800055,GDP growth (annual %),IT,Italy,Europe & Central Asia,High income,Not classified,12.4823,41.8955
1445,2020,-8.86822122185345,GDP growth (annual %),IT,Italy,Europe & Central Asia,High income,Not classified,12.4823,41.8955
1446,2019,0.429162533780342,GDP growth (annual %),IT,Italy,Europe & Central Asia,High income,Not classified,12.4823,41.8955
1447,2018,0.826646712344115,GDP growth (annual %),IT,Italy,Europe & Central Asia,High income,Not classified,12.4823,41.8955
1448,2017,1.60369995294101,GDP growth (annual %),IT,Italy,Europe & Central Asia,High income,Not classified,12.4823,41.8955
1449,2016,1.23622108511661,GDP growth (annual %),IT,Italy,Europe & Central Asia,High income,Not classified,12.4823,41.8955
1450,2025,0.0816454877745656,GDP growth (annual %),JM,Jamaica,Latin America & Caribbean ,Upper middle income,IBRD,-76.792,17.9927
1451,2024,-0.535039063867487,GDP growth (annual %),JM,Jamaica,Latin America & Caribbean ,Upper middle income,IBRD,-76.792,17.9927
1452,2023,2.74634433906714,GDP growth (annual %),JM,Jamaica,Latin America & Caribbean ,Upper middle income,IBRD,-76.792,17.9927
1453,2022,6.43930323656186,GDP growth (annual %),JM,Jamaica,Latin America & Caribbean ,Upper middle income,IBRD,-76.792,17.9927
1454,2021,5.70467978309095,GDP growth (annual %),JM,Jamaica,Latin America & Caribbean ,Upper middle income,IBRD,-76.792,17.9927
1455,2020,-8.30441923583135,GDP growth (annual %),JM,Jamaica,Latin America & Caribbean ,Upper middle income,IBRD,-76.792,17.9927
1456,2019,1.80943147301357,GDP growth (annual %),JM,Jamaica,Latin America & Caribbean ,Upper middle income,IBRD,-76.792,17.9927
1457,2018,2.51584458612513,GDP growth (annual %),JM,Jamaica,Latin America & Caribbean ,Upper middle income,IBRD,-76.792,17.9927
1458,2017,2.29303371291363,GDP growth (annual %),JM,Jamaica,Latin America & Caribbean ,Upper middle income,IBRD,-76.792,17.9927
1459,2016,2.76043761369557,GDP growth (annual %),JM,Jamaica,Latin America & Caribbean ,Upper middle income,IBRD,-76.792,17.9927
1460,2025,1.19311288444599,GDP growth (annual %),JP,Japan,East Asia & Pacific,High income,Not classified,139.77,35.67
1461,2024,-0.240084236041696,GDP growth (annual %),JP,Japan,East Asia & Pacific,High income,Not classified,139.77,35.67
1462,2023,0.720785304749811,GDP growth (annual %),JP,Japan,East Asia & Pacific,High income,Not classified,139.77,35.67
1463,2022,1.33164750653741,GDP growth (annual %),JP,Japan,East Asia & Pacific,High income,Not classified,139.77,35.67
1464,2021,3.56419531474475,GDP growth (annual %),JP,Japan,East Asia & Pacific,High income,Not classified,139.77,35.67
1465,2020,-4.28327942675573,GDP growth (annual %),JP,Japan,East Asia & Pacific,High income,Not classified,139.77,35.67
1466,2019,-0.308496921143259,GDP growth (annual %),JP,Japan,East Asia & Pacific,High income,Not classified,139.77,35.67
1467,2018,0.834143845965585,GDP growth (annual %),JP,Japan,East Asia & Pacific,High income,Not classified,139.77,35.67
1468,2017,1.62345062245441,GDP growth (annual %),JP,Japan,East Asia & Pacific,High income,Not classified,139.77,35.67
1469,2016,0.704986495111257,GDP growth (annual %),JP,Japan,East Asia & Pacific,High income,Not classified,139.77,35.67
1470,2025,2.82660839845745,GDP growth (annual %),JO,Jordan,"Middle East, North Africa, Afghanistan & Pakistan",Upper middle income,IBRD,35.9263,31.9497
1471,2024,2.55605891810194,GDP growth (annual %),JO,Jordan,"Middle East, North Africa, Afghanistan & Pakistan",Upper middle income,IBRD,35.9263,31.9497
1472,2023,3.12900102017251,GDP growth (annual %),JO,Jordan,"Middle East, North Africa, Afghanistan & Pakistan",Upper middle income,IBRD,35.9263,31.9497
1473,2022,2.7468615450031,GDP growth (annual %),JO,Jordan,"Middle East, North Africa, Afghanistan & Pakistan",Upper middle income,IBRD,35.9263,31.9497
1474,2021,3.75201276755828,GDP growth (annual %),JO,Jordan,"Middle East, North Africa, Afghanistan & Pakistan",Upper middle income,IBRD,35.9263,31.9497
1475,2020,-1.15257534158022,GDP growth (annual %),JO,Jordan,"Middle East, North Africa, Afghanistan & Pakistan",Upper middle income,IBRD,35.9263,31.9497
1476,2019,1.85633006592765,GDP growth (annual %),JO,Jordan,"Middle East, North Africa, Afghanistan & Pakistan",Upper middle income,IBRD,35.9263,31.9497
1477,2018,1.85383415616927,GDP growth (annual %),JO,Jordan,"Middle East, North Africa, Afghanistan & Pakistan",Upper middle income,IBRD,35.9263,31.9497
1478,2017,2.50770398070352,GDP growth (annual %),JO,Jordan,"Middle East, North Africa, Afghanistan & Pakistan",Upper middle income,IBRD,35.9263,31.9497
1479,2016,2.11166806967252,GDP growth (annual %),JO,Jordan,"Middle East, North Africa, Afghanistan & Pakistan",Upper middle income,IBRD,35.9263,31.9497
1480,2025,6.5,GDP growth (annual %),KZ,Kazakhstan,Europe & Central Asia,Upper middle income,IBRD,71.4382,51.1879
1481,2024,4.99999999996936,GDP growth (annual %),KZ,Kazakhstan,Europe & Central Asia,Upper middle income,IBRD,71.4382,51.1879
1482,2023,5.09999999973641,GDP growth (annual %),KZ,Kazakhstan,Europe & Central Asia,Upper middle income,IBRD,71.4382,51.1879
1483,2022,3.19999999970734,GDP growth (annual %),KZ,Kazakhstan,Europe & Central Asia,Upper middle income,IBRD,71.4382,51.1879
1484,2021,4.29999999729456,GDP growth (annual %),KZ,Kazakhstan,Europe & Central Asia,Upper middle income,IBRD,71.4382,51.1879
1485,2020,-2.49999999628,GDP growth (annual %),KZ,Kazakhstan,Europe & Central Asia,Upper middle income,IBRD,71.4382,51.1879
1486,2019,4.50000000091883,GDP growth (annual %),KZ,Kazakhstan,Europe & Central Asia,Upper middle income,IBRD,71.4382,51.1879
1487,2018,4.09999999309841,GDP growth (annual %),KZ,Kazakhstan,Europe & Central Asia,Upper middle income,IBRD,71.4382,51.1879
1488,2017,4.10000000257358,GDP growth (annual %),KZ,Kazakhstan,Europe & Central Asia,Upper middle income,IBRD,71.4382,51.1879
1489,2016,1.09999999910173,GDP growth (annual %),KZ,Kazakhstan,Europe & Central Asia,Upper middle income,IBRD,71.4382,51.1879
1490,2025,4.63261093844984,GDP growth (annual %),KE,Kenya,Sub-Saharan Africa ,Lower middle income,Blend,36.8126,-1.27975
1491,2024,4.66019594571891,GDP growth (annual %),KE,Kenya,Sub-Saharan Africa ,Lower middle income,Blend,36.8126,-1.27975
1492,2023,5.71999241214208,GDP growth (annual %),KE,Kenya,Sub-Saharan Africa ,Lower middle income,Blend,36.8126,-1.27975
1493,2022,4.85998104287999,GDP growth (annual %),KE,Kenya,Sub-Saharan Africa ,Lower middle income,Blend,36.8126,-1.27975
1494,2021,7.59048947333467,GDP growth (annual %),KE,Kenya,Sub-Saharan Africa ,Lower middle income,Blend,36.8126,-1.27975
1495,2020,-0.272766327438816,GDP growth (annual %),KE,Kenya,Sub-Saharan Africa ,Lower middle income,Blend,36.8126,-1.27975
1496,2019,5.11415885767801,GDP growth (annual %),KE,Kenya,Sub-Saharan Africa ,Lower middle income,Blend,36.8126,-1.27975
1497,2018,5.64794640709219,GDP growth (annual %),KE,Kenya,Sub-Saharan Africa ,Lower middle income,Blend,36.8126,-1.27975
1498,2017,3.83795817364721,GDP growth (annual %),KE,Kenya,Sub-Saharan Africa ,Lower middle income,Blend,36.8126,-1.27975
1499,2016,4.21351706814744,GDP growth (annual %),KE,Kenya,Sub-Saharan Africa ,Lower middle income,Blend,36.8126,-1.27975
1500,2025,4.22163588390501,GDP growth (annual %),KI,Kiribati,East Asia & Pacific,Lower middle income,IDA,172.979,1.32905
1501,2024,4.69613259668509,GDP growth (annual %),KI,Kiribati,East Asia & Pacific,Lower middle income,IDA,172.979,1.32905
1502,2023,3.13390313390313,GDP growth (annual %),KI,Kiribati,East Asia & Pacific,Lower middle income,IDA,172.979,1.32905
1503,2022,5.08982035928143,GDP growth (annual %),KI,Kiribati,East Asia & Pacific,Lower middle income,IDA,172.979,1.32905
1504,2021,8.44155844155846,GDP growth (annual %),KI,Kiribati,East Asia & Pacific,Lower middle income,IDA,172.979,1.32905
1505,2020,-1.28205128205127,GDP growth (annual %),KI,Kiribati,East Asia & Pacific,Lower middle income,IDA,172.979,1.32905
1506,2019,3.31125827814569,GDP growth (annual %),KI,Kiribati,East Asia & Pacific,Lower middle income,IDA,172.979,1.32905
1507,2018,3.42465753424656,GDP growth (annual %),KI,Kiribati,East Asia & Pacific,Lower middle income,IDA,172.979,1.32905
1508,2017,3.71200171622053,GDP growth (annual %),KI,Kiribati,East Asia & Pacific,Lower middle income,IDA,172.979,1.32905
1509,2016,7.08803465778669,GDP growth (annual %),KI,Kiribati,East Asia & Pacific,Lower middle income,IDA,172.979,1.32905
1510,2025,,GDP growth (annual %),KP,"Korea, Dem. People's Rep.",East Asia & Pacific,Low income,Not classified,125.754,39.0319
1511,2024,,GDP growth (annual %),KP,"Korea, Dem. People's Rep.",East Asia & Pacific,Low income,Not classified,125.754,39.0319
1512,2023,,GDP growth (annual %),KP,"Korea, Dem. People's Rep.",East Asia & Pacific,Low income,Not classified,125.754,39.0319
1513,2022,,GDP growth (annual %),KP,"Korea, Dem. People's Rep.",East Asia & Pacific,Low income,Not classified,125.754,39.0319
1514,2021,,GDP growth (annual %),KP,"Korea, Dem. People's Rep.",East Asia & Pacific,Low income,Not classified,125.754,39.0319
1515,2020,,GDP growth (annual %),KP,"Korea, Dem. People's Rep.",East Asia & Pacific,Low income,Not classified,125.754,39.0319
1516,2019,,GDP growth (annual %),KP,"Korea, Dem. People's Rep.",East Asia & Pacific,Low income,Not classified,125.754,39.0319
1517,2018,,GDP growth (annual %),KP,"Korea, Dem. People's Rep.",East Asia & Pacific,Low income,Not classified,125.754,39.0319
1518,2017,,GDP growth (annual %),KP,"Korea, Dem. People's Rep.",East Asia & Pacific,Low income,Not classified,125.754,39.0319
1519,2016,,GDP growth (annual %),KP,"Korea, Dem. People's Rep.",East Asia & Pacific,Low income,Not classified,125.754,39.0319
1520,2025,1.00701840291242,GDP growth (annual %),KR,"Korea, Rep.",East Asia & Pacific,High income,Not classified,126.957,37.5323
1521,2024,2.00361101838986,GDP growth (annual %),KR,"Korea, Rep.",East Asia & Pacific,High income,Not classified,126.957,37.5323
1522,2023,1.58301467403629,GDP growth (annual %),KR,"Korea, Rep.",East Asia & Pacific,High income,Not classified,126.957,37.5323
1523,2022,2.72756456708991,GDP growth (annual %),KR,"Korea, Rep.",East Asia & Pacific,High income,Not classified,126.957,37.5323
1524,2021,4.61296795454287,GDP growth (annual %),KR,"Korea, Rep.",East Asia & Pacific,High income,Not classified,126.957,37.5323
1525,2020,-0.700242317542106,GDP growth (annual %),KR,"Korea, Rep.",East Asia & Pacific,High income,Not classified,126.957,37.5323
1526,2019,2.31380210595475,GDP growth (annual %),KR,"Korea, Rep.",East Asia & Pacific,High income,Not classified,126.957,37.5323
1527,2018,3.17611568177327,GDP growth (annual %),KR,"Korea, Rep.",East Asia & Pacific,High income,Not classified,126.957,37.5323
1528,2017,3.433191763972,GDP growth (annual %),KR,"Korea, Rep.",East Asia & Pacific,High income,Not classified,126.957,37.5323
1529,2016,3.17152748983935,GDP growth (annual %),KR,"Korea, Rep.",East Asia & Pacific,High income,Not classified,126.957,37.5323
1530,2025,3.59217142544483,GDP growth (annual %),XK,Kosovo,Europe & Central Asia,Upper middle income,IDA,20.926,42.565
1531,2024,4.5730971681166,GDP growth (annual %),XK,Kosovo,Europe & Central Asia,Upper middle income,IDA,20.926,42.565
1532,2023,4.06762701436438,GDP growth (annual %),XK,Kosovo,Europe & Central Asia,Upper middle income,IDA,20.926,42.565
1533,2022,4.27849895827543,GDP growth (annual %),XK,Kosovo,Europe & Central Asia,Upper middle income,IDA,20.926,42.565
1534,2021,10.7456560819583,GDP growth (annual %),XK,Kosovo,Europe & Central Asia,Upper middle income,IDA,20.926,42.565
1535,2020,-5.34027547826166,GDP growth (annual %),XK,Kosovo,Europe & Central Asia,Upper middle income,IDA,20.926,42.565
1536,2019,4.75680057007834,GDP growth (annual %),XK,Kosovo,Europe & Central Asia,Upper middle income,IDA,20.926,42.565
1537,2018,3.40663227056285,GDP growth (annual %),XK,Kosovo,Europe & Central Asia,Upper middle income,IDA,20.926,42.565
1538,2017,4.82565565298054,GDP growth (annual %),XK,Kosovo,Europe & Central Asia,Upper middle income,IDA,20.926,42.565
1539,2016,5.57177504731632,GDP growth (annual %),XK,Kosovo,Europe & Central Asia,Upper middle income,IDA,20.926,42.565
1540,2025,2.731825804492,GDP growth (annual %),KW,Kuwait,"Middle East, North Africa, Afghanistan & Pakistan",High income,Not classified,47.9824,29.3721
1541,2024,-1.47401818168846,GDP growth (annual %),KW,Kuwait,"Middle East, North Africa, Afghanistan & Pakistan",High income,Not classified,47.9824,29.3721
1542,2023,-1.64087799968877,GDP growth (annual %),KW,Kuwait,"Middle East, North Africa, Afghanistan & Pakistan",High income,Not classified,47.9824,29.3721
1543,2022,6.75866711966617,GDP growth (annual %),KW,Kuwait,"Middle East, North Africa, Afghanistan & Pakistan",High income,Not classified,47.9824,29.3721
1544,2021,1.67213054307859,GDP growth (annual %),KW,Kuwait,"Middle East, North Africa, Afghanistan & Pakistan",High income,Not classified,47.9824,29.3721
1545,2020,-4.81731593381585,GDP growth (annual %),KW,Kuwait,"Middle East, North Africa, Afghanistan & Pakistan",High income,Not classified,47.9824,29.3721
1546,2019,2.26381706595791,GDP growth (annual %),KW,Kuwait,"Middle East, North Africa, Afghanistan & Pakistan",High income,Not classified,47.9824,29.3721
1547,2018,2.74333045031415,GDP growth (annual %),KW,Kuwait,"Middle East, North Africa, Afghanistan & Pakistan",High income,Not classified,47.9824,29.3721
1548,2017,-4.71222270495362,GDP growth (annual %),KW,Kuwait,"Middle East, North Africa, Afghanistan & Pakistan",High income,Not classified,47.9824,29.3721
1549,2016,2.92607584256388,GDP growth (annual %),KW,Kuwait,"Middle East, North Africa, Afghanistan & Pakistan",High income,Not classified,47.9824,29.3721
1550,2025,11.0960203357132,GDP growth (annual %),KG,Kyrgyz Republic,Europe & Central Asia,Lower middle income,IDA,74.6057,42.8851
1551,2024,11.5397119406559,GDP growth (annual %),KG,Kyrgyz Republic,Europe & Central Asia,Lower middle income,IDA,74.6057,42.8851
1552,2023,9.0132928339342,GDP growth (annual %),KG,Kyrgyz Republic,Europe & Central Asia,Lower middle income,IDA,74.6057,42.8851
1553,2022,8.96750520041391,GDP growth (annual %),KG,Kyrgyz Republic,Europe & Central Asia,Lower middle income,IDA,74.6057,42.8851
1554,2021,5.50700762671923,GDP growth (annual %),KG,Kyrgyz Republic,Europe & Central Asia,Lower middle income,IDA,74.6057,42.8851
1555,2020,-7.14897757727955,GDP growth (annual %),KG,Kyrgyz Republic,Europe & Central Asia,Lower middle income,IDA,74.6057,42.8851
1556,2019,4.60062565707598,GDP growth (annual %),KG,Kyrgyz Republic,Europe & Central Asia,Lower middle income,IDA,74.6057,42.8851
1557,2018,3.75791013557165,GDP growth (annual %),KG,Kyrgyz Republic,Europe & Central Asia,Lower middle income,IDA,74.6057,42.8851
1558,2017,4.73993722377884,GDP growth (annual %),KG,Kyrgyz Republic,Europe & Central Asia,Lower middle income,IDA,74.6057,42.8851
1559,2016,4.33585592190116,GDP growth (annual %),KG,Kyrgyz Republic,Europe & Central Asia,Lower middle income,IDA,74.6057,42.8851
1560,2025,4.53760564766725,GDP growth (annual %),LA,Lao PDR,East Asia & Pacific,Lower middle income,IDA,102.177,18.5826
1561,2024,4.13019264438475,GDP growth (annual %),LA,Lao PDR,East Asia & Pacific,Lower middle income,IDA,102.177,18.5826
1562,2023,3.74568140158232,GDP growth (annual %),LA,Lao PDR,East Asia & Pacific,Lower middle income,IDA,102.177,18.5826
1563,2022,2.70742652643155,GDP growth (annual %),LA,Lao PDR,East Asia & Pacific,Lower middle income,IDA,102.177,18.5826
1564,2021,2.52835100486102,GDP growth (annual %),LA,Lao PDR,East Asia & Pacific,Lower middle income,IDA,102.177,18.5826
1565,2020,0.503031829018681,GDP growth (annual %),LA,Lao PDR,East Asia & Pacific,Lower middle income,IDA,102.177,18.5826
1566,2019,5.4577350924848,GDP growth (annual %),LA,Lao PDR,East Asia & Pacific,Lower middle income,IDA,102.177,18.5826
1567,2018,6.24796000755872,GDP growth (annual %),LA,Lao PDR,East Asia & Pacific,Lower middle income,IDA,102.177,18.5826
1568,2017,6.8925308726989,GDP growth (annual %),LA,Lao PDR,East Asia & Pacific,Lower middle income,IDA,102.177,18.5826
1569,2016,7.02283625501138,GDP growth (annual %),LA,Lao PDR,East Asia & Pacific,Lower middle income,IDA,102.177,18.5826
1570,2025,2.13786855731288,GDP growth (annual %),LV,Latvia,Europe & Central Asia,High income,Not classified,24.1048,56.9465
1571,2024,-0.0370556648288982,GDP growth (annual %),LV,Latvia,Europe & Central Asia,High income,Not classified,24.1048,56.9465
1572,2023,-0.941606068823631,GDP growth (annual %),LV,Latvia,Europe & Central Asia,High income,Not classified,24.1048,56.9465
1573,2022,1.90853419029801,GDP growth (annual %),LV,Latvia,Europe & Central Asia,High income,Not classified,24.1048,56.9465
1574,2021,6.94254173062592,GDP growth (annual %),LV,Latvia,Europe & Central Asia,High income,Not classified,24.1048,56.9465
1575,2020,-3.46922750780554,GDP growth (annual %),LV,Latvia,Europe & Central Asia,High income,Not classified,24.1048,56.9465
1576,2019,0.675372771884227,GDP growth (annual %),LV,Latvia,Europe & Central Asia,High income,Not classified,24.1048,56.9465
1577,2018,4.30971286294503,GDP growth (annual %),LV,Latvia,Europe & Central Asia,High income,Not classified,24.1048,56.9465
1578,2017,3.39894872623931,GDP growth (annual %),LV,Latvia,Europe & Central Asia,High income,Not classified,24.1048,56.9465
1579,2016,2.55168601974034,GDP growth (annual %),LV,Latvia,Europe & Central Asia,High income,Not classified,24.1048,56.9465
1580,2025,,GDP growth (annual %),LB,Lebanon,"Middle East, North Africa, Afghanistan & Pakistan",Lower middle income,IBRD,35.5134,33.8872
1581,2024,-7.07989192861814,GDP growth (annual %),LB,Lebanon,"Middle East, North Africa, Afghanistan & Pakistan",Lower middle income,IBRD,35.5134,33.8872
1582,2023,-0.760584470257314,GDP growth (annual %),LB,Lebanon,"Middle East, North Africa, Afghanistan & Pakistan",Lower middle income,IBRD,35.5134,33.8872
1583,2022,-0.621678970663112,GDP growth (annual %),LB,Lebanon,"Middle East, North Africa, Afghanistan & Pakistan",Lower middle income,IBRD,35.5134,33.8872
1584,2021,-7.00123862514116,GDP growth (annual %),LB,Lebanon,"Middle East, North Africa, Afghanistan & Pakistan",Lower middle income,IBRD,35.5134,33.8872
1585,2020,-21.3998996914321,GDP growth (annual %),LB,Lebanon,"Middle East, North Africa, Afghanistan & Pakistan",Lower middle income,IBRD,35.5134,33.8872
1586,2019,-6.91492472851026,GDP growth (annual %),LB,Lebanon,"Middle East, North Africa, Afghanistan & Pakistan",Lower middle income,IBRD,35.5134,33.8872
1587,2018,-1.88470575631651,GDP growth (annual %),LB,Lebanon,"Middle East, North Africa, Afghanistan & Pakistan",Lower middle income,IBRD,35.5134,33.8872
1588,2017,0.903028464073813,GDP growth (annual %),LB,Lebanon,"Middle East, North Africa, Afghanistan & Pakistan",Lower middle income,IBRD,35.5134,33.8872
1589,2016,1.55454940856943,GDP growth (annual %),LB,Lebanon,"Middle East, North Africa, Afghanistan & Pakistan",Lower middle income,IBRD,35.5134,33.8872
1590,2025,1.98256080770996,GDP growth (annual %),LS,Lesotho,Sub-Saharan Africa ,Lower middle income,IDA,27.7167,-29.5208
1591,2024,5.22503380336101,GDP growth (annual %),LS,Lesotho,Sub-Saharan Africa ,Lower middle income,IDA,27.7167,-29.5208
1592,2023,1.69433177608774,GDP growth (annual %),LS,Lesotho,Sub-Saharan Africa ,Lower middle income,IDA,27.7167,-29.5208
1593,2022,2.38778020186284,GDP growth (annual %),LS,Lesotho,Sub-Saharan Africa ,Lower middle income,IDA,27.7167,-29.5208
1594,2021,2.26670961833291,GDP growth (annual %),LS,Lesotho,Sub-Saharan Africa ,Lower middle income,IDA,27.7167,-29.5208
1595,2020,-8.15595785459911,GDP growth (annual %),LS,Lesotho,Sub-Saharan Africa ,Lower middle income,IDA,27.7167,-29.5208
1596,2019,-1.41799383085205,GDP growth (annual %),LS,Lesotho,Sub-Saharan Africa ,Lower middle income,IDA,27.7167,-29.5208
1597,2018,-1.48063315848241,GDP growth (annual %),LS,Lesotho,Sub-Saharan Africa ,Lower middle income,IDA,27.7167,-29.5208
1598,2017,-3.13817493733471,GDP growth (annual %),LS,Lesotho,Sub-Saharan Africa ,Lower middle income,IDA,27.7167,-29.5208
1599,2016,3.60890731687714,GDP growth (annual %),LS,Lesotho,Sub-Saharan Africa ,Lower middle income,IDA,27.7167,-29.5208
1600,2025,5.01656107992214,GDP growth (annual %),LR,Liberia,Sub-Saharan Africa ,Low income,IDA,-10.7957,6.30039
1601,2024,4.02185464964835,GDP growth (annual %),LR,Liberia,Sub-Saharan Africa ,Low income,IDA,-10.7957,6.30039
1602,2023,4.68375688761311,GDP growth (annual %),LR,Liberia,Sub-Saharan Africa ,Low income,IDA,-10.7957,6.30039
1603,2022,4.80810517290655,GDP growth (annual %),LR,Liberia,Sub-Saharan Africa ,Low income,IDA,-10.7957,6.30039
1604,2021,4.98671283481617,GDP growth (annual %),LR,Liberia,Sub-Saharan Africa ,Low income,IDA,-10.7957,6.30039
1605,2020,-2.98249127649473,GDP growth (annual %),LR,Liberia,Sub-Saharan Africa ,Low income,IDA,-10.7957,6.30039
1606,2019,-2.46729763532686,GDP growth (annual %),LR,Liberia,Sub-Saharan Africa ,Low income,IDA,-10.7957,6.30039
1607,2018,1.15757512207355,GDP growth (annual %),LR,Liberia,Sub-Saharan Africa ,Low income,IDA,-10.7957,6.30039
1608,2017,2.45515592012239,GDP growth (annual %),LR,Liberia,Sub-Saharan Africa ,Low income,IDA,-10.7957,6.30039
1609,2016,-1.5549586174878,GDP growth (annual %),LR,Liberia,Sub-Saharan Africa ,Low income,IDA,-10.7957,6.30039
1610,2025,13.3717080516958,GDP growth (annual %),LY,Libya,"Middle East, North Africa, Afghanistan & Pakistan",Upper middle income,IBRD,13.1072,32.8578
1611,2024,1.89995052025442,GDP growth (annual %),LY,Libya,"Middle East, North Africa, Afghanistan & Pakistan",Upper middle income,IBRD,13.1072,32.8578
1612,2023,10.2000497852517,GDP growth (annual %),LY,Libya,"Middle East, North Africa, Afghanistan & Pakistan",Upper middle income,IBRD,13.1072,32.8578
1613,2022,-8.29981811198795,GDP growth (annual %),LY,Libya,"Middle East, North Africa, Afghanistan & Pakistan",Upper middle income,IBRD,13.1072,32.8578
1614,2021,28.2996823429147,GDP growth (annual %),LY,Libya,"Middle East, North Africa, Afghanistan & Pakistan",Upper middle income,IBRD,13.1072,32.8578
1615,2020,-29.4552967282824,GDP growth (annual %),LY,Libya,"Middle East, North Africa, Afghanistan & Pakistan",Upper middle income,IBRD,13.1072,32.8578
1616,2019,-11.1960828853386,GDP growth (annual %),LY,Libya,"Middle East, North Africa, Afghanistan & Pakistan",Upper middle income,IBRD,13.1072,32.8578
1617,2018,7.9413678529104,GDP growth (annual %),LY,Libya,"Middle East, North Africa, Afghanistan & Pakistan",Upper middle income,IBRD,13.1072,32.8578
1618,2017,32.4918021862688,GDP growth (annual %),LY,Libya,"Middle East, North Africa, Afghanistan & Pakistan",Upper middle income,IBRD,13.1072,32.8578
1619,2016,-1.4909411172622,GDP growth (annual %),LY,Libya,"Middle East, North Africa, Afghanistan & Pakistan",Upper middle income,IBRD,13.1072,32.8578
1620,2025,,GDP growth (annual %),LI,Liechtenstein,Europe & Central Asia,High income,Not classified,9.52148,47.1411
1621,2024,,GDP growth (annual %),LI,Liechtenstein,Europe & Central Asia,High income,Not classified,9.52148,47.1411
1622,2023,,GDP growth (annual %),LI,Liechtenstein,Europe & Central Asia,High income,Not classified,9.52148,47.1411
1623,2022,,GDP growth (annual %),LI,Liechtenstein,Europe & Central Asia,High income,Not classified,9.52148,47.1411
1624,2021,,GDP growth (annual %),LI,Liechtenstein,Europe & Central Asia,High income,Not classified,9.52148,47.1411
1625,2020,,GDP growth (annual %),LI,Liechtenstein,Europe & Central Asia,High income,Not classified,9.52148,47.1411
1626,2019,,GDP growth (annual %),LI,Liechtenstein,Europe & Central Asia,High income,Not classified,9.52148,47.1411
1627,2018,,GDP growth (annual %),LI,Liechtenstein,Europe & Central Asia,High income,Not classified,9.52148,47.1411
1628,2017,,GDP growth (annual %),LI,Liechtenstein,Europe & Central Asia,High income,Not classified,9.52148,47.1411
1629,2016,,GDP growth (annual %),LI,Liechtenstein,Europe & Central Asia,High income,Not classified,9.52148,47.1411
1630,2025,2.92007656461696,GDP growth (annual %),LT,Lithuania,Europe & Central Asia,High income,Not classified,25.2799,54.6896
1631,2024,3.03019543767596,GDP growth (annual %),LT,Lithuania,Europe & Central Asia,High income,Not classified,25.2799,54.6896
1632,2023,0.739537398185803,GDP growth (annual %),LT,Lithuania,Europe & Central Asia,High income,Not classified,25.2799,54.6896
1633,2022,2.46532013155011,GDP growth (annual %),LT,Lithuania,Europe & Central Asia,High income,Not classified,25.2799,54.6896
1634,2021,6.39481772930206,GDP growth (annual %),LT,Lithuania,Europe & Central Asia,High income,Not classified,25.2799,54.6896
1635,2020,0.0428158336981426,GDP growth (annual %),LT,Lithuania,Europe & Central Asia,High income,Not classified,25.2799,54.6896
1636,2019,4.67735183530451,GDP growth (annual %),LT,Lithuania,Europe & Central Asia,High income,Not classified,25.2799,54.6896
1637,2018,4.91836780106811,GDP growth (annual %),LT,Lithuania,Europe & Central Asia,High income,Not classified,25.2799,54.6896
1638,2017,4.61224310312809,GDP growth (annual %),LT,Lithuania,Europe & Central Asia,High income,Not classified,25.2799,54.6896
1639,2016,2.67192215053329,GDP growth (annual %),LT,Lithuania,Europe & Central Asia,High income,Not classified,25.2799,54.6896
1640,2025,0.63787818818335,GDP growth (annual %),LU,Luxembourg,Europe & Central Asia,High income,Not classified,6.1296,49.61
1641,2024,0.358614003982225,GDP growth (annual %),LU,Luxembourg,Europe & Central Asia,High income,Not classified,6.1296,49.61
1642,2023,0.0994370594039111,GDP growth (annual %),LU,Luxembourg,Europe & Central Asia,High income,Not classified,6.1296,49.61
1643,2022,-1.09741256293819,GDP growth (annual %),LU,Luxembourg,Europe & Central Asia,High income,Not classified,6.1296,49.61
1644,2021,6.92973270801744,GDP growth (annual %),LU,Luxembourg,Europe & Central Asia,High income,Not classified,6.1296,49.61
1645,2020,-0.510051634039826,GDP growth (annual %),LU,Luxembourg,Europe & Central Asia,High income,Not classified,6.1296,49.61
1646,2019,2.74932091920692,GDP growth (annual %),LU,Luxembourg,Europe & Central Asia,High income,Not classified,6.1296,49.61
1647,2018,1.61129891211624,GDP growth (annual %),LU,Luxembourg,Europe & Central Asia,High income,Not classified,6.1296,49.61
1648,2017,1.31711942298405,GDP growth (annual %),LU,Luxembourg,Europe & Central Asia,High income,Not classified,6.1296,49.61
1649,2016,4.97819047122638,GDP growth (annual %),LU,Luxembourg,Europe & Central Asia,High income,Not classified,6.1296,49.61
1650,2025,4.67106705680436,GDP growth (annual %),MO,"Macao SAR, China",East Asia & Pacific,High income,Not classified,113.55,22.1667
1651,2024,7.84960207010525,GDP growth (annual %),MO,"Macao SAR, China",East Asia & Pacific,High income,Not classified,113.55,22.1667
1652,2023,75.3084184293413,GDP growth (annual %),MO,"Macao SAR, China",East Asia & Pacific,High income,Not classified,113.55,22.1667
1653,2022,-18.956941494497,GDP growth (annual %),MO,"Macao SAR, China",East Asia & Pacific,High income,Not classified,113.55,22.1667
1654,2021,22.4622020023362,GDP growth (annual %),MO,"Macao SAR, China",East Asia & Pacific,High income,Not classified,113.55,22.1667
1655,2020,-54.4020925789353,GDP growth (annual %),MO,"Macao SAR, China",East Asia & Pacific,High income,Not classified,113.55,22.1667
1656,2019,-2.4609094006739,GDP growth (annual %),MO,"Macao SAR, China",East Asia & Pacific,High income,Not classified,113.55,22.1667
1657,2018,6.35917030567686,GDP growth (annual %),MO,"Macao SAR, China",East Asia & Pacific,High income,Not classified,113.55,22.1667
1658,2017,9.91855844513513,GDP growth (annual %),MO,"Macao SAR, China",East Asia & Pacific,High income,Not classified,113.55,22.1667
1659,2016,-0.701510212552961,GDP growth (annual %),MO,"Macao SAR, China",East Asia & Pacific,High income,Not classified,113.55,22.1667
1660,2025,3.002568866856,GDP growth (annual %),MG,Madagascar,Sub-Saharan Africa ,Low income,IDA,45.7167,-20.4667
1661,2024,4.32283728087992,GDP growth (annual %),MG,Madagascar,Sub-Saharan Africa ,Low income,IDA,45.7167,-20.4667
1662,2023,4.23086580696344,GDP growth (annual %),MG,Madagascar,Sub-Saharan Africa ,Low income,IDA,45.7167,-20.4667
1663,2022,4.13753534956307,GDP growth (annual %),MG,Madagascar,Sub-Saharan Africa ,Low income,IDA,45.7167,-20.4667
1664,2021,4.65068343174309,GDP growth (annual %),MG,Madagascar,Sub-Saharan Africa ,Low income,IDA,45.7167,-20.4667
1665,2020,-7.13767162064489,GDP growth (annual %),MG,Madagascar,Sub-Saharan Africa ,Low income,IDA,45.7167,-20.4667
1666,2019,4.41123212909589,GDP growth (annual %),MG,Madagascar,Sub-Saharan Africa ,Low income,IDA,45.7167,-20.4667
1667,2018,3.19435651744398,GDP growth (annual %),MG,Madagascar,Sub-Saharan Africa ,Low income,IDA,45.7167,-20.4667
1668,2017,3.93330759462793,GDP growth (annual %),MG,Madagascar,Sub-Saharan Africa ,Low income,IDA,45.7167,-20.4667
1669,2016,3.99314606199499,GDP growth (annual %),MG,Madagascar,Sub-Saharan Africa ,Low income,IDA,45.7167,-20.4667
1670,2025,1.88518707821663,GDP growth (annual %),MW,Malawi,Sub-Saharan Africa ,Low income,IDA,33.7703,-13.9899
1671,2024,1.6734340852915,GDP growth (annual %),MW,Malawi,Sub-Saharan Africa ,Low income,IDA,33.7703,-13.9899
1672,2023,1.94575281675984,GDP growth (annual %),MW,Malawi,Sub-Saharan Africa ,Low income,IDA,33.7703,-13.9899
1673,2022,0.921115069005936,GDP growth (annual %),MW,Malawi,Sub-Saharan Africa ,Low income,IDA,33.7703,-13.9899
1674,2021,4.55829212016083,GDP growth (annual %),MW,Malawi,Sub-Saharan Africa ,Low income,IDA,33.7703,-13.9899
1675,2020,0.793596429787286,GDP growth (annual %),MW,Malawi,Sub-Saharan Africa ,Low income,IDA,33.7703,-13.9899
1676,2019,5.71682519194337,GDP growth (annual %),MW,Malawi,Sub-Saharan Africa ,Low income,IDA,33.7703,-13.9899
1677,2018,4.35356471619211,GDP growth (annual %),MW,Malawi,Sub-Saharan Africa ,Low income,IDA,33.7703,-13.9899
1678,2017,4.00000000089172,GDP growth (annual %),MW,Malawi,Sub-Saharan Africa ,Low income,IDA,33.7703,-13.9899
1679,2016,2.49999999914311,GDP growth (annual %),MW,Malawi,Sub-Saharan Africa ,Low income,IDA,33.7703,-13.9899
1680,2025,5.17127082911057,GDP growth (annual %),MY,Malaysia,East Asia & Pacific,Upper middle income,IBRD,101.684,3.12433
1681,2024,5.10545921024041,GDP growth (annual %),MY,Malaysia,East Asia & Pacific,Upper middle income,IBRD,101.684,3.12433
1682,2023,3.5370638041057,GDP growth (annual %),MY,Malaysia,East Asia & Pacific,Upper middle income,IBRD,101.684,3.12433
1683,2022,9.03173723044451,GDP growth (annual %),MY,Malaysia,East Asia & Pacific,Upper middle income,IBRD,101.684,3.12433
1684,2021,3.31534954399166,GDP growth (annual %),MY,Malaysia,East Asia & Pacific,Upper middle income,IBRD,101.684,3.12433
1685,2020,-5.45684658426701,GDP growth (annual %),MY,Malaysia,East Asia & Pacific,Upper middle income,IBRD,101.684,3.12433
1686,2019,4.41318742129586,GDP growth (annual %),MY,Malaysia,East Asia & Pacific,Upper middle income,IBRD,101.684,3.12433
1687,2018,4.84308697634881,GDP growth (annual %),MY,Malaysia,East Asia & Pacific,Upper middle income,IBRD,101.684,3.12433
1688,2017,5.81272240983328,GDP growth (annual %),MY,Malaysia,East Asia & Pacific,Upper middle income,IBRD,101.684,3.12433
1689,2016,4.44978139761541,GDP growth (annual %),MY,Malaysia,East Asia & Pacific,Upper middle income,IBRD,101.684,3.12433
1690,2025,6.31092335003081,GDP growth (annual %),MV,Maldives,South Asia,Upper middle income,IDA,73.5109,4.1742
1691,2024,3.49440422654285,GDP growth (annual %),MV,Maldives,South Asia,Upper middle income,IDA,73.5109,4.1742
1692,2023,4.94286301229583,GDP growth (annual %),MV,Maldives,South Asia,Upper middle income,IDA,73.5109,4.1742
1693,2022,13.8260895184139,GDP growth (annual %),MV,Maldives,South Asia,Upper middle income,IDA,73.5109,4.1742
1694,2021,37.507870124321,GDP growth (annual %),MV,Maldives,South Asia,Upper middle income,IDA,73.5109,4.1742
1695,2020,-32.9088287752921,GDP growth (annual %),MV,Maldives,South Asia,Upper middle income,IDA,73.5109,4.1742
1696,2019,6.92305989050099,GDP growth (annual %),MV,Maldives,South Asia,Upper middle income,IDA,73.5109,4.1742
1697,2018,8.5689555834747,GDP growth (annual %),MV,Maldives,South Asia,Upper middle income,IDA,73.5109,4.1742
1698,2017,7.07442863215275,GDP growth (annual %),MV,Maldives,South Asia,Upper middle income,IDA,73.5109,4.1742
1699,2016,6.37528306716864,GDP growth (annual %),MV,Maldives,South Asia,Upper middle income,IDA,73.5109,4.1742
1700,2025,5.59946842896643,GDP growth (annual %),ML,Mali,Sub-Saharan Africa ,Low income,IDA,-7.50034,13.5667
1701,2024,5.01653579205785,GDP growth (annual %),ML,Mali,Sub-Saharan Africa ,Low income,IDA,-7.50034,13.5667
1702,2023,4.76394100040932,GDP growth (annual %),ML,Mali,Sub-Saharan Africa ,Low income,IDA,-7.50034,13.5667
1703,2022,3.70319027585386,GDP growth (annual %),ML,Mali,Sub-Saharan Africa ,Low income,IDA,-7.50034,13.5667
1704,2021,3.10094124463507,GDP growth (annual %),ML,Mali,Sub-Saharan Africa ,Low income,IDA,-7.50034,13.5667
1705,2020,-1.16910834857605,GDP growth (annual %),ML,Mali,Sub-Saharan Africa ,Low income,IDA,-7.50034,13.5667
1706,2019,4.99999911699705,GDP growth (annual %),ML,Mali,Sub-Saharan Africa ,Low income,IDA,-7.50034,13.5667
1707,2018,4.86784999935264,GDP growth (annual %),ML,Mali,Sub-Saharan Africa ,Low income,IDA,-7.50034,13.5667
1708,2017,5.37554769647939,GDP growth (annual %),ML,Mali,Sub-Saharan Africa ,Low income,IDA,-7.50034,13.5667
1709,2016,6.00506308559498,GDP growth (annual %),ML,Mali,Sub-Saharan Africa ,Low income,IDA,-7.50034,13.5667
1710,2025,3.96156139018959,GDP growth (annual %),MT,Malta,"Middle East, North Africa, Afghanistan & Pakistan",High income,Not classified,14.5189,35.9042
1711,2024,6.21275996991034,GDP growth (annual %),MT,Malta,"Middle East, North Africa, Afghanistan & Pakistan",High income,Not classified,14.5189,35.9042
1712,2023,10.6340558017004,GDP growth (annual %),MT,Malta,"Middle East, North Africa, Afghanistan & Pakistan",High income,Not classified,14.5189,35.9042
1713,2022,2.59276776884379,GDP growth (annual %),MT,Malta,"Middle East, North Africa, Afghanistan & Pakistan",High income,Not classified,14.5189,35.9042
1714,2021,13.3509818925498,GDP growth (annual %),MT,Malta,"Middle East, North Africa, Afghanistan & Pakistan",High income,Not classified,14.5189,35.9042
1715,2020,-3.45728232537419,GDP growth (annual %),MT,Malta,"Middle East, North Africa, Afghanistan & Pakistan",High income,Not classified,14.5189,35.9042
1716,2019,4.0850557312243,GDP growth (annual %),MT,Malta,"Middle East, North Africa, Afghanistan & Pakistan",High income,Not classified,14.5189,35.9042
1717,2018,7.18921425536917,GDP growth (annual %),MT,Malta,"Middle East, North Africa, Afghanistan & Pakistan",High income,Not classified,14.5189,35.9042
1718,2017,12.9713425287845,GDP growth (annual %),MT,Malta,"Middle East, North Africa, Afghanistan & Pakistan",High income,Not classified,14.5189,35.9042
1719,2016,4.07800422216982,GDP growth (annual %),MT,Malta,"Middle East, North Africa, Afghanistan & Pakistan",High income,Not classified,14.5189,35.9042
1720,2025,2.28310502283105,GDP growth (annual %),MH,Marshall Islands,East Asia & Pacific,Upper middle income,IDA,171.135,7.11046
1721,2024,3.30188679245282,GDP growth (annual %),MH,Marshall Islands,East Asia & Pacific,Upper middle income,IDA,171.135,7.11046
1722,2023,-5.39477377525279,GDP growth (annual %),MH,Marshall Islands,East Asia & Pacific,Upper middle income,IDA,171.135,7.11046
1723,2022,-0.700580183196621,GDP growth (annual %),MH,Marshall Islands,East Asia & Pacific,Upper middle income,IDA,171.135,7.11046
1724,2021,2.15939339067452,GDP growth (annual %),MH,Marshall Islands,East Asia & Pacific,Upper middle income,IDA,171.135,7.11046
1725,2020,-2.77288732394366,GDP growth (annual %),MH,Marshall Islands,East Asia & Pacific,Upper middle income,IDA,171.135,7.11046
1726,2019,10.4521147301896,GDP growth (annual %),MH,Marshall Islands,East Asia & Pacific,Upper middle income,IDA,171.135,7.11046
1727,2018,5.48717948717949,GDP growth (annual %),MH,Marshall Islands,East Asia & Pacific,Upper middle income,IDA,171.135,7.11046
1728,2017,3.55815188528943,GDP growth (annual %),MH,Marshall Islands,East Asia & Pacific,Upper middle income,IDA,171.135,7.11046
1729,2016,2.5040827436037,GDP growth (annual %),MH,Marshall Islands,East Asia & Pacific,Upper middle income,IDA,171.135,7.11046
1730,2025,4.02891976567948,GDP growth (annual %),MR,Mauritania,Sub-Saharan Africa ,Lower middle income,IDA,-15.9824,18.2367
1731,2024,6.3076021190402,GDP growth (annual %),MR,Mauritania,Sub-Saharan Africa ,Lower middle income,IDA,-15.9824,18.2367
1732,2023,6.80949002457973,GDP growth (annual %),MR,Mauritania,Sub-Saharan Africa ,Lower middle income,IDA,-15.9824,18.2367
1733,2022,6.7960049994761,GDP growth (annual %),MR,Mauritania,Sub-Saharan Africa ,Lower middle income,IDA,-15.9824,18.2367
1734,2021,0.7427154981402,GDP growth (annual %),MR,Mauritania,Sub-Saharan Africa ,Lower middle income,IDA,-15.9824,18.2367
1735,2020,-0.36065738652286,GDP growth (annual %),MR,Mauritania,Sub-Saharan Africa ,Lower middle income,IDA,-15.9824,18.2367
1736,2019,3.14100489264639,GDP growth (annual %),MR,Mauritania,Sub-Saharan Africa ,Lower middle income,IDA,-15.9824,18.2367
1737,2018,4.77217363890155,GDP growth (annual %),MR,Mauritania,Sub-Saharan Africa ,Lower middle income,IDA,-15.9824,18.2367
1738,2017,6.27054569386574,GDP growth (annual %),MR,Mauritania,Sub-Saharan Africa ,Lower middle income,IDA,-15.9824,18.2367
1739,2016,1.26090922448303,GDP growth (annual %),MR,Mauritania,Sub-Saharan Africa ,Lower middle income,IDA,-15.9824,18.2367
1740,2025,3.15157395305867,GDP growth (annual %),MU,Mauritius,Sub-Saharan Africa ,Upper middle income,IBRD,57.4977,-20.1605
1741,2024,4.94844235250574,GDP growth (annual %),MU,Mauritius,Sub-Saharan Africa ,Upper middle income,IBRD,57.4977,-20.1605
1742,2023,4.69918189687444,GDP growth (annual %),MU,Mauritius,Sub-Saharan Africa ,Upper middle income,IBRD,57.4977,-20.1605
1743,2022,8.3424438025047,GDP growth (annual %),MU,Mauritius,Sub-Saharan Africa ,Upper middle income,IBRD,57.4977,-20.1605
1744,2021,3.33809084057279,GDP growth (annual %),MU,Mauritius,Sub-Saharan Africa ,Upper middle income,IBRD,57.4977,-20.1605
1745,2020,-14.1974358137792,GDP growth (annual %),MU,Mauritius,Sub-Saharan Africa ,Upper middle income,IBRD,57.4977,-20.1605
1746,2019,2.86394938684734,GDP growth (annual %),MU,Mauritius,Sub-Saharan Africa ,Upper middle income,IBRD,57.4977,-20.1605
1747,2018,4.11669369456492,GDP growth (annual %),MU,Mauritius,Sub-Saharan Africa ,Upper middle income,IBRD,57.4977,-20.1605
1748,2017,3.95441730960265,GDP growth (annual %),MU,Mauritius,Sub-Saharan Africa ,Upper middle income,IBRD,57.4977,-20.1605
1749,2016,3.88576121076034,GDP growth (annual %),MU,Mauritius,Sub-Saharan Africa ,Upper middle income,IBRD,57.4977,-20.1605
1750,2025,0.561683456144578,GDP growth (annual %),MX,Mexico,Latin America & Caribbean ,Upper middle income,IBRD,-99.1276,19.427
1751,2024,1.35057631384696,GDP growth (annual %),MX,Mexico,Latin America & Caribbean ,Upper middle income,IBRD,-99.1276,19.427
1752,2023,3.1067964131456,GDP growth (annual %),MX,Mexico,Latin America & Caribbean ,Upper middle income,IBRD,-99.1276,19.427
1753,2022,3.70975708309098,GDP growth (annual %),MX,Mexico,Latin America & Caribbean ,Upper middle income,IBRD,-99.1276,19.427
1754,2021,6.04848347173572,GDP growth (annual %),MX,Mexico,Latin America & Caribbean ,Upper middle income,IBRD,-99.1276,19.427
1755,2020,-8.35403459379062,GDP growth (annual %),MX,Mexico,Latin America & Caribbean ,Upper middle income,IBRD,-99.1276,19.427
1756,2019,-0.392690513290532,GDP growth (annual %),MX,Mexico,Latin America & Caribbean ,Upper middle income,IBRD,-99.1276,19.427
1757,2018,1.97208211101069,GDP growth (annual %),MX,Mexico,Latin America & Caribbean ,Upper middle income,IBRD,-99.1276,19.427
1758,2017,1.87172854648381,GDP growth (annual %),MX,Mexico,Latin America & Caribbean ,Upper middle income,IBRD,-99.1276,19.427
1759,2016,1.7724932254128,GDP growth (annual %),MX,Mexico,Latin America & Caribbean ,Upper middle income,IBRD,-99.1276,19.427
1760,2025,1.0626071425539,GDP growth (annual %),FM,"Micronesia, Fed. Sts.",East Asia & Pacific,Upper middle income,IDA,158.185,6.91771
1761,2024,2.30132923576443,GDP growth (annual %),FM,"Micronesia, Fed. Sts.",East Asia & Pacific,Upper middle income,IDA,158.185,6.91771
1762,2023,1.13097800090873,GDP growth (annual %),FM,"Micronesia, Fed. Sts.",East Asia & Pacific,Upper middle income,IDA,158.185,6.91771
1763,2022,-3.11412501063803,GDP growth (annual %),FM,"Micronesia, Fed. Sts.",East Asia & Pacific,Upper middle income,IDA,158.185,6.91771
1764,2021,3.09969928290539,GDP growth (annual %),FM,"Micronesia, Fed. Sts.",East Asia & Pacific,Upper middle income,IDA,158.185,6.91771
1765,2020,-2.05703124999999,GDP growth (annual %),FM,"Micronesia, Fed. Sts.",East Asia & Pacific,Upper middle income,IDA,158.185,6.91771
1766,2019,3.64372469635627,GDP growth (annual %),FM,"Micronesia, Fed. Sts.",East Asia & Pacific,Upper middle income,IDA,158.185,6.91771
1767,2018,0.406504065040664,GDP growth (annual %),FM,"Micronesia, Fed. Sts.",East Asia & Pacific,Upper middle income,IDA,158.185,6.91771
1768,2017,2.07468879668049,GDP growth (annual %),FM,"Micronesia, Fed. Sts.",East Asia & Pacific,Upper middle income,IDA,158.185,6.91771
1769,2016,1.26050420168067,GDP growth (annual %),FM,"Micronesia, Fed. Sts.",East Asia & Pacific,Upper middle income,IDA,158.185,6.91771
1770,2025,2.41649734575068,GDP growth (annual %),MD,Moldova,Europe & Central Asia,Upper middle income,IBRD,28.8497,47.0167
1771,2024,0.270670455512573,GDP growth (annual %),MD,Moldova,Europe & Central Asia,Upper middle income,IBRD,28.8497,47.0167
1772,2023,1.18802067937429,GDP growth (annual %),MD,Moldova,Europe & Central Asia,Upper middle income,IBRD,28.8497,47.0167
1773,2022,-4.64785101037361,GDP growth (annual %),MD,Moldova,Europe & Central Asia,Upper middle income,IBRD,28.8497,47.0167
1774,2021,13.9299997889786,GDP growth (annual %),MD,Moldova,Europe & Central Asia,Upper middle income,IBRD,28.8497,47.0167
1775,2020,-8.27597831976949,GDP growth (annual %),MD,Moldova,Europe & Central Asia,Upper middle income,IBRD,28.8497,47.0167
1776,2019,3.5523140853476,GDP growth (annual %),MD,Moldova,Europe & Central Asia,Upper middle income,IBRD,28.8497,47.0167
1777,2018,4.07559546585034,GDP growth (annual %),MD,Moldova,Europe & Central Asia,Upper middle income,IBRD,28.8497,47.0167
1778,2017,4.17561205106279,GDP growth (annual %),MD,Moldova,Europe & Central Asia,Upper middle income,IBRD,28.8497,47.0167
1779,2016,4.64601436259409,GDP growth (annual %),MD,Moldova,Europe & Central Asia,Upper middle income,IBRD,28.8497,47.0167
1780,2025,,GDP growth (annual %),MC,Monaco,Europe & Central Asia,High income,Not classified,7.41891,43.7325
1781,2024,8.51053758860212,GDP growth (annual %),MC,Monaco,Europe & Central Asia,High income,Not classified,7.41891,43.7325
1782,2023,5.44395088840088,GDP growth (annual %),MC,Monaco,Europe & Central Asia,High income,Not classified,7.41891,43.7325
1783,2022,11.2662955198601,GDP growth (annual %),MC,Monaco,Europe & Central Asia,High income,Not classified,7.41891,43.7325
1784,2021,22.2322155851208,GDP growth (annual %),MC,Monaco,Europe & Central Asia,High income,Not classified,7.41891,43.7325
1785,2020,-13.2391048292108,GDP growth (annual %),MC,Monaco,Europe & Central Asia,High income,Not classified,7.41891,43.7325
1786,2019,7.12088951975396,GDP growth (annual %),MC,Monaco,Europe & Central Asia,High income,Not classified,7.41891,43.7325
1787,2018,5.69790121192926,GDP growth (annual %),MC,Monaco,Europe & Central Asia,High income,Not classified,7.41891,43.7325
1788,2017,-3.20618323813213,GDP growth (annual %),MC,Monaco,Europe & Central Asia,High income,Not classified,7.41891,43.7325
1789,2016,3.00844358752744,GDP growth (annual %),MC,Monaco,Europe & Central Asia,High income,Not classified,7.41891,43.7325
1790,2025,6.84391415938607,GDP growth (annual %),MN,Mongolia,East Asia & Pacific,Upper middle income,IBRD,106.937,47.9129
1791,2024,5.12204539122661,GDP growth (annual %),MN,Mongolia,East Asia & Pacific,Upper middle income,IBRD,106.937,47.9129
1792,2023,7.4221127615025,GDP growth (annual %),MN,Mongolia,East Asia & Pacific,Upper middle income,IBRD,106.937,47.9129
1793,2022,5.0327096366527,GDP growth (annual %),MN,Mongolia,East Asia & Pacific,Upper middle income,IBRD,106.937,47.9129
1794,2021,1.63676957736662,GDP growth (annual %),MN,Mongolia,East Asia & Pacific,Upper middle income,IBRD,106.937,47.9129
1795,2020,-4.55775197583431,GDP growth (annual %),MN,Mongolia,East Asia & Pacific,Upper middle income,IBRD,106.937,47.9129
1796,2019,5.60224422064255,GDP growth (annual %),MN,Mongolia,East Asia & Pacific,Upper middle income,IBRD,106.937,47.9129
1797,2018,7.74488062024881,GDP growth (annual %),MN,Mongolia,East Asia & Pacific,Upper middle income,IBRD,106.937,47.9129
1798,2017,5.63687638694772,GDP growth (annual %),MN,Mongolia,East Asia & Pacific,Upper middle income,IBRD,106.937,47.9129
1799,2016,1.48978448679577,GDP growth (annual %),MN,Mongolia,East Asia & Pacific,Upper middle income,IBRD,106.937,47.9129
1800,2025,2.74455354258522,GDP growth (annual %),ME,Montenegro,Europe & Central Asia,Upper middle income,IBRD,19.2595,42.4602
1801,2024,3.16409886329913,GDP growth (annual %),ME,Montenegro,Europe & Central Asia,Upper middle income,IBRD,19.2595,42.4602
1802,2023,6.47836283518564,GDP growth (annual %),ME,Montenegro,Europe & Central Asia,Upper middle income,IBRD,19.2595,42.4602
1803,2022,7.73954689516201,GDP growth (annual %),ME,Montenegro,Europe & Central Asia,Upper middle income,IBRD,19.2595,42.4602
1804,2021,13.0462607426359,GDP growth (annual %),ME,Montenegro,Europe & Central Asia,Upper middle income,IBRD,19.2595,42.4602
1805,2020,-14.9926187023533,GDP growth (annual %),ME,Montenegro,Europe & Central Asia,Upper middle income,IBRD,19.2595,42.4602
1806,2019,4.39391565821528,GDP growth (annual %),ME,Montenegro,Europe & Central Asia,Upper middle income,IBRD,19.2595,42.4602
1807,2018,4.73292113433965,GDP growth (annual %),ME,Montenegro,Europe & Central Asia,Upper middle income,IBRD,19.2595,42.4602
1808,2017,3.21668504736274,GDP growth (annual %),ME,Montenegro,Europe & Central Asia,Upper middle income,IBRD,19.2595,42.4602
1809,2016,3.4393056210999,GDP growth (annual %),ME,Montenegro,Europe & Central Asia,Upper middle income,IBRD,19.2595,42.4602
1810,2025,4.59524349182247,GDP growth (annual %),MA,Morocco,"Middle East, North Africa, Afghanistan & Pakistan",Lower middle income,IBRD,-6.8704,33.9905
1811,2024,3.79336515978963,GDP growth (annual %),MA,Morocco,"Middle East, North Africa, Afghanistan & Pakistan",Lower middle income,IBRD,-6.8704,33.9905
1812,2023,3.65564411017931,GDP growth (annual %),MA,Morocco,"Middle East, North Africa, Afghanistan & Pakistan",Lower middle income,IBRD,-6.8704,33.9905
1813,2022,1.81269242194809,GDP growth (annual %),MA,Morocco,"Middle East, North Africa, Afghanistan & Pakistan",Lower middle income,IBRD,-6.8704,33.9905
1814,2021,8.15473889823681,GDP growth (annual %),MA,Morocco,"Middle East, North Africa, Afghanistan & Pakistan",Lower middle income,IBRD,-6.8704,33.9905
1815,2020,-7.17820744246774,GDP growth (annual %),MA,Morocco,"Middle East, North Africa, Afghanistan & Pakistan",Lower middle income,IBRD,-6.8704,33.9905
1816,2019,2.89097476137077,GDP growth (annual %),MA,Morocco,"Middle East, North Africa, Afghanistan & Pakistan",Lower middle income,IBRD,-6.8704,33.9905
1817,2018,3.06564133025955,GDP growth (annual %),MA,Morocco,"Middle East, North Africa, Afghanistan & Pakistan",Lower middle income,IBRD,-6.8704,33.9905
1818,2017,5.05789816173446,GDP growth (annual %),MA,Morocco,"Middle East, North Africa, Afghanistan & Pakistan",Lower middle income,IBRD,-6.8704,33.9905
1819,2016,0.52118550608968,GDP growth (annual %),MA,Morocco,"Middle East, North Africa, Afghanistan & Pakistan",Lower middle income,IBRD,-6.8704,33.9905
1820,2025,-0.523485382072337,GDP growth (annual %),MZ,Mozambique,Sub-Saharan Africa ,Low income,IDA,32.5713,-25.9664
1821,2024,2.14892499135355,GDP growth (annual %),MZ,Mozambique,Sub-Saharan Africa ,Low income,IDA,32.5713,-25.9664
1822,2023,5.50384456650241,GDP growth (annual %),MZ,Mozambique,Sub-Saharan Africa ,Low income,IDA,32.5713,-25.9664
1823,2022,4.3693080193804,GDP growth (annual %),MZ,Mozambique,Sub-Saharan Africa ,Low income,IDA,32.5713,-25.9664
1824,2021,2.37743572761507,GDP growth (annual %),MZ,Mozambique,Sub-Saharan Africa ,Low income,IDA,32.5713,-25.9664
1825,2020,-1.21952250011192,GDP growth (annual %),MZ,Mozambique,Sub-Saharan Africa ,Low income,IDA,32.5713,-25.9664
1826,2019,2.31781394821475,GDP growth (annual %),MZ,Mozambique,Sub-Saharan Africa ,Low income,IDA,32.5713,-25.9664
1827,2018,3.48493202422782,GDP growth (annual %),MZ,Mozambique,Sub-Saharan Africa ,Low income,IDA,32.5713,-25.9664
1828,2017,2.63820737310658,GDP growth (annual %),MZ,Mozambique,Sub-Saharan Africa ,Low income,IDA,32.5713,-25.9664
1829,2016,4.69699024225795,GDP growth (annual %),MZ,Mozambique,Sub-Saharan Africa ,Low income,IDA,32.5713,-25.9664
1830,2025,-2.01184475795665,GDP growth (annual %),MM,Myanmar,East Asia & Pacific,Lower middle income,IDA,95.9562,21.914
1831,2024,-0.97204641363362,GDP growth (annual %),MM,Myanmar,East Asia & Pacific,Lower middle income,IDA,95.9562,21.914
1832,2023,0.958446625126115,GDP growth (annual %),MM,Myanmar,East Asia & Pacific,Lower middle income,IDA,95.9562,21.914
1833,2022,4.0374934360085,GDP growth (annual %),MM,Myanmar,East Asia & Pacific,Lower middle income,IDA,95.9562,21.914
1834,2021,-12.0163724829177,GDP growth (annual %),MM,Myanmar,East Asia & Pacific,Lower middle income,IDA,95.9562,21.914
1835,2020,-9.04834717984643,GDP growth (annual %),MM,Myanmar,East Asia & Pacific,Lower middle income,IDA,95.9562,21.914
1836,2019,6.57911006765414,GDP growth (annual %),MM,Myanmar,East Asia & Pacific,Lower middle income,IDA,95.9562,21.914
1837,2018,6.26886221471075,GDP growth (annual %),MM,Myanmar,East Asia & Pacific,Lower middle income,IDA,95.9562,21.914
1838,2017,6.13610824360305,GDP growth (annual %),MM,Myanmar,East Asia & Pacific,Lower middle income,IDA,95.9562,21.914
1839,2016,5.86247291518572,GDP growth (annual %),MM,Myanmar,East Asia & Pacific,Lower middle income,IDA,95.9562,21.914
1840,2025,1.73018153842335,GDP growth (annual %),NA,Namibia,Sub-Saharan Africa ,Lower middle income,IBRD,17.0931,-22.5648
1841,2024,3.77851723267591,GDP growth (annual %),NA,Namibia,Sub-Saharan Africa ,Lower middle income,IBRD,17.0931,-22.5648
1842,2023,4.32498048866805,GDP growth (annual %),NA,Namibia,Sub-Saharan Africa ,Lower middle income,IBRD,17.0931,-22.5648
1843,2022,5.3987247803654,GDP growth (annual %),NA,Namibia,Sub-Saharan Africa ,Lower middle income,IBRD,17.0931,-22.5648
1844,2021,3.60382919248703,GDP growth (annual %),NA,Namibia,Sub-Saharan Africa ,Lower middle income,IBRD,17.0931,-22.5648
1845,2020,-8.10140201443319,GDP growth (annual %),NA,Namibia,Sub-Saharan Africa ,Lower middle income,IBRD,17.0931,-22.5648
1846,2019,-0.839152163419357,GDP growth (annual %),NA,Namibia,Sub-Saharan Africa ,Lower middle income,IBRD,17.0931,-22.5648
1847,2018,1.05993949860752,GDP growth (annual %),NA,Namibia,Sub-Saharan Africa ,Lower middle income,IBRD,17.0931,-22.5648
1848,2017,-1.02724808856709,GDP growth (annual %),NA,Namibia,Sub-Saharan Africa ,Lower middle income,IBRD,17.0931,-22.5648
1849,2016,0.0337944502063294,GDP growth (annual %),NA,Namibia,Sub-Saharan Africa ,Lower middle income,IBRD,17.0931,-22.5648
1850,2025,2.14285714285656,GDP growth (annual %),NR,Naoero,East Asia & Pacific,High income,IBRD,166.920867,-0.5477
1851,2024,1.44927536231899,GDP growth (annual %),NR,Naoero,East Asia & Pacific,High income,IBRD,166.920867,-0.5477
1852,2023,-0.719424460431725,GDP growth (annual %),NR,Naoero,East Asia & Pacific,High income,IBRD,166.920867,-0.5477
1853,2022,0.0,GDP growth (annual %),NR,Naoero,East Asia & Pacific,High income,IBRD,166.920867,-0.5477
1854,2021,7.75193798449692,GDP growth (annual %),NR,Naoero,East Asia & Pacific,High income,IBRD,166.920867,-0.5477
1855,2020,1.57480314960559,GDP growth (annual %),NR,Naoero,East Asia & Pacific,High income,IBRD,166.920867,-0.5477
1856,2019,8.5470085470084,GDP growth (annual %),NR,Naoero,East Asia & Pacific,High income,IBRD,166.920867,-0.5477
1857,2018,-0.847457627118729,GDP growth (annual %),NR,Naoero,East Asia & Pacific,High income,IBRD,166.920867,-0.5477
1858,2017,-6.34920634920609,GDP growth (annual %),NR,Naoero,East Asia & Pacific,High income,IBRD,166.920867,-0.5477
1859,2016,4.13223140495909,GDP growth (annual %),NR,Naoero,East Asia & Pacific,High income,IBRD,166.920867,-0.5477
1860,2025,4.43073194983359,GDP growth (annual %),NP,Nepal,South Asia,Lower middle income,IDA,85.3157,27.6939
1861,2024,3.67787459697703,GDP growth (annual %),NP,Nepal,South Asia,Lower middle income,IDA,85.3157,27.6939
1862,2023,1.98254843461849,GDP growth (annual %),NP,Nepal,South Asia,Lower middle income,IDA,85.3157,27.6939
1863,2022,5.6313145568451,GDP growth (annual %),NP,Nepal,South Asia,Lower middle income,IDA,85.3157,27.6939
1864,2021,4.838149614115,GDP growth (annual %),NP,Nepal,South Asia,Lower middle income,IDA,85.3157,27.6939
1865,2020,-2.3696206292072,GDP growth (annual %),NP,Nepal,South Asia,Lower middle income,IDA,85.3157,27.6939
1866,2019,6.65705543110468,GDP growth (annual %),NP,Nepal,South Asia,Lower middle income,IDA,85.3157,27.6939
1867,2018,7.62237610397933,GDP growth (annual %),NP,Nepal,South Asia,Lower middle income,IDA,85.3157,27.6939
1868,2017,8.97727935643466,GDP growth (annual %),NP,Nepal,South Asia,Lower middle income,IDA,85.3157,27.6939
1869,2016,0.433113719381524,GDP growth (annual %),NP,Nepal,South Asia,Lower middle income,IDA,85.3157,27.6939
1870,2025,1.78463214703797,GDP growth (annual %),NL,Netherlands,Europe & Central Asia,High income,Not classified,4.89095,52.3738
1871,2024,1.07383137319854,GDP growth (annual %),NL,Netherlands,Europe & Central Asia,High income,Not classified,4.89095,52.3738
1872,2023,-0.598061017580278,GDP growth (annual %),NL,Netherlands,Europe & Central Asia,High income,Not classified,4.89095,52.3738
1873,2022,5.00723453395074,GDP growth (annual %),NL,Netherlands,Europe & Central Asia,High income,Not classified,4.89095,52.3738
1874,2021,6.27683593745216,GDP growth (annual %),NL,Netherlands,Europe & Central Asia,High income,Not classified,4.89095,52.3738
1875,2020,-3.86799714191608,GDP growth (annual %),NL,Netherlands,Europe & Central Asia,High income,Not classified,4.89095,52.3738
1876,2019,2.3001616053659,GDP growth (annual %),NL,Netherlands,Europe & Central Asia,High income,Not classified,4.89095,52.3738
1877,2018,2.25873158164956,GDP growth (annual %),NL,Netherlands,Europe & Central Asia,High income,Not classified,4.89095,52.3738
1878,2017,2.78150834679987,GDP growth (annual %),NL,Netherlands,Europe & Central Asia,High income,Not classified,4.89095,52.3738
1879,2016,2.42428065449427,GDP growth (annual %),NL,Netherlands,Europe & Central Asia,High income,Not classified,4.89095,52.3738
1880,2025,,GDP growth (annual %),NC,New Caledonia,East Asia & Pacific,High income,Not classified,166.464,-22.2677
1881,2024,-13.4999999989747,GDP growth (annual %),NC,New Caledonia,East Asia & Pacific,High income,Not classified,166.464,-22.2677
1882,2023,2.79999999603682,GDP growth (annual %),NC,New Caledonia,East Asia & Pacific,High income,Not classified,166.464,-22.2677
1883,2022,3.50000000289097,GDP growth (annual %),NC,New Caledonia,East Asia & Pacific,High income,Not classified,166.464,-22.2677
1884,2021,-2.0999999972552,GDP growth (annual %),NC,New Caledonia,East Asia & Pacific,High income,Not classified,166.464,-22.2677
1885,2020,-2.40000000692145,GDP growth (annual %),NC,New Caledonia,East Asia & Pacific,High income,Not classified,166.464,-22.2677
1886,2019,-1.39999999506659,GDP growth (annual %),NC,New Caledonia,East Asia & Pacific,High income,Not classified,166.464,-22.2677
1887,2018,0.400000000000006,GDP growth (annual %),NC,New Caledonia,East Asia & Pacific,High income,Not classified,166.464,-22.2677
1888,2017,,GDP growth (annual %),NC,New Caledonia,East Asia & Pacific,High income,Not classified,166.464,-22.2677
1889,2016,,GDP growth (annual %),NC,New Caledonia,East Asia & Pacific,High income,Not classified,166.464,-22.2677
1890,2025,0.462871830681081,GDP growth (annual %),NZ,New Zealand,East Asia & Pacific,High income,Not classified,174.776,-41.2865
1891,2024,-0.868722371893952,GDP growth (annual %),NZ,New Zealand,East Asia & Pacific,High income,Not classified,174.776,-41.2865
1892,2023,1.81389453412019,GDP growth (annual %),NZ,New Zealand,East Asia & Pacific,High income,Not classified,174.776,-41.2865
1893,2022,3.34521847792682,GDP growth (annual %),NZ,New Zealand,East Asia & Pacific,High income,Not classified,174.776,-41.2865
1894,2021,4.29916005216614,GDP growth (annual %),NZ,New Zealand,East Asia & Pacific,High income,Not classified,174.776,-41.2865
1895,2020,-0.240916114758988,GDP growth (annual %),NZ,New Zealand,East Asia & Pacific,High income,Not classified,174.776,-41.2865
1896,2019,2.32371708441623,GDP growth (annual %),NZ,New Zealand,East Asia & Pacific,High income,Not classified,174.776,-41.2865
1897,2018,3.32219666491432,GDP growth (annual %),NZ,New Zealand,East Asia & Pacific,High income,Not classified,174.776,-41.2865
1898,2017,3.31568621648204,GDP growth (annual %),NZ,New Zealand,East Asia & Pacific,High income,Not classified,174.776,-41.2865
1899,2016,3.7435247472109,GDP growth (annual %),NZ,New Zealand,East Asia & Pacific,High income,Not classified,174.776,-41.2865
1900,2025,4.92352556770889,GDP growth (annual %),NI,Nicaragua,Latin America & Caribbean ,Lower middle income,IDA,-86.2734,12.1475
1901,2024,3.58094495324541,GDP growth (annual %),NI,Nicaragua,Latin America & Caribbean ,Lower middle income,IDA,-86.2734,12.1475
1902,2023,4.42779393186883,GDP growth (annual %),NI,Nicaragua,Latin America & Caribbean ,Lower middle income,IDA,-86.2734,12.1475
1903,2022,3.55027477135765,GDP growth (annual %),NI,Nicaragua,Latin America & Caribbean ,Lower middle income,IDA,-86.2734,12.1475
1904,2021,10.4543887816515,GDP growth (annual %),NI,Nicaragua,Latin America & Caribbean ,Lower middle income,IDA,-86.2734,12.1475
1905,2020,-2.23654176262323,GDP growth (annual %),NI,Nicaragua,Latin America & Caribbean ,Lower middle income,IDA,-86.2734,12.1475
1906,2019,-2.89686986728901,GDP growth (annual %),NI,Nicaragua,Latin America & Caribbean ,Lower middle income,IDA,-86.2734,12.1475
1907,2018,-3.3633566598573,GDP growth (annual %),NI,Nicaragua,Latin America & Caribbean ,Lower middle income,IDA,-86.2734,12.1475
1908,2017,4.63120757580209,GDP growth (annual %),NI,Nicaragua,Latin America & Caribbean ,Lower middle income,IDA,-86.2734,12.1475
1909,2016,4.56314739524967,GDP growth (annual %),NI,Nicaragua,Latin America & Caribbean ,Lower middle income,IDA,-86.2734,12.1475
1910,2025,7.00782960149,GDP growth (annual %),NE,Niger,Sub-Saharan Africa ,Low income,IDA,2.1073,13.514
1911,2024,8.32327058280728,GDP growth (annual %),NE,Niger,Sub-Saharan Africa ,Low income,IDA,2.1073,13.514
1912,2023,2.63516980401258,GDP growth (annual %),NE,Niger,Sub-Saharan Africa ,Low income,IDA,2.1073,13.514
1913,2022,12.2215497467041,GDP growth (annual %),NE,Niger,Sub-Saharan Africa ,Low income,IDA,2.1073,13.514
1914,2021,1.11520063869706,GDP growth (annual %),NE,Niger,Sub-Saharan Africa ,Low income,IDA,2.1073,13.514
1915,2020,4.45481803846413,GDP growth (annual %),NE,Niger,Sub-Saharan Africa ,Low income,IDA,2.1073,13.514
1916,2019,6.07881528959186,GDP growth (annual %),NE,Niger,Sub-Saharan Africa ,Low income,IDA,2.1073,13.514
1917,2018,6.89458420864513,GDP growth (annual %),NE,Niger,Sub-Saharan Africa ,Low income,IDA,2.1073,13.514
1918,2017,5.53198531271451,GDP growth (annual %),NE,Niger,Sub-Saharan Africa ,Low income,IDA,2.1073,13.514
1919,2016,4.28137558478143,GDP growth (annual %),NE,Niger,Sub-Saharan Africa ,Low income,IDA,2.1073,13.514
1920,2025,4.01336180700973,GDP growth (annual %),NG,Nigeria,Sub-Saharan Africa ,Lower middle income,Blend,7.48906,9.05804
1921,2024,4.07106650147703,GDP growth (annual %),NG,Nigeria,Sub-Saharan Africa ,Lower middle income,Blend,7.48906,9.05804
1922,2023,3.31590368111438,GDP growth (annual %),NG,Nigeria,Sub-Saharan Africa ,Lower middle income,Blend,7.48906,9.05804
1923,2022,4.31882949157136,GDP growth (annual %),NG,Nigeria,Sub-Saharan Africa ,Lower middle income,Blend,7.48906,9.05804
1924,2021,1.109252540249,GDP growth (annual %),NG,Nigeria,Sub-Saharan Africa ,Lower middle income,Blend,7.48906,9.05804
1925,2020,-6.36889840468527,GDP growth (annual %),NG,Nigeria,Sub-Saharan Africa ,Lower middle income,Blend,7.48906,9.05804
1926,2019,2.20842927835211,GDP growth (annual %),NG,Nigeria,Sub-Saharan Africa ,Lower middle income,Blend,7.48906,9.05804
1927,2018,1.92275734199798,GDP growth (annual %),NG,Nigeria,Sub-Saharan Africa ,Lower middle income,Blend,7.48906,9.05804
1928,2017,0.805886619091581,GDP growth (annual %),NG,Nigeria,Sub-Saharan Africa ,Lower middle income,Blend,7.48906,9.05804
1929,2016,-1.61686894903467,GDP growth (annual %),NG,Nigeria,Sub-Saharan Africa ,Lower middle income,Blend,7.48906,9.05804
1930,2025,3.48706619829503,GDP growth (annual %),MK,North Macedonia,Europe & Central Asia,Upper middle income,IBRD,21.4361,42.0024
1931,2024,2.99373536567732,GDP growth (annual %),MK,North Macedonia,Europe & Central Asia,Upper middle income,IBRD,21.4361,42.0024
1932,2023,2.554965253403,GDP growth (annual %),MK,North Macedonia,Europe & Central Asia,Upper middle income,IBRD,21.4361,42.0024
1933,2022,2.75888415332967,GDP growth (annual %),MK,North Macedonia,Europe & Central Asia,Upper middle income,IBRD,21.4361,42.0024
1934,2021,4.51067949038222,GDP growth (annual %),MK,North Macedonia,Europe & Central Asia,Upper middle income,IBRD,21.4361,42.0024
1935,2020,-4.68845000956652,GDP growth (annual %),MK,North Macedonia,Europe & Central Asia,Upper middle income,IBRD,21.4361,42.0024
1936,2019,3.91041953840173,GDP growth (annual %),MK,North Macedonia,Europe & Central Asia,Upper middle income,IBRD,21.4361,42.0024
1937,2018,2.88059670964267,GDP growth (annual %),MK,North Macedonia,Europe & Central Asia,Upper middle income,IBRD,21.4361,42.0024
1938,2017,1.08177273813243,GDP growth (annual %),MK,North Macedonia,Europe & Central Asia,Upper middle income,IBRD,21.4361,42.0024
1939,2016,2.84820519363306,GDP growth (annual %),MK,North Macedonia,Europe & Central Asia,Upper middle income,IBRD,21.4361,42.0024
1940,2025,,GDP growth (annual %),MP,Northern Mariana Islands,East Asia & Pacific,High income,Not classified,145.765,15.1935
1941,2024,,GDP growth (annual %),MP,Northern Mariana Islands,East Asia & Pacific,High income,Not classified,145.765,15.1935
1942,2023,,GDP growth (annual %),MP,Northern Mariana Islands,East Asia & Pacific,High income,Not classified,145.765,15.1935
1943,2022,16.6427546628408,GDP growth (annual %),MP,Northern Mariana Islands,East Asia & Pacific,High income,Not classified,145.765,15.1935
1944,2021,4.96987951807229,GDP growth (annual %),MP,Northern Mariana Islands,East Asia & Pacific,High income,Not classified,145.765,15.1935
1945,2020,-29.0598290598291,GDP growth (annual %),MP,Northern Mariana Islands,East Asia & Pacific,High income,Not classified,145.765,15.1935
1946,2019,-11.4474929044465,GDP growth (annual %),MP,Northern Mariana Islands,East Asia & Pacific,High income,Not classified,145.765,15.1935
1947,2018,-19.4973343488195,GDP growth (annual %),MP,Northern Mariana Islands,East Asia & Pacific,High income,Not classified,145.765,15.1935
1948,2017,23.1707317073171,GDP growth (annual %),MP,Northern Mariana Islands,East Asia & Pacific,High income,Not classified,145.765,15.1935
1949,2016,29.2121212121212,GDP growth (annual %),MP,Northern Mariana Islands,East Asia & Pacific,High income,Not classified,145.765,15.1935
1950,2025,1.08528185031417,GDP growth (annual %),NO,Norway,Europe & Central Asia,High income,Not classified,10.7387,59.9138
1951,2024,1.42372134524737,GDP growth (annual %),NO,Norway,Europe & Central Asia,High income,Not classified,10.7387,59.9138
1952,2023,0.352695581319765,GDP growth (annual %),NO,Norway,Europe & Central Asia,High income,Not classified,10.7387,59.9138
1953,2022,4.08039770659241,GDP growth (annual %),NO,Norway,Europe & Central Asia,High income,Not classified,10.7387,59.9138
1954,2021,4.14314688769197,GDP growth (annual %),NO,Norway,Europe & Central Asia,High income,Not classified,10.7387,59.9138
1955,2020,-1.36055723261586,GDP growth (annual %),NO,Norway,Europe & Central Asia,High income,Not classified,10.7387,59.9138
1956,2019,1.46970781954143,GDP growth (annual %),NO,Norway,Europe & Central Asia,High income,Not classified,10.7387,59.9138
1957,2018,1.1103912365576,GDP growth (annual %),NO,Norway,Europe & Central Asia,High income,Not classified,10.7387,59.9138
1958,2017,2.66964474273466,GDP growth (annual %),NO,Norway,Europe & Central Asia,High income,Not classified,10.7387,59.9138
1959,2016,1.29158732771135,GDP growth (annual %),NO,Norway,Europe & Central Asia,High income,Not classified,10.7387,59.9138
1960,2025,2.39787382295398,GDP growth (annual %),OM,Oman,"Middle East, North Africa, Afghanistan & Pakistan",High income,Not classified,58.5874,23.6105
1961,2024,1.63163231397978,GDP growth (annual %),OM,Oman,"Middle East, North Africa, Afghanistan & Pakistan",High income,Not classified,58.5874,23.6105
1962,2023,1.41401383200161,GDP growth (annual %),OM,Oman,"Middle East, North Africa, Afghanistan & Pakistan",High income,Not classified,58.5874,23.6105
1963,2022,7.98570728354278,GDP growth (annual %),OM,Oman,"Middle East, North Africa, Afghanistan & Pakistan",High income,Not classified,58.5874,23.6105
1964,2021,2.5821749892893,GDP growth (annual %),OM,Oman,"Middle East, North Africa, Afghanistan & Pakistan",High income,Not classified,58.5874,23.6105
1965,2020,-3.37972052697999,GDP growth (annual %),OM,Oman,"Middle East, North Africa, Afghanistan & Pakistan",High income,Not classified,58.5874,23.6105
1966,2019,-1.12863801728058,GDP growth (annual %),OM,Oman,"Middle East, North Africa, Afghanistan & Pakistan",High income,Not classified,58.5874,23.6105
1967,2018,1.28710391543288,GDP growth (annual %),OM,Oman,"Middle East, North Africa, Afghanistan & Pakistan",High income,Not classified,58.5874,23.6105
1968,2017,0.304057565922449,GDP growth (annual %),OM,Oman,"Middle East, North Africa, Afghanistan & Pakistan",High income,Not classified,58.5874,23.6105
1969,2016,5.04642394571691,GDP growth (annual %),OM,Oman,"Middle East, North Africa, Afghanistan & Pakistan",High income,Not classified,58.5874,23.6105
1970,2025,3.69842668749033,GDP growth (annual %),PK,Pakistan,"Middle East, North Africa, Afghanistan & Pakistan",Lower middle income,Blend,72.8,30.5167
1971,2024,3.08176295579301,GDP growth (annual %),PK,Pakistan,"Middle East, North Africa, Afghanistan & Pakistan",Lower middle income,Blend,72.8,30.5167
1972,2023,-0.414935997088406,GDP growth (annual %),PK,Pakistan,"Middle East, North Africa, Afghanistan & Pakistan",Lower middle income,Blend,72.8,30.5167
1973,2022,4.7781068690358,GDP growth (annual %),PK,Pakistan,"Middle East, North Africa, Afghanistan & Pakistan",Lower middle income,Blend,72.8,30.5167
1974,2021,6.51388575852702,GDP growth (annual %),PK,Pakistan,"Middle East, North Africa, Afghanistan & Pakistan",Lower middle income,Blend,72.8,30.5167
1975,2020,-1.27408744338709,GDP growth (annual %),PK,Pakistan,"Middle East, North Africa, Afghanistan & Pakistan",Lower middle income,Blend,72.8,30.5167
1976,2019,2.49763692943365,GDP growth (annual %),PK,Pakistan,"Middle East, North Africa, Afghanistan & Pakistan",Lower middle income,Blend,72.8,30.5167
1977,2018,6.15170261099519,GDP growth (annual %),PK,Pakistan,"Middle East, North Africa, Afghanistan & Pakistan",Lower middle income,Blend,72.8,30.5167
1978,2017,4.43262590683975,GDP growth (annual %),PK,Pakistan,"Middle East, North Africa, Afghanistan & Pakistan",Lower middle income,Blend,72.8,30.5167
1979,2016,6.57383828511043,GDP growth (annual %),PK,Pakistan,"Middle East, North Africa, Afghanistan & Pakistan",Lower middle income,Blend,72.8,30.5167
1980,2025,6.28637654202731,GDP growth (annual %),PW,Palau,East Asia & Pacific,High income,IBRD,134.479,7.34194
1981,2024,12.0059720184866,GDP growth (annual %),PW,Palau,East Asia & Pacific,High income,IBRD,134.479,7.34194
1982,2023,1.22284844405733,GDP growth (annual %),PW,Palau,East Asia & Pacific,High income,IBRD,134.479,7.34194
1983,2022,-0.462879543823192,GDP growth (annual %),PW,Palau,East Asia & Pacific,High income,IBRD,134.479,7.34194
1984,2021,-11.9146400192064,GDP growth (annual %),PW,Palau,East Asia & Pacific,High income,IBRD,134.479,7.34194
1985,2020,-6.00740723664144,GDP growth (annual %),PW,Palau,East Asia & Pacific,High income,IBRD,134.479,7.34194
1986,2019,0.300684343692609,GDP growth (annual %),PW,Palau,East Asia & Pacific,High income,IBRD,134.479,7.34194
1987,2018,-0.417625859260369,GDP growth (annual %),PW,Palau,East Asia & Pacific,High income,IBRD,134.479,7.34194
1988,2017,-3.42143170174889,GDP growth (annual %),PW,Palau,East Asia & Pacific,High income,IBRD,134.479,7.34194
1989,2016,1.66650688235592,GDP growth (annual %),PW,Palau,East Asia & Pacific,High income,IBRD,134.479,7.34194
1990,2025,4.35030460627731,GDP growth (annual %),PA,Panama,Latin America & Caribbean ,High income,IBRD,-79.5188,8.99427
1991,2024,2.74784148771307,GDP growth (annual %),PA,Panama,Latin America & Caribbean ,High income,IBRD,-79.5188,8.99427
1992,2023,7.16634016390665,GDP growth (annual %),PA,Panama,Latin America & Caribbean ,High income,IBRD,-79.5188,8.99427
1993,2022,11.0386022908773,GDP growth (annual %),PA,Panama,Latin America & Caribbean ,High income,IBRD,-79.5188,8.99427
1994,2021,16.4669992022652,GDP growth (annual %),PA,Panama,Latin America & Caribbean ,High income,IBRD,-79.5188,8.99427
1995,2020,-17.8211174074602,GDP growth (annual %),PA,Panama,Latin America & Caribbean ,High income,IBRD,-79.5188,8.99427
1996,2019,3.10295395631086,GDP growth (annual %),PA,Panama,Latin America & Caribbean ,High income,IBRD,-79.5188,8.99427
1997,2018,3.91824253321265,GDP growth (annual %),PA,Panama,Latin America & Caribbean ,High income,IBRD,-79.5188,8.99427
1998,2017,5.7440594635578,GDP growth (annual %),PA,Panama,Latin America & Caribbean ,High income,IBRD,-79.5188,8.99427
1999,2016,4.57196707937275,GDP growth (annual %),PA,Panama,Latin America & Caribbean ,High income,IBRD,-79.5188,8.99427
2000,2025,5.63792052319458,GDP growth (annual %),PG,Papua New Guinea,East Asia & Pacific,Lower middle income,Blend,147.194,-9.47357
2001,2024,3.88795324667848,GDP growth (annual %),PG,Papua New Guinea,East Asia & Pacific,Lower middle income,Blend,147.194,-9.47357
2002,2023,3.81046308333708,GDP growth (annual %),PG,Papua New Guinea,East Asia & Pacific,Lower middle income,Blend,147.194,-9.47357
2003,2022,5.70701964996525,GDP growth (annual %),PG,Papua New Guinea,East Asia & Pacific,Lower middle income,Blend,147.194,-9.47357
2004,2021,-0.510612607034361,GDP growth (annual %),PG,Papua New Guinea,East Asia & Pacific,Lower middle income,Blend,147.194,-9.47357
2005,2020,-3.16743204434815,GDP growth (annual %),PG,Papua New Guinea,East Asia & Pacific,Lower middle income,Blend,147.194,-9.47357
2006,2019,4.48051456942582,GDP growth (annual %),PG,Papua New Guinea,East Asia & Pacific,Lower middle income,Blend,147.194,-9.47357
2007,2018,-0.279252284959952,GDP growth (annual %),PG,Papua New Guinea,East Asia & Pacific,Lower middle income,Blend,147.194,-9.47357
2008,2017,3.53461081750459,GDP growth (annual %),PG,Papua New Guinea,East Asia & Pacific,Lower middle income,Blend,147.194,-9.47357
2009,2016,5.48957315278187,GDP growth (annual %),PG,Papua New Guinea,East Asia & Pacific,Lower middle income,Blend,147.194,-9.47357
2010,2025,6.64262511156879,GDP growth (annual %),PY,Paraguay,Latin America & Caribbean ,Upper middle income,IBRD,-57.6362,-25.3005
2011,2024,4.66914577981763,GDP growth (annual %),PY,Paraguay,Latin America & Caribbean ,Upper middle income,IBRD,-57.6362,-25.3005
2012,2023,5.28584584975323,GDP growth (annual %),PY,Paraguay,Latin America & Caribbean ,Upper middle income,IBRD,-57.6362,-25.3005
2013,2022,-0.0280771723899278,GDP growth (annual %),PY,Paraguay,Latin America & Caribbean ,Upper middle income,IBRD,-57.6362,-25.3005
2014,2021,3.99461510731535,GDP growth (annual %),PY,Paraguay,Latin America & Caribbean ,Upper middle income,IBRD,-57.6362,-25.3005
2015,2020,-0.819785390971916,GDP growth (annual %),PY,Paraguay,Latin America & Caribbean ,Upper middle income,IBRD,-57.6362,-25.3005
2016,2019,-0.40185510068001,GDP growth (annual %),PY,Paraguay,Latin America & Caribbean ,Upper middle income,IBRD,-57.6362,-25.3005
2017,2018,3.20425034076639,GDP growth (annual %),PY,Paraguay,Latin America & Caribbean ,Upper middle income,IBRD,-57.6362,-25.3005
2018,2017,4.81007885554041,GDP growth (annual %),PY,Paraguay,Latin America & Caribbean ,Upper middle income,IBRD,-57.6362,-25.3005
2019,2016,4.26802583314583,GDP growth (annual %),PY,Paraguay,Latin America & Caribbean ,Upper middle income,IBRD,-57.6362,-25.3005
2020,2025,3.43056395124466,GDP growth (annual %),PE,Peru,Latin America & Caribbean ,Upper middle income,IBRD,-77.0465,-12.0931
2021,2024,3.5152749274832,GDP growth (annual %),PE,Peru,Latin America & Caribbean ,Upper middle income,IBRD,-77.0465,-12.0931
2022,2023,-0.350699814345759,GDP growth (annual %),PE,Peru,Latin America & Caribbean ,Upper middle income,IBRD,-77.0465,-12.0931
2023,2022,2.81819976419922,GDP growth (annual %),PE,Peru,Latin America & Caribbean ,Upper middle income,IBRD,-77.0465,-12.0931
2024,2021,13.4166456126513,GDP growth (annual %),PE,Peru,Latin America & Caribbean ,Upper middle income,IBRD,-77.0465,-12.0931
2025,2020,-10.9333065010382,GDP growth (annual %),PE,Peru,Latin America & Caribbean ,Upper middle income,IBRD,-77.0465,-12.0931
2026,2019,2.24063176875049,GDP growth (annual %),PE,Peru,Latin America & Caribbean ,Upper middle income,IBRD,-77.0465,-12.0931
2027,2018,3.969351341365,GDP growth (annual %),PE,Peru,Latin America & Caribbean ,Upper middle income,IBRD,-77.0465,-12.0931
2028,2017,2.51883544233135,GDP growth (annual %),PE,Peru,Latin America & Caribbean ,Upper middle income,IBRD,-77.0465,-12.0931
2029,2016,3.95331871520767,GDP growth (annual %),PE,Peru,Latin America & Caribbean ,Upper middle income,IBRD,-77.0465,-12.0931
2030,2025,4.40240158710621,GDP growth (annual %),PH,Philippines,East Asia & Pacific,Upper middle income,IBRD,121.035,14.5515
2031,2024,5.71474526128652,GDP growth (annual %),PH,Philippines,East Asia & Pacific,Upper middle income,IBRD,121.035,14.5515
2032,2023,5.51894967856043,GDP growth (annual %),PH,Philippines,East Asia & Pacific,Upper middle income,IBRD,121.035,14.5515
2033,2022,7.58098212785563,GDP growth (annual %),PH,Philippines,East Asia & Pacific,Upper middle income,IBRD,121.035,14.5515
2034,2021,5.71473313185116,GDP growth (annual %),PH,Philippines,East Asia & Pacific,Upper middle income,IBRD,121.035,14.5515
2035,2020,-9.51829474045297,GDP growth (annual %),PH,Philippines,East Asia & Pacific,Upper middle income,IBRD,121.035,14.5515
2036,2019,6.11852566221303,GDP growth (annual %),PH,Philippines,East Asia & Pacific,Upper middle income,IBRD,121.035,14.5515
2037,2018,6.34148557153473,GDP growth (annual %),PH,Philippines,East Asia & Pacific,Upper middle income,IBRD,121.035,14.5515
2038,2017,6.9309883258402,GDP growth (annual %),PH,Philippines,East Asia & Pacific,Upper middle income,IBRD,121.035,14.5515
2039,2016,7.14945675000752,GDP growth (annual %),PH,Philippines,East Asia & Pacific,Upper middle income,IBRD,121.035,14.5515
2040,2025,3.5727250346774,GDP growth (annual %),PL,Poland,Europe & Central Asia,High income,IBRD,21.02,52.26
2041,2024,3.02841630700273,GDP growth (annual %),PL,Poland,Europe & Central Asia,High income,IBRD,21.02,52.26
2042,2023,0.249610834017872,GDP growth (annual %),PL,Poland,Europe & Central Asia,High income,IBRD,21.02,52.26
2043,2022,5.25545697386036,GDP growth (annual %),PL,Poland,Europe & Central Asia,High income,IBRD,21.02,52.26
2044,2021,6.92718266052501,GDP growth (annual %),PL,Poland,Europe & Central Asia,High income,IBRD,21.02,52.26
2045,2020,-2.03556882399977,GDP growth (annual %),PL,Poland,Europe & Central Asia,High income,IBRD,21.02,52.26
2046,2019,4.58045817256199,GDP growth (annual %),PL,Poland,Europe & Central Asia,High income,IBRD,21.02,52.26
2047,2018,6.2458584723942,GDP growth (annual %),PL,Poland,Europe & Central Asia,High income,IBRD,21.02,52.26
2048,2017,5.15245773325907,GDP growth (annual %),PL,Poland,Europe & Central Asia,High income,IBRD,21.02,52.26
2049,2016,3.03117767594847,GDP growth (annual %),PL,Poland,Europe & Central Asia,High income,IBRD,21.02,52.26
2050,2025,1.86448007464475,GDP growth (annual %),PT,Portugal,Europe & Central Asia,High income,Not classified,-9.13552,38.7072
2051,2024,2.21459232301109,GDP growth (annual %),PT,Portugal,Europe & Central Asia,High income,Not classified,-9.13552,38.7072
2052,2023,3.09998745904281,GDP growth (annual %),PT,Portugal,Europe & Central Asia,High income,Not classified,-9.13552,38.7072
2053,2022,6.98584137580278,GDP growth (annual %),PT,Portugal,Europe & Central Asia,High income,Not classified,-9.13552,38.7072
2054,2021,5.55875672070374,GDP growth (annual %),PT,Portugal,Europe & Central Asia,High income,Not classified,-9.13552,38.7072
2055,2020,-8.20463159324387,GDP growth (annual %),PT,Portugal,Europe & Central Asia,High income,Not classified,-9.13552,38.7072
2056,2019,2.74568432648596,GDP growth (annual %),PT,Portugal,Europe & Central Asia,High income,Not classified,-9.13552,38.7072
2057,2018,2.94628343449202,GDP growth (annual %),PT,Portugal,Europe & Central Asia,High income,Not classified,-9.13552,38.7072
2058,2017,3.31472008175986,GDP growth (annual %),PT,Portugal,Europe & Central Asia,High income,Not classified,-9.13552,38.7072
2059,2016,2.00414129666575,GDP growth (annual %),PT,Portugal,Europe & Central Asia,High income,Not classified,-9.13552,38.7072
2060,2025,0.317670046196895,GDP growth (annual %),PR,Puerto Rico (US),Latin America & Caribbean ,High income,Not classified,-66,18.23
2061,2024,3.17707554784896,GDP growth (annual %),PR,Puerto Rico (US),Latin America & Caribbean ,High income,Not classified,-66,18.23
2062,2023,0.731492105366186,GDP growth (annual %),PR,Puerto Rico (US),Latin America & Caribbean ,High income,Not classified,-66,18.23
2063,2022,2.95709565499587,GDP growth (annual %),PR,Puerto Rico (US),Latin America & Caribbean ,High income,Not classified,-66,18.23
2064,2021,0.385222719529239,GDP growth (annual %),PR,Puerto Rico (US),Latin America & Caribbean ,High income,Not classified,-66,18.23
2065,2020,-4.1808743093346,GDP growth (annual %),PR,Puerto Rico (US),Latin America & Caribbean ,High income,Not classified,-66,18.23
2066,2019,1.67546379498209,GDP growth (annual %),PR,Puerto Rico (US),Latin America & Caribbean ,High income,Not classified,-66,18.23
2067,2018,-4.36142703162535,GDP growth (annual %),PR,Puerto Rico (US),Latin America & Caribbean ,High income,Not classified,-66,18.23
2068,2017,-2.88521838398481,GDP growth (annual %),PR,Puerto Rico (US),Latin America & Caribbean ,High income,Not classified,-66,18.23
2069,2016,-1.26369434781117,GDP growth (annual %),PR,Puerto Rico (US),Latin America & Caribbean ,High income,Not classified,-66,18.23
2070,2025,2.90166036660493,GDP growth (annual %),QA,Qatar,"Middle East, North Africa, Afghanistan & Pakistan",High income,Not classified,51.5082,25.2948
2071,2024,3.10963283242745,GDP growth (annual %),QA,Qatar,"Middle East, North Africa, Afghanistan & Pakistan",High income,Not classified,51.5082,25.2948
2072,2023,1.18715991623776,GDP growth (annual %),QA,Qatar,"Middle East, North Africa, Afghanistan & Pakistan",High income,Not classified,51.5082,25.2948
2073,2022,4.18500970982862,GDP growth (annual %),QA,Qatar,"Middle East, North Africa, Afghanistan & Pakistan",High income,Not classified,51.5082,25.2948
2074,2021,1.62684671918775,GDP growth (annual %),QA,Qatar,"Middle East, North Africa, Afghanistan & Pakistan",High income,Not classified,51.5082,25.2948
2075,2020,-3.5576039896784,GDP growth (annual %),QA,Qatar,"Middle East, North Africa, Afghanistan & Pakistan",High income,Not classified,51.5082,25.2948
2076,2019,0.688240954592672,GDP growth (annual %),QA,Qatar,"Middle East, North Africa, Afghanistan & Pakistan",High income,Not classified,51.5082,25.2948
2077,2018,1.23487220191065,GDP growth (annual %),QA,Qatar,"Middle East, North Africa, Afghanistan & Pakistan",High income,Not classified,51.5082,25.2948
2078,2017,-1.49760470227838,GDP growth (annual %),QA,Qatar,"Middle East, North Africa, Afghanistan & Pakistan",High income,Not classified,51.5082,25.2948
2079,2016,3.06419188430156,GDP growth (annual %),QA,Qatar,"Middle East, North Africa, Afghanistan & Pakistan",High income,Not classified,51.5082,25.2948
2080,2025,0.677829835052762,GDP growth (annual %),RO,Romania,Europe & Central Asia,High income,IBRD,26.0979,44.4479
2081,2024,0.916003764382594,GDP growth (annual %),RO,Romania,Europe & Central Asia,High income,IBRD,26.0979,44.4479
2082,2023,2.25773416555121,GDP growth (annual %),RO,Romania,Europe & Central Asia,High income,IBRD,26.0979,44.4479
2083,2022,4.18771305104109,GDP growth (annual %),RO,Romania,Europe & Central Asia,High income,IBRD,26.0979,44.4479
2084,2021,5.58735072538869,GDP growth (annual %),RO,Romania,Europe & Central Asia,High income,IBRD,26.0979,44.4479
2085,2020,-3.59802546034757,GDP growth (annual %),RO,Romania,Europe & Central Asia,High income,IBRD,26.0979,44.4479
2086,2019,3.96028958497598,GDP growth (annual %),RO,Romania,Europe & Central Asia,High income,IBRD,26.0979,44.4479
2087,2018,5.39452228185675,GDP growth (annual %),RO,Romania,Europe & Central Asia,High income,IBRD,26.0979,44.4479
2088,2017,8.19547826641261,GDP growth (annual %),RO,Romania,Europe & Central Asia,High income,IBRD,26.0979,44.4479
2089,2016,2.85993252302089,GDP growth (annual %),RO,Romania,Europe & Central Asia,High income,IBRD,26.0979,44.4479
2090,2025,1.00117656925738,GDP growth (annual %),RU,Russian Federation,Europe & Central Asia,High income,IBRD,37.6176,55.7558
2091,2024,4.92167966203073,GDP growth (annual %),RU,Russian Federation,Europe & Central Asia,High income,IBRD,37.6176,55.7558
2092,2023,4.06661395813023,GDP growth (annual %),RU,Russian Federation,Europe & Central Asia,High income,IBRD,37.6176,55.7558
2093,2022,-1.43537063467896,GDP growth (annual %),RU,Russian Federation,Europe & Central Asia,High income,IBRD,37.6176,55.7558
2094,2021,5.866491772979,GDP growth (annual %),RU,Russian Federation,Europe & Central Asia,High income,IBRD,37.6176,55.7558
2095,2020,-2.65365449695453,GDP growth (annual %),RU,Russian Federation,Europe & Central Asia,High income,IBRD,37.6176,55.7558
2096,2019,2.19807571381982,GDP growth (annual %),RU,Russian Federation,Europe & Central Asia,High income,IBRD,37.6176,55.7558
2097,2018,2.80634082046656,GDP growth (annual %),RU,Russian Federation,Europe & Central Asia,High income,IBRD,37.6176,55.7558
2098,2017,1.82670527549192,GDP growth (annual %),RU,Russian Federation,Europe & Central Asia,High income,IBRD,37.6176,55.7558
2099,2016,0.193671130698817,GDP growth (annual %),RU,Russian Federation,Europe & Central Asia,High income,IBRD,37.6176,55.7558
2100,2025,9.37579834182446,GDP growth (annual %),RW,Rwanda,Sub-Saharan Africa ,Low income,IDA,30.0587,-1.95325
2101,2024,7.22717103344534,GDP growth (annual %),RW,Rwanda,Sub-Saharan Africa ,Low income,IDA,30.0587,-1.95325
2102,2023,8.55964292914153,GDP growth (annual %),RW,Rwanda,Sub-Saharan Africa ,Low income,IDA,30.0587,-1.95325
2103,2022,9.82497394651698,GDP growth (annual %),RW,Rwanda,Sub-Saharan Africa ,Low income,IDA,30.0587,-1.95325
2104,2021,8.41140448646523,GDP growth (annual %),RW,Rwanda,Sub-Saharan Africa ,Low income,IDA,30.0587,-1.95325
2105,2020,-2.77710485515125,GDP growth (annual %),RW,Rwanda,Sub-Saharan Africa ,Low income,IDA,30.0587,-1.95325
2106,2019,9.28613387454543,GDP growth (annual %),RW,Rwanda,Sub-Saharan Africa ,Low income,IDA,30.0587,-1.95325
2107,2018,8.07084254621641,GDP growth (annual %),RW,Rwanda,Sub-Saharan Africa ,Low income,IDA,30.0587,-1.95325
2108,2017,4.70393439751061,GDP growth (annual %),RW,Rwanda,Sub-Saharan Africa ,Low income,IDA,30.0587,-1.95325
2109,2016,5.65874584202778,GDP growth (annual %),RW,Rwanda,Sub-Saharan Africa ,Low income,IDA,30.0587,-1.95325
2110,2025,4.20440659006225,GDP growth (annual %),WS,Samoa,East Asia & Pacific,Upper middle income,IDA,-171.752,-13.8314
2111,2024,4.7483863916535,GDP growth (annual %),WS,Samoa,East Asia & Pacific,Upper middle income,IDA,-171.752,-13.8314
2112,2023,15.233606465518,GDP growth (annual %),WS,Samoa,East Asia & Pacific,Upper middle income,IDA,-171.752,-13.8314
2113,2022,2.26705310780669,GDP growth (annual %),WS,Samoa,East Asia & Pacific,Upper middle income,IDA,-171.752,-13.8314
2114,2021,-5.04350589708287,GDP growth (annual %),WS,Samoa,East Asia & Pacific,Upper middle income,IDA,-171.752,-13.8314
2115,2020,-3.10864485863991,GDP growth (annual %),WS,Samoa,East Asia & Pacific,Upper middle income,IDA,-171.752,-13.8314
2116,2019,4.45185891688691,GDP growth (annual %),WS,Samoa,East Asia & Pacific,Upper middle income,IDA,-171.752,-13.8314
2117,2018,-0.609647103380141,GDP growth (annual %),WS,Samoa,East Asia & Pacific,Upper middle income,IDA,-171.752,-13.8314
2118,2017,1.40628239971301,GDP growth (annual %),WS,Samoa,East Asia & Pacific,Upper middle income,IDA,-171.752,-13.8314
2119,2016,7.9838628784713,GDP growth (annual %),WS,Samoa,East Asia & Pacific,Upper middle income,IDA,-171.752,-13.8314
2120,2025,,GDP growth (annual %),SM,San Marino,Europe & Central Asia,High income,Not classified,12.4486,43.9322
2121,2024,,GDP growth (annual %),SM,San Marino,Europe & Central Asia,High income,Not classified,12.4486,43.9322
2122,2023,0.401932371532837,GDP growth (annual %),SM,San Marino,Europe & Central Asia,High income,Not classified,12.4486,43.9322
2123,2022,7.89844678230362,GDP growth (annual %),SM,San Marino,Europe & Central Asia,High income,Not classified,12.4486,43.9322
2124,2021,13.8977857594089,GDP growth (annual %),SM,San Marino,Europe & Central Asia,High income,Not classified,12.4486,43.9322
2125,2020,-6.64791226034481,GDP growth (annual %),SM,San Marino,Europe & Central Asia,High income,Not classified,12.4486,43.9322
2126,2019,2.06569082920953,GDP growth (annual %),SM,San Marino,Europe & Central Asia,High income,Not classified,12.4486,43.9322
2127,2018,1.49390399796074,GDP growth (annual %),SM,San Marino,Europe & Central Asia,High income,Not classified,12.4486,43.9322
2128,2017,0.258259899709444,GDP growth (annual %),SM,San Marino,Europe & Central Asia,High income,Not classified,12.4486,43.9322
2129,2016,2.34441211810459,GDP growth (annual %),SM,San Marino,Europe & Central Asia,High income,Not classified,12.4486,43.9322
2130,2025,1.02847453097097,GDP growth (annual %),ST,Sao Tome and Principe,Sub-Saharan Africa ,Lower middle income,IDA,6.6071,0.20618
2131,2024,1.47888850952698,GDP growth (annual %),ST,Sao Tome and Principe,Sub-Saharan Africa ,Lower middle income,IDA,6.6071,0.20618
2132,2023,0.372252775001456,GDP growth (annual %),ST,Sao Tome and Principe,Sub-Saharan Africa ,Lower middle income,IDA,6.6071,0.20618
2133,2022,0.168698492216564,GDP growth (annual %),ST,Sao Tome and Principe,Sub-Saharan Africa ,Lower middle income,IDA,6.6071,0.20618
2134,2021,1.89929891337832,GDP growth (annual %),ST,Sao Tome and Principe,Sub-Saharan Africa ,Lower middle income,IDA,6.6071,0.20618
2135,2020,2.62485949543812,GDP growth (annual %),ST,Sao Tome and Principe,Sub-Saharan Africa ,Lower middle income,IDA,6.6071,0.20618
2136,2019,2.01431672129407,GDP growth (annual %),ST,Sao Tome and Principe,Sub-Saharan Africa ,Lower middle income,IDA,6.6071,0.20618
2137,2018,4.37812808264972,GDP growth (annual %),ST,Sao Tome and Principe,Sub-Saharan Africa ,Lower middle income,IDA,6.6071,0.20618
2138,2017,4.11297966281954,GDP growth (annual %),ST,Sao Tome and Principe,Sub-Saharan Africa ,Lower middle income,IDA,6.6071,0.20618
2139,2016,5.17682468684113,GDP growth (annual %),ST,Sao Tome and Principe,Sub-Saharan Africa ,Lower middle income,IDA,6.6071,0.20618
2140,2025,4.50246560191663,GDP growth (annual %),SA,Saudi Arabia,"Middle East, North Africa, Afghanistan & Pakistan",High income,Not classified,46.6977,24.6748
2141,2024,2.64893068308965,GDP growth (annual %),SA,Saudi Arabia,"Middle East, North Africa, Afghanistan & Pakistan",High income,Not classified,46.6977,24.6748
2142,2023,0.542592439393161,GDP growth (annual %),SA,Saudi Arabia,"Middle East, North Africa, Afghanistan & Pakistan",High income,Not classified,46.6977,24.6748
2143,2022,12.0005874752929,GDP growth (annual %),SA,Saudi Arabia,"Middle East, North Africa, Afghanistan & Pakistan",High income,Not classified,46.6977,24.6748
2144,2021,6.51959698325419,GDP growth (annual %),SA,Saudi Arabia,"Middle East, North Africa, Afghanistan & Pakistan",High income,Not classified,46.6977,24.6748
2145,2020,-3.80478901996312,GDP growth (annual %),SA,Saudi Arabia,"Middle East, North Africa, Afghanistan & Pakistan",High income,Not classified,46.6977,24.6748
2146,2019,1.65158925617395,GDP growth (annual %),SA,Saudi Arabia,"Middle East, North Africa, Afghanistan & Pakistan",High income,Not classified,46.6977,24.6748
2147,2018,3.2269508901591,GDP growth (annual %),SA,Saudi Arabia,"Middle East, North Africa, Afghanistan & Pakistan",High income,Not classified,46.6977,24.6748
2148,2017,1.18210705878283,GDP growth (annual %),SA,Saudi Arabia,"Middle East, North Africa, Afghanistan & Pakistan",High income,Not classified,46.6977,24.6748
2149,2016,1.70404739202878,GDP growth (annual %),SA,Saudi Arabia,"Middle East, North Africa, Afghanistan & Pakistan",High income,Not classified,46.6977,24.6748
2150,2025,6.68227744849194,GDP growth (annual %),SN,Senegal,Sub-Saharan Africa ,Lower middle income,IDA,-17.4734,14.7247
2151,2024,6.46220577412338,GDP growth (annual %),SN,Senegal,Sub-Saharan Africa ,Lower middle income,IDA,-17.4734,14.7247
2152,2023,4.25743083300657,GDP growth (annual %),SN,Senegal,Sub-Saharan Africa ,Lower middle income,IDA,-17.4734,14.7247
2153,2022,3.85043193752725,GDP growth (annual %),SN,Senegal,Sub-Saharan Africa ,Lower middle income,IDA,-17.4734,14.7247
2154,2021,6.5440010991951,GDP growth (annual %),SN,Senegal,Sub-Saharan Africa ,Lower middle income,IDA,-17.4734,14.7247
2155,2020,1.34207377285524,GDP growth (annual %),SN,Senegal,Sub-Saharan Africa ,Lower middle income,IDA,-17.4734,14.7247
2156,2019,4.6136280976221,GDP growth (annual %),SN,Senegal,Sub-Saharan Africa ,Lower middle income,IDA,-17.4734,14.7247
2157,2018,6.20924103388887,GDP growth (annual %),SN,Senegal,Sub-Saharan Africa ,Lower middle income,IDA,-17.4734,14.7247
2158,2017,7.40748618589598,GDP growth (annual %),SN,Senegal,Sub-Saharan Africa ,Lower middle income,IDA,-17.4734,14.7247
2159,2016,6.35606857208136,GDP growth (annual %),SN,Senegal,Sub-Saharan Africa ,Lower middle income,IDA,-17.4734,14.7247
2160,2025,2.03039196235113,GDP growth (annual %),RS,Serbia,Europe & Central Asia,Upper middle income,IBRD,20.4656,44.8024
2161,2024,3.94992622592932,GDP growth (annual %),RS,Serbia,Europe & Central Asia,Upper middle income,IBRD,20.4656,44.8024
2162,2023,3.74793303561771,GDP growth (annual %),RS,Serbia,Europe & Central Asia,Upper middle income,IBRD,20.4656,44.8024
2163,2022,2.70347705543654,GDP growth (annual %),RS,Serbia,Europe & Central Asia,Upper middle income,IBRD,20.4656,44.8024
2164,2021,7.94905650472278,GDP growth (annual %),RS,Serbia,Europe & Central Asia,Upper middle income,IBRD,20.4656,44.8024
2165,2020,-0.950023991851594,GDP growth (annual %),RS,Serbia,Europe & Central Asia,Upper middle income,IBRD,20.4656,44.8024
2166,2019,4.75020793899014,GDP growth (annual %),RS,Serbia,Europe & Central Asia,Upper middle income,IBRD,20.4656,44.8024
2167,2018,4.64935035491007,GDP growth (annual %),RS,Serbia,Europe & Central Asia,Upper middle income,IBRD,20.4656,44.8024
2168,2017,2.3634031250553,GDP growth (annual %),RS,Serbia,Europe & Central Asia,Upper middle income,IBRD,20.4656,44.8024
2169,2016,2.97519807160826,GDP growth (annual %),RS,Serbia,Europe & Central Asia,Upper middle income,IBRD,20.4656,44.8024
2170,2025,5.79795669973812,GDP growth (annual %),SC,Seychelles,Sub-Saharan Africa ,High income,IBRD,55.4466,-4.6309
2171,2024,3.34667429007052,GDP growth (annual %),SC,Seychelles,Sub-Saharan Africa ,High income,IBRD,55.4466,-4.6309
2172,2023,5.17980996672414,GDP growth (annual %),SC,Seychelles,Sub-Saharan Africa ,High income,IBRD,55.4466,-4.6309
2173,2022,9.88048366355446,GDP growth (annual %),SC,Seychelles,Sub-Saharan Africa ,High income,IBRD,55.4466,-4.6309
2174,2021,0.552281631207279,GDP growth (annual %),SC,Seychelles,Sub-Saharan Africa ,High income,IBRD,55.4466,-4.6309
2175,2020,-11.7398608281732,GDP growth (annual %),SC,Seychelles,Sub-Saharan Africa ,High income,IBRD,55.4466,-4.6309
2176,2019,5.5142920737342,GDP growth (annual %),SC,Seychelles,Sub-Saharan Africa ,High income,IBRD,55.4466,-4.6309
2177,2018,4.93947272254312,GDP growth (annual %),SC,Seychelles,Sub-Saharan Africa ,High income,IBRD,55.4466,-4.6309
2178,2017,6.95416218794271,GDP growth (annual %),SC,Seychelles,Sub-Saharan Africa ,High income,IBRD,55.4466,-4.6309
2179,2016,12.1175272453913,GDP growth (annual %),SC,Seychelles,Sub-Saharan Africa ,High income,IBRD,55.4466,-4.6309
2180,2025,4.60865077581276,GDP growth (annual %),SL,Sierra Leone,Sub-Saharan Africa ,Low income,IDA,-13.2134,8.4821
2181,2024,4.29322334404611,GDP growth (annual %),SL,Sierra Leone,Sub-Saharan Africa ,Low income,IDA,-13.2134,8.4821
2182,2023,5.7100218981806,GDP growth (annual %),SL,Sierra Leone,Sub-Saharan Africa ,Low income,IDA,-13.2134,8.4821
2183,2022,5.3135546141915,GDP growth (annual %),SL,Sierra Leone,Sub-Saharan Africa ,Low income,IDA,-13.2134,8.4821
2184,2021,5.8968527047094,GDP growth (annual %),SL,Sierra Leone,Sub-Saharan Africa ,Low income,IDA,-13.2134,8.4821
2185,2020,-1.2533490322766,GDP growth (annual %),SL,Sierra Leone,Sub-Saharan Africa ,Low income,IDA,-13.2134,8.4821
2186,2019,5.50270937378153,GDP growth (annual %),SL,Sierra Leone,Sub-Saharan Africa ,Low income,IDA,-13.2134,8.4821
2187,2018,2.8938564123677,GDP growth (annual %),SL,Sierra Leone,Sub-Saharan Africa ,Low income,IDA,-13.2134,8.4821
2188,2017,3.20786087715987,GDP growth (annual %),SL,Sierra Leone,Sub-Saharan Africa ,Low income,IDA,-13.2134,8.4821
2189,2016,6.43743652764257,GDP growth (annual %),SL,Sierra Leone,Sub-Saharan Africa ,Low income,IDA,-13.2134,8.4821
2190,2025,5.02588199508003,GDP growth (annual %),SG,Singapore,East Asia & Pacific,High income,Not classified,103.85,1.28941
2191,2024,5.3435120192366,GDP growth (annual %),SG,Singapore,East Asia & Pacific,High income,Not classified,103.85,1.28941
2192,2023,1.45026775889565,GDP growth (annual %),SG,Singapore,East Asia & Pacific,High income,Not classified,103.85,1.28941
2193,2022,4.01027884472296,GDP growth (annual %),SG,Singapore,East Asia & Pacific,High income,Not classified,103.85,1.28941
2194,2021,10.1410845197192,GDP growth (annual %),SG,Singapore,East Asia & Pacific,High income,Not classified,103.85,1.28941
2195,2020,-3.61084281729929,GDP growth (annual %),SG,Singapore,East Asia & Pacific,High income,Not classified,103.85,1.28941
2196,2019,1.15877947300108,GDP growth (annual %),SG,Singapore,East Asia & Pacific,High income,Not classified,103.85,1.28941
2197,2018,3.18660848474074,GDP growth (annual %),SG,Singapore,East Asia & Pacific,High income,Not classified,103.85,1.28941
2198,2017,4.32679370770501,GDP growth (annual %),SG,Singapore,East Asia & Pacific,High income,Not classified,103.85,1.28941
2199,2016,3.91095306322606,GDP growth (annual %),SG,Singapore,East Asia & Pacific,High income,Not classified,103.85,1.28941
2200,2025,3.40000000000001,GDP growth (annual %),SX,Sint Maarten (Dutch part),Latin America & Caribbean ,High income,Not classified,,
2201,2024,3.00000089532888,GDP growth (annual %),SX,Sint Maarten (Dutch part),Latin America & Caribbean ,High income,Not classified,,
2202,2023,3.79999769985537,GDP growth (annual %),SX,Sint Maarten (Dutch part),Latin America & Caribbean ,High income,Not classified,,
2203,2022,13.9000012614164,GDP growth (annual %),SX,Sint Maarten (Dutch part),Latin America & Caribbean ,High income,Not classified,,
2204,2021,4.57759677933345,GDP growth (annual %),SX,Sint Maarten (Dutch part),Latin America & Caribbean ,High income,Not classified,,
2205,2020,-13.3167887221567,GDP growth (annual %),SX,Sint Maarten (Dutch part),Latin America & Caribbean ,High income,Not classified,,
2206,2019,10.9650009352392,GDP growth (annual %),SX,Sint Maarten (Dutch part),Latin America & Caribbean ,High income,Not classified,,
2207,2018,-6.85698299227944,GDP growth (annual %),SX,Sint Maarten (Dutch part),Latin America & Caribbean ,High income,Not classified,,
2208,2017,-7.53521399882428,GDP growth (annual %),SX,Sint Maarten (Dutch part),Latin America & Caribbean ,High income,Not classified,,
2209,2016,0.96775836306881,GDP growth (annual %),SX,Sint Maarten (Dutch part),Latin America & Caribbean ,High income,Not classified,,
2210,2025,0.807418690144758,GDP growth (annual %),SK,Slovak Republic,Europe & Central Asia,High income,Not classified,17.1073,48.1484
2211,2024,1.93867445549446,GDP growth (annual %),SK,Slovak Republic,Europe & Central Asia,High income,Not classified,17.1073,48.1484
2212,2023,2.11263633214959,GDP growth (annual %),SK,Slovak Republic,Europe & Central Asia,High income,Not classified,17.1073,48.1484
2213,2022,0.544591632137454,GDP growth (annual %),SK,Slovak Republic,Europe & Central Asia,High income,Not classified,17.1073,48.1484
2214,2021,5.6558588065555,GDP growth (annual %),SK,Slovak Republic,Europe & Central Asia,High income,Not classified,17.1073,48.1484
2215,2020,-2.58551241733207,GDP growth (annual %),SK,Slovak Republic,Europe & Central Asia,High income,Not classified,17.1073,48.1484
2216,2019,2.27589910019393,GDP growth (annual %),SK,Slovak Republic,Europe & Central Asia,High income,Not classified,17.1073,48.1484
2217,2018,4.06211981896483,GDP growth (annual %),SK,Slovak Republic,Europe & Central Asia,High income,Not classified,17.1073,48.1484
2218,2017,2.87473327453695,GDP growth (annual %),SK,Slovak Republic,Europe & Central Asia,High income,Not classified,17.1073,48.1484
2219,2016,1.94781841524558,GDP growth (annual %),SK,Slovak Republic,Europe & Central Asia,High income,Not classified,17.1073,48.1484
2220,2025,1.05992996255246,GDP growth (annual %),SI,Slovenia,Europe & Central Asia,High income,Not classified,14.5044,46.0546
2221,2024,1.73139722479493,GDP growth (annual %),SI,Slovenia,Europe & Central Asia,High income,Not classified,14.5044,46.0546
2222,2023,2.3758326648385,GDP growth (annual %),SI,Slovenia,Europe & Central Asia,High income,Not classified,14.5044,46.0546
2223,2022,2.66850555542486,GDP growth (annual %),SI,Slovenia,Europe & Central Asia,High income,Not classified,14.5044,46.0546
2224,2021,8.41686457725321,GDP growth (annual %),SI,Slovenia,Europe & Central Asia,High income,Not classified,14.5044,46.0546
2225,2020,-4.08500094942896,GDP growth (annual %),SI,Slovenia,Europe & Central Asia,High income,Not classified,14.5044,46.0546
2226,2019,3.50525332381912,GDP growth (annual %),SI,Slovenia,Europe & Central Asia,High income,Not classified,14.5044,46.0546
2227,2018,4.37908347331195,GDP growth (annual %),SI,Slovenia,Europe & Central Asia,High income,Not classified,14.5044,46.0546
2228,2017,5.17440215579958,GDP growth (annual %),SI,Slovenia,Europe & Central Asia,High income,Not classified,14.5044,46.0546
2229,2016,3.03441486663654,GDP growth (annual %),SI,Slovenia,Europe & Central Asia,High income,Not classified,14.5044,46.0546
2230,2025,3.61715088072386,GDP growth (annual %),SB,Solomon Islands,East Asia & Pacific,Lower middle income,IDA,159.949,-9.42676
2231,2024,2.99755987604104,GDP growth (annual %),SB,Solomon Islands,East Asia & Pacific,Lower middle income,IDA,159.949,-9.42676
2232,2023,2.84111851154807,GDP growth (annual %),SB,Solomon Islands,East Asia & Pacific,Lower middle income,IDA,159.949,-9.42676
2233,2022,-2.58448361755723,GDP growth (annual %),SB,Solomon Islands,East Asia & Pacific,Lower middle income,IDA,159.949,-9.42676
2234,2021,-0.227975292792024,GDP growth (annual %),SB,Solomon Islands,East Asia & Pacific,Lower middle income,IDA,159.949,-9.42676
2235,2020,-3.38125925839405,GDP growth (annual %),SB,Solomon Islands,East Asia & Pacific,Lower middle income,IDA,159.949,-9.42676
2236,2019,1.74925244485951,GDP growth (annual %),SB,Solomon Islands,East Asia & Pacific,Lower middle income,IDA,159.949,-9.42676
2237,2018,2.74585244829055,GDP growth (annual %),SB,Solomon Islands,East Asia & Pacific,Lower middle income,IDA,159.949,-9.42676
2238,2017,3.07546176144591,GDP growth (annual %),SB,Solomon Islands,East Asia & Pacific,Lower middle income,IDA,159.949,-9.42676
2239,2016,5.55494348257992,GDP growth (annual %),SB,Solomon Islands,East Asia & Pacific,Lower middle income,IDA,159.949,-9.42676
2240,2025,2.99114404482197,GDP growth (annual %),SO,"Somalia, Fed. Rep.",Sub-Saharan Africa ,Low income,IDA,45.3254,2.07515
2241,2024,4.11139335779471,GDP growth (annual %),SO,"Somalia, Fed. Rep.",Sub-Saharan Africa ,Low income,IDA,45.3254,2.07515
2242,2023,4.17524257571303,GDP growth (annual %),SO,"Somalia, Fed. Rep.",Sub-Saharan Africa ,Low income,IDA,45.3254,2.07515
2243,2022,2.71821202053759,GDP growth (annual %),SO,"Somalia, Fed. Rep.",Sub-Saharan Africa ,Low income,IDA,45.3254,2.07515
2244,2021,3.44719850031242,GDP growth (annual %),SO,"Somalia, Fed. Rep.",Sub-Saharan Africa ,Low income,IDA,45.3254,2.07515
2245,2020,-2.76455696202532,GDP growth (annual %),SO,"Somalia, Fed. Rep.",Sub-Saharan Africa ,Low income,IDA,45.3254,2.07515
2246,2019,2.80033312513012,GDP growth (annual %),SO,"Somalia, Fed. Rep.",Sub-Saharan Africa ,Low income,IDA,45.3254,2.07515
2247,2018,2.05431507261069,GDP growth (annual %),SO,"Somalia, Fed. Rep.",Sub-Saharan Africa ,Low income,IDA,45.3254,2.07515
2248,2017,14.7357956045195,GDP growth (annual %),SO,"Somalia, Fed. Rep.",Sub-Saharan Africa ,Low income,IDA,45.3254,2.07515
2249,2016,7.03487260042162,GDP growth (annual %),SO,"Somalia, Fed. Rep.",Sub-Saharan Africa ,Low income,IDA,45.3254,2.07515
2250,2025,1.11462608103956,GDP growth (annual %),ZA,South Africa,Sub-Saharan Africa ,Upper middle income,IBRD,28.1871,-25.746
2251,2024,0.534843531905139,GDP growth (annual %),ZA,South Africa,Sub-Saharan Africa ,Upper middle income,IBRD,28.1871,-25.746
2252,2023,0.80610455095804,GDP growth (annual %),ZA,South Africa,Sub-Saharan Africa ,Upper middle income,IBRD,28.1871,-25.746
2253,2022,2.05813661692193,GDP growth (annual %),ZA,South Africa,Sub-Saharan Africa ,Upper middle income,IBRD,28.1871,-25.746
2254,2021,4.85864865060148,GDP growth (annual %),ZA,South Africa,Sub-Saharan Africa ,Upper middle income,IBRD,28.1871,-25.746
2255,2020,-6.1689177146757,GDP growth (annual %),ZA,South Africa,Sub-Saharan Africa ,Upper middle income,IBRD,28.1871,-25.746
2256,2019,0.25993557687633,GDP growth (annual %),ZA,South Africa,Sub-Saharan Africa ,Upper middle income,IBRD,28.1871,-25.746
2257,2018,1.55678384721676,GDP growth (annual %),ZA,South Africa,Sub-Saharan Africa ,Upper middle income,IBRD,28.1871,-25.746
2258,2017,1.15794695181735,GDP growth (annual %),ZA,South Africa,Sub-Saharan Africa ,Upper middle income,IBRD,28.1871,-25.746
2259,2016,0.664552307858116,GDP growth (annual %),ZA,South Africa,Sub-Saharan Africa ,Upper middle income,IBRD,28.1871,-25.746
2260,2025,,GDP growth (annual %),SS,South Sudan,Sub-Saharan Africa ,Low income,IDA,31.6,4.85
2261,2024,,GDP growth (annual %),SS,South Sudan,Sub-Saharan Africa ,Low income,IDA,31.6,4.85
2262,2023,,GDP growth (annual %),SS,South Sudan,Sub-Saharan Africa ,Low income,IDA,31.6,4.85
2263,2022,,GDP growth (annual %),SS,South Sudan,Sub-Saharan Africa ,Low income,IDA,31.6,4.85
2264,2021,,GDP growth (annual %),SS,South Sudan,Sub-Saharan Africa ,Low income,IDA,31.6,4.85
2265,2020,,GDP growth (annual %),SS,South Sudan,Sub-Saharan Africa ,Low income,IDA,31.6,4.85
2266,2019,,GDP growth (annual %),SS,South Sudan,Sub-Saharan Africa ,Low income,IDA,31.6,4.85
2267,2018,,GDP growth (annual %),SS,South Sudan,Sub-Saharan Africa ,Low income,IDA,31.6,4.85
2268,2017,,GDP growth (annual %),SS,South Sudan,Sub-Saharan Africa ,Low income,IDA,31.6,4.85
2269,2016,,GDP growth (annual %),SS,South Sudan,Sub-Saharan Africa ,Low income,IDA,31.6,4.85
2270,2025,2.82495400578509,GDP growth (annual %),ES,Spain,Europe & Central Asia,High income,Not classified,-3.70327,40.4167
2271,2024,3.45525405630191,GDP growth (annual %),ES,Spain,Europe & Central Asia,High income,Not classified,-3.70327,40.4167
2272,2023,2.46085796805582,GDP growth (annual %),ES,Spain,Europe & Central Asia,High income,Not classified,-3.70327,40.4167
2273,2022,6.37031712129601,GDP growth (annual %),ES,Spain,Europe & Central Asia,High income,Not classified,-3.70327,40.4167
2274,2021,6.68314420473001,GDP growth (annual %),ES,Spain,Europe & Central Asia,High income,Not classified,-3.70327,40.4167
2275,2020,-10.9400706350371,GDP growth (annual %),ES,Spain,Europe & Central Asia,High income,Not classified,-3.70327,40.4167
2276,2019,1.96117850841711,GDP growth (annual %),ES,Spain,Europe & Central Asia,High income,Not classified,-3.70327,40.4167
2277,2018,2.39541124478878,GDP growth (annual %),ES,Spain,Europe & Central Asia,High income,Not classified,-3.70327,40.4167
2278,2017,2.89604207865007,GDP growth (annual %),ES,Spain,Europe & Central Asia,High income,Not classified,-3.70327,40.4167
2279,2016,2.91515598595787,GDP growth (annual %),ES,Spain,Europe & Central Asia,High income,Not classified,-3.70327,40.4167
2280,2025,4.9534339114043,GDP growth (annual %),LK,Sri Lanka,South Asia,Upper middle income,IDA,79.8528,6.92148
2281,2024,4.99241614398109,GDP growth (annual %),LK,Sri Lanka,South Asia,Upper middle income,IDA,79.8528,6.92148
2282,2023,-2.0289296690344,GDP growth (annual %),LK,Sri Lanka,South Asia,Upper middle income,IDA,79.8528,6.92148
2283,2022,-7.34919311146656,GDP growth (annual %),LK,Sri Lanka,South Asia,Upper middle income,IDA,79.8528,6.92148
2284,2021,4.2074764950026,GDP growth (annual %),LK,Sri Lanka,South Asia,Upper middle income,IDA,79.8528,6.92148
2285,2020,-4.62451503712715,GDP growth (annual %),LK,Sri Lanka,South Asia,Upper middle income,IDA,79.8528,6.92148
2286,2019,-0.220483886824823,GDP growth (annual %),LK,Sri Lanka,South Asia,Upper middle income,IDA,79.8528,6.92148
2287,2018,2.31008425504933,GDP growth (annual %),LK,Sri Lanka,South Asia,Upper middle income,IDA,79.8528,6.92148
2288,2017,6.46068127080994,GDP growth (annual %),LK,Sri Lanka,South Asia,Upper middle income,IDA,79.8528,6.92148
2289,2016,5.05362488993089,GDP growth (annual %),LK,Sri Lanka,South Asia,Upper middle income,IDA,79.8528,6.92148
2290,2025,2.68858456990016,GDP growth (annual %),KN,St. Kitts and Nevis,Latin America & Caribbean ,High income,IBRD,-62.7309,17.3
2291,2024,0.312226855858171,GDP growth (annual %),KN,St. Kitts and Nevis,Latin America & Caribbean ,High income,IBRD,-62.7309,17.3
2292,2023,3.02127526129283,GDP growth (annual %),KN,St. Kitts and Nevis,Latin America & Caribbean ,High income,IBRD,-62.7309,17.3
2293,2022,10.4804941546807,GDP growth (annual %),KN,St. Kitts and Nevis,Latin America & Caribbean ,High income,IBRD,-62.7309,17.3
2294,2021,0.367606879216311,GDP growth (annual %),KN,St. Kitts and Nevis,Latin America & Caribbean ,High income,IBRD,-62.7309,17.3
2295,2020,-15.3018891740649,GDP growth (annual %),KN,St. Kitts and Nevis,Latin America & Caribbean ,High income,IBRD,-62.7309,17.3
2296,2019,2.93824658056356,GDP growth (annual %),KN,St. Kitts and Nevis,Latin America & Caribbean ,High income,IBRD,-62.7309,17.3
2297,2018,2.00352549800972,GDP growth (annual %),KN,St. Kitts and Nevis,Latin America & Caribbean ,High income,IBRD,-62.7309,17.3
2298,2017,0.220941147299996,GDP growth (annual %),KN,St. Kitts and Nevis,Latin America & Caribbean ,High income,IBRD,-62.7309,17.3
2299,2016,3.93270319273282,GDP growth (annual %),KN,St. Kitts and Nevis,Latin America & Caribbean ,High income,IBRD,-62.7309,17.3
2300,2025,-0.57407528214496,GDP growth (annual %),LC,St. Lucia,Latin America & Caribbean ,Upper middle income,Blend,-60.9832,14
2301,2024,4.76890217855616,GDP growth (annual %),LC,St. Lucia,Latin America & Caribbean ,Upper middle income,Blend,-60.9832,14
2302,2023,3.90774802925928,GDP growth (annual %),LC,St. Lucia,Latin America & Caribbean ,Upper middle income,Blend,-60.9832,14
2303,2022,19.3456795355342,GDP growth (annual %),LC,St. Lucia,Latin America & Caribbean ,Upper middle income,Blend,-60.9832,14
2304,2021,11.1466993240856,GDP growth (annual %),LC,St. Lucia,Latin America & Caribbean ,Upper middle income,Blend,-60.9832,14
2305,2020,-22.9005138634176,GDP growth (annual %),LC,St. Lucia,Latin America & Caribbean ,Upper middle income,Blend,-60.9832,14
2306,2019,-1.0293678947917,GDP growth (annual %),LC,St. Lucia,Latin America & Caribbean ,Upper middle income,Blend,-60.9832,14
2307,2018,2.88677902171601,GDP growth (annual %),LC,St. Lucia,Latin America & Caribbean ,Upper middle income,Blend,-60.9832,14
2308,2017,3.37982617272246,GDP growth (annual %),LC,St. Lucia,Latin America & Caribbean ,Upper middle income,Blend,-60.9832,14
2309,2016,3.42787214525211,GDP growth (annual %),LC,St. Lucia,Latin America & Caribbean ,Upper middle income,Blend,-60.9832,14
2310,2025,,GDP growth (annual %),MF,St. Martin (French part),Latin America & Caribbean ,High income,Not classified,,
2311,2024,,GDP growth (annual %),MF,St. Martin (French part),Latin America & Caribbean ,High income,Not classified,,
2312,2023,,GDP growth (annual %),MF,St. Martin (French part),Latin America & Caribbean ,High income,Not classified,,
2313,2022,,GDP growth (annual %),MF,St. Martin (French part),Latin America & Caribbean ,High income,Not classified,,
2314,2021,4.89999967133534,GDP growth (annual %),MF,St. Martin (French part),Latin America & Caribbean ,High income,Not classified,,
2315,2020,-12.500002246731,GDP growth (annual %),MF,St. Martin (French part),Latin America & Caribbean ,High income,Not classified,,
2316,2019,6.50000363700821,GDP growth (annual %),MF,St. Martin (French part),Latin America & Caribbean ,High income,Not classified,,
2317,2018,-7.99999506898229,GDP growth (annual %),MF,St. Martin (French part),Latin America & Caribbean ,High income,Not classified,,
2318,2017,-8.00000324038295,GDP growth (annual %),MF,St. Martin (French part),Latin America & Caribbean ,High income,Not classified,,
2319,2016,5.0,GDP growth (annual %),MF,St. Martin (French part),Latin America & Caribbean ,High income,Not classified,,
2320,2025,3.3921670546227,GDP growth (annual %),VC,St. Vincent and the Grenadines,Latin America & Caribbean ,Upper middle income,Blend,-61.2653,13.2035
2321,2024,4.06183490050209,GDP growth (annual %),VC,St. Vincent and the Grenadines,Latin America & Caribbean ,Upper middle income,Blend,-61.2653,13.2035
2322,2023,5.32636472098717,GDP growth (annual %),VC,St. Vincent and the Grenadines,Latin America & Caribbean ,Upper middle income,Blend,-61.2653,13.2035
2323,2022,3.1108330034352,GDP growth (annual %),VC,St. Vincent and the Grenadines,Latin America & Caribbean ,Upper middle income,Blend,-61.2653,13.2035
2324,2021,2.09340124465459,GDP growth (annual %),VC,St. Vincent and the Grenadines,Latin America & Caribbean ,Upper middle income,Blend,-61.2653,13.2035
2325,2020,-4.26892434422649,GDP growth (annual %),VC,St. Vincent and the Grenadines,Latin America & Caribbean ,Upper middle income,Blend,-61.2653,13.2035
2326,2019,0.668428481084234,GDP growth (annual %),VC,St. Vincent and the Grenadines,Latin America & Caribbean ,Upper middle income,Blend,-61.2653,13.2035
2327,2018,3.1756114423991,GDP growth (annual %),VC,St. Vincent and the Grenadines,Latin America & Caribbean ,Upper middle income,Blend,-61.2653,13.2035
2328,2017,1.54810173239956,GDP growth (annual %),VC,St. Vincent and the Grenadines,Latin America & Caribbean ,Upper middle income,Blend,-61.2653,13.2035
2329,2016,4.1496810046981,GDP growth (annual %),VC,St. Vincent and the Grenadines,Latin America & Caribbean ,Upper middle income,Blend,-61.2653,13.2035
2330,2025,3.06427942935869,GDP growth (annual %),SD,Sudan,Sub-Saharan Africa ,Low income,IDA,32.5363,15.5932
2331,2024,-13.9643378424022,GDP growth (annual %),SD,Sudan,Sub-Saharan Africa ,Low income,IDA,32.5363,15.5932
2332,2023,-29.4332716274387,GDP growth (annual %),SD,Sudan,Sub-Saharan Africa ,Low income,IDA,32.5363,15.5932
2333,2022,-0.957816591119183,GDP growth (annual %),SD,Sudan,Sub-Saharan Africa ,Low income,IDA,32.5363,15.5932
2334,2021,-1.8685204827207,GDP growth (annual %),SD,Sudan,Sub-Saharan Africa ,Low income,IDA,32.5363,15.5932
2335,2020,-3.62980082410752,GDP growth (annual %),SD,Sudan,Sub-Saharan Africa ,Low income,IDA,32.5363,15.5932
2336,2019,-2.17825104530091,GDP growth (annual %),SD,Sudan,Sub-Saharan Africa ,Low income,IDA,32.5363,15.5932
2337,2018,-2.6809305497999,GDP growth (annual %),SD,Sudan,Sub-Saharan Africa ,Low income,IDA,32.5363,15.5932
2338,2017,0.70925628476644,GDP growth (annual %),SD,Sudan,Sub-Saharan Africa ,Low income,IDA,32.5363,15.5932
2339,2016,3.46764218409288,GDP growth (annual %),SD,Sudan,Sub-Saharan Africa ,Low income,IDA,32.5363,15.5932
2340,2025,1.79169153226913,GDP growth (annual %),SR,Suriname,Latin America & Caribbean ,Upper middle income,Blend,-55.1679,5.8232
2341,2024,1.72095749127065,GDP growth (annual %),SR,Suriname,Latin America & Caribbean ,Upper middle income,Blend,-55.1679,5.8232
2342,2023,2.41659215006946,GDP growth (annual %),SR,Suriname,Latin America & Caribbean ,Upper middle income,Blend,-55.1679,5.8232
2343,2022,2.40622235601218,GDP growth (annual %),SR,Suriname,Latin America & Caribbean ,Upper middle income,Blend,-55.1679,5.8232
2344,2021,-2.43538583612838,GDP growth (annual %),SR,Suriname,Latin America & Caribbean ,Upper middle income,Blend,-55.1679,5.8232
2345,2020,-15.9751917148622,GDP growth (annual %),SR,Suriname,Latin America & Caribbean ,Upper middle income,Blend,-55.1679,5.8232
2346,2019,1.16758977233877,GDP growth (annual %),SR,Suriname,Latin America & Caribbean ,Upper middle income,Blend,-55.1679,5.8232
2347,2018,4.94827108468886,GDP growth (annual %),SR,Suriname,Latin America & Caribbean ,Upper middle income,Blend,-55.1679,5.8232
2348,2017,1.56603782534897,GDP growth (annual %),SR,Suriname,Latin America & Caribbean ,Upper middle income,Blend,-55.1679,5.8232
2349,2016,-4.91166050905851,GDP growth (annual %),SR,Suriname,Latin America & Caribbean ,Upper middle income,Blend,-55.1679,5.8232
2350,2025,1.54316373266217,GDP growth (annual %),SE,Sweden,Europe & Central Asia,High income,Not classified,18.0645,59.3327
2351,2024,1.01779633304398,GDP growth (annual %),SE,Sweden,Europe & Central Asia,High income,Not classified,18.0645,59.3327
2352,2023,-0.204061304891439,GDP growth (annual %),SE,Sweden,Europe & Central Asia,High income,Not classified,18.0645,59.3327
2353,2022,1.25543620445816,GDP growth (annual %),SE,Sweden,Europe & Central Asia,High income,Not classified,18.0645,59.3327
2354,2021,5.2258643028773,GDP growth (annual %),SE,Sweden,Europe & Central Asia,High income,Not classified,18.0645,59.3327
2355,2020,-1.93379704032216,GDP growth (annual %),SE,Sweden,Europe & Central Asia,High income,Not classified,18.0645,59.3327
2356,2019,2.60823012869524,GDP growth (annual %),SE,Sweden,Europe & Central Asia,High income,Not classified,18.0645,59.3327
2357,2018,1.7702553546772,GDP growth (annual %),SE,Sweden,Europe & Central Asia,High income,Not classified,18.0645,59.3327
2358,2017,1.88282184966646,GDP growth (annual %),SE,Sweden,Europe & Central Asia,High income,Not classified,18.0645,59.3327
2359,2016,2.13117914731151,GDP growth (annual %),SE,Sweden,Europe & Central Asia,High income,Not classified,18.0645,59.3327
2360,2025,1.30007790958307,GDP growth (annual %),CH,Switzerland,Europe & Central Asia,High income,Not classified,7.44821,46.948
2361,2024,1.39033363875791,GDP growth (annual %),CH,Switzerland,Europe & Central Asia,High income,Not classified,7.44821,46.948
2362,2023,0.825560934124624,GDP growth (annual %),CH,Switzerland,Europe & Central Asia,High income,Not classified,7.44821,46.948
2363,2022,3.53430286842426,GDP growth (annual %),CH,Switzerland,Europe & Central Asia,High income,Not classified,7.44821,46.948
2364,2021,6.17622836050151,GDP growth (annual %),CH,Switzerland,Europe & Central Asia,High income,Not classified,7.44821,46.948
2365,2020,-2.2552579425106,GDP growth (annual %),CH,Switzerland,Europe & Central Asia,High income,Not classified,7.44821,46.948
2366,2019,1.11532187197474,GDP growth (annual %),CH,Switzerland,Europe & Central Asia,High income,Not classified,7.44821,46.948
2367,2018,3.32743256101493,GDP growth (annual %),CH,Switzerland,Europe & Central Asia,High income,Not classified,7.44821,46.948
2368,2017,1.42034612231261,GDP growth (annual %),CH,Switzerland,Europe & Central Asia,High income,Not classified,7.44821,46.948
2369,2016,1.91159094214852,GDP growth (annual %),CH,Switzerland,Europe & Central Asia,High income,Not classified,7.44821,46.948
2370,2025,,GDP growth (annual %),SY,Syrian Arab Republic,"Middle East, North Africa, Afghanistan & Pakistan",Low income,IDA,36.3119,33.5146
2371,2024,,GDP growth (annual %),SY,Syrian Arab Republic,"Middle East, North Africa, Afghanistan & Pakistan",Low income,IDA,36.3119,33.5146
2372,2023,,GDP growth (annual %),SY,Syrian Arab Republic,"Middle East, North Africa, Afghanistan & Pakistan",Low income,IDA,36.3119,33.5146
2373,2022,-0.20247264200475,GDP growth (annual %),SY,Syrian Arab Republic,"Middle East, North Africa, Afghanistan & Pakistan",Low income,IDA,36.3119,33.5146
2374,2021,1.7896919997567,GDP growth (annual %),SY,Syrian Arab Republic,"Middle East, North Africa, Afghanistan & Pakistan",Low income,IDA,36.3119,33.5146
2375,2020,0.954914586675713,GDP growth (annual %),SY,Syrian Arab Republic,"Middle East, North Africa, Afghanistan & Pakistan",Low income,IDA,36.3119,33.5146
2376,2019,1.22072818348491,GDP growth (annual %),SY,Syrian Arab Republic,"Middle East, North Africa, Afghanistan & Pakistan",Low income,IDA,36.3119,33.5146
2377,2018,1.39323324059961,GDP growth (annual %),SY,Syrian Arab Republic,"Middle East, North Africa, Afghanistan & Pakistan",Low income,IDA,36.3119,33.5146
2378,2017,-0.723346297115341,GDP growth (annual %),SY,Syrian Arab Republic,"Middle East, North Africa, Afghanistan & Pakistan",Low income,IDA,36.3119,33.5146
2379,2016,-6.40568496867387,GDP growth (annual %),SY,Syrian Arab Republic,"Middle East, North Africa, Afghanistan & Pakistan",Low income,IDA,36.3119,33.5146
2380,2025,8.40000053390075,GDP growth (annual %),TJ,Tajikistan,Europe & Central Asia,Lower middle income,IDA,68.7864,38.5878
2381,2024,8.39999980983981,GDP growth (annual %),TJ,Tajikistan,Europe & Central Asia,Lower middle income,IDA,68.7864,38.5878
2382,2023,8.29999921651935,GDP growth (annual %),TJ,Tajikistan,Europe & Central Asia,Lower middle income,IDA,68.7864,38.5878
2383,2022,8.00000033846364,GDP growth (annual %),TJ,Tajikistan,Europe & Central Asia,Lower middle income,IDA,68.7864,38.5878
2384,2021,9.39999955037523,GDP growth (annual %),TJ,Tajikistan,Europe & Central Asia,Lower middle income,IDA,68.7864,38.5878
2385,2020,4.40000111553493,GDP growth (annual %),TJ,Tajikistan,Europe & Central Asia,Lower middle income,IDA,68.7864,38.5878
2386,2019,7.40000016310556,GDP growth (annual %),TJ,Tajikistan,Europe & Central Asia,Lower middle income,IDA,68.7864,38.5878
2387,2018,7.5999988895536,GDP growth (annual %),TJ,Tajikistan,Europe & Central Asia,Lower middle income,IDA,68.7864,38.5878
2388,2017,7.10000041864309,GDP growth (annual %),TJ,Tajikistan,Europe & Central Asia,Lower middle income,IDA,68.7864,38.5878
2389,2016,6.89999999999999,GDP growth (annual %),TJ,Tajikistan,Europe & Central Asia,Lower middle income,IDA,68.7864,38.5878
2390,2025,5.85286828692739,GDP growth (annual %),TZ,Tanzania,Sub-Saharan Africa ,Lower middle income,IDA,35.7382,-6.17486
2391,2024,5.5263138305945,GDP growth (annual %),TZ,Tanzania,Sub-Saharan Africa ,Lower middle income,IDA,35.7382,-6.17486
2392,2023,5.06952353203394,GDP growth (annual %),TZ,Tanzania,Sub-Saharan Africa ,Lower middle income,IDA,35.7382,-6.17486
2393,2022,4.56600576430955,GDP growth (annual %),TZ,Tanzania,Sub-Saharan Africa ,Lower middle income,IDA,35.7382,-6.17486
2394,2021,4.32138429480482,GDP growth (annual %),TZ,Tanzania,Sub-Saharan Africa ,Lower middle income,IDA,35.7382,-6.17486
2395,2020,1.99196460647855,GDP growth (annual %),TZ,Tanzania,Sub-Saharan Africa ,Lower middle income,IDA,35.7382,-6.17486
2396,2019,5.79999999996723,GDP growth (annual %),TZ,Tanzania,Sub-Saharan Africa ,Lower middle income,IDA,35.7382,-6.17486
2397,2018,5.50267599384966,GDP growth (annual %),TZ,Tanzania,Sub-Saharan Africa ,Lower middle income,IDA,35.7382,-6.17486
2398,2017,6.72726996832438,GDP growth (annual %),TZ,Tanzania,Sub-Saharan Africa ,Lower middle income,IDA,35.7382,-6.17486
2399,2016,6.86711619644551,GDP growth (annual %),TZ,Tanzania,Sub-Saharan Africa ,Lower middle income,IDA,35.7382,-6.17486
2400,2025,2.44247444990198,GDP growth (annual %),TH,Thailand,East Asia & Pacific,Upper middle income,IBRD,100.521,13.7308
2401,2024,2.94859986593323,GDP growth (annual %),TH,Thailand,East Asia & Pacific,Upper middle income,IBRD,100.521,13.7308
2402,2023,2.24883437970568,GDP growth (annual %),TH,Thailand,East Asia & Pacific,Upper middle income,IBRD,100.521,13.7308
2403,2022,2.63784213566305,GDP growth (annual %),TH,Thailand,East Asia & Pacific,Upper middle income,IBRD,100.521,13.7308
2404,2021,1.55858232076893,GDP growth (annual %),TH,Thailand,East Asia & Pacific,Upper middle income,IBRD,100.521,13.7308
2405,2020,-6.09306312966953,GDP growth (annual %),TH,Thailand,East Asia & Pacific,Upper middle income,IBRD,100.521,13.7308
2406,2019,2.11455779628278,GDP growth (annual %),TH,Thailand,East Asia & Pacific,Upper middle income,IBRD,100.521,13.7308
2407,2018,4.22287028746071,GDP growth (annual %),TH,Thailand,East Asia & Pacific,Upper middle income,IBRD,100.521,13.7308
2408,2017,4.1776810321001,GDP growth (annual %),TH,Thailand,East Asia & Pacific,Upper middle income,IBRD,100.521,13.7308
2409,2016,3.43515771692182,GDP growth (annual %),TH,Thailand,East Asia & Pacific,Upper middle income,IBRD,100.521,13.7308
2410,2025,6.97538939119629,GDP growth (annual %),TL,Timor-Leste,East Asia & Pacific,Lower middle income,Blend,125.567,-8.56667
2411,2024,-9.10069289810397,GDP growth (annual %),TL,Timor-Leste,East Asia & Pacific,Lower middle income,Blend,125.567,-8.56667
2412,2023,-18.1359049134472,GDP growth (annual %),TL,Timor-Leste,East Asia & Pacific,Lower middle income,Blend,125.567,-8.56667
2413,2022,-20.5224802314812,GDP growth (annual %),TL,Timor-Leste,East Asia & Pacific,Lower middle income,Blend,125.567,-8.56667
2414,2021,5.36980119392668,GDP growth (annual %),TL,Timor-Leste,East Asia & Pacific,Lower middle income,Blend,125.567,-8.56667
2415,2020,31.7257416721413,GDP growth (annual %),TL,Timor-Leste,East Asia & Pacific,Lower middle income,Blend,125.567,-8.56667
2416,2019,24.2128840085001,GDP growth (annual %),TL,Timor-Leste,East Asia & Pacific,Lower middle income,Blend,125.567,-8.56667
2417,2018,-0.466502170658785,GDP growth (annual %),TL,Timor-Leste,East Asia & Pacific,Lower middle income,Blend,125.567,-8.56667
2418,2017,-3.18241522489195,GDP growth (annual %),TL,Timor-Leste,East Asia & Pacific,Lower middle income,Blend,125.567,-8.56667
2419,2016,3.00993062553351,GDP growth (annual %),TL,Timor-Leste,East Asia & Pacific,Lower middle income,Blend,125.567,-8.56667
2420,2025,6.31032671625633,GDP growth (annual %),TG,Togo,Sub-Saharan Africa ,Lower middle income,IDA,1.2255,6.1228
2421,2024,6.52651376797853,GDP growth (annual %),TG,Togo,Sub-Saharan Africa ,Lower middle income,IDA,1.2255,6.1228
2422,2023,6.19762969378132,GDP growth (annual %),TG,Togo,Sub-Saharan Africa ,Lower middle income,IDA,1.2255,6.1228
2423,2022,6.29443692019429,GDP growth (annual %),TG,Togo,Sub-Saharan Africa ,Lower middle income,IDA,1.2255,6.1228
2424,2021,5.13562929064506,GDP growth (annual %),TG,Togo,Sub-Saharan Africa ,Lower middle income,IDA,1.2255,6.1228
2425,2020,2.15900131150536,GDP growth (annual %),TG,Togo,Sub-Saharan Africa ,Lower middle income,IDA,1.2255,6.1228
2426,2019,4.91949260488683,GDP growth (annual %),TG,Togo,Sub-Saharan Africa ,Lower middle income,IDA,1.2255,6.1228
2427,2018,4.79518333086139,GDP growth (annual %),TG,Togo,Sub-Saharan Africa ,Lower middle income,IDA,1.2255,6.1228
2428,2017,4.00791259566937,GDP growth (annual %),TG,Togo,Sub-Saharan Africa ,Lower middle income,IDA,1.2255,6.1228
2429,2016,4.21490387414525,GDP growth (annual %),TG,Togo,Sub-Saharan Africa ,Lower middle income,IDA,1.2255,6.1228
2430,2025,2.79999999999998,GDP growth (annual %),TO,Tonga,East Asia & Pacific,Upper middle income,IDA,-175.216,-21.136
2431,2024,1.71653807667747,GDP growth (annual %),TO,Tonga,East Asia & Pacific,Upper middle income,IDA,-175.216,-21.136
2432,2023,2.79014715494606,GDP growth (annual %),TO,Tonga,East Asia & Pacific,Upper middle income,IDA,-175.216,-21.136
2433,2022,-2.12854876486114,GDP growth (annual %),TO,Tonga,East Asia & Pacific,Upper middle income,IDA,-175.216,-21.136
2434,2021,-0.934919892094683,GDP growth (annual %),TO,Tonga,East Asia & Pacific,Upper middle income,IDA,-175.216,-21.136
2435,2020,1.80618715298932,GDP growth (annual %),TO,Tonga,East Asia & Pacific,Upper middle income,IDA,-175.216,-21.136
2436,2019,-0.285210784299821,GDP growth (annual %),TO,Tonga,East Asia & Pacific,Upper middle income,IDA,-175.216,-21.136
2437,2018,0.527828083180253,GDP growth (annual %),TO,Tonga,East Asia & Pacific,Upper middle income,IDA,-175.216,-21.136
2438,2017,3.20231976224244,GDP growth (annual %),TO,Tonga,East Asia & Pacific,Upper middle income,IDA,-175.216,-21.136
2439,2016,6.59869879417958,GDP growth (annual %),TO,Tonga,East Asia & Pacific,Upper middle income,IDA,-175.216,-21.136
2440,2025,-0.787768572727643,GDP growth (annual %),TT,Trinidad and Tobago,Latin America & Caribbean ,High income,IBRD,-61.4789,10.6596
2441,2024,2.50920813979569,GDP growth (annual %),TT,Trinidad and Tobago,Latin America & Caribbean ,High income,IBRD,-61.4789,10.6596
2442,2023,1.46645947294053,GDP growth (annual %),TT,Trinidad and Tobago,Latin America & Caribbean ,High income,IBRD,-61.4789,10.6596
2443,2022,0.86126082651883,GDP growth (annual %),TT,Trinidad and Tobago,Latin America & Caribbean ,High income,IBRD,-61.4789,10.6596
2444,2021,-0.716740625909793,GDP growth (annual %),TT,Trinidad and Tobago,Latin America & Caribbean ,High income,IBRD,-61.4789,10.6596
2445,2020,-8.78879817831519,GDP growth (annual %),TT,Trinidad and Tobago,Latin America & Caribbean ,High income,IBRD,-61.4789,10.6596
2446,2019,0.467734528855885,GDP growth (annual %),TT,Trinidad and Tobago,Latin America & Caribbean ,High income,IBRD,-61.4789,10.6596
2447,2018,-0.945449700943314,GDP growth (annual %),TT,Trinidad and Tobago,Latin America & Caribbean ,High income,IBRD,-61.4789,10.6596
2448,2017,-4.87274946918724,GDP growth (annual %),TT,Trinidad and Tobago,Latin America & Caribbean ,High income,IBRD,-61.4789,10.6596
2449,2016,-7.53636305379372,GDP growth (annual %),TT,Trinidad and Tobago,Latin America & Caribbean ,High income,IBRD,-61.4789,10.6596
2450,2025,2.49311010666248,GDP growth (annual %),TN,Tunisia,"Middle East, North Africa, Afghanistan & Pakistan",Lower middle income,IBRD,10.21,36.7899
2451,2024,1.61444564976986,GDP growth (annual %),TN,Tunisia,"Middle East, North Africa, Afghanistan & Pakistan",Lower middle income,IBRD,10.21,36.7899
2452,2023,0.184015548469745,GDP growth (annual %),TN,Tunisia,"Middle East, North Africa, Afghanistan & Pakistan",Lower middle income,IBRD,10.21,36.7899
2453,2022,2.75228761004381,GDP growth (annual %),TN,Tunisia,"Middle East, North Africa, Afghanistan & Pakistan",Lower middle income,IBRD,10.21,36.7899
2454,2021,4.73603648206102,GDP growth (annual %),TN,Tunisia,"Middle East, North Africa, Afghanistan & Pakistan",Lower middle income,IBRD,10.21,36.7899
2455,2020,-8.97512622934723,GDP growth (annual %),TN,Tunisia,"Middle East, North Africa, Afghanistan & Pakistan",Lower middle income,IBRD,10.21,36.7899
2456,2019,1.55009304966742,GDP growth (annual %),TN,Tunisia,"Middle East, North Africa, Afghanistan & Pakistan",Lower middle income,IBRD,10.21,36.7899
2457,2018,2.60696965356362,GDP growth (annual %),TN,Tunisia,"Middle East, North Africa, Afghanistan & Pakistan",Lower middle income,IBRD,10.21,36.7899
2458,2017,2.25261437620587,GDP growth (annual %),TN,Tunisia,"Middle East, North Africa, Afghanistan & Pakistan",Lower middle income,IBRD,10.21,36.7899
2459,2016,1.117231963992,GDP growth (annual %),TN,Tunisia,"Middle East, North Africa, Afghanistan & Pakistan",Lower middle income,IBRD,10.21,36.7899
2460,2025,3.60462514082589,GDP growth (annual %),TR,Turkiye,Europe & Central Asia,Upper middle income,IBRD,32.3606,39.7153
2461,2024,3.3276230893799,GDP growth (annual %),TR,Turkiye,Europe & Central Asia,Upper middle income,IBRD,32.3606,39.7153
2462,2023,5.04512369812289,GDP growth (annual %),TR,Turkiye,Europe & Central Asia,Upper middle income,IBRD,32.3606,39.7153
2463,2022,5.44122511322401,GDP growth (annual %),TR,Turkiye,Europe & Central Asia,Upper middle income,IBRD,32.3606,39.7153
2464,2021,11.811094450607,GDP growth (annual %),TR,Turkiye,Europe & Central Asia,Upper middle income,IBRD,32.3606,39.7153
2465,2020,1.80306247087255,GDP growth (annual %),TR,Turkiye,Europe & Central Asia,Upper middle income,IBRD,32.3606,39.7153
2466,2019,1.30162365464503,GDP growth (annual %),TR,Turkiye,Europe & Central Asia,Upper middle income,IBRD,32.3606,39.7153
2467,2018,3.46815306092219,GDP growth (annual %),TR,Turkiye,Europe & Central Asia,Upper middle income,IBRD,32.3606,39.7153
2468,2017,7.82585730002594,GDP growth (annual %),TR,Turkiye,Europe & Central Asia,Upper middle income,IBRD,32.3606,39.7153
2469,2016,3.32366508200445,GDP growth (annual %),TR,Turkiye,Europe & Central Asia,Upper middle income,IBRD,32.3606,39.7153
2470,2025,6.30000003697894,GDP growth (annual %),TM,Turkmenistan,Europe & Central Asia,Upper middle income,IBRD,58.3794,37.9509
2471,2024,6.28235647996578,GDP growth (annual %),TM,Turkmenistan,Europe & Central Asia,Upper middle income,IBRD,58.3794,37.9509
2472,2023,6.31879850268643,GDP growth (annual %),TM,Turkmenistan,Europe & Central Asia,Upper middle income,IBRD,58.3794,37.9509
2473,2022,6.23491365071671,GDP growth (annual %),TM,Turkmenistan,Europe & Central Asia,Upper middle income,IBRD,58.3794,37.9509
2474,2021,6.15115785574542,GDP growth (annual %),TM,Turkmenistan,Europe & Central Asia,Upper middle income,IBRD,58.3794,37.9509
2475,2020,5.87065623130427,GDP growth (annual %),TM,Turkmenistan,Europe & Central Asia,Upper middle income,IBRD,58.3794,37.9509
2476,2019,6.33169567608873,GDP growth (annual %),TM,Turkmenistan,Europe & Central Asia,Upper middle income,IBRD,58.3794,37.9509
2477,2018,6.20602363832646,GDP growth (annual %),TM,Turkmenistan,Europe & Central Asia,Upper middle income,IBRD,58.3794,37.9509
2478,2017,6.45138358820188,GDP growth (annual %),TM,Turkmenistan,Europe & Central Asia,Upper middle income,IBRD,58.3794,37.9509
2479,2016,6.22909997062793,GDP growth (annual %),TM,Turkmenistan,Europe & Central Asia,Upper middle income,IBRD,58.3794,37.9509
2480,2025,,GDP growth (annual %),TC,Turks and Caicos Islands,Latin America & Caribbean ,High income,Not classified,-71.141389,21.4602778
2481,2024,5.63682517443362,GDP growth (annual %),TC,Turks and Caicos Islands,Latin America & Caribbean ,High income,Not classified,-71.141389,21.4602778
2482,2023,13.7311481139228,GDP growth (annual %),TC,Turks and Caicos Islands,Latin America & Caribbean ,High income,Not classified,-71.141389,21.4602778
2483,2022,14.0871234168153,GDP growth (annual %),TC,Turks and Caicos Islands,Latin America & Caribbean ,High income,Not classified,-71.141389,21.4602778
2484,2021,29.6293781722414,GDP growth (annual %),TC,Turks and Caicos Islands,Latin America & Caribbean ,High income,Not classified,-71.141389,21.4602778
2485,2020,-33.8170973434652,GDP growth (annual %),TC,Turks and Caicos Islands,Latin America & Caribbean ,High income,Not classified,-71.141389,21.4602778
2486,2019,4.98170549382992,GDP growth (annual %),TC,Turks and Caicos Islands,Latin America & Caribbean ,High income,Not classified,-71.141389,21.4602778
2487,2018,6.75264845178367,GDP growth (annual %),TC,Turks and Caicos Islands,Latin America & Caribbean ,High income,Not classified,-71.141389,21.4602778
2488,2017,74.5879880544188,GDP growth (annual %),TC,Turks and Caicos Islands,Latin America & Caribbean ,High income,Not classified,-71.141389,21.4602778
2489,2016,7.25118627570265,GDP growth (annual %),TC,Turks and Caicos Islands,Latin America & Caribbean ,High income,Not classified,-71.141389,21.4602778
2490,2025,1.63934426229508,GDP growth (annual %),TV,Tuvalu,East Asia & Pacific,Upper middle income,IDA,179.089567,-8.6314877
2491,2024,3.38983050847457,GDP growth (annual %),TV,Tuvalu,East Asia & Pacific,Upper middle income,IDA,179.089567,-8.6314877
2492,2023,3.50877192982458,GDP growth (annual %),TV,Tuvalu,East Asia & Pacific,Upper middle income,IDA,179.089567,-8.6314877
2493,2022,-10.9375,GDP growth (annual %),TV,Tuvalu,East Asia & Pacific,Upper middle income,IDA,179.089567,-8.6314877
2494,2021,0.0,GDP growth (annual %),TV,Tuvalu,East Asia & Pacific,Upper middle income,IDA,179.089567,-8.6314877
2495,2020,-3.03030303030303,GDP growth (annual %),TV,Tuvalu,East Asia & Pacific,Upper middle income,IDA,179.089567,-8.6314877
2496,2019,13.4465048163198,GDP growth (annual %),TV,Tuvalu,East Asia & Pacific,Upper middle income,IDA,179.089567,-8.6314877
2497,2018,1.38668386152332,GDP growth (annual %),TV,Tuvalu,East Asia & Pacific,Upper middle income,IDA,179.089567,-8.6314877
2498,2017,3.26802914033142,GDP growth (annual %),TV,Tuvalu,East Asia & Pacific,Upper middle income,IDA,179.089567,-8.6314877
2499,2016,4.77650497336539,GDP growth (annual %),TV,Tuvalu,East Asia & Pacific,Upper middle income,IDA,179.089567,-8.6314877
2500,2025,6.33181157677313,GDP growth (annual %),UG,Uganda,Sub-Saharan Africa ,Low income,IDA,32.5729,0.314269
2501,2024,6.05558075875589,GDP growth (annual %),UG,Uganda,Sub-Saharan Africa ,Low income,IDA,32.5729,0.314269
2502,2023,5.33697295511469,GDP growth (annual %),UG,Uganda,Sub-Saharan Africa ,Low income,IDA,32.5729,0.314269
2503,2022,4.58802192181773,GDP growth (annual %),UG,Uganda,Sub-Saharan Africa ,Low income,IDA,32.5729,0.314269
2504,2021,3.53658034070898,GDP growth (annual %),UG,Uganda,Sub-Saharan Africa ,Low income,IDA,32.5729,0.314269
2505,2020,2.95130642218098,GDP growth (annual %),UG,Uganda,Sub-Saharan Africa ,Low income,IDA,32.5729,0.314269
2506,2019,6.43874503276439,GDP growth (annual %),UG,Uganda,Sub-Saharan Africa ,Low income,IDA,32.5729,0.314269
2507,2018,6.30392378262997,GDP growth (annual %),UG,Uganda,Sub-Saharan Africa ,Low income,IDA,32.5729,0.314269
2508,2017,3.13140551723596,GDP growth (annual %),UG,Uganda,Sub-Saharan Africa ,Low income,IDA,32.5729,0.314269
2509,2016,4.78100029254482,GDP growth (annual %),UG,Uganda,Sub-Saharan Africa ,Low income,IDA,32.5729,0.314269
2510,2025,1.82152376756284,GDP growth (annual %),UA,Ukraine,Europe & Central Asia,Upper middle income,IBRD,30.5038,50.4536
2511,2024,3.24811808426423,GDP growth (annual %),UA,Ukraine,Europe & Central Asia,Upper middle income,IBRD,30.5038,50.4536
2512,2023,5.53473354963334,GDP growth (annual %),UA,Ukraine,Europe & Central Asia,Upper middle income,IBRD,30.5038,50.4536
2513,2022,-28.7585842155085,GDP growth (annual %),UA,Ukraine,Europe & Central Asia,Upper middle income,IBRD,30.5038,50.4536
2514,2021,3.44562065945944,GDP growth (annual %),UA,Ukraine,Europe & Central Asia,Upper middle income,IBRD,30.5038,50.4536
2515,2020,-3.75281793983162,GDP growth (annual %),UA,Ukraine,Europe & Central Asia,Upper middle income,IBRD,30.5038,50.4536
2516,2019,3.19950386354134,GDP growth (annual %),UA,Ukraine,Europe & Central Asia,Upper middle income,IBRD,30.5038,50.4536
2517,2018,3.48836234022659,GDP growth (annual %),UA,Ukraine,Europe & Central Asia,Upper middle income,IBRD,30.5038,50.4536
2518,2017,2.35997228099491,GDP growth (annual %),UA,Ukraine,Europe & Central Asia,Upper middle income,IBRD,30.5038,50.4536
2519,2016,2.44098194492067,GDP growth (annual %),UA,Ukraine,Europe & Central Asia,Upper middle income,IBRD,30.5038,50.4536
2520,2025,,GDP growth (annual %),AE,United Arab Emirates,"Middle East, North Africa, Afghanistan & Pakistan",High income,Not classified,54.3705,24.4764
2521,2024,3.99181200361831,GDP growth (annual %),AE,United Arab Emirates,"Middle East, North Africa, Afghanistan & Pakistan",High income,Not classified,54.3705,24.4764
2522,2023,4.30113648499413,GDP growth (annual %),AE,United Arab Emirates,"Middle East, North Africa, Afghanistan & Pakistan",High income,Not classified,54.3705,24.4764
2523,2022,7.51452414254605,GDP growth (annual %),AE,United Arab Emirates,"Middle East, North Africa, Afghanistan & Pakistan",High income,Not classified,54.3705,24.4764
2524,2021,4.55280140106356,GDP growth (annual %),AE,United Arab Emirates,"Middle East, North Africa, Afghanistan & Pakistan",High income,Not classified,54.3705,24.4764
2525,2020,-8.69343363776639,GDP growth (annual %),AE,United Arab Emirates,"Middle East, North Africa, Afghanistan & Pakistan",High income,Not classified,54.3705,24.4764
2526,2019,1.27129120536284,GDP growth (annual %),AE,United Arab Emirates,"Middle East, North Africa, Afghanistan & Pakistan",High income,Not classified,54.3705,24.4764
2527,2018,1.53720634021511,GDP growth (annual %),AE,United Arab Emirates,"Middle East, North Africa, Afghanistan & Pakistan",High income,Not classified,54.3705,24.4764
2528,2017,-1.06137114472548,GDP growth (annual %),AE,United Arab Emirates,"Middle East, North Africa, Afghanistan & Pakistan",High income,Not classified,54.3705,24.4764
2529,2016,5.65790147196586,GDP growth (annual %),AE,United Arab Emirates,"Middle East, North Africa, Afghanistan & Pakistan",High income,Not classified,54.3705,24.4764
2530,2025,1.38844207858726,GDP growth (annual %),GB,United Kingdom,Europe & Central Asia,High income,Not classified,-0.126236,51.5002
2531,2024,1.08027716858781,GDP growth (annual %),GB,United Kingdom,Europe & Central Asia,High income,Not classified,-0.126236,51.5002
2532,2023,0.271650048355255,GDP growth (annual %),GB,United Kingdom,Europe & Central Asia,High income,Not classified,-0.126236,51.5002
2533,2022,5.14970388522993,GDP growth (annual %),GB,United Kingdom,Europe & Central Asia,High income,Not classified,-0.126236,51.5002
2534,2021,8.5431118453255,GDP growth (annual %),GB,United Kingdom,Europe & Central Asia,High income,Not classified,-0.126236,51.5002
2535,2020,-10.047896637362,GDP growth (annual %),GB,United Kingdom,Europe & Central Asia,High income,Not classified,-0.126236,51.5002
2536,2019,1.25629899760824,GDP growth (annual %),GB,United Kingdom,Europe & Central Asia,High income,Not classified,-0.126236,51.5002
2537,2018,1.55133095078786,GDP growth (annual %),GB,United Kingdom,Europe & Central Asia,High income,Not classified,-0.126236,51.5002
2538,2017,3.02322219840339,GDP growth (annual %),GB,United Kingdom,Europe & Central Asia,High income,Not classified,-0.126236,51.5002
2539,2016,2.20652020635357,GDP growth (annual %),GB,United Kingdom,Europe & Central Asia,High income,Not classified,-0.126236,51.5002
2540,2025,2.16138195623856,GDP growth (annual %),US,United States,North America,High income,Not classified,-77.032,38.8895
2541,2024,2.79318715363841,GDP growth (annual %),US,United States,North America,High income,Not classified,-77.032,38.8895
2542,2023,2.93436322440155,GDP growth (annual %),US,United States,North America,High income,Not classified,-77.032,38.8895
2543,2022,2.52421385073222,GDP growth (annual %),US,United States,North America,High income,Not classified,-77.032,38.8895
2544,2021,6.15202247867526,GDP growth (annual %),US,United States,North America,High income,Not classified,-77.032,38.8895
2545,2020,-2.081375977796,GDP growth (annual %),US,United States,North America,High income,Not classified,-77.032,38.8895
2546,2019,2.58382533052225,GDP growth (annual %),US,United States,North America,High income,Not classified,-77.032,38.8895
2547,2018,2.96650506701943,GDP growth (annual %),US,United States,North America,High income,Not classified,-77.032,38.8895
2548,2017,2.45762230126449,GDP growth (annual %),US,United States,North America,High income,Not classified,-77.032,38.8895
2549,2016,1.81945147909089,GDP growth (annual %),US,United States,North America,High income,Not classified,-77.032,38.8895
2550,2025,1.78471117082752,GDP growth (annual %),UY,Uruguay,Latin America & Caribbean ,High income,IBRD,-56.0675,-34.8941
2551,2024,3.32575905957381,GDP growth (annual %),UY,Uruguay,Latin America & Caribbean ,High income,IBRD,-56.0675,-34.8941
2552,2023,0.761749241321681,GDP growth (annual %),UY,Uruguay,Latin America & Caribbean ,High income,IBRD,-56.0675,-34.8941
2553,2022,4.60623000920732,GDP growth (annual %),UY,Uruguay,Latin America & Caribbean ,High income,IBRD,-56.0675,-34.8941
2554,2021,5.84427325018082,GDP growth (annual %),UY,Uruguay,Latin America & Caribbean ,High income,IBRD,-56.0675,-34.8941
2555,2020,-7.35732706897301,GDP growth (annual %),UY,Uruguay,Latin America & Caribbean ,High income,IBRD,-56.0675,-34.8941
2556,2019,0.928351027546341,GDP growth (annual %),UY,Uruguay,Latin America & Caribbean ,High income,IBRD,-56.0675,-34.8941
2557,2018,0.164777608846705,GDP growth (annual %),UY,Uruguay,Latin America & Caribbean ,High income,IBRD,-56.0675,-34.8941
2558,2017,1.74037649141989,GDP growth (annual %),UY,Uruguay,Latin America & Caribbean ,High income,IBRD,-56.0675,-34.8941
2559,2016,1.68979822971775,GDP growth (annual %),UY,Uruguay,Latin America & Caribbean ,High income,IBRD,-56.0675,-34.8941
2560,2025,7.69962477932913,GDP growth (annual %),UZ,Uzbekistan,Europe & Central Asia,Lower middle income,Blend,69.269,41.3052
2561,2024,6.67618796188361,GDP growth (annual %),UZ,Uzbekistan,Europe & Central Asia,Lower middle income,Blend,69.269,41.3052
2562,2023,6.31603004201926,GDP growth (annual %),UZ,Uzbekistan,Europe & Central Asia,Lower middle income,Blend,69.269,41.3052
2563,2022,6.08592335737373,GDP growth (annual %),UZ,Uzbekistan,Europe & Central Asia,Lower middle income,Blend,69.269,41.3052
2564,2021,8.20448512353877,GDP growth (annual %),UZ,Uzbekistan,Europe & Central Asia,Lower middle income,Blend,69.269,41.3052
2565,2020,1.62162281640448,GDP growth (annual %),UZ,Uzbekistan,Europe & Central Asia,Lower middle income,Blend,69.269,41.3052
2566,2019,6.79331098484522,GDP growth (annual %),UZ,Uzbekistan,Europe & Central Asia,Lower middle income,Blend,69.269,41.3052
2567,2018,5.72368380757618,GDP growth (annual %),UZ,Uzbekistan,Europe & Central Asia,Lower middle income,Blend,69.269,41.3052
2568,2017,4.70027401956061,GDP growth (annual %),UZ,Uzbekistan,Europe & Central Asia,Lower middle income,Blend,69.269,41.3052
2569,2016,6.71108022628,GDP growth (annual %),UZ,Uzbekistan,Europe & Central Asia,Lower middle income,Blend,69.269,41.3052
2570,2025,3.05357824026483,GDP growth (annual %),VU,Vanuatu,East Asia & Pacific,Lower middle income,IDA,168.321,-17.7404
2571,2024,3.76564827114278,GDP growth (annual %),VU,Vanuatu,East Asia & Pacific,Lower middle income,IDA,168.321,-17.7404
2572,2023,5.82973013269719,GDP growth (annual %),VU,Vanuatu,East Asia & Pacific,Lower middle income,IDA,168.321,-17.7404
2573,2022,5.59195729750803,GDP growth (annual %),VU,Vanuatu,East Asia & Pacific,Lower middle income,IDA,168.321,-17.7404
2574,2021,-1.16332488626091,GDP growth (annual %),VU,Vanuatu,East Asia & Pacific,Lower middle income,IDA,168.321,-17.7404
2575,2020,-5.72530282073851,GDP growth (annual %),VU,Vanuatu,East Asia & Pacific,Lower middle income,IDA,168.321,-17.7404
2576,2019,3.27677257380314,GDP growth (annual %),VU,Vanuatu,East Asia & Pacific,Lower middle income,IDA,168.321,-17.7404
2577,2018,2.51532789491979,GDP growth (annual %),VU,Vanuatu,East Asia & Pacific,Lower middle income,IDA,168.321,-17.7404
2578,2017,4.22332192519966,GDP growth (annual %),VU,Vanuatu,East Asia & Pacific,Lower middle income,IDA,168.321,-17.7404
2579,2016,3.61980830670927,GDP growth (annual %),VU,Vanuatu,East Asia & Pacific,Lower middle income,IDA,168.321,-17.7404
2580,2025,1.57068062827224,GDP growth (annual %),VE,"Venezuela, RB",Latin America & Caribbean ,Lower middle income,IBRD,-69.8371,9.08165
2581,2024,5.52486187845305,GDP growth (annual %),VE,"Venezuela, RB",Latin America & Caribbean ,Lower middle income,IBRD,-69.8371,9.08165
2582,2023,4.02298850574712,GDP growth (annual %),VE,"Venezuela, RB",Latin America & Caribbean ,Lower middle income,IBRD,-69.8371,9.08165
2583,2022,8.07453416149069,GDP growth (annual %),VE,"Venezuela, RB",Latin America & Caribbean ,Lower middle income,IBRD,-69.8371,9.08165
2584,2021,0.625000000000014,GDP growth (annual %),VE,"Venezuela, RB",Latin America & Caribbean ,Lower middle income,IBRD,-69.8371,9.08165
2585,2020,-29.8245614035088,GDP growth (annual %),VE,"Venezuela, RB",Latin America & Caribbean ,Lower middle income,IBRD,-69.8371,9.08165
2586,2019,-27.6190476190476,GDP growth (annual %),VE,"Venezuela, RB",Latin America & Caribbean ,Lower middle income,IBRD,-69.8371,9.08165
2587,2018,-19.6428571428571,GDP growth (annual %),VE,"Venezuela, RB",Latin America & Caribbean ,Lower middle income,IBRD,-69.8371,9.08165
2588,2017,-15.6989247311828,GDP growth (annual %),VE,"Venezuela, RB",Latin America & Caribbean ,Lower middle income,IBRD,-69.8371,9.08165
2589,2016,-17.1122994652406,GDP growth (annual %),VE,"Venezuela, RB",Latin America & Caribbean ,Lower middle income,IBRD,-69.8371,9.08165
2590,2025,8.01882998978245,GDP growth (annual %),VN,Viet Nam,East Asia & Pacific,Upper middle income,IBRD,105.825,21.0069
2591,2024,7.03955197123018,GDP growth (annual %),VN,Viet Nam,East Asia & Pacific,Upper middle income,IBRD,105.825,21.0069
2592,2023,4.97865959483225,GDP growth (annual %),VN,Viet Nam,East Asia & Pacific,Upper middle income,IBRD,105.825,21.0069
2593,2022,8.53750041218142,GDP growth (annual %),VN,Viet Nam,East Asia & Pacific,Upper middle income,IBRD,105.825,21.0069
2594,2021,2.55372852648131,GDP growth (annual %),VN,Viet Nam,East Asia & Pacific,Upper middle income,IBRD,105.825,21.0069
2595,2020,2.86541320912272,GDP growth (annual %),VN,Viet Nam,East Asia & Pacific,Upper middle income,IBRD,105.825,21.0069
2596,2019,7.35926270105006,GDP growth (annual %),VN,Viet Nam,East Asia & Pacific,Upper middle income,IBRD,105.825,21.0069
2597,2018,7.46500685572751,GDP growth (annual %),VN,Viet Nam,East Asia & Pacific,Upper middle income,IBRD,105.825,21.0069
2598,2017,6.94019037359206,GDP growth (annual %),VN,Viet Nam,East Asia & Pacific,Upper middle income,IBRD,105.825,21.0069
2599,2016,6.69000892660424,GDP growth (annual %),VN,Viet Nam,East Asia & Pacific,Upper middle income,IBRD,105.825,21.0069
2600,2025,,GDP growth (annual %),VI,Virgin Islands (U.S.),Latin America & Caribbean ,High income,Not classified,-64.8963,18.3358
2601,2024,,GDP growth (annual %),VI,Virgin Islands (U.S.),Latin America & Caribbean ,High income,Not classified,-64.8963,18.3358
2602,2023,,GDP growth (annual %),VI,Virgin Islands (U.S.),Latin America & Caribbean ,High income,Not classified,-64.8963,18.3358
2603,2022,-1.31123206333498,GDP growth (annual %),VI,Virgin Islands (U.S.),Latin America & Caribbean ,High income,Not classified,-64.8963,18.3358
2604,2021,3.66760707873814,GDP growth (annual %),VI,Virgin Islands (U.S.),Latin America & Caribbean ,High income,Not classified,-64.8963,18.3358
2605,2020,-1.61493817814787,GDP growth (annual %),VI,Virgin Islands (U.S.),Latin America & Caribbean ,High income,Not classified,-64.8963,18.3358
2606,2019,2.90833549727343,GDP growth (annual %),VI,Virgin Islands (U.S.),Latin America & Caribbean ,High income,Not classified,-64.8963,18.3358
2607,2018,1.87830687830687,GDP growth (annual %),VI,Virgin Islands (U.S.),Latin America & Caribbean ,High income,Not classified,-64.8963,18.3358
2608,2017,-0.735294117647058,GDP growth (annual %),VI,Virgin Islands (U.S.),Latin America & Caribbean ,High income,Not classified,-64.8963,18.3358
2609,2016,1.6008537886873,GDP growth (annual %),VI,Virgin Islands (U.S.),Latin America & Caribbean ,High income,Not classified,-64.8963,18.3358
2610,2025,4.34444072337577,GDP growth (annual %),PS,West Bank and Gaza,"Middle East, North Africa, Afghanistan & Pakistan",Lower middle income,Not classified,,
2611,2024,-22.8573273913324,GDP growth (annual %),PS,West Bank and Gaza,"Middle East, North Africa, Afghanistan & Pakistan",Lower middle income,Not classified,,
2612,2023,-0.97217780620403,GDP growth (annual %),PS,West Bank and Gaza,"Middle East, North Africa, Afghanistan & Pakistan",Lower middle income,Not classified,,
2613,2022,4.08276027347105,GDP growth (annual %),PS,West Bank and Gaza,"Middle East, North Africa, Afghanistan & Pakistan",Lower middle income,Not classified,,
2614,2021,7.01198227592003,GDP growth (annual %),PS,West Bank and Gaza,"Middle East, North Africa, Afghanistan & Pakistan",Lower middle income,Not classified,,
2615,2020,-11.3184661065134,GDP growth (annual %),PS,West Bank and Gaza,"Middle East, North Africa, Afghanistan & Pakistan",Lower middle income,Not classified,,
2616,2019,1.36268746558062,GDP growth (annual %),PS,West Bank and Gaza,"Middle East, North Africa, Afghanistan & Pakistan",Lower middle income,Not classified,,
2617,2018,1.22707737782703,GDP growth (annual %),PS,West Bank and Gaza,"Middle East, North Africa, Afghanistan & Pakistan",Lower middle income,Not classified,,
2618,2017,1.41936756294787,GDP growth (annual %),PS,West Bank and Gaza,"Middle East, North Africa, Afghanistan & Pakistan",Lower middle income,Not classified,,
2619,2016,8.86461881995935,GDP growth (annual %),PS,West Bank and Gaza,"Middle East, North Africa, Afghanistan & Pakistan",Lower middle income,Not classified,,
2620,2025,,GDP growth (annual %),YE,"Yemen, Rep.","Middle East, North Africa, Afghanistan & Pakistan",Low income,IDA,44.2075,15.352
2621,2024,,GDP growth (annual %),YE,"Yemen, Rep.","Middle East, North Africa, Afghanistan & Pakistan",Low income,IDA,44.2075,15.352
2622,2023,,GDP growth (annual %),YE,"Yemen, Rep.","Middle East, North Africa, Afghanistan & Pakistan",Low income,IDA,44.2075,15.352
2623,2022,,GDP growth (annual %),YE,"Yemen, Rep.","Middle East, North Africa, Afghanistan & Pakistan",Low income,IDA,44.2075,15.352
2624,2021,,GDP growth (annual %),YE,"Yemen, Rep.","Middle East, North Africa, Afghanistan & Pakistan",Low income,IDA,44.2075,15.352
2625,2020,,GDP growth (annual %),YE,"Yemen, Rep.","Middle East, North Africa, Afghanistan & Pakistan",Low income,IDA,44.2075,15.352
2626,2019,,GDP growth (annual %),YE,"Yemen, Rep.","Middle East, North Africa, Afghanistan & Pakistan",Low income,IDA,44.2075,15.352
2627,2018,0.752447592962554,GDP growth (annual %),YE,"Yemen, Rep.","Middle East, North Africa, Afghanistan & Pakistan",Low income,IDA,44.2075,15.352
2628,2017,-5.07179568062152,GDP growth (annual %),YE,"Yemen, Rep.","Middle East, North Africa, Afghanistan & Pakistan",Low income,IDA,44.2075,15.352
2629,2016,-9.37512379736752,GDP growth (annual %),YE,"Yemen, Rep.","Middle East, North Africa, Afghanistan & Pakistan",Low income,IDA,44.2075,15.352
2630,2025,3.75772836763902,GDP growth (annual %),ZM,Zambia,Sub-Saharan Africa ,Lower middle income,IDA,28.2937,-15.3982
2631,2024,3.82004825518591,GDP growth (annual %),ZM,Zambia,Sub-Saharan Africa ,Lower middle income,IDA,28.2937,-15.3982
2632,2023,5.36794285493059,GDP growth (annual %),ZM,Zambia,Sub-Saharan Africa ,Lower middle income,IDA,28.2937,-15.3982
2633,2022,5.21122360356247,GDP growth (annual %),ZM,Zambia,Sub-Saharan Africa ,Lower middle income,IDA,28.2937,-15.3982
2634,2021,6.23492204726448,GDP growth (annual %),ZM,Zambia,Sub-Saharan Africa ,Lower middle income,IDA,28.2937,-15.3982
2635,2020,-2.78505506545167,GDP growth (annual %),ZM,Zambia,Sub-Saharan Africa ,Lower middle income,IDA,28.2937,-15.3982
2636,2019,1.44130602603785,GDP growth (annual %),ZM,Zambia,Sub-Saharan Africa ,Lower middle income,IDA,28.2937,-15.3982
2637,2018,4.03449389667165,GDP growth (annual %),ZM,Zambia,Sub-Saharan Africa ,Lower middle income,IDA,28.2937,-15.3982
2638,2017,3.52586277149926,GDP growth (annual %),ZM,Zambia,Sub-Saharan Africa ,Lower middle income,IDA,28.2937,-15.3982
2639,2016,3.75510031678988,GDP growth (annual %),ZM,Zambia,Sub-Saharan Africa ,Lower middle income,IDA,28.2937,-15.3982
2640,2025,8.10671343048909,GDP growth (annual %),ZW,Zimbabwe,Sub-Saharan Africa ,Lower middle income,Blend,31.0672,-17.8312
2641,2024,1.67649454921512,GDP growth (annual %),ZW,Zimbabwe,Sub-Saharan Africa ,Lower middle income,Blend,31.0672,-17.8312
2642,2023,5.3508687909833,GDP growth (annual %),ZW,Zimbabwe,Sub-Saharan Africa ,Lower middle income,Blend,31.0672,-17.8312
2643,2022,6.13926327570213,GDP growth (annual %),ZW,Zimbabwe,Sub-Saharan Africa ,Lower middle income,Blend,31.0672,-17.8312
2644,2021,8.46801676808001,GDP growth (annual %),ZW,Zimbabwe,Sub-Saharan Africa ,Lower middle income,Blend,31.0672,-17.8312
2645,2020,-7.81695060188729,GDP growth (annual %),ZW,Zimbabwe,Sub-Saharan Africa ,Lower middle income,Blend,31.0672,-17.8312
2646,2019,-6.33244976028571,GDP growth (annual %),ZW,Zimbabwe,Sub-Saharan Africa ,Lower middle income,Blend,31.0672,-17.8312
2647,2018,5.00992154297603,GDP growth (annual %),ZW,Zimbabwe,Sub-Saharan Africa ,Lower middle income,Blend,31.0672,-17.8312
2648,2017,4.73441117758482,GDP growth (annual %),ZW,Zimbabwe,Sub-Saharan Africa ,Lower middle income,Blend,31.0672,-17.8312
2649,2016,0.75579405855224,GDP growth (annual %),ZW,Zimbabwe,Sub-Saharan Africa ,Lower middle income,Blend,31.0672,-17.8312
2650,2025,1722.38561960923,GDP per capita (current US$),ZH,Africa Eastern and Southern,Aggregates,Aggregates,Aggregates,,
2651,2024,1628.22728900442,GDP per capita (current US$),ZH,Africa Eastern and Southern,Aggregates,Aggregates,Aggregates,,
2652,2023,1571.13270407815,GDP per capita (current US$),ZH,Africa Eastern and Southern,Aggregates,Aggregates,Aggregates,,
2653,2022,1675.90252377611,GDP per capita (current US$),ZH,Africa Eastern and Southern,Aggregates,Aggregates,Aggregates,,
2654,2021,1560.89462580275,GDP per capita (current US$),ZH,Africa Eastern and Southern,Aggregates,Aggregates,Aggregates,,
2655,2020,1351.50316694933,GDP per capita (current US$),ZH,Africa Eastern and Southern,Aggregates,Aggregates,Aggregates,,
2656,2019,1508.0315245887,GDP per capita (current US$),ZH,Africa Eastern and Southern,Aggregates,Aggregates,Aggregates,,
2657,2018,1553.61794421394,GDP per capita (current US$),ZH,Africa Eastern and Southern,Aggregates,Aggregates,Aggregates,,
2658,2017,1529.92307995549,GDP per capita (current US$),ZH,Africa Eastern and Southern,Aggregates,Aggregates,Aggregates,,
2659,2016,1335.7431649955,GDP per capita (current US$),ZH,Africa Eastern and Southern,Aggregates,Aggregates,Aggregates,,
2660,2025,1600.05837434388,GDP per capita (current US$),ZI,Africa Western and Central,Aggregates,Aggregates,Aggregates,,
2661,2024,1416.22841156776,GDP per capita (current US$),ZI,Africa Western and Central,Aggregates,Aggregates,Aggregates,,
2662,2023,1846.24681069313,GDP per capita (current US$),ZI,Africa Western and Central,Aggregates,Aggregates,Aggregates,,
2663,2022,2143.07209365676,GDP per capita (current US$),ZI,Africa Western and Central,Aggregates,Aggregates,Aggregates,,
2664,2021,2116.9382941844,GDP per capita (current US$),ZI,Africa Western and Central,Aggregates,Aggregates,Aggregates,,
2665,2020,2034.43793971923,GDP per capita (current US$),ZI,Africa Western and Central,Aggregates,Aggregates,Aggregates,,
2666,2019,2219.41255534667,GDP per capita (current US$),ZI,Africa Western and Central,Aggregates,Aggregates,Aggregates,,
2667,2018,1723.11446346681,GDP per capita (current US$),ZI,Africa Western and Central,Aggregates,Aggregates,Aggregates,,
2668,2017,1577.20349674013,GDP per capita (current US$),ZI,Africa Western and Central,Aggregates,Aggregates,Aggregates,,
2669,2016,1632.42497788744,GDP per capita (current US$),ZI,Africa Western and Central,Aggregates,Aggregates,Aggregates,,
2670,2025,7544.41435641482,GDP per capita (current US$),1A,Arab World,Aggregates,Aggregates,Aggregates,,
2671,2024,7602.41115691284,GDP per capita (current US$),1A,Arab World,Aggregates,Aggregates,Aggregates,,
2672,2023,7504.35637695627,GDP per capita (current US$),1A,Arab World,Aggregates,Aggregates,Aggregates,,
2673,2022,7960.81158770821,GDP per capita (current US$),1A,Arab World,Aggregates,Aggregates,Aggregates,,
2674,2021,6708.20761928893,GDP per capita (current US$),1A,Arab World,Aggregates,Aggregates,Aggregates,,
2675,2020,5749.75163256627,GDP per capita (current US$),1A,Arab World,Aggregates,Aggregates,Aggregates,,
2676,2019,6683.67016877686,GDP per capita (current US$),1A,Arab World,Aggregates,Aggregates,Aggregates,,
2677,2018,6708.53121256784,GDP per capita (current US$),1A,Arab World,Aggregates,Aggregates,Aggregates,,
2678,2017,6105.92161804571,GDP per capita (current US$),1A,Arab World,Aggregates,Aggregates,Aggregates,,
2679,2016,6051.26103619544,GDP per capita (current US$),1A,Arab World,Aggregates,Aggregates,Aggregates,,
2680,2025,20880.0606776787,GDP per capita (current US$),S3,Caribbean small states,Aggregates,Aggregates,Aggregates,,
2681,2024,19923.5745910977,GDP per capita (current US$),S3,Caribbean small states,Aggregates,Aggregates,Aggregates,,
2682,2023,17609.6827071212,GDP per capita (current US$),S3,Caribbean small states,Aggregates,Aggregates,Aggregates,,
2683,2022,17449.5193422186,GDP per capita (current US$),S3,Caribbean small states,Aggregates,Aggregates,Aggregates,,
2684,2021,13996.4475071755,GDP per capita (current US$),S3,Caribbean small states,Aggregates,Aggregates,Aggregates,,
2685,2020,11961.4085449634,GDP per capita (current US$),S3,Caribbean small states,Aggregates,Aggregates,Aggregates,,
2686,2019,13995.7626558947,GDP per capita (current US$),S3,Caribbean small states,Aggregates,Aggregates,Aggregates,,
2687,2018,13896.5484095788,GDP per capita (current US$),S3,Caribbean small states,Aggregates,Aggregates,Aggregates,,
2688,2017,13708.7525902396,GDP per capita (current US$),S3,Caribbean small states,Aggregates,Aggregates,Aggregates,,
2689,2016,13377.8260731233,GDP per capita (current US$),S3,Caribbean small states,Aggregates,Aggregates,Aggregates,,
2690,2025,27676.9389653713,GDP per capita (current US$),B8,Central Europe and the Baltics,Aggregates,Aggregates,Aggregates,,
2691,2024,24616.0957872816,GDP per capita (current US$),B8,Central Europe and the Baltics,Aggregates,Aggregates,Aggregates,,
2692,2023,22693.9504470566,GDP per capita (current US$),B8,Central Europe and the Baltics,Aggregates,Aggregates,Aggregates,,
2693,2022,19526.2463443821,GDP per capita (current US$),B8,Central Europe and the Baltics,Aggregates,Aggregates,Aggregates,,
2694,2021,19224.3287744219,GDP per capita (current US$),B8,Central Europe and the Baltics,Aggregates,Aggregates,Aggregates,,
2695,2020,16581.3833261524,GDP per capita (current US$),B8,Central Europe and the Baltics,Aggregates,Aggregates,Aggregates,,
2696,2019,16534.9661895205,GDP per capita (current US$),B8,Central Europe and the Baltics,Aggregates,Aggregates,Aggregates,,
2697,2018,16227.2845341706,GDP per capita (current US$),B8,Central Europe and the Baltics,Aggregates,Aggregates,Aggregates,,
2698,2017,14339.8488594791,GDP per capita (current US$),B8,Central Europe and the Baltics,Aggregates,Aggregates,Aggregates,,
2699,2016,12874.7280619541,GDP per capita (current US$),B8,Central Europe and the Baltics,Aggregates,Aggregates,Aggregates,,
2700,2025,4566.42669968306,GDP per capita (current US$),V2,Early-demographic dividend,Aggregates,Aggregates,Aggregates,,
2701,2024,4405.28492630999,GDP per capita (current US$),V2,Early-demographic dividend,Aggregates,Aggregates,Aggregates,,
2702,2023,4212.16924807645,GDP per capita (current US$),V2,Early-demographic dividend,Aggregates,Aggregates,Aggregates,,
2703,2022,4017.48956260692,GDP per capita (current US$),V2,Early-demographic dividend,Aggregates,Aggregates,Aggregates,,
2704,2021,3697.4103832017,GDP per capita (current US$),V2,Early-demographic dividend,Aggregates,Aggregates,Aggregates,,
2705,2020,3185.49787368673,GDP per capita (current US$),V2,Early-demographic dividend,Aggregates,Aggregates,Aggregates,,
2706,2019,3481.75530893525,GDP per capita (current US$),V2,Early-demographic dividend,Aggregates,Aggregates,Aggregates,,
2707,2018,3460.86264008666,GDP per capita (current US$),V2,Early-demographic dividend,Aggregates,Aggregates,Aggregates,,
2708,2017,3457.91719451195,GDP per capita (current US$),V2,Early-demographic dividend,Aggregates,Aggregates,Aggregates,,
2709,2016,3227.64814256759,GDP per capita (current US$),V2,Early-demographic dividend,Aggregates,Aggregates,Aggregates,,
2710,2025,14077.2712026283,GDP per capita (current US$),Z4,East Asia & Pacific,Aggregates,Aggregates,Aggregates,,
2711,2024,13482.4788785045,GDP per capita (current US$),Z4,East Asia & Pacific,Aggregates,Aggregates,Aggregates,,
2712,2023,13251.5119797804,GDP per capita (current US$),Z4,East Asia & Pacific,Aggregates,Aggregates,Aggregates,,
2713,2022,13219.5863562213,GDP per capita (current US$),Z4,East Asia & Pacific,Aggregates,Aggregates,Aggregates,,
2714,2021,13416.9773441612,GDP per capita (current US$),Z4,East Asia & Pacific,Aggregates,Aggregates,Aggregates,,
2715,2020,11697.5156784805,GDP per capita (current US$),Z4,East Asia & Pacific,Aggregates,Aggregates,Aggregates,,
2716,2019,11677.4429355606,GDP per capita (current US$),Z4,East Asia & Pacific,Aggregates,Aggregates,Aggregates,,
2717,2018,11487.5096772887,GDP per capita (current US$),Z4,East Asia & Pacific,Aggregates,Aggregates,Aggregates,,
2718,2017,10612.7930790259,GDP per capita (current US$),Z4,East Asia & Pacific,Aggregates,Aggregates,Aggregates,,
2719,2016,10011.552668647,GDP per capita (current US$),Z4,East Asia & Pacific,Aggregates,Aggregates,Aggregates,,
2720,2025,10843.4363994141,GDP per capita (current US$),4E,East Asia & Pacific (excluding high income),Aggregates,Aggregates,Aggregates,,
2721,2024,10391.1526101394,GDP per capita (current US$),4E,East Asia & Pacific (excluding high income),Aggregates,Aggregates,Aggregates,,
2722,2023,10126.4304121407,GDP per capita (current US$),4E,East Asia & Pacific (excluding high income),Aggregates,Aggregates,Aggregates,,
2723,2022,10107.0569545516,GDP per capita (current US$),4E,East Asia & Pacific (excluding high income),Aggregates,Aggregates,Aggregates,,
2724,2021,9974.57917918464,GDP per capita (current US$),4E,East Asia & Pacific (excluding high income),Aggregates,Aggregates,Aggregates,,
2725,2020,8391.23898302179,GDP per capita (current US$),4E,East Asia & Pacific (excluding high income),Aggregates,Aggregates,Aggregates,,
2726,2019,8286.45749748666,GDP per capita (current US$),4E,East Asia & Pacific (excluding high income),Aggregates,Aggregates,Aggregates,,
2727,2018,8046.00446277369,GDP per capita (current US$),4E,East Asia & Pacific (excluding high income),Aggregates,Aggregates,Aggregates,,
2728,2017,7241.98321346974,GDP per capita (current US$),4E,East Asia & Pacific (excluding high income),Aggregates,Aggregates,Aggregates,,
2729,2016,6683.23529656879,GDP per capita (current US$),4E,East Asia & Pacific (excluding high income),Aggregates,Aggregates,Aggregates,,
2730,2025,10965.8265646099,GDP per capita (current US$),T4,East Asia & Pacific (IDA & IBRD countries),Aggregates,Aggregates,Aggregates,,
2731,2024,10508.2462082104,GDP per capita (current US$),T4,East Asia & Pacific (IDA & IBRD countries),Aggregates,Aggregates,Aggregates,,
2732,2023,10240.3474676862,GDP per capita (current US$),T4,East Asia & Pacific (IDA & IBRD countries),Aggregates,Aggregates,Aggregates,,
2733,2022,10220.556668162,GDP per capita (current US$),T4,East Asia & Pacific (IDA & IBRD countries),Aggregates,Aggregates,Aggregates,,
2734,2021,10086.4082581275,GDP per capita (current US$),T4,East Asia & Pacific (IDA & IBRD countries),Aggregates,Aggregates,Aggregates,,
2735,2020,8485.28948088661,GDP per capita (current US$),T4,East Asia & Pacific (IDA & IBRD countries),Aggregates,Aggregates,Aggregates,,
2736,2019,8379.42503514668,GDP per capita (current US$),T4,East Asia & Pacific (IDA & IBRD countries),Aggregates,Aggregates,Aggregates,,
2737,2018,8136.42934013947,GDP per capita (current US$),T4,East Asia & Pacific (IDA & IBRD countries),Aggregates,Aggregates,Aggregates,,
2738,2017,7323.57112357326,GDP per capita (current US$),T4,East Asia & Pacific (IDA & IBRD countries),Aggregates,Aggregates,Aggregates,,
2739,2016,6758.79473763568,GDP per capita (current US$),T4,East Asia & Pacific (IDA & IBRD countries),Aggregates,Aggregates,Aggregates,,
2740,2025,50214.0783015991,GDP per capita (current US$),XC,Euro area,Aggregates,Aggregates,Aggregates,,
2741,2024,46424.2413084574,GDP per capita (current US$),XC,Euro area,Aggregates,Aggregates,Aggregates,,
2742,2023,44797.6445281418,GDP per capita (current US$),XC,Euro area,Aggregates,Aggregates,Aggregates,,
2743,2022,41105.3462099324,GDP per capita (current US$),XC,Euro area,Aggregates,Aggregates,Aggregates,,
2744,2021,42432.2915720012,GDP per capita (current US$),XC,Euro area,Aggregates,Aggregates,Aggregates,,
2745,2020,37727.4543067337,GDP per capita (current US$),XC,Euro area,Aggregates,Aggregates,Aggregates,,
2746,2019,38679.6118917933,GDP per capita (current US$),XC,Euro area,Aggregates,Aggregates,Aggregates,,
2747,2018,39562.0814189751,GDP per capita (current US$),XC,Euro area,Aggregates,Aggregates,Aggregates,,
2748,2017,36691.2109171985,GDP per capita (current US$),XC,Euro area,Aggregates,Aggregates,Aggregates,,
2749,2016,34690.2425639991,GDP per capita (current US$),XC,Euro area,Aggregates,Aggregates,Aggregates,,
2750,2025,34603.480892464,GDP per capita (current US$),Z7,Europe & Central Asia,Aggregates,Aggregates,Aggregates,,
2751,2024,31630.8552937604,GDP per capita (current US$),Z7,Europe & Central Asia,Aggregates,Aggregates,Aggregates,,
2752,2023,30015.7640895399,GDP per capita (current US$),Z7,Europe & Central Asia,Aggregates,Aggregates,Aggregates,,
2753,2022,27968.286148204,GDP per capita (current US$),Z7,Europe & Central Asia,Aggregates,Aggregates,Aggregates,,
2754,2021,27700.9996673888,GDP per capita (current US$),Z7,Europe & Central Asia,Aggregates,Aggregates,Aggregates,,
2755,2020,24187.2451763556,GDP per capita (current US$),Z7,Europe & Central Asia,Aggregates,Aggregates,Aggregates,,
2756,2019,25045.1218961925,GDP per capita (current US$),Z7,Europe & Central Asia,Aggregates,Aggregates,Aggregates,,
2757,2018,25435.6875035469,GDP per capita (current US$),Z7,Europe & Central Asia,Aggregates,Aggregates,Aggregates,,
2758,2017,23839.7319723826,GDP per capita (current US$),Z7,Europe & Central Asia,Aggregates,Aggregates,Aggregates,,
2759,2016,22554.6821198127,GDP per capita (current US$),Z7,Europe & Central Asia,Aggregates,Aggregates,Aggregates,,
2760,2025,11117.61379372,GDP per capita (current US$),7E,Europe & Central Asia (excluding high income),Aggregates,Aggregates,Aggregates,,
2761,2024,9801.70054676084,GDP per capita (current US$),7E,Europe & Central Asia (excluding high income),Aggregates,Aggregates,Aggregates,,
2762,2023,8609.12296290637,GDP per capita (current US$),7E,Europe & Central Asia (excluding high income),Aggregates,Aggregates,Aggregates,,
2763,2022,7264.37321853889,GDP per capita (current US$),7E,Europe & Central Asia (excluding high income),Aggregates,Aggregates,Aggregates,,
2764,2021,6632.57221034255,GDP per capita (current US$),7E,Europe & Central Asia (excluding high income),Aggregates,Aggregates,Aggregates,,
2765,2020,5734.46191312695,GDP per capita (current US$),7E,Europe & Central Asia (excluding high income),Aggregates,Aggregates,Aggregates,,
2766,2019,6036.15175345642,GDP per capita (current US$),7E,Europe & Central Asia (excluding high income),Aggregates,Aggregates,Aggregates,,
2767,2018,5947.15360517457,GDP per capita (current US$),7E,Europe & Central Asia (excluding high income),Aggregates,Aggregates,Aggregates,,
2768,2017,6129.93083517607,GDP per capita (current US$),7E,Europe & Central Asia (excluding high income),Aggregates,Aggregates,Aggregates,,
2769,2016,6023.54753164072,GDP per capita (current US$),7E,Europe & Central Asia (excluding high income),Aggregates,Aggregates,Aggregates,,
2770,2025,15300.0702229683,GDP per capita (current US$),T7,Europe & Central Asia (IDA & IBRD countries),Aggregates,Aggregates,Aggregates,,
2771,2024,13364.4486876078,GDP per capita (current US$),T7,Europe & Central Asia (IDA & IBRD countries),Aggregates,Aggregates,Aggregates,,
2772,2023,12070.5942969794,GDP per capita (current US$),T7,Europe & Central Asia (IDA & IBRD countries),Aggregates,Aggregates,Aggregates,,
2773,2022,11422.1622613514,GDP per capita (current US$),T7,Europe & Central Asia (IDA & IBRD countries),Aggregates,Aggregates,Aggregates,,
2774,2021,9992.00521619821,GDP per capita (current US$),T7,Europe & Central Asia (IDA & IBRD countries),Aggregates,Aggregates,Aggregates,,
2775,2020,8455.78453528889,GDP per capita (current US$),T7,Europe & Central Asia (IDA & IBRD countries),Aggregates,Aggregates,Aggregates,,
2776,2019,9040.92665915657,GDP per capita (current US$),T7,Europe & Central Asia (IDA & IBRD countries),Aggregates,Aggregates,Aggregates,,
2777,2018,8885.56352555245,GDP per capita (current US$),T7,Europe & Central Asia (IDA & IBRD countries),Aggregates,Aggregates,Aggregates,,
2778,2017,8571.09823045668,GDP per capita (current US$),T7,Europe & Central Asia (IDA & IBRD countries),Aggregates,Aggregates,Aggregates,,
2779,2016,7679.02768410566,GDP per capita (current US$),T7,Europe & Central Asia (IDA & IBRD countries),Aggregates,Aggregates,Aggregates,,
2780,2025,47089.1638419269,GDP per capita (current US$),EU,European Union,Aggregates,Aggregates,Aggregates,,
2781,2024,43313.7668203916,GDP per capita (current US$),EU,European Union,Aggregates,Aggregates,Aggregates,,
2782,2023,41566.8992410802,GDP per capita (current US$),EU,European Union,Aggregates,Aggregates,Aggregates,,
2783,2022,38066.8240398192,GDP per capita (current US$),EU,European Union,Aggregates,Aggregates,Aggregates,,
2784,2021,39206.9663368683,GDP per capita (current US$),EU,European Union,Aggregates,Aggregates,Aggregates,,
2785,2020,34694.7105012203,GDP per capita (current US$),EU,European Union,Aggregates,Aggregates,Aggregates,,
2786,2019,35374.1493923083,GDP per capita (current US$),EU,European Union,Aggregates,Aggregates,Aggregates,,
2787,2018,36076.9018014875,GDP per capita (current US$),EU,European Union,Aggregates,Aggregates,Aggregates,,
2788,2017,33394.5944932308,GDP per capita (current US$),EU,European Union,Aggregates,Aggregates,Aggregates,,
2789,2016,31456.903580129,GDP per capita (current US$),EU,European Union,Aggregates,Aggregates,Aggregates,,
2790,2025,1331.89997509038,GDP per capita (current US$),XE,Heavily indebted poor countries (HIPC),Aggregates,Aggregates,Aggregates,,
2791,2024,1220.84577070029,GDP per capita (current US$),XE,Heavily indebted poor countries (HIPC),Aggregates,Aggregates,Aggregates,,
2792,2023,1157.85200500349,GDP per capita (current US$),XE,Heavily indebted poor countries (HIPC),Aggregates,Aggregates,Aggregates,,
2793,2022,1123.26894975331,GDP per capita (current US$),XE,Heavily indebted poor countries (HIPC),Aggregates,Aggregates,Aggregates,,
2794,2021,1062.58689269634,GDP per capita (current US$),XE,Heavily indebted poor countries (HIPC),Aggregates,Aggregates,Aggregates,,
2795,2020,963.808519118256,GDP per capita (current US$),XE,Heavily indebted poor countries (HIPC),Aggregates,Aggregates,Aggregates,,
2796,2019,984.553372875279,GDP per capita (current US$),XE,Heavily indebted poor countries (HIPC),Aggregates,Aggregates,Aggregates,,
2797,2018,986.447970381036,GDP per capita (current US$),XE,Heavily indebted poor countries (HIPC),Aggregates,Aggregates,Aggregates,,
2798,2017,944.105800649501,GDP per capita (current US$),XE,Heavily indebted poor countries (HIPC),Aggregates,Aggregates,Aggregates,,
2799,2016,895.291971418288,GDP per capita (current US$),XE,Heavily indebted poor countries (HIPC),Aggregates,Aggregates,Aggregates,,
2800,2025,53997.2579539931,GDP per capita (current US$),XD,High income,Aggregates,Aggregates,Aggregates,,
2801,2024,50907.2761474674,GDP per capita (current US$),XD,High income,Aggregates,Aggregates,Aggregates,,
2802,2023,49141.5400740302,GDP per capita (current US$),XD,High income,Aggregates,Aggregates,Aggregates,,
2803,2022,47056.4874992383,GDP per capita (current US$),XD,High income,Aggregates,Aggregates,Aggregates,,
2804,2021,45545.9474677756,GDP per capita (current US$),XD,High income,Aggregates,Aggregates,Aggregates,,
2805,2020,40453.9686533276,GDP per capita (current US$),XD,High income,Aggregates,Aggregates,Aggregates,,
2806,2019,41570.3760789982,GDP per capita (current US$),XD,High income,Aggregates,Aggregates,Aggregates,,
2807,2018,41295.6262218527,GDP per capita (current US$),XD,High income,Aggregates,Aggregates,Aggregates,,
2808,2017,38970.4660370017,GDP per capita (current US$),XD,High income,Aggregates,Aggregates,Aggregates,,
2809,2016,37232.2355227355,GDP per capita (current US$),XD,High income,Aggregates,Aggregates,Aggregates,,
2810,2025,8599.35834895508,GDP per capita (current US$),XF,IBRD only,Aggregates,Aggregates,Aggregates,,
2811,2024,8186.57476056638,GDP per capita (current US$),XF,IBRD only,Aggregates,Aggregates,Aggregates,,
2812,2023,7892.13359236419,GDP per capita (current US$),XF,IBRD only,Aggregates,Aggregates,Aggregates,,
2813,2022,7679.78639337735,GDP per capita (current US$),XF,IBRD only,Aggregates,Aggregates,Aggregates,,
2814,2021,7312.40590533832,GDP per capita (current US$),XF,IBRD only,Aggregates,Aggregates,Aggregates,,
2815,2020,6189.46595997499,GDP per capita (current US$),XF,IBRD only,Aggregates,Aggregates,Aggregates,,
2816,2019,6474.8042775296,GDP per capita (current US$),XF,IBRD only,Aggregates,Aggregates,Aggregates,,
2817,2018,6392.20731313147,GDP per capita (current US$),XF,IBRD only,Aggregates,Aggregates,Aggregates,,
2818,2017,6053.47287028012,GDP per capita (current US$),XF,IBRD only,Aggregates,Aggregates,Aggregates,,
2819,2016,5535.21577803788,GDP per capita (current US$),XF,IBRD only,Aggregates,Aggregates,Aggregates,,
2820,2025,6613.2094697403,GDP per capita (current US$),ZT,IDA & IBRD total,Aggregates,Aggregates,Aggregates,,
2821,2024,6304.3969997243,GDP per capita (current US$),ZT,IDA & IBRD total,Aggregates,Aggregates,Aggregates,,
2822,2023,6126.38809068241,GDP per capita (current US$),ZT,IDA & IBRD total,Aggregates,Aggregates,Aggregates,,
2823,2022,6024.32591287554,GDP per capita (current US$),ZT,IDA & IBRD total,Aggregates,Aggregates,Aggregates,,
2824,2021,5754.17990139813,GDP per capita (current US$),ZT,IDA & IBRD total,Aggregates,Aggregates,Aggregates,,
2825,2020,4923.39708871472,GDP per capita (current US$),ZT,IDA & IBRD total,Aggregates,Aggregates,Aggregates,,
2826,2019,5168.03480575859,GDP per capita (current US$),ZT,IDA & IBRD total,Aggregates,Aggregates,Aggregates,,
2827,2018,5085.0801851085,GDP per capita (current US$),ZT,IDA & IBRD total,Aggregates,Aggregates,Aggregates,,
2828,2017,4833.02970118676,GDP per capita (current US$),ZT,IDA & IBRD total,Aggregates,Aggregates,Aggregates,,
2829,2016,4450.00988856601,GDP per capita (current US$),ZT,IDA & IBRD total,Aggregates,Aggregates,Aggregates,,
2830,2025,1841.20446420685,GDP per capita (current US$),XH,IDA blend,Aggregates,Aggregates,Aggregates,,
2831,2024,1658.96290902751,GDP per capita (current US$),XH,IDA blend,Aggregates,Aggregates,Aggregates,,
2832,2023,1922.68195677238,GDP per capita (current US$),XH,IDA blend,Aggregates,Aggregates,Aggregates,,
2833,2022,2241.22931753571,GDP per capita (current US$),XH,IDA blend,Aggregates,Aggregates,Aggregates,,
2834,2021,2148.31628647273,GDP per capita (current US$),XH,IDA blend,Aggregates,Aggregates,Aggregates,,
2835,2020,2014.81189013082,GDP per capita (current US$),XH,IDA blend,Aggregates,Aggregates,Aggregates,,
2836,2019,2210.55539131628,GDP per capita (current US$),XH,IDA blend,Aggregates,Aggregates,Aggregates,,
2837,2018,1873.7385939606,GDP per capita (current US$),XH,IDA blend,Aggregates,Aggregates,Aggregates,,
2838,2017,1808.86674135882,GDP per capita (current US$),XH,IDA blend,Aggregates,Aggregates,Aggregates,,
2839,2016,1810.82104602308,GDP per capita (current US$),XH,IDA blend,Aggregates,Aggregates,Aggregates,,
2840,2025,1484.11159862857,GDP per capita (current US$),XI,IDA only,Aggregates,Aggregates,Aggregates,,
2841,2024,1395.67575971244,GDP per capita (current US$),XI,IDA only,Aggregates,Aggregates,Aggregates,,
2842,2023,1330.08005697828,GDP per capita (current US$),XI,IDA only,Aggregates,Aggregates,Aggregates,,
2843,2022,1333.98547158611,GDP per capita (current US$),XI,IDA only,Aggregates,Aggregates,Aggregates,,
2844,2021,1257.78054041357,GDP per capita (current US$),XI,IDA only,Aggregates,Aggregates,Aggregates,,
2845,2020,1172.52623503626,GDP per capita (current US$),XI,IDA only,Aggregates,Aggregates,Aggregates,,
2846,2019,1187.14057928369,GDP per capita (current US$),XI,IDA only,Aggregates,Aggregates,Aggregates,,
2847,2018,1159.99786764696,GDP per capita (current US$),XI,IDA only,Aggregates,Aggregates,Aggregates,,
2848,2017,1111.6681922431,GDP per capita (current US$),XI,IDA only,Aggregates,Aggregates,Aggregates,,
2849,2016,1054.71572764683,GDP per capita (current US$),XI,IDA only,Aggregates,Aggregates,Aggregates,,
2850,2025,1608.08422318374,GDP per capita (current US$),XG,IDA total,Aggregates,Aggregates,Aggregates,,
2851,2024,1487.2803211344,GDP per capita (current US$),XG,IDA total,Aggregates,Aggregates,Aggregates,,
2852,2023,1536.73358897841,GDP per capita (current US$),XG,IDA total,Aggregates,Aggregates,Aggregates,,
2853,2022,1651.01916315494,GDP per capita (current US$),XG,IDA total,Aggregates,Aggregates,Aggregates,,
2854,2021,1569.43031809587,GDP per capita (current US$),XG,IDA total,Aggregates,Aggregates,Aggregates,,
2855,2020,1467.74475406134,GDP per capita (current US$),XG,IDA total,Aggregates,Aggregates,Aggregates,,
2856,2019,1546.57261928545,GDP per capita (current US$),XG,IDA total,Aggregates,Aggregates,Aggregates,,
2857,2018,1411.20738303305,GDP per capita (current US$),XG,IDA total,Aggregates,Aggregates,Aggregates,,
2858,2017,1357.47789528252,GDP per capita (current US$),XG,IDA total,Aggregates,Aggregates,Aggregates,,
2859,2016,1321.74768141485,GDP per capita (current US$),XG,IDA total,Aggregates,Aggregates,Aggregates,,
2860,2025,13677.3231696707,GDP per capita (current US$),V3,Late-demographic dividend,Aggregates,Aggregates,Aggregates,,
2861,2024,12874.6436381177,GDP per capita (current US$),V3,Late-demographic dividend,Aggregates,Aggregates,Aggregates,,
2862,2023,12427.24971376,GDP per capita (current US$),V3,Late-demographic dividend,Aggregates,Aggregates,Aggregates,,
2863,2022,12287.4566066286,GDP per capita (current US$),V3,Late-demographic dividend,Aggregates,Aggregates,Aggregates,,
2864,2021,11760.0897155889,GDP per capita (current US$),V3,Late-demographic dividend,Aggregates,Aggregates,Aggregates,,
2865,2020,9874.06805462328,GDP per capita (current US$),V3,Late-demographic dividend,Aggregates,Aggregates,Aggregates,,
2866,2019,10120.4663725773,GDP per capita (current US$),V3,Late-demographic dividend,Aggregates,Aggregates,Aggregates,,
2867,2018,9966.8758096194,GDP per capita (current US$),V3,Late-demographic dividend,Aggregates,Aggregates,Aggregates,,
2868,2017,9138.44151395876,GDP per capita (current US$),V3,Late-demographic dividend,Aggregates,Aggregates,Aggregates,,
2869,2016,8297.33628667142,GDP per capita (current US$),V3,Late-demographic dividend,Aggregates,Aggregates,Aggregates,,
2870,2025,11095.2176548294,GDP per capita (current US$),ZJ,Latin America & Caribbean,Aggregates,Aggregates,Aggregates,,
2871,2024,10705.1067802788,GDP per capita (current US$),ZJ,Latin America & Caribbean,Aggregates,Aggregates,Aggregates,,
2872,2023,10507.6138782353,GDP per capita (current US$),ZJ,Latin America & Caribbean,Aggregates,Aggregates,Aggregates,,
2873,2022,9412.05924553392,GDP per capita (current US$),ZJ,Latin America & Caribbean,Aggregates,Aggregates,Aggregates,,
2874,2021,8292.15210222359,GDP per capita (current US$),ZJ,Latin America & Caribbean,Aggregates,Aggregates,Aggregates,,
2875,2020,7169.39235876452,GDP per capita (current US$),ZJ,Latin America & Caribbean,Aggregates,Aggregates,Aggregates,,
2876,2019,8539.95940708219,GDP per capita (current US$),ZJ,Latin America & Caribbean,Aggregates,Aggregates,Aggregates,,
2877,2018,8778.55673829884,GDP per capita (current US$),ZJ,Latin America & Caribbean,Aggregates,Aggregates,Aggregates,,
2878,2017,9065.82390216762,GDP per capita (current US$),ZJ,Latin America & Caribbean,Aggregates,Aggregates,Aggregates,,
2879,2016,8241.51169070648,GDP per capita (current US$),ZJ,Latin America & Caribbean,Aggregates,Aggregates,Aggregates,,
2880,2025,10407.4817975955,GDP per capita (current US$),XJ,Latin America & Caribbean (excluding high income),Aggregates,Aggregates,Aggregates,,
2881,2024,10065.5029056612,GDP per capita (current US$),XJ,Latin America & Caribbean (excluding high income),Aggregates,Aggregates,Aggregates,,
2882,2023,9891.4632795533,GDP per capita (current US$),XJ,Latin America & Caribbean (excluding high income),Aggregates,Aggregates,Aggregates,,
2883,2022,8838.67169511547,GDP per capita (current US$),XJ,Latin America & Caribbean (excluding high income),Aggregates,Aggregates,Aggregates,,
2884,2021,7694.61136917625,GDP per capita (current US$),XJ,Latin America & Caribbean (excluding high income),Aggregates,Aggregates,Aggregates,,
2885,2020,6651.15822114273,GDP per capita (current US$),XJ,Latin America & Caribbean (excluding high income),Aggregates,Aggregates,Aggregates,,
2886,2019,8006.02224102566,GDP per capita (current US$),XJ,Latin America & Caribbean (excluding high income),Aggregates,Aggregates,Aggregates,,
2887,2018,8231.91428708974,GDP per capita (current US$),XJ,Latin America & Caribbean (excluding high income),Aggregates,Aggregates,Aggregates,,
2888,2017,8568.05689042807,GDP per capita (current US$),XJ,Latin America & Caribbean (excluding high income),Aggregates,Aggregates,Aggregates,,
2889,2016,7751.59336930245,GDP per capita (current US$),XJ,Latin America & Caribbean (excluding high income),Aggregates,Aggregates,Aggregates,,
2890,2025,10822.5929247606,GDP per capita (current US$),T2,Latin America & the Caribbean (IDA & IBRD countries),Aggregates,Aggregates,Aggregates,,
2891,2024,10441.4685782421,GDP per capita (current US$),T2,Latin America & the Caribbean (IDA & IBRD countries),Aggregates,Aggregates,Aggregates,,
2892,2023,10259.5487208892,GDP per capita (current US$),T2,Latin America & the Caribbean (IDA & IBRD countries),Aggregates,Aggregates,Aggregates,,
2893,2022,9177.79711881332,GDP per capita (current US$),T2,Latin America & the Caribbean (IDA & IBRD countries),Aggregates,Aggregates,Aggregates,,
2894,2021,8076.87634033776,GDP per capita (current US$),T2,Latin America & the Caribbean (IDA & IBRD countries),Aggregates,Aggregates,Aggregates,,
2895,2020,6965.15053129735,GDP per capita (current US$),T2,Latin America & the Caribbean (IDA & IBRD countries),Aggregates,Aggregates,Aggregates,,
2896,2019,8363.2081656376,GDP per capita (current US$),T2,Latin America & the Caribbean (IDA & IBRD countries),Aggregates,Aggregates,Aggregates,,
2897,2018,8620.65095771156,GDP per capita (current US$),T2,Latin America & the Caribbean (IDA & IBRD countries),Aggregates,Aggregates,Aggregates,,
2898,2017,8918.58515585187,GDP per capita (current US$),T2,Latin America & the Caribbean (IDA & IBRD countries),Aggregates,Aggregates,Aggregates,,
2899,2016,8082.0851229591,GDP per capita (current US$),T2,Latin America & the Caribbean (IDA & IBRD countries),Aggregates,Aggregates,Aggregates,,
2900,2025,1361.99182021439,GDP per capita (current US$),XL,Least developed countries: UN classification,Aggregates,Aggregates,Aggregates,,
2901,2024,1299.44368873396,GDP per capita (current US$),XL,Least developed countries: UN classification,Aggregates,Aggregates,Aggregates,,
2902,2023,1258.15690309732,GDP per capita (current US$),XL,Least developed countries: UN classification,Aggregates,Aggregates,Aggregates,,
2903,2022,1298.29338219278,GDP per capita (current US$),XL,Least developed countries: UN classification,Aggregates,Aggregates,Aggregates,,
2904,2021,1175.42321388464,GDP per capita (current US$),XL,Least developed countries: UN classification,Aggregates,Aggregates,Aggregates,,
2905,2020,1089.46260850363,GDP per capita (current US$),XL,Least developed countries: UN classification,Aggregates,Aggregates,Aggregates,,
2906,2019,1106.28664072321,GDP per capita (current US$),XL,Least developed countries: UN classification,Aggregates,Aggregates,Aggregates,,
2907,2018,1082.35070462921,GDP per capita (current US$),XL,Least developed countries: UN classification,Aggregates,Aggregates,Aggregates,,
2908,2017,1037.25514816682,GDP per capita (current US$),XL,Least developed countries: UN classification,Aggregates,Aggregates,Aggregates,,
2909,2016,968.123330592586,GDP per capita (current US$),XL,Least developed countries: UN classification,Aggregates,Aggregates,Aggregates,,
2910,2025,6107.26169428605,GDP per capita (current US$),XO,Low & middle income,Aggregates,Aggregates,Aggregates,,
2911,2024,5874.03080372303,GDP per capita (current US$),XO,Low & middle income,Aggregates,Aggregates,Aggregates,,
2912,2023,5733.51584469729,GDP per capita (current US$),XO,Low & middle income,Aggregates,Aggregates,Aggregates,,
2913,2022,5626.6962378216,GDP per capita (current US$),XO,Low & middle income,Aggregates,Aggregates,Aggregates,,
2914,2021,5422.11312035073,GDP per capita (current US$),XO,Low & middle income,Aggregates,Aggregates,Aggregates,,
2915,2020,4646.47209072865,GDP per capita (current US$),XO,Low & middle income,Aggregates,Aggregates,Aggregates,,
2916,2019,4857.12471542798,GDP per capita (current US$),XO,Low & middle income,Aggregates,Aggregates,Aggregates,,
2917,2018,4773.03574184686,GDP per capita (current US$),XO,Low & middle income,Aggregates,Aggregates,Aggregates,,
2918,2017,4543.08689291431,GDP per capita (current US$),XO,Low & middle income,Aggregates,Aggregates,Aggregates,,
2919,2016,4211.54702250163,GDP per capita (current US$),XO,Low & middle income,Aggregates,Aggregates,Aggregates,,
2920,2025,837.360634569252,GDP per capita (current US$),XM,Low income,Aggregates,Aggregates,Aggregates,,
2921,2024,808.500564579264,GDP per capita (current US$),XM,Low income,Aggregates,Aggregates,Aggregates,,
2922,2023,765.64916597333,GDP per capita (current US$),XM,Low income,Aggregates,Aggregates,Aggregates,,
2923,2022,778.915065676706,GDP per capita (current US$),XM,Low income,Aggregates,Aggregates,Aggregates,,
2924,2021,694.087880017057,GDP per capita (current US$),XM,Low income,Aggregates,Aggregates,Aggregates,,
2925,2020,645.138571127662,GDP per capita (current US$),XM,Low income,Aggregates,Aggregates,Aggregates,,
2926,2019,671.117139517642,GDP per capita (current US$),XM,Low income,Aggregates,Aggregates,Aggregates,,
2927,2018,661.14729086377,GDP per capita (current US$),XM,Low income,Aggregates,Aggregates,Aggregates,,
2928,2017,644.852308695691,GDP per capita (current US$),XM,Low income,Aggregates,Aggregates,Aggregates,,
2929,2016,633.777355522048,GDP per capita (current US$),XM,Low income,Aggregates,Aggregates,Aggregates,,
2930,2025,2481.42751777184,GDP per capita (current US$),XN,Lower middle income,Aggregates,Aggregates,Aggregates,,
2931,2024,2354.1541763908,GDP per capita (current US$),XN,Lower middle income,Aggregates,Aggregates,Aggregates,,
2932,2023,2319.95481547486,GDP per capita (current US$),XN,Lower middle income,Aggregates,Aggregates,Aggregates,,
2933,2022,2347.99329840156,GDP per capita (current US$),XN,Lower middle income,Aggregates,Aggregates,Aggregates,,
2934,2021,2251.14460096524,GDP per capita (current US$),XN,Lower middle income,Aggregates,Aggregates,Aggregates,,
2935,2020,1996.97695544468,GDP per capita (current US$),XN,Lower middle income,Aggregates,Aggregates,Aggregates,,
2936,2019,2116.20506959362,GDP per capita (current US$),XN,Lower middle income,Aggregates,Aggregates,Aggregates,,
2937,2018,1986.83702598126,GDP per capita (current US$),XN,Lower middle income,Aggregates,Aggregates,Aggregates,,
2938,2017,1943.04862156303,GDP per capita (current US$),XN,Lower middle income,Aggregates,Aggregates,Aggregates,,
2939,2016,1817.03211621924,GDP per capita (current US$),XN,Lower middle income,Aggregates,Aggregates,Aggregates,,
2940,2025,6202.19002141299,GDP per capita (current US$),ZQ,"Middle East, North Africa, Afghanistan & Pakistan",Aggregates,Aggregates,Aggregates,,
2941,2024,6275.43469598207,GDP per capita (current US$),ZQ,"Middle East, North Africa, Afghanistan & Pakistan",Aggregates,Aggregates,Aggregates,,
2942,2023,6144.70308054742,GDP per capita (current US$),ZQ,"Middle East, North Africa, Afghanistan & Pakistan",Aggregates,Aggregates,Aggregates,,
2943,2022,6436.74030312288,GDP per capita (current US$),ZQ,"Middle East, North Africa, Afghanistan & Pakistan",Aggregates,Aggregates,Aggregates,,
2944,2021,5622.19134191977,GDP per capita (current US$),ZQ,"Middle East, North Africa, Afghanistan & Pakistan",Aggregates,Aggregates,Aggregates,,
2945,2020,4749.14341262891,GDP per capita (current US$),ZQ,"Middle East, North Africa, Afghanistan & Pakistan",Aggregates,Aggregates,Aggregates,,
2946,2019,5416.06362418233,GDP per capita (current US$),ZQ,"Middle East, North Africa, Afghanistan & Pakistan",Aggregates,Aggregates,Aggregates,,
2947,2018,5550.31969384997,GDP per capita (current US$),ZQ,"Middle East, North Africa, Afghanistan & Pakistan",Aggregates,Aggregates,Aggregates,,
2948,2017,5283.42471158364,GDP per capita (current US$),ZQ,"Middle East, North Africa, Afghanistan & Pakistan",Aggregates,Aggregates,Aggregates,,
2949,2016,5130.21030038801,GDP per capita (current US$),ZQ,"Middle East, North Africa, Afghanistan & Pakistan",Aggregates,Aggregates,Aggregates,,
2950,2025,2829.12883889291,GDP per capita (current US$),XQ,"Middle East, North Africa, Afghanistan & Pakistan (excluding high income)",Aggregates,Aggregates,Aggregates,,
2951,2024,2963.06913716955,GDP per capita (current US$),XQ,"Middle East, North Africa, Afghanistan & Pakistan (excluding high income)",Aggregates,Aggregates,Aggregates,,
2952,2023,2872.39008505083,GDP per capita (current US$),XQ,"Middle East, North Africa, Afghanistan & Pakistan (excluding high income)",Aggregates,Aggregates,Aggregates,,
2953,2022,3022.54814280134,GDP per capita (current US$),XQ,"Middle East, North Africa, Afghanistan & Pakistan (excluding high income)",Aggregates,Aggregates,Aggregates,,
2954,2021,2760.50031198582,GDP per capita (current US$),XQ,"Middle East, North Africa, Afghanistan & Pakistan (excluding high income)",Aggregates,Aggregates,Aggregates,,
2955,2020,2415.26254491139,GDP per capita (current US$),XQ,"Middle East, North Africa, Afghanistan & Pakistan (excluding high income)",Aggregates,Aggregates,Aggregates,,
2956,2019,2701.71325265282,GDP per capita (current US$),XQ,"Middle East, North Africa, Afghanistan & Pakistan (excluding high income)",Aggregates,Aggregates,Aggregates,,
2957,2018,2815.3901774218,GDP per capita (current US$),XQ,"Middle East, North Africa, Afghanistan & Pakistan (excluding high income)",Aggregates,Aggregates,Aggregates,,
2958,2017,2865.83515636992,GDP per capita (current US$),XQ,"Middle East, North Africa, Afghanistan & Pakistan (excluding high income)",Aggregates,Aggregates,Aggregates,,
2959,2016,2869.01813118566,GDP per capita (current US$),XQ,"Middle East, North Africa, Afghanistan & Pakistan (excluding high income)",Aggregates,Aggregates,Aggregates,,
2960,2025,2826.65540584536,GDP per capita (current US$),T3,"Middle East, North Africa, Afghanistan & Pakistan (IDA & IBRD)",Aggregates,Aggregates,Aggregates,,
2961,2024,2962.60094580465,GDP per capita (current US$),T3,"Middle East, North Africa, Afghanistan & Pakistan (IDA & IBRD)",Aggregates,Aggregates,Aggregates,,
2962,2023,2867.14499885351,GDP per capita (current US$),T3,"Middle East, North Africa, Afghanistan & Pakistan (IDA & IBRD)",Aggregates,Aggregates,Aggregates,,
2963,2022,3017.03706401547,GDP per capita (current US$),T3,"Middle East, North Africa, Afghanistan & Pakistan (IDA & IBRD)",Aggregates,Aggregates,Aggregates,,
2964,2021,2754.03924421055,GDP per capita (current US$),T3,"Middle East, North Africa, Afghanistan & Pakistan (IDA & IBRD)",Aggregates,Aggregates,Aggregates,,
2965,2020,2409.54729126605,GDP per capita (current US$),T3,"Middle East, North Africa, Afghanistan & Pakistan (IDA & IBRD)",Aggregates,Aggregates,Aggregates,,
2966,2019,2695.09130976796,GDP per capita (current US$),T3,"Middle East, North Africa, Afghanistan & Pakistan (IDA & IBRD)",Aggregates,Aggregates,Aggregates,,
2967,2018,2810.24942028442,GDP per capita (current US$),T3,"Middle East, North Africa, Afghanistan & Pakistan (IDA & IBRD)",Aggregates,Aggregates,Aggregates,,
2968,2017,2860.68231685818,GDP per capita (current US$),T3,"Middle East, North Africa, Afghanistan & Pakistan (IDA & IBRD)",Aggregates,Aggregates,Aggregates,,
2969,2016,2864.53445831005,GDP per capita (current US$),T3,"Middle East, North Africa, Afghanistan & Pakistan (IDA & IBRD)",Aggregates,Aggregates,Aggregates,,
2970,2025,6778.79773310904,GDP per capita (current US$),XP,Middle income,Aggregates,Aggregates,Aggregates,,
2971,2024,6507.45727213279,GDP per capita (current US$),XP,Middle income,Aggregates,Aggregates,Aggregates,,
2972,2023,6342.84660727863,GDP per capita (current US$),XP,Middle income,Aggregates,Aggregates,Aggregates,,
2973,2022,6209.92727259514,GDP per capita (current US$),XP,Middle income,Aggregates,Aggregates,Aggregates,,
2974,2021,5980.00050387597,GDP per capita (current US$),XP,Middle income,Aggregates,Aggregates,Aggregates,,
2975,2020,5110.03730012152,GDP per capita (current US$),XP,Middle income,Aggregates,Aggregates,Aggregates,,
2976,2019,5333.00944959533,GDP per capita (current US$),XP,Middle income,Aggregates,Aggregates,Aggregates,,
2977,2018,5231.9314869653,GDP per capita (current US$),XP,Middle income,Aggregates,Aggregates,Aggregates,,
2978,2017,4970.75305971396,GDP per capita (current US$),XP,Middle income,Aggregates,Aggregates,Aggregates,,
2979,2016,4598.01556540424,GDP per capita (current US$),XP,Middle income,Aggregates,Aggregates,Aggregates,,
2980,2025,86308.0717272746,GDP per capita (current US$),XU,North America,Aggregates,Aggregates,Aggregates,,
2981,2024,82808.120496409,GDP per capita (current US$),XU,North America,Aggregates,Aggregates,Aggregates,,
2982,2023,79647.6390981082,GDP per capita (current US$),XU,North America,Aggregates,Aggregates,Aggregates,,
2983,2022,75769.6975468613,GDP per capita (current US$),XU,North America,Aggregates,Aggregates,Aggregates,,
2984,2021,69532.9041926862,GDP per capita (current US$),XU,North America,Aggregates,Aggregates,Aggregates,,
2985,2020,62319.8671337986,GDP per capita (current US$),XU,North America,Aggregates,Aggregates,Aggregates,,
2986,2019,63306.810223782,GDP per capita (current US$),XU,North America,Aggregates,Aggregates,Aggregates,,
2987,2018,61228.2000482629,GDP per capita (current US$),XU,North America,Aggregates,Aggregates,Aggregates,,
2988,2017,58555.9003870103,GDP per capita (current US$),XU,North America,Aggregates,Aggregates,Aggregates,,
2989,2016,56416.7892083026,GDP per capita (current US$),XU,North America,Aggregates,Aggregates,Aggregates,,
2990,2025,,GDP per capita (current US$),XY,Not classified,Aggregates,Aggregates,Aggregates,,
2991,2024,,GDP per capita (current US$),XY,Not classified,Aggregates,Aggregates,Aggregates,,
2992,2023,,GDP per capita (current US$),XY,Not classified,Aggregates,Aggregates,Aggregates,,
2993,2022,,GDP per capita (current US$),XY,Not classified,Aggregates,Aggregates,Aggregates,,
2994,2021,,GDP per capita (current US$),XY,Not classified,Aggregates,Aggregates,Aggregates,,
2995,2020,,GDP per capita (current US$),XY,Not classified,Aggregates,Aggregates,Aggregates,,
2996,2019,,GDP per capita (current US$),XY,Not classified,Aggregates,Aggregates,Aggregates,,
2997,2018,,GDP per capita (current US$),XY,Not classified,Aggregates,Aggregates,Aggregates,,
2998,2017,,GDP per capita (current US$),XY,Not classified,Aggregates,Aggregates,Aggregates,,
2999,2016,,GDP per capita (current US$),XY,Not classified,Aggregates,Aggregates,Aggregates,,
3000,2025,51733.7140199057,GDP per capita (current US$),OE,OECD members,Aggregates,Aggregates,Aggregates,,
3001,2024,48881.8109051634,GDP per capita (current US$),OE,OECD members,Aggregates,Aggregates,Aggregates,,
3002,2023,47135.6137232065,GDP per capita (current US$),OE,OECD members,Aggregates,Aggregates,Aggregates,,
3003,2022,44455.8357743973,GDP per capita (current US$),OE,OECD members,Aggregates,Aggregates,Aggregates,,
3004,2021,43495.5049948213,GDP per capita (current US$),OE,OECD members,Aggregates,Aggregates,Aggregates,,
3005,2020,38947.5669905773,GDP per capita (current US$),OE,OECD members,Aggregates,Aggregates,Aggregates,,
3006,2019,39940.835037623,GDP per capita (current US$),OE,OECD members,Aggregates,Aggregates,Aggregates,,
3007,2018,39756.7556647363,GDP per capita (current US$),OE,OECD members,Aggregates,Aggregates,Aggregates,,
3008,2017,37802.8422452392,GDP per capita (current US$),OE,OECD members,Aggregates,Aggregates,Aggregates,,
3009,2016,36407.3771727139,GDP per capita (current US$),OE,OECD members,Aggregates,Aggregates,Aggregates,,
3010,2025,17540.3099815121,GDP per capita (current US$),S4,Other small states,Aggregates,Aggregates,Aggregates,,
3011,2024,16111.8328238083,GDP per capita (current US$),S4,Other small states,Aggregates,Aggregates,Aggregates,,
3012,2023,15346.6488924949,GDP per capita (current US$),S4,Other small states,Aggregates,Aggregates,Aggregates,,
3013,2022,14326.3081658507,GDP per capita (current US$),S4,Other small states,Aggregates,Aggregates,Aggregates,,
3014,2021,13718.3632503913,GDP per capita (current US$),S4,Other small states,Aggregates,Aggregates,Aggregates,,
3015,2020,11772.0946960495,GDP per capita (current US$),S4,Other small states,Aggregates,Aggregates,Aggregates,,
3016,2019,12908.1967698249,GDP per capita (current US$),S4,Other small states,Aggregates,Aggregates,Aggregates,,
3017,2018,13026.838449762,GDP per capita (current US$),S4,Other small states,Aggregates,Aggregates,Aggregates,,
3018,2017,11950.9760651787,GDP per capita (current US$),S4,Other small states,Aggregates,Aggregates,Aggregates,,
3019,2016,10813.3811118925,GDP per capita (current US$),S4,Other small states,Aggregates,Aggregates,Aggregates,,
3020,2025,4719.69017777464,GDP per capita (current US$),S2,Pacific island small states,Aggregates,Aggregates,Aggregates,,
3021,2024,4528.48364572376,GDP per capita (current US$),S2,Pacific island small states,Aggregates,Aggregates,Aggregates,,
3022,2023,4199.64948077192,GDP per capita (current US$),S2,Pacific island small states,Aggregates,Aggregates,Aggregates,,
3023,2022,3941.90128416234,GDP per capita (current US$),S2,Pacific island small states,Aggregates,Aggregates,Aggregates,,
3024,2021,3646.98862815783,GDP per capita (current US$),S2,Pacific island small states,Aggregates,Aggregates,Aggregates,,
3025,2020,3632.52907231285,GDP per capita (current US$),S2,Pacific island small states,Aggregates,Aggregates,Aggregates,,
3026,2019,4185.0758997627,GDP per capita (current US$),S2,Pacific island small states,Aggregates,Aggregates,Aggregates,,
3027,2018,4295.18182253285,GDP per capita (current US$),S2,Pacific island small states,Aggregates,Aggregates,Aggregates,,
3028,2017,4147.00368611764,GDP per capita (current US$),S2,Pacific island small states,Aggregates,Aggregates,Aggregates,,
3029,2016,3898.87961923979,GDP per capita (current US$),S2,Pacific island small states,Aggregates,Aggregates,Aggregates,,
3030,2025,59490.0240628251,GDP per capita (current US$),V4,Post-demographic dividend,Aggregates,Aggregates,Aggregates,,
3031,2024,56385.0585145595,GDP per capita (current US$),V4,Post-demographic dividend,Aggregates,Aggregates,Aggregates,,
3032,2023,54507.2154710128,GDP per capita (current US$),V4,Post-demographic dividend,Aggregates,Aggregates,Aggregates,,
3033,2022,51597.0182783268,GDP per capita (current US$),V4,Post-demographic dividend,Aggregates,Aggregates,Aggregates,,
3034,2021,50433.5519322417,GDP per capita (current US$),V4,Post-demographic dividend,Aggregates,Aggregates,Aggregates,,
3035,2020,45174.5036479433,GDP per capita (current US$),V4,Post-demographic dividend,Aggregates,Aggregates,Aggregates,,
3036,2019,46125.7453007656,GDP per capita (current US$),V4,Post-demographic dividend,Aggregates,Aggregates,Aggregates,,
3037,2018,45787.7299792029,GDP per capita (current US$),V4,Post-demographic dividend,Aggregates,Aggregates,Aggregates,,
3038,2017,43356.99969696,GDP per capita (current US$),V4,Post-demographic dividend,Aggregates,Aggregates,Aggregates,,
3039,2016,41720.329677393,GDP per capita (current US$),V4,Post-demographic dividend,Aggregates,Aggregates,Aggregates,,
3040,2025,1470.05803145865,GDP per capita (current US$),V1,Pre-demographic dividend,Aggregates,Aggregates,Aggregates,,
3041,2024,1372.7115352549,GDP per capita (current US$),V1,Pre-demographic dividend,Aggregates,Aggregates,Aggregates,,
3042,2023,1559.36615928619,GDP per capita (current US$),V1,Pre-demographic dividend,Aggregates,Aggregates,Aggregates,,
3043,2022,1769.1914721872,GDP per capita (current US$),V1,Pre-demographic dividend,Aggregates,Aggregates,Aggregates,,
3044,2021,1594.39804852433,GDP per capita (current US$),V1,Pre-demographic dividend,Aggregates,Aggregates,Aggregates,,
3045,2020,1497.18872625076,GDP per capita (current US$),V1,Pre-demographic dividend,Aggregates,Aggregates,Aggregates,,
3046,2019,1682.64777483043,GDP per capita (current US$),V1,Pre-demographic dividend,Aggregates,Aggregates,Aggregates,,
3047,2018,1452.10811367974,GDP per capita (current US$),V1,Pre-demographic dividend,Aggregates,Aggregates,Aggregates,,
3048,2017,1341.55710823713,GDP per capita (current US$),V1,Pre-demographic dividend,Aggregates,Aggregates,Aggregates,,
3049,2016,1318.65578321566,GDP per capita (current US$),V1,Pre-demographic dividend,Aggregates,Aggregates,Aggregates,,
3050,2025,16577.8450757077,GDP per capita (current US$),S1,Small states,Aggregates,Aggregates,Aggregates,,
3051,2024,15409.264856078,GDP per capita (current US$),S1,Small states,Aggregates,Aggregates,Aggregates,,
3052,2023,14360.785757405,GDP per capita (current US$),S1,Small states,Aggregates,Aggregates,Aggregates,,
3053,2022,13644.5029834497,GDP per capita (current US$),S1,Small states,Aggregates,Aggregates,Aggregates,,
3054,2021,12435.8612830054,GDP per capita (current US$),S1,Small states,Aggregates,Aggregates,Aggregates,,
3055,2020,10730.4939107969,GDP per capita (current US$),S1,Small states,Aggregates,Aggregates,Aggregates,,
3056,2019,11997.3036529705,GDP per capita (current US$),S1,Small states,Aggregates,Aggregates,Aggregates,,
3057,2018,12064.6886372837,GDP per capita (current US$),S1,Small states,Aggregates,Aggregates,Aggregates,,
3058,2017,11319.4921033734,GDP per capita (current US$),S1,Small states,Aggregates,Aggregates,Aggregates,,
3059,2016,10492.0492970632,GDP per capita (current US$),S1,Small states,Aggregates,Aggregates,Aggregates,,
3060,2025,2705.28227429085,GDP per capita (current US$),8S,South Asia,Aggregates,Aggregates,Aggregates,,
3061,2024,2601.82209529365,GDP per capita (current US$),8S,South Asia,Aggregates,Aggregates,Aggregates,,
3062,2023,2449.857142451,GDP per capita (current US$),8S,South Asia,Aggregates,Aggregates,Aggregates,,
3063,2022,2326.72890585805,GDP per capita (current US$),8S,South Asia,Aggregates,Aggregates,Aggregates,,
3064,2021,2273.72055805692,GDP per capita (current US$),8S,South Asia,Aggregates,Aggregates,Aggregates,,
3065,2020,1957.20343709781,GDP per capita (current US$),8S,South Asia,Aggregates,Aggregates,Aggregates,,
3066,2019,2067.05975680251,GDP per capita (current US$),8S,South Asia,Aggregates,Aggregates,Aggregates,,
3067,2018,1988.36633317988,GDP per capita (current US$),8S,South Asia,Aggregates,Aggregates,Aggregates,,
3068,2017,1956.06707563972,GDP per capita (current US$),8S,South Asia,Aggregates,Aggregates,Aggregates,,
3069,2016,1722.90703396273,GDP per capita (current US$),8S,South Asia,Aggregates,Aggregates,Aggregates,,
3070,2025,2705.28227429085,GDP per capita (current US$),T5,South Asia (IDA & IBRD),Aggregates,Aggregates,Aggregates,,
3071,2024,2601.82209529365,GDP per capita (current US$),T5,South Asia (IDA & IBRD),Aggregates,Aggregates,Aggregates,,
3072,2023,2449.857142451,GDP per capita (current US$),T5,South Asia (IDA & IBRD),Aggregates,Aggregates,Aggregates,,
3073,2022,2326.72890585805,GDP per capita (current US$),T5,South Asia (IDA & IBRD),Aggregates,Aggregates,Aggregates,,
3074,2021,2273.72055805692,GDP per capita (current US$),T5,South Asia (IDA & IBRD),Aggregates,Aggregates,Aggregates,,
3075,2020,1957.20343709781,GDP per capita (current US$),T5,South Asia (IDA & IBRD),Aggregates,Aggregates,Aggregates,,
3076,2019,2067.05975680251,GDP per capita (current US$),T5,South Asia (IDA & IBRD),Aggregates,Aggregates,Aggregates,,
3077,2018,1988.36633317988,GDP per capita (current US$),T5,South Asia (IDA & IBRD),Aggregates,Aggregates,Aggregates,,
3078,2017,1956.06707563972,GDP per capita (current US$),T5,South Asia (IDA & IBRD),Aggregates,Aggregates,Aggregates,,
3079,2016,1722.90703396273,GDP per capita (current US$),T5,South Asia (IDA & IBRD),Aggregates,Aggregates,Aggregates,,
3080,2025,1673.07077574497,GDP per capita (current US$),ZG,Sub-Saharan Africa,Aggregates,Aggregates,Aggregates,,
3081,2024,1542.65844261619,GDP per capita (current US$),ZG,Sub-Saharan Africa,Aggregates,Aggregates,Aggregates,,
3082,2023,1682.2261488119,GDP per capita (current US$),ZG,Sub-Saharan Africa,Aggregates,Aggregates,Aggregates,,
3083,2022,1864.70686111925,GDP per capita (current US$),ZG,Sub-Saharan Africa,Aggregates,Aggregates,Aggregates,,
3084,2021,1785.98118191144,GDP per capita (current US$),ZG,Sub-Saharan Africa,Aggregates,Aggregates,Aggregates,,
3085,2020,1628.43873346869,GDP per capita (current US$),ZG,Sub-Saharan Africa,Aggregates,Aggregates,Aggregates,,
3086,2019,1797.04121765415,GDP per capita (current US$),ZG,Sub-Saharan Africa,Aggregates,Aggregates,Aggregates,,
3087,2018,1622.59575329634,GDP per capita (current US$),ZG,Sub-Saharan Africa,Aggregates,Aggregates,Aggregates,,
3088,2017,1549.18831908585,GDP per capita (current US$),ZG,Sub-Saharan Africa,Aggregates,Aggregates,Aggregates,,
3089,2016,1456.65211115929,GDP per capita (current US$),ZG,Sub-Saharan Africa,Aggregates,Aggregates,Aggregates,,
3090,2025,1671.41989803328,GDP per capita (current US$),ZF,Sub-Saharan Africa (excluding high income),Aggregates,Aggregates,Aggregates,,
3091,2024,1541.07573422834,GDP per capita (current US$),ZF,Sub-Saharan Africa (excluding high income),Aggregates,Aggregates,Aggregates,,
3092,2023,1680.66097936273,GDP per capita (current US$),ZF,Sub-Saharan Africa (excluding high income),Aggregates,Aggregates,Aggregates,,
3093,2022,1863.26040059117,GDP per capita (current US$),ZF,Sub-Saharan Africa (excluding high income),Aggregates,Aggregates,Aggregates,,
3094,2021,1784.88774854725,GDP per capita (current US$),ZF,Sub-Saharan Africa (excluding high income),Aggregates,Aggregates,Aggregates,,
3095,2020,1627.39235037313,GDP per capita (current US$),ZF,Sub-Saharan Africa (excluding high income),Aggregates,Aggregates,Aggregates,,
3096,2019,1795.55378673641,GDP per capita (current US$),ZF,Sub-Saharan Africa (excluding high income),Aggregates,Aggregates,Aggregates,,
3097,2018,1621.1285196776,GDP per capita (current US$),ZF,Sub-Saharan Africa (excluding high income),Aggregates,Aggregates,Aggregates,,
3098,2017,1547.77467837023,GDP per capita (current US$),ZF,Sub-Saharan Africa (excluding high income),Aggregates,Aggregates,Aggregates,,
3099,2016,1455.29231657117,GDP per capita (current US$),ZF,Sub-Saharan Africa (excluding high income),Aggregates,Aggregates,Aggregates,,
3100,2025,1673.07077574497,GDP per capita (current US$),T6,Sub-Saharan Africa (IDA & IBRD countries),Aggregates,Aggregates,Aggregates,,
3101,2024,1542.65844261619,GDP per capita (current US$),T6,Sub-Saharan Africa (IDA & IBRD countries),Aggregates,Aggregates,Aggregates,,
3102,2023,1682.2261488119,GDP per capita (current US$),T6,Sub-Saharan Africa (IDA & IBRD countries),Aggregates,Aggregates,Aggregates,,
3103,2022,1864.70686111924,GDP per capita (current US$),T6,Sub-Saharan Africa (IDA & IBRD countries),Aggregates,Aggregates,Aggregates,,
3104,2021,1785.98118191144,GDP per capita (current US$),T6,Sub-Saharan Africa (IDA & IBRD countries),Aggregates,Aggregates,Aggregates,,
3105,2020,1628.43873346869,GDP per capita (current US$),T6,Sub-Saharan Africa (IDA & IBRD countries),Aggregates,Aggregates,Aggregates,,
3106,2019,1797.04121765415,GDP per capita (current US$),T6,Sub-Saharan Africa (IDA & IBRD countries),Aggregates,Aggregates,Aggregates,,
3107,2018,1622.59575329634,GDP per capita (current US$),T6,Sub-Saharan Africa (IDA & IBRD countries),Aggregates,Aggregates,Aggregates,,
3108,2017,1549.18831908585,GDP per capita (current US$),T6,Sub-Saharan Africa (IDA & IBRD countries),Aggregates,Aggregates,Aggregates,,
3109,2016,1456.65211115929,GDP per capita (current US$),T6,Sub-Saharan Africa (IDA & IBRD countries),Aggregates,Aggregates,Aggregates,,
3110,2025,10890.0974812565,GDP per capita (current US$),XT,Upper middle income,Aggregates,Aggregates,Aggregates,,
3111,2024,10443.3480457159,GDP per capita (current US$),XT,Upper middle income,Aggregates,Aggregates,Aggregates,,
3112,2023,10118.6217728148,GDP per capita (current US$),XT,Upper middle income,Aggregates,Aggregates,Aggregates,,
3113,2022,9796.27244734764,GDP per capita (current US$),XT,Upper middle income,Aggregates,Aggregates,Aggregates,,
3114,2021,9409.61235165342,GDP per capita (current US$),XT,Upper middle income,Aggregates,Aggregates,Aggregates,,
3115,2020,7949.25683610967,GDP per capita (current US$),XT,Upper middle income,Aggregates,Aggregates,Aggregates,,
3116,2019,8244.30681174043,GDP per capita (current US$),XT,Upper middle income,Aggregates,Aggregates,Aggregates,,
3117,2018,8149.60205746059,GDP per capita (current US$),XT,Upper middle income,Aggregates,Aggregates,Aggregates,,
3118,2017,7676.40394987858,GDP per capita (current US$),XT,Upper middle income,Aggregates,Aggregates,Aggregates,,
3119,2016,7068.00587843387,GDP per capita (current US$),XT,Upper middle income,Aggregates,Aggregates,Aggregates,,
3120,2025,14405.8484595528,GDP per capita (current US$),1W,World,Aggregates,Aggregates,Aggregates,,
3121,2024,13717.0909956338,GDP per capita (current US$),1W,World,Aggregates,Aggregates,Aggregates,,
3122,2023,13313.8575826001,GDP per capita (current US$),1W,World,Aggregates,Aggregates,Aggregates,,
3123,2022,12876.2377124072,GDP per capita (current US$),1W,World,Aggregates,Aggregates,Aggregates,,
3124,2021,12472.9074157191,GDP per capita (current US$),1W,World,Aggregates,Aggregates,Aggregates,,
3125,2020,10999.4917581781,GDP per capita (current US$),1W,World,Aggregates,Aggregates,Aggregates,,
3126,2019,11417.5958587724,GDP per capita (current US$),1W,World,Aggregates,Aggregates,Aggregates,,
3127,2018,11344.728168656,GDP per capita (current US$),1W,World,Aggregates,Aggregates,Aggregates,,
3128,2017,10784.3950896297,GDP per capita (current US$),1W,World,Aggregates,Aggregates,Aggregates,,
3129,2016,10239.4656645738,GDP per capita (current US$),1W,World,Aggregates,Aggregates,Aggregates,,
3130,2025,,GDP per capita (current US$),AF,Afghanistan,"Middle East, North Africa, Afghanistan & Pakistan",Low income,IDA,69.1761,34.5228
3131,2024,416.871146273728,GDP per capita (current US$),AF,Afghanistan,"Middle East, North Africa, Afghanistan & Pakistan",Low income,IDA,69.1761,34.5228
3132,2023,413.757894705303,GDP per capita (current US$),AF,Afghanistan,"Middle East, North Africa, Afghanistan & Pakistan",Low income,IDA,69.1761,34.5228
3133,2022,357.261152798144,GDP per capita (current US$),AF,Afghanistan,"Middle East, North Africa, Afghanistan & Pakistan",Low income,IDA,69.1761,34.5228
3134,2021,356.496214115892,GDP per capita (current US$),AF,Afghanistan,"Middle East, North Africa, Afghanistan & Pakistan",Low income,IDA,69.1761,34.5228
3135,2020,510.787063366811,GDP per capita (current US$),AF,Afghanistan,"Middle East, North Africa, Afghanistan & Pakistan",Low income,IDA,69.1761,34.5228
3136,2019,496.6025042585,GDP per capita (current US$),AF,Afghanistan,"Middle East, North Africa, Afghanistan & Pakistan",Low income,IDA,69.1761,34.5228
3137,2018,491.337221382603,GDP per capita (current US$),AF,Afghanistan,"Middle East, North Africa, Afghanistan & Pakistan",Low income,IDA,69.1761,34.5228
3138,2017,525.469770891619,GDP per capita (current US$),AF,Afghanistan,"Middle East, North Africa, Afghanistan & Pakistan",Low income,IDA,69.1761,34.5228
3139,2016,522.082215583898,GDP per capita (current US$),AF,Afghanistan,"Middle East, North Africa, Afghanistan & Pakistan",Low income,IDA,69.1761,34.5228
3140,2025,12998.147869552,GDP per capita (current US$),AL,Albania,Europe & Central Asia,Upper middle income,IBRD,19.8172,41.3317
3141,2024,11374.0085781236,GDP per capita (current US$),AL,Albania,Europe & Central Asia,Upper middle income,IBRD,19.8172,41.3317
3142,2023,9740.7023414631,GDP per capita (current US$),AL,Albania,Europe & Central Asia,Upper middle income,IBRD,19.8172,41.3317
3143,2022,7756.96188744253,GDP per capita (current US$),AL,Albania,Europe & Central Asia,Upper middle income,IBRD,19.8172,41.3317
3144,2021,7242.45513146613,GDP per capita (current US$),AL,Albania,Europe & Central Asia,Upper middle income,IBRD,19.8172,41.3317
3145,2020,6027.91350716348,GDP per capita (current US$),AL,Albania,Europe & Central Asia,Upper middle income,IBRD,19.8172,41.3317
3146,2019,6069.43903131027,GDP per capita (current US$),AL,Albania,Europe & Central Asia,Upper middle income,IBRD,19.8172,41.3317
3147,2018,5897.65452588774,GDP per capita (current US$),AL,Albania,Europe & Central Asia,Upper middle income,IBRD,19.8172,41.3317
3148,2017,5006.36012951959,GDP per capita (current US$),AL,Albania,Europe & Central Asia,Upper middle income,IBRD,19.8172,41.3317
3149,2016,4457.63412207495,GDP per capita (current US$),AL,Albania,Europe & Central Asia,Upper middle income,IBRD,19.8172,41.3317
3150,2025,6051.00322704182,GDP per capita (current US$),DZ,Algeria,"Middle East, North Africa, Afghanistan & Pakistan",Upper middle income,IBRD,3.05097,36.7397
3151,2024,5752.99076651465,GDP per capita (current US$),DZ,Algeria,"Middle East, North Africa, Afghanistan & Pakistan",Upper middle income,IBRD,3.05097,36.7397
3152,2023,5370.477235078,GDP per capita (current US$),DZ,Algeria,"Middle East, North Africa, Afghanistan & Pakistan",Upper middle income,IBRD,3.05097,36.7397
3153,2022,4960.30334332888,GDP per capita (current US$),DZ,Algeria,"Middle East, North Africa, Afghanistan & Pakistan",Upper middle income,IBRD,3.05097,36.7397
3154,2021,4160.55926736925,GDP per capita (current US$),DZ,Algeria,"Middle East, North Africa, Afghanistan & Pakistan",Upper middle income,IBRD,3.05097,36.7397
3155,2020,3743.5419522929,GDP per capita (current US$),DZ,Algeria,"Middle East, North Africa, Afghanistan & Pakistan",Upper middle income,IBRD,3.05097,36.7397
3156,2019,4468.45341883656,GDP per capita (current US$),DZ,Algeria,"Middle East, North Africa, Afghanistan & Pakistan",Upper middle income,IBRD,3.05097,36.7397
3157,2018,4577.21029180491,GDP per capita (current US$),DZ,Algeria,"Middle East, North Africa, Afghanistan & Pakistan",Upper middle income,IBRD,3.05097,36.7397
3158,2017,4554.66753957828,GDP per capita (current US$),DZ,Algeria,"Middle East, North Africa, Afghanistan & Pakistan",Upper middle income,IBRD,3.05097,36.7397
3159,2016,4424.98529027556,GDP per capita (current US$),DZ,Algeria,"Middle East, North Africa, Afghanistan & Pakistan",Upper middle income,IBRD,3.05097,36.7397
3160,2025,,GDP per capita (current US$),AS,American Samoa,East Asia & Pacific,High income,Not classified,-170.691,-14.2846
3161,2024,,GDP per capita (current US$),AS,American Samoa,East Asia & Pacific,High income,Not classified,-170.691,-14.2846
3162,2023,,GDP per capita (current US$),AS,American Samoa,East Asia & Pacific,High income,Not classified,-170.691,-14.2846
3163,2022,18017.4589383973,GDP per capita (current US$),AS,American Samoa,East Asia & Pacific,High income,Not classified,-170.691,-14.2846
3164,2021,15236.1604875571,GDP per capita (current US$),AS,American Samoa,East Asia & Pacific,High income,Not classified,-170.691,-14.2846
3165,2020,14489.2586563775,GDP per capita (current US$),AS,American Samoa,East Asia & Pacific,High income,Not classified,-170.691,-14.2846
3166,2019,12886.1359517218,GDP per capita (current US$),AS,American Samoa,East Asia & Pacific,High income,Not classified,-170.691,-14.2846
3167,2018,12552.0546868861,GDP per capita (current US$),AS,American Samoa,East Asia & Pacific,High income,Not classified,-170.691,-14.2846
3168,2017,11863.6839452565,GDP per capita (current US$),AS,American Samoa,East Asia & Pacific,High income,Not classified,-170.691,-14.2846
3169,2016,12843.3342903627,GDP per capita (current US$),AS,American Samoa,East Asia & Pacific,High income,Not classified,-170.691,-14.2846
3170,2025,54291.5026031052,GDP per capita (current US$),AD,Andorra,Europe & Central Asia,High income,Not classified,1.5218,42.5075
3171,2024,49357.437070178,GDP per capita (current US$),AD,Andorra,Europe & Central Asia,High income,Not classified,1.5218,42.5075
3172,2023,46812.448450114,GDP per capita (current US$),AD,Andorra,Europe & Central Asia,High income,Not classified,1.5218,42.5075
3173,2022,42414.0590111349,GDP per capita (current US$),AD,Andorra,Europe & Central Asia,High income,Not classified,1.5218,42.5075
3174,2021,42425.6996761083,GDP per capita (current US$),AD,Andorra,Europe & Central Asia,High income,Not classified,1.5218,42.5075
3175,2020,37361.090067211,GDP per capita (current US$),AD,Andorra,Europe & Central Asia,High income,Not classified,1.5218,42.5075
3176,2019,41257.8045861543,GDP per capita (current US$),AD,Andorra,Europe & Central Asia,High income,Not classified,1.5218,42.5075
3177,2018,42819.774579353,GDP per capita (current US$),AD,Andorra,Europe & Central Asia,High income,Not classified,1.5218,42.5075
3178,2017,40672.9943362327,GDP per capita (current US$),AD,Andorra,Europe & Central Asia,High income,Not classified,1.5218,42.5075
3179,2016,40129.8192026671,GDP per capita (current US$),AD,Andorra,Europe & Central Asia,High income,Not classified,1.5218,42.5075
3180,2025,3129.47662331063,GDP per capita (current US$),AO,Angola,Sub-Saharan Africa ,Lower middle income,IBRD,13.242,-8.81155
3181,2024,2720.81900669715,GDP per capita (current US$),AO,Angola,Sub-Saharan Africa ,Lower middle income,IBRD,13.242,-8.81155
3182,2023,2885.51349130806,GDP per capita (current US$),AO,Angola,Sub-Saharan Africa ,Lower middle income,IBRD,13.242,-8.81155
3183,2022,3598.53669077341,GDP per capita (current US$),AO,Angola,Sub-Saharan Africa ,Lower middle income,IBRD,13.242,-8.81155
3184,2021,2266.96834861584,GDP per capita (current US$),AO,Angola,Sub-Saharan Africa ,Lower middle income,IBRD,13.242,-8.81155
3185,2020,1749.1794838482,GDP per capita (current US$),AO,Angola,Sub-Saharan Africa ,Lower middle income,IBRD,13.242,-8.81155
3186,2019,2507.86807213642,GDP per capita (current US$),AO,Angola,Sub-Saharan Africa ,Lower middle income,IBRD,13.242,-8.81155
3187,2018,2891.83032378747,GDP per capita (current US$),AO,Angola,Sub-Saharan Africa ,Lower middle income,IBRD,13.242,-8.81155
3188,2017,2832.14997950512,GDP per capita (current US$),AO,Angola,Sub-Saharan Africa ,Lower middle income,IBRD,13.242,-8.81155
3189,2016,2082.37343594705,GDP per capita (current US$),AO,Angola,Sub-Saharan Africa ,Lower middle income,IBRD,13.242,-8.81155
3190,2025,24819.2454680158,GDP per capita (current US$),AG,Antigua and Barbuda,Latin America & Caribbean ,High income,IBRD,-61.8456,17.1175
3191,2024,23059.8330702839,GDP per capita (current US$),AG,Antigua and Barbuda,Latin America & Caribbean ,High income,IBRD,-61.8456,17.1175
3192,2023,22012.2625947994,GDP per capita (current US$),AG,Antigua and Barbuda,Latin America & Caribbean ,High income,IBRD,-61.8456,17.1175
3193,2022,20003.3909394099,GDP per capita (current US$),AG,Antigua and Barbuda,Latin America & Caribbean ,High income,IBRD,-61.8456,17.1175
3194,2021,17348.6006987182,GDP per capita (current US$),AG,Antigua and Barbuda,Latin America & Caribbean ,High income,IBRD,-61.8456,17.1175
3195,2020,15369.6082250401,GDP per capita (current US$),AG,Antigua and Barbuda,Latin America & Caribbean ,High income,IBRD,-61.8456,17.1175
3196,2019,18896.3721832248,GDP per capita (current US$),AG,Antigua and Barbuda,Latin America & Caribbean ,High income,IBRD,-61.8456,17.1175
3197,2018,18273.4270684912,GDP per capita (current US$),AG,Antigua and Barbuda,Latin America & Caribbean ,High income,IBRD,-61.8456,17.1175
3198,2017,16965.7288273816,GDP per capita (current US$),AG,Antigua and Barbuda,Latin America & Caribbean ,High income,IBRD,-61.8456,17.1175
3199,2016,16556.8551801588,GDP per capita (current US$),AG,Antigua and Barbuda,Latin America & Caribbean ,High income,IBRD,-61.8456,17.1175
3200,2025,14898.0885943842,GDP per capita (current US$),AR,Argentina,Latin America & Caribbean ,Upper middle income,IBRD,-58.4173,-34.6118
3201,2024,13969.7836603737,GDP per capita (current US$),AR,Argentina,Latin America & Caribbean ,Upper middle income,IBRD,-58.4173,-34.6118
3202,2023,14261.8465667948,GDP per capita (current US$),AR,Argentina,Latin America & Caribbean ,Upper middle income,IBRD,-58.4173,-34.6118
3203,2022,13962.1894087223,GDP per capita (current US$),AR,Argentina,Latin America & Caribbean ,Upper middle income,IBRD,-58.4173,-34.6118
3204,2021,10738.0179223384,GDP per capita (current US$),AR,Argentina,Latin America & Caribbean ,Upper middle income,IBRD,-58.4173,-34.6118
3205,2020,8535.59938004389,GDP per capita (current US$),AR,Argentina,Latin America & Caribbean ,Upper middle income,IBRD,-58.4173,-34.6118
3206,2019,9955.97478680428,GDP per capita (current US$),AR,Argentina,Latin America & Caribbean ,Upper middle income,IBRD,-58.4173,-34.6118
3207,2018,11752.7998922979,GDP per capita (current US$),AR,Argentina,Latin America & Caribbean ,Upper middle income,IBRD,-58.4173,-34.6118
3208,2017,14532.5009308511,GDP per capita (current US$),AR,Argentina,Latin America & Caribbean ,Upper middle income,IBRD,-58.4173,-34.6118
3209,2016,12699.9623137756,GDP per capita (current US$),AR,Argentina,Latin America & Caribbean ,Upper middle income,IBRD,-58.4173,-34.6118
3210,2025,9474.01849300368,GDP per capita (current US$),AM,Armenia,Europe & Central Asia,Upper middle income,IBRD,44.509,40.1596
3211,2024,8556.21406956719,GDP per capita (current US$),AM,Armenia,Europe & Central Asia,Upper middle income,IBRD,44.509,40.1596
3212,2023,8159.08720967996,GDP per capita (current US$),AM,Armenia,Europe & Central Asia,Upper middle income,IBRD,44.509,40.1596
3213,2022,6571.97445545099,GDP per capita (current US$),AM,Armenia,Europe & Central Asia,Upper middle income,IBRD,44.509,40.1596
3214,2021,4685.17997128509,GDP per capita (current US$),AM,Armenia,Europe & Central Asia,Upper middle income,IBRD,44.509,40.1596
3215,2020,4268.68093304583,GDP per capita (current US$),AM,Armenia,Europe & Central Asia,Upper middle income,IBRD,44.509,40.1596
3216,2019,4597.22887399548,GDP per capita (current US$),AM,Armenia,Europe & Central Asia,Upper middle income,IBRD,44.509,40.1596
3217,2018,4196.00562301769,GDP per capita (current US$),AM,Armenia,Europe & Central Asia,Upper middle income,IBRD,44.509,40.1596
3218,2017,3869.05373867752,GDP per capita (current US$),AM,Armenia,Europe & Central Asia,Upper middle income,IBRD,44.509,40.1596
3219,2016,3524.42476874707,GDP per capita (current US$),AM,Armenia,Europe & Central Asia,Upper middle income,IBRD,44.509,40.1596
3220,2025,,GDP per capita (current US$),AW,Aruba,Latin America & Caribbean ,High income,Not classified,-70.0167,12.5167
3221,2024,38590.5650288641,GDP per capita (current US$),AW,Aruba,Latin America & Caribbean ,High income,Not classified,-70.0167,12.5167
3222,2023,34897.6183932009,GDP per capita (current US$),AW,Aruba,Latin America & Caribbean ,High income,Not classified,-70.0167,12.5167
3223,2022,31000.5713798732,GDP per capita (current US$),AW,Aruba,Latin America & Caribbean ,High income,Not classified,-70.0167,12.5167
3224,2021,26827.3447869986,GDP per capita (current US$),AW,Aruba,Latin America & Caribbean ,High income,Not classified,-70.0167,12.5167
3225,2020,22664.3709949437,GDP per capita (current US$),AW,Aruba,Latin America & Caribbean ,High income,Not classified,-70.0167,12.5167
3226,2019,30654.4851235397,GDP per capita (current US$),AW,Aruba,Latin America & Caribbean ,High income,Not classified,-70.0167,12.5167
3227,2018,30082.1584226798,GDP per capita (current US$),AW,Aruba,Latin America & Caribbean ,High income,Not classified,-70.0167,12.5167
3228,2017,28440.0416881491,GDP per capita (current US$),AW,Aruba,Latin America & Caribbean ,High income,Not classified,-70.0167,12.5167
3229,2016,27441.5502144601,GDP per capita (current US$),AW,Aruba,Latin America & Caribbean ,High income,Not classified,-70.0167,12.5167
3230,2025,65129.7227990563,GDP per capita (current US$),AU,Australia,East Asia & Pacific,High income,Not classified,149.129,-35.282
3231,2024,64609.9865116088,GDP per capita (current US$),AU,Australia,East Asia & Pacific,High income,Not classified,149.129,-35.282
3232,2023,65058.3773146674,GDP per capita (current US$),AU,Australia,East Asia & Pacific,High income,Not classified,149.129,-35.282
3233,2022,65169.5191118657,GDP per capita (current US$),AU,Australia,East Asia & Pacific,High income,Not classified,149.129,-35.282
3234,2021,60758.9044397144,GDP per capita (current US$),AU,Australia,East Asia & Pacific,High income,Not classified,149.129,-35.282
3235,2020,51983.4523666382,GDP per capita (current US$),AU,Australia,East Asia & Pacific,High income,Not classified,149.129,-35.282
3236,2019,55194.7585097428,GDP per capita (current US$),AU,Australia,East Asia & Pacific,High income,Not classified,149.129,-35.282
3237,2018,57410.1737346009,GDP per capita (current US$),AU,Australia,East Asia & Pacific,High income,Not classified,149.129,-35.282
3238,2017,54117.547718609,GDP per capita (current US$),AU,Australia,East Asia & Pacific,High income,Not classified,149.129,-35.282
3239,2016,50084.4440606385,GDP per capita (current US$),AU,Australia,East Asia & Pacific,High income,Not classified,149.129,-35.282
3240,2025,62930.0351324599,GDP per capita (current US$),AT,Austria,Europe & Central Asia,High income,Not classified,16.3798,48.2201
3241,2024,58268.8787651601,GDP per capita (current US$),AT,Austria,Europe & Central Asia,High income,Not classified,16.3798,48.2201
3242,2023,56579.504175468,GDP per capita (current US$),AT,Austria,Europe & Central Asia,High income,Not classified,16.3798,48.2201
3243,2022,52336.7725223758,GDP per capita (current US$),AT,Austria,Europe & Central Asia,High income,Not classified,16.3798,48.2201
3244,2021,53648.6437976214,GDP per capita (current US$),AT,Austria,Europe & Central Asia,High income,Not classified,16.3798,48.2201
3245,2020,48716.4098900349,GDP per capita (current US$),AT,Austria,Europe & Central Asia,High income,Not classified,16.3798,48.2201
3246,2019,49885.9947355204,GDP per capita (current US$),AT,Austria,Europe & Central Asia,High income,Not classified,16.3798,48.2201
3247,2018,51194.0749841299,GDP per capita (current US$),AT,Austria,Europe & Central Asia,High income,Not classified,16.3798,48.2201
3248,2017,47163.7425775142,GDP per capita (current US$),AT,Austria,Europe & Central Asia,High income,Not classified,16.3798,48.2201
3249,2016,45061.4993920192,GDP per capita (current US$),AT,Austria,Europe & Central Asia,High income,Not classified,16.3798,48.2201
3250,2025,7410.72281660142,GDP per capita (current US$),AZ,Azerbaijan,Europe & Central Asia,Upper middle income,IBRD,49.8932,40.3834
3251,2024,7294.64276088105,GDP per capita (current US$),AZ,Azerbaijan,Europe & Central Asia,Upper middle income,IBRD,49.8932,40.3834
3252,2023,7133.02838048328,GDP per capita (current US$),AZ,Azerbaijan,Europe & Central Asia,Upper middle income,IBRD,49.8932,40.3834
3253,2022,7770.594223351,GDP per capita (current US$),AZ,Azerbaijan,Europe & Central Asia,Upper middle income,IBRD,49.8932,40.3834
3254,2021,5408.04535175023,GDP per capita (current US$),AZ,Azerbaijan,Europe & Central Asia,Upper middle income,IBRD,49.8932,40.3834
3255,2020,4229.91064904503,GDP per capita (current US$),AZ,Azerbaijan,Europe & Central Asia,Upper middle income,IBRD,49.8932,40.3834
3256,2019,4805.75371765917,GDP per capita (current US$),AZ,Azerbaijan,Europe & Central Asia,Upper middle income,IBRD,49.8932,40.3834
3257,2018,4739.7943123408,GDP per capita (current US$),AZ,Azerbaijan,Europe & Central Asia,Upper middle income,IBRD,49.8932,40.3834
3258,2017,4147.1981423222,GDP per capita (current US$),AZ,Azerbaijan,Europe & Central Asia,Upper middle income,IBRD,49.8932,40.3834
3259,2016,3880.6852276838,GDP per capita (current US$),AZ,Azerbaijan,Europe & Central Asia,Upper middle income,IBRD,49.8932,40.3834
3260,2025,,GDP per capita (current US$),BS,"Bahamas, The",Latin America & Caribbean ,High income,Not classified,-77.339,25.0661
3261,2024,39455.4466548546,GDP per capita (current US$),BS,"Bahamas, The",Latin America & Caribbean ,High income,Not classified,-77.339,25.0661
3262,2023,38231.774484278,GDP per capita (current US$),BS,"Bahamas, The",Latin America & Caribbean ,High income,Not classified,-77.339,25.0661
3263,2022,34957.1613279737,GDP per capita (current US$),BS,"Bahamas, The",Latin America & Caribbean ,High income,Not classified,-77.339,25.0661
3264,2021,30367.8605757708,GDP per capita (current US$),BS,"Bahamas, The",Latin America & Caribbean ,High income,Not classified,-77.339,25.0661
3265,2020,26178.7537607708,GDP per capita (current US$),BS,"Bahamas, The",Latin America & Caribbean ,High income,Not classified,-77.339,25.0661
3266,2019,33640.3369861278,GDP per capita (current US$),BS,"Bahamas, The",Latin America & Caribbean ,High income,Not classified,-77.339,25.0661
3267,2018,32642.3353203452,GDP per capita (current US$),BS,"Bahamas, The",Latin America & Caribbean ,High income,Not classified,-77.339,25.0661
3268,2017,31875.4881749619,GDP per capita (current US$),BS,"Bahamas, The",Latin America & Caribbean ,High income,Not classified,-77.339,25.0661
3269,2016,30616.5363157284,GDP per capita (current US$),BS,"Bahamas, The",Latin America & Caribbean ,High income,Not classified,-77.339,25.0661
3270,2025,30596.5794898885,GDP per capita (current US$),BH,Bahrain,"Middle East, North Africa, Afghanistan & Pakistan",High income,Not classified,50.5354,26.1921
3271,2024,29717.1424605273,GDP per capita (current US$),BH,Bahrain,"Middle East, North Africa, Afghanistan & Pakistan",High income,Not classified,50.5354,26.1921
3272,2023,29290.1284215098,GDP per capita (current US$),BH,Bahrain,"Middle East, North Africa, Afghanistan & Pakistan",High income,Not classified,50.5354,26.1921
3273,2022,30470.5219276023,GDP per capita (current US$),BH,Bahrain,"Middle East, North Africa, Afghanistan & Pakistan",High income,Not classified,50.5354,26.1921
3274,2021,27147.8083882286,GDP per capita (current US$),BH,Bahrain,"Middle East, North Africa, Afghanistan & Pakistan",High income,Not classified,50.5354,26.1921
3275,2020,24342.8444554718,GDP per capita (current US$),BH,Bahrain,"Middle East, North Africa, Afghanistan & Pakistan",High income,Not classified,50.5354,26.1921
3276,2019,27259.7438599327,GDP per capita (current US$),BH,Bahrain,"Middle East, North Africa, Afghanistan & Pakistan",High income,Not classified,50.5354,26.1921
3277,2018,26324.4066549559,GDP per capita (current US$),BH,Bahrain,"Middle East, North Africa, Afghanistan & Pakistan",High income,Not classified,50.5354,26.1921
3278,2017,24784.7693514607,GDP per capita (current US$),BH,Bahrain,"Middle East, North Africa, Afghanistan & Pakistan",High income,Not classified,50.5354,26.1921
3279,2016,23800.001440631,GDP per capita (current US$),BH,Bahrain,"Middle East, North Africa, Afghanistan & Pakistan",High income,Not classified,50.5354,26.1921
3280,2025,2597.34352335275,GDP per capita (current US$),BD,Bangladesh,South Asia,Lower middle income,IDA,90.4113,23.7055
3281,2024,2593.41611680774,GDP per capita (current US$),BD,Bangladesh,South Asia,Lower middle income,IDA,90.4113,23.7055
3282,2023,2551.01773827307,GDP per capita (current US$),BD,Bangladesh,South Asia,Lower middle income,IDA,90.4113,23.7055
3283,2022,2716.48592780431,GDP per capita (current US$),BD,Bangladesh,South Asia,Lower middle income,IDA,90.4113,23.7055
3284,2021,2482.84917843357,GDP per capita (current US$),BD,Bangladesh,South Asia,Lower middle income,IDA,90.4113,23.7055
3285,2020,2248.85078828233,GDP per capita (current US$),BD,Bangladesh,South Asia,Lower middle income,IDA,90.4113,23.7055
3286,2019,2129.79896954606,GDP per capita (current US$),BD,Bangladesh,South Asia,Lower middle income,IDA,90.4113,23.7055
3287,2018,1965.24372731467,GDP per capita (current US$),BD,Bangladesh,South Asia,Lower middle income,IDA,90.4113,23.7055
3288,2017,1811.08221668646,GDP per capita (current US$),BD,Bangladesh,South Asia,Lower middle income,IDA,90.4113,23.7055
3289,2016,1649.28380858601,GDP per capita (current US$),BD,Bangladesh,South Asia,Lower middle income,IDA,90.4113,23.7055
3290,2025,28364.8181499736,GDP per capita (current US$),BB,Barbados,Latin America & Caribbean ,High income,IBRD,-59.6105,13.0935
3291,2024,26897.2002039176,GDP per capita (current US$),BB,Barbados,Latin America & Caribbean ,High income,IBRD,-59.6105,13.0935
3292,2023,25583.8722302505,GDP per capita (current US$),BB,Barbados,Latin America & Caribbean ,High income,IBRD,-59.6105,13.0935
3293,2022,24393.2193483944,GDP per capita (current US$),BB,Barbados,Latin America & Caribbean ,High income,IBRD,-59.6105,13.0935
3294,2021,21084.4013935998,GDP per capita (current US$),BB,Barbados,Latin America & Caribbean ,High income,IBRD,-59.6105,13.0935
3295,2020,19180.9915228365,GDP per capita (current US$),BB,Barbados,Latin America & Caribbean ,High income,IBRD,-59.6105,13.0935
3296,2019,21929.435611489,GDP per capita (current US$),BB,Barbados,Latin America & Caribbean ,High income,IBRD,-59.6105,13.0935
3297,2018,21378.2201267496,GDP per capita (current US$),BB,Barbados,Latin America & Caribbean ,High income,IBRD,-59.6105,13.0935
3298,2017,20870.7596432179,GDP per capita (current US$),BB,Barbados,Latin America & Caribbean ,High income,IBRD,-59.6105,13.0935
3299,2016,20311.4094163764,GDP per capita (current US$),BB,Barbados,Latin America & Caribbean ,High income,IBRD,-59.6105,13.0935
3300,2025,10279.2547190723,GDP per capita (current US$),BY,Belarus,Europe & Central Asia,Upper middle income,IBRD,27.5766,53.9678
3301,2024,8605.60954569694,GDP per capita (current US$),BY,Belarus,Europe & Central Asia,Upper middle income,IBRD,27.5766,53.9678
3302,2023,7896.75388295584,GDP per capita (current US$),BY,Belarus,Europe & Central Asia,Upper middle income,IBRD,27.5766,53.9678
3303,2022,7994.64806074889,GDP per capita (current US$),BY,Belarus,Europe & Central Asia,Upper middle income,IBRD,27.5766,53.9678
3304,2021,7489.71894713888,GDP per capita (current US$),BY,Belarus,Europe & Central Asia,Upper middle income,IBRD,27.5766,53.9678
3305,2020,6542.85579976768,GDP per capita (current US$),BY,Belarus,Europe & Central Asia,Upper middle income,IBRD,27.5766,53.9678
3306,2019,6837.77339645635,GDP per capita (current US$),BY,Belarus,Europe & Central Asia,Upper middle income,IBRD,27.5766,53.9678
3307,2018,6360.037502312,GDP per capita (current US$),BY,Belarus,Europe & Central Asia,Upper middle income,IBRD,27.5766,53.9678
3308,2017,5785.54491935194,GDP per capita (current US$),BY,Belarus,Europe & Central Asia,Upper middle income,IBRD,27.5766,53.9678
3309,2016,5039.77560949445,GDP per capita (current US$),BY,Belarus,Europe & Central Asia,Upper middle income,IBRD,27.5766,53.9678
3310,2025,60750.2735864647,GDP per capita (current US$),BE,Belgium,Europe & Central Asia,High income,Not classified,4.36761,50.8371
3311,2024,56581.9375642531,GDP per capita (current US$),BE,Belgium,Europe & Central Asia,High income,Not classified,4.36761,50.8371
3312,2023,55244.68145811,GDP per capita (current US$),BE,Belgium,Europe & Central Asia,High income,Not classified,4.36761,50.8371
3313,2022,50639.0264882739,GDP per capita (current US$),BE,Belgium,Europe & Central Asia,High income,Not classified,4.36761,50.8371
3314,2021,51658.238294958,GDP per capita (current US$),BE,Belgium,Europe & Central Asia,High income,Not classified,4.36761,50.8371
3315,2020,45906.2875805246,GDP per capita (current US$),BE,Belgium,Europe & Central Asia,High income,Not classified,4.36761,50.8371
3316,2019,46716.6227467964,GDP per capita (current US$),BE,Belgium,Europe & Central Asia,High income,Not classified,4.36761,50.8371
3317,2018,47487.2100392561,GDP per capita (current US$),BE,Belgium,Europe & Central Asia,High income,Not classified,4.36761,50.8371
3318,2017,44035.3239358548,GDP per capita (current US$),BE,Belgium,Europe & Central Asia,High income,Not classified,4.36761,50.8371
3319,2016,41854.5498296444,GDP per capita (current US$),BE,Belgium,Europe & Central Asia,High income,Not classified,4.36761,50.8371
3320,2025,7865.47937690933,GDP per capita (current US$),BZ,Belize,Latin America & Caribbean ,Upper middle income,Blend,-88.7713,17.2534
3321,2024,7681.24400583113,GDP per capita (current US$),BZ,Belize,Latin America & Caribbean ,Upper middle income,Blend,-88.7713,17.2534
3322,2023,7424.75821321022,GDP per capita (current US$),BZ,Belize,Latin America & Caribbean ,Upper middle income,Blend,-88.7713,17.2534
3323,2022,7068.21728043145,GDP per capita (current US$),BZ,Belize,Latin America & Caribbean ,Upper middle income,Blend,-88.7713,17.2534
3324,2021,6142.98930557031,GDP per capita (current US$),BZ,Belize,Latin America & Caribbean ,Upper middle income,Blend,-88.7713,17.2534
3325,2020,5238.54078175696,GDP per capita (current US$),BZ,Belize,Latin America & Caribbean ,Upper middle income,Blend,-88.7713,17.2534
3326,2019,6171.61449761423,GDP per capita (current US$),BZ,Belize,Latin America & Caribbean ,Upper middle income,Blend,-88.7713,17.2534
3327,2018,6011.99036888587,GDP per capita (current US$),BZ,Belize,Latin America & Caribbean ,Upper middle income,Blend,-88.7713,17.2534
3328,2017,6071.85451846453,GDP per capita (current US$),BZ,Belize,Latin America & Caribbean ,Upper middle income,Blend,-88.7713,17.2534
3329,2016,6140.86713919469,GDP per capita (current US$),BZ,Belize,Latin America & Caribbean ,Upper middle income,Blend,-88.7713,17.2534
3330,2025,1658.27312662991,GDP per capita (current US$),BJ,Benin,Sub-Saharan Africa ,Lower middle income,IDA,2.6323,6.4779
3331,2024,1485.38018885134,GDP per capita (current US$),BJ,Benin,Sub-Saharan Africa ,Lower middle income,IDA,2.6323,6.4779
3332,2023,1394.17784721831,GDP per capita (current US$),BJ,Benin,Sub-Saharan Africa ,Lower middle income,IDA,2.6323,6.4779
3333,2022,1266.42711031904,GDP per capita (current US$),BJ,Benin,Sub-Saharan Africa ,Lower middle income,IDA,2.6323,6.4779
3334,2021,1318.65158075198,GDP per capita (current US$),BJ,Benin,Sub-Saharan Africa ,Lower middle income,IDA,2.6323,6.4779
3335,2020,1200.19426557789,GDP per capita (current US$),BJ,Benin,Sub-Saharan Africa ,Lower middle income,IDA,2.6323,6.4779
3336,2019,1130.82135339795,GDP per capita (current US$),BJ,Benin,Sub-Saharan Africa ,Lower middle income,IDA,2.6323,6.4779
3337,2018,1151.7409703472,GDP per capita (current US$),BJ,Benin,Sub-Saharan Africa ,Lower middle income,IDA,2.6323,6.4779
3338,2017,1054.97408066814,GDP per capita (current US$),BJ,Benin,Sub-Saharan Africa ,Lower middle income,IDA,2.6323,6.4779
3339,2016,1010.5338961993,GDP per capita (current US$),BJ,Benin,Sub-Saharan Africa ,Lower middle income,IDA,2.6323,6.4779
3340,2025,,GDP per capita (current US$),BM,Bermuda,North America,High income,Not classified,-64.706,32.3293
3341,2024,142250.433195123,GDP per capita (current US$),BM,Bermuda,North America,High income,Not classified,-64.706,32.3293
3342,2023,132961.760796315,GDP per capita (current US$),BM,Bermuda,North America,High income,Not classified,-64.706,32.3293
3343,2022,119969.173269085,GDP per capita (current US$),BM,Bermuda,North America,High income,Not classified,-64.706,32.3293
3344,2021,112765.08167306,GDP per capita (current US$),BM,Bermuda,North America,High income,Not classified,-64.706,32.3293
3345,2020,106976.546239632,GDP per capita (current US$),BM,Bermuda,North America,High income,Not classified,-64.706,32.3293
3346,2019,115798.040775578,GDP per capita (current US$),BM,Bermuda,North America,High income,Not classified,-64.706,32.3293
3347,2018,113204.82210838,GDP per capita (current US$),BM,Bermuda,North America,High income,Not classified,-64.706,32.3293
3348,2017,112339.425587467,GDP per capita (current US$),BM,Bermuda,North America,High income,Not classified,-64.706,32.3293
3349,2016,108747.356144305,GDP per capita (current US$),BM,Bermuda,North America,High income,Not classified,-64.706,32.3293
3350,2025,4492.78400306618,GDP per capita (current US$),BT,Bhutan,South Asia,Lower middle income,IDA,89.6177,27.5768
3351,2024,4228.05102403654,GDP per capita (current US$),BT,Bhutan,South Asia,Lower middle income,IDA,89.6177,27.5768
3352,2023,3831.32535564326,GDP per capita (current US$),BT,Bhutan,South Asia,Lower middle income,IDA,89.6177,27.5768
3353,2022,3711.32767981591,GDP per capita (current US$),BT,Bhutan,South Asia,Lower middle income,IDA,89.6177,27.5768
3354,2021,3570.61257980872,GDP per capita (current US$),BT,Bhutan,South Asia,Lower middle income,IDA,89.6177,27.5768
3355,2020,3191.66906999331,GDP per capita (current US$),BT,Bhutan,South Asia,Lower middle income,IDA,89.6177,27.5768
3356,2019,3576.87987100503,GDP per capita (current US$),BT,Bhutan,South Asia,Lower middle income,IDA,89.6177,27.5768
3357,2018,3400.20417245342,GDP per capita (current US$),BT,Bhutan,South Asia,Lower middle income,IDA,89.6177,27.5768
3358,2017,3435.28804735662,GDP per capita (current US$),BT,Bhutan,South Asia,Lower middle income,IDA,89.6177,27.5768
3359,2016,3152.30905106786,GDP per capita (current US$),BT,Bhutan,South Asia,Lower middle income,IDA,89.6177,27.5768
3360,2025,5147.81081955367,GDP per capita (current US$),BO,Bolivia,Latin America & Caribbean ,Lower middle income,IBRD,-66.1936,-13.9908
3361,2024,4421.16609889999,GDP per capita (current US$),BO,Bolivia,Latin America & Caribbean ,Lower middle income,IBRD,-66.1936,-13.9908
3362,2023,4274.70820547613,GDP per capita (current US$),BO,Bolivia,Latin America & Caribbean ,Lower middle income,IBRD,-66.1936,-13.9908
3363,2022,4219.46113742445,GDP per capita (current US$),BO,Bolivia,Latin America & Caribbean ,Lower middle income,IBRD,-66.1936,-13.9908
3364,2021,4010.76053686204,GDP per capita (current US$),BO,Bolivia,Latin America & Caribbean ,Lower middle income,IBRD,-66.1936,-13.9908
3365,2020,3580.96761778303,GDP per capita (current US$),BO,Bolivia,Latin America & Caribbean ,Lower middle income,IBRD,-66.1936,-13.9908
3366,2019,4203.15492855788,GDP per capita (current US$),BO,Bolivia,Latin America & Caribbean ,Lower middle income,IBRD,-66.1936,-13.9908
3367,2018,4206.8552936661,GDP per capita (current US$),BO,Bolivia,Latin America & Caribbean ,Lower middle income,IBRD,-66.1936,-13.9908
3368,2017,4048.40119739839,GDP per capita (current US$),BO,Bolivia,Latin America & Caribbean ,Lower middle income,IBRD,-66.1936,-13.9908
3369,2016,3035.87347732132,GDP per capita (current US$),BO,Bolivia,Latin America & Caribbean ,Lower middle income,IBRD,-66.1936,-13.9908
3370,2025,10381.8460703874,GDP per capita (current US$),BA,Bosnia and Herzegovina,Europe & Central Asia,Upper middle income,IBRD,18.4214,43.8607
3371,2024,9397.90942855997,GDP per capita (current US$),BA,Bosnia and Herzegovina,Europe & Central Asia,Upper middle income,IBRD,18.4214,43.8607
3372,2023,8663.02326458629,GDP per capita (current US$),BA,Bosnia and Herzegovina,Europe & Central Asia,Upper middle income,IBRD,18.4214,43.8607
3373,2022,7655.59421024383,GDP per capita (current US$),BA,Bosnia and Herzegovina,Europe & Central Asia,Upper middle income,IBRD,18.4214,43.8607
3374,2021,7295.34378682258,GDP per capita (current US$),BA,Bosnia and Herzegovina,Europe & Central Asia,Upper middle income,IBRD,18.4214,43.8607
3375,2020,6130.31187968266,GDP per capita (current US$),BA,Bosnia and Herzegovina,Europe & Central Asia,Upper middle income,IBRD,18.4214,43.8607
3376,2019,6122.37541352353,GDP per capita (current US$),BA,Bosnia and Herzegovina,Europe & Central Asia,Upper middle income,IBRD,18.4214,43.8607
3377,2018,6047.84707207392,GDP per capita (current US$),BA,Bosnia and Herzegovina,Europe & Central Asia,Upper middle income,IBRD,18.4214,43.8607
3378,2017,5345.01978766473,GDP per capita (current US$),BA,Bosnia and Herzegovina,Europe & Central Asia,Upper middle income,IBRD,18.4214,43.8607
3379,2016,4928.5665903114,GDP per capita (current US$),BA,Bosnia and Herzegovina,Europe & Central Asia,Upper middle income,IBRD,18.4214,43.8607
3380,2025,7778.1151090571,GDP per capita (current US$),BW,Botswana,Sub-Saharan Africa ,Upper middle income,IBRD,25.9201,-24.6544
3381,2024,7649.81663744354,GDP per capita (current US$),BW,Botswana,Sub-Saharan Africa ,Upper middle income,IBRD,25.9201,-24.6544
3382,2023,7827.30027960734,GDP per capita (current US$),BW,Botswana,Sub-Saharan Africa ,Upper middle income,IBRD,25.9201,-24.6544
3383,2022,8328.7090572666,GDP per capita (current US$),BW,Botswana,Sub-Saharan Africa ,Upper middle income,IBRD,25.9201,-24.6544
3384,2021,7807.88794570471,GDP per capita (current US$),BW,Botswana,Sub-Saharan Africa ,Upper middle income,IBRD,25.9201,-24.6544
3385,2020,6323.2974967659,GDP per capita (current US$),BW,Botswana,Sub-Saharan Africa ,Upper middle income,IBRD,25.9201,-24.6544
3386,2019,7172.08956480028,GDP per capita (current US$),BW,Botswana,Sub-Saharan Africa ,Upper middle income,IBRD,25.9201,-24.6544
3387,2018,7407.95940141786,GDP per capita (current US$),BW,Botswana,Sub-Saharan Africa ,Upper middle income,IBRD,25.9201,-24.6544
3388,2017,7104.96401088027,GDP per capita (current US$),BW,Botswana,Sub-Saharan Africa ,Upper middle income,IBRD,25.9201,-24.6544
3389,2016,6749.05994339013,GDP per capita (current US$),BW,Botswana,Sub-Saharan Africa ,Upper middle income,IBRD,25.9201,-24.6544
3390,2025,10713.2856869511,GDP per capita (current US$),BR,Brazil,Latin America & Caribbean ,Upper middle income,IBRD,-47.9292,-15.7801
3391,2024,10310.5486973693,GDP per capita (current US$),BR,Brazil,Latin America & Caribbean ,Upper middle income,IBRD,-47.9292,-15.7801
3392,2023,10377.5892792557,GDP per capita (current US$),BR,Brazil,Latin America & Caribbean ,Upper middle income,IBRD,-47.9292,-15.7801
3393,2022,9281.33334441234,GDP per capita (current US$),BR,Brazil,Latin America & Caribbean ,Upper middle income,IBRD,-47.9292,-15.7801
3394,2021,7972.5366498646,GDP per capita (current US$),BR,Brazil,Latin America & Caribbean ,Upper middle income,IBRD,-47.9292,-15.7801
3395,2020,7074.19378337644,GDP per capita (current US$),BR,Brazil,Latin America & Caribbean ,Upper middle income,IBRD,-47.9292,-15.7801
3396,2019,9029.83326681073,GDP per capita (current US$),BR,Brazil,Latin America & Caribbean ,Upper middle income,IBRD,-47.9292,-15.7801
3397,2018,9300.66164923219,GDP per capita (current US$),BR,Brazil,Latin America & Caribbean ,Upper middle income,IBRD,-47.9292,-15.7801
3398,2017,10080.5092819305,GDP per capita (current US$),BR,Brazil,Latin America & Caribbean ,Upper middle income,IBRD,-47.9292,-15.7801
3399,2016,8836.28652735657,GDP per capita (current US$),BR,Brazil,Latin America & Caribbean ,Upper middle income,IBRD,-47.9292,-15.7801
3400,2025,,GDP per capita (current US$),VG,British Virgin Islands,Latin America & Caribbean ,High income,Not classified,-64.623056,18.431389
3401,2024,,GDP per capita (current US$),VG,British Virgin Islands,Latin America & Caribbean ,High income,Not classified,-64.623056,18.431389
3402,2023,,GDP per capita (current US$),VG,British Virgin Islands,Latin America & Caribbean ,High income,Not classified,-64.623056,18.431389
3403,2022,,GDP per capita (current US$),VG,British Virgin Islands,Latin America & Caribbean ,High income,Not classified,-64.623056,18.431389
3404,2021,,GDP per capita (current US$),VG,British Virgin Islands,Latin America & Caribbean ,High income,Not classified,-64.623056,18.431389
3405,2020,,GDP per capita (current US$),VG,British Virgin Islands,Latin America & Caribbean ,High income,Not classified,-64.623056,18.431389
3406,2019,,GDP per capita (current US$),VG,British Virgin Islands,Latin America & Caribbean ,High income,Not classified,-64.623056,18.431389
3407,2018,,GDP per capita (current US$),VG,British Virgin Islands,Latin America & Caribbean ,High income,Not classified,-64.623056,18.431389
3408,2017,,GDP per capita (current US$),VG,British Virgin Islands,Latin America & Caribbean ,High income,Not classified,-64.623056,18.431389
3409,2016,,GDP per capita (current US$),VG,British Virgin Islands,Latin America & Caribbean ,High income,Not classified,-64.623056,18.431389
3410,2025,32234.6428368582,GDP per capita (current US$),BN,Brunei Darussalam,East Asia & Pacific,High income,Not classified,114.946,4.94199
3411,2024,33153.4738913513,GDP per capita (current US$),BN,Brunei Darussalam,East Asia & Pacific,High income,Not classified,114.946,4.94199
3412,2023,32890.5491812019,GDP per capita (current US$),BN,Brunei Darussalam,East Asia & Pacific,High income,Not classified,114.946,4.94199
3413,2022,36632.9280952155,GDP per capita (current US$),BN,Brunei Darussalam,East Asia & Pacific,High income,Not classified,114.946,4.94199
3414,2021,31006.9636289785,GDP per capita (current US$),BN,Brunei Darussalam,East Asia & Pacific,High income,Not classified,114.946,4.94199
3415,2020,26834.3592233943,GDP per capita (current US$),BN,Brunei Darussalam,East Asia & Pacific,High income,Not classified,114.946,4.94199
3416,2019,30426.5730656528,GDP per capita (current US$),BN,Brunei Darussalam,East Asia & Pacific,High income,Not classified,114.946,4.94199
3417,2018,30988.1190267227,GDP per capita (current US$),BN,Brunei Darussalam,East Asia & Pacific,High income,Not classified,114.946,4.94199
3418,2017,28024.3824580252,GDP per capita (current US$),BN,Brunei Darussalam,East Asia & Pacific,High income,Not classified,114.946,4.94199
3419,2016,26663.2972950602,GDP per capita (current US$),BN,Brunei Darussalam,East Asia & Pacific,High income,Not classified,114.946,4.94199
3420,2025,20328.1667065538,GDP per capita (current US$),BG,Bulgaria,Europe & Central Asia,High income,IBRD,23.3238,42.7105
3421,2024,17596.9167621233,GDP per capita (current US$),BG,Bulgaria,Europe & Central Asia,High income,IBRD,23.3238,42.7105
3422,2023,15854.0192893772,GDP per capita (current US$),BG,Bulgaria,Europe & Central Asia,High income,IBRD,23.3238,42.7105
3423,2022,13999.9113358453,GDP per capita (current US$),BG,Bulgaria,Europe & Central Asia,High income,IBRD,23.3238,42.7105
3424,2021,12966.8085197381,GDP per capita (current US$),BG,Bulgaria,Europe & Central Asia,High income,IBRD,23.3238,42.7105
3425,2020,10760.7616180234,GDP per capita (current US$),BG,Bulgaria,Europe & Central Asia,High income,IBRD,23.3238,42.7105
3426,2019,10354.2500414088,GDP per capita (current US$),BG,Bulgaria,Europe & Central Asia,High income,IBRD,23.3238,42.7105
3427,2018,9849.88769989118,GDP per capita (current US$),BG,Bulgaria,Europe & Central Asia,High income,IBRD,23.3238,42.7105
3428,2017,8697.13373333715,GDP per capita (current US$),BG,Bulgaria,Europe & Central Asia,High income,IBRD,23.3238,42.7105
3429,2016,7822.89886431732,GDP per capita (current US$),BG,Bulgaria,Europe & Central Asia,High income,IBRD,23.3238,42.7105
3430,2025,1147.57131635601,GDP per capita (current US$),BF,Burkina Faso,Sub-Saharan Africa ,Low income,IDA,-1.53395,12.3605
3431,2024,982.493100418428,GDP per capita (current US$),BF,Burkina Faso,Sub-Saharan Africa ,Low income,IDA,-1.53395,12.3605
3432,2023,873.198061670247,GDP per capita (current US$),BF,Burkina Faso,Sub-Saharan Africa ,Low income,IDA,-1.53395,12.3605
3433,2022,827.330843486661,GDP per capita (current US$),BF,Burkina Faso,Sub-Saharan Africa ,Low income,IDA,-1.53395,12.3605
3434,2021,895.535288442991,GDP per capita (current US$),BF,Burkina Faso,Sub-Saharan Africa ,Low income,IDA,-1.53395,12.3605
3435,2020,825.237038782475,GDP per capita (current US$),BF,Burkina Faso,Sub-Saharan Africa ,Low income,IDA,-1.53395,12.3605
3436,2019,764.853077774946,GDP per capita (current US$),BF,Burkina Faso,Sub-Saharan Africa ,Low income,IDA,-1.53395,12.3605
3437,2018,777.465618514048,GDP per capita (current US$),BF,Burkina Faso,Sub-Saharan Africa ,Low income,IDA,-1.53395,12.3605
3438,2017,709.091535894695,GDP per capita (current US$),BF,Burkina Faso,Sub-Saharan Africa ,Low income,IDA,-1.53395,12.3605
3439,2016,663.742364842886,GDP per capita (current US$),BF,Burkina Faso,Sub-Saharan Africa ,Low income,IDA,-1.53395,12.3605
3440,2025,233.823013385395,GDP per capita (current US$),BI,Burundi,Sub-Saharan Africa ,Low income,IDA,29.3639,-3.3784
3441,2024,216.231928531758,GDP per capita (current US$),BI,Burundi,Sub-Saharan Africa ,Low income,IDA,29.3639,-3.3784
3442,2023,249.795164039029,GDP per capita (current US$),BI,Burundi,Sub-Saharan Africa ,Low income,IDA,29.3639,-3.3784
3443,2022,301.832255755105,GDP per capita (current US$),BI,Burundi,Sub-Saharan Africa ,Low income,IDA,29.3639,-3.3784
3444,2021,264.172844085398,GDP per capita (current US$),BI,Burundi,Sub-Saharan Africa ,Low income,IDA,29.3639,-3.3784
3445,2020,252.702452750006,GDP per capita (current US$),BI,Burundi,Sub-Saharan Africa ,Low income,IDA,29.3639,-3.3784
3446,2019,234.31061590725,GDP per capita (current US$),BI,Burundi,Sub-Saharan Africa ,Low income,IDA,29.3639,-3.3784
3447,2018,245.661678332009,GDP per capita (current US$),BI,Burundi,Sub-Saharan Africa ,Low income,IDA,29.3639,-3.3784
3448,2017,246.060725714184,GDP per capita (current US$),BI,Burundi,Sub-Saharan Africa ,Low income,IDA,29.3639,-3.3784
3449,2016,232.937812100153,GDP per capita (current US$),BI,Burundi,Sub-Saharan Africa ,Low income,IDA,29.3639,-3.3784
3450,2025,5796.47207860911,GDP per capita (current US$),CV,Cabo Verde,Sub-Saharan Africa ,Upper middle income,Blend,-23.5087,14.9218
3451,2024,5170.20531932535,GDP per capita (current US$),CV,Cabo Verde,Sub-Saharan Africa ,Upper middle income,Blend,-23.5087,14.9218
3452,2023,4794.90119772843,GDP per capita (current US$),CV,Cabo Verde,Sub-Saharan Africa ,Upper middle income,Blend,-23.5087,14.9218
3453,2022,4323.31362032709,GDP per capita (current US$),CV,Cabo Verde,Sub-Saharan Africa ,Upper middle income,Blend,-23.5087,14.9218
3454,2021,3971.44409203423,GDP per capita (current US$),CV,Cabo Verde,Sub-Saharan Africa ,Upper middle income,Blend,-23.5087,14.9218
3455,2020,3539.22661248299,GDP per capita (current US$),CV,Cabo Verde,Sub-Saharan Africa ,Upper middle income,Blend,-23.5087,14.9218
3456,2019,4380.78117331128,GDP per capita (current US$),CV,Cabo Verde,Sub-Saharan Africa ,Upper middle income,Blend,-23.5087,14.9218
3457,2018,4294.96510035729,GDP per capita (current US$),CV,Cabo Verde,Sub-Saharan Africa ,Upper middle income,Blend,-23.5087,14.9218
3458,2017,3893.09571382506,GDP per capita (current US$),CV,Cabo Verde,Sub-Saharan Africa ,Upper middle income,Blend,-23.5087,14.9218
3459,2016,3608.96605234906,GDP per capita (current US$),CV,Cabo Verde,Sub-Saharan Africa ,Upper middle income,Blend,-23.5087,14.9218
3460,2025,2872.42926639909,GDP per capita (current US$),KH,Cambodia,East Asia & Pacific,Lower middle income,IDA,104.874,11.5556
3461,2024,2627.87969756224,GDP per capita (current US$),KH,Cambodia,East Asia & Pacific,Lower middle income,IDA,104.874,11.5556
3462,2023,2429.74853452838,GDP per capita (current US$),KH,Cambodia,East Asia & Pacific,Lower middle income,IDA,104.874,11.5556
3463,2022,2325.03050040841,GDP per capita (current US$),KH,Cambodia,East Asia & Pacific,Lower middle income,IDA,104.874,11.5556
3464,2021,2167.40324198499,GDP per capita (current US$),KH,Cambodia,East Asia & Pacific,Lower middle income,IDA,104.874,11.5556
3465,2020,2081.73914242939,GDP per capita (current US$),KH,Cambodia,East Asia & Pacific,Lower middle income,IDA,104.874,11.5556
3466,2019,2225.87705485686,GDP per capita (current US$),KH,Cambodia,East Asia & Pacific,Lower middle income,IDA,104.874,11.5556
3467,2018,2036.67377566578,GDP per capita (current US$),KH,Cambodia,East Asia & Pacific,Lower middle income,IDA,104.874,11.5556
3468,2017,1826.35391688754,GDP per capita (current US$),KH,Cambodia,East Asia & Pacific,Lower middle income,IDA,104.874,11.5556
3469,2016,1675.19555711109,GDP per capita (current US$),KH,Cambodia,East Asia & Pacific,Lower middle income,IDA,104.874,11.5556
3470,2025,1972.3815800786,GDP per capita (current US$),CM,Cameroon,Sub-Saharan Africa ,Lower middle income,Blend,11.5174,3.8721
3471,2024,1830.00833684727,GDP per capita (current US$),CM,Cameroon,Sub-Saharan Africa ,Lower middle income,Blend,11.5174,3.8721
3472,2023,1720.47510154506,GDP per capita (current US$),CM,Cameroon,Sub-Saharan Africa ,Lower middle income,Blend,11.5174,3.8721
3473,2022,1604.87726954895,GDP per capita (current US$),CM,Cameroon,Sub-Saharan Africa ,Lower middle income,Blend,11.5174,3.8721
3474,2021,1672.32657340872,GDP per capita (current US$),CM,Cameroon,Sub-Saharan Africa ,Lower middle income,Blend,11.5174,3.8721
3475,2020,1555.60370660749,GDP per capita (current US$),CM,Cameroon,Sub-Saharan Africa ,Lower middle income,Blend,11.5174,3.8721
3476,2019,1555.22660476477,GDP per capita (current US$),CM,Cameroon,Sub-Saharan Africa ,Lower middle income,Blend,11.5174,3.8721
3477,2018,1610.69641591017,GDP per capita (current US$),CM,Cameroon,Sub-Saharan Africa ,Lower middle income,Blend,11.5174,3.8721
3478,2017,1496.08951771242,GDP per capita (current US$),CM,Cameroon,Sub-Saharan Africa ,Lower middle income,Blend,11.5174,3.8721
3479,2016,1441.7201725688,GDP per capita (current US$),CM,Cameroon,Sub-Saharan Africa ,Lower middle income,Blend,11.5174,3.8721
3480,2025,55697.6639660837,GDP per capita (current US$),CA,Canada,North America,High income,Not classified,-75.6919,45.4215
3481,2024,55015.7066917734,GDP per capita (current US$),CA,Canada,North America,High income,Not classified,-75.6919,45.4215
3482,2023,54847.5370112652,GDP per capita (current US$),CA,Canada,North America,High income,Not classified,-75.6919,45.4215
3483,2022,56496.9275340663,GDP per capita (current US$),CA,Canada,North America,High income,Not classified,-75.6919,45.4215
3484,2021,52886.6407813788,GDP per capita (current US$),CA,Canada,North America,High income,Not classified,-75.6919,45.4215
3485,2020,43537.8981198851,GDP per capita (current US$),CA,Canada,North America,High income,Not classified,-75.6919,45.4215
3486,2019,46352.9695208927,GDP per capita (current US$),CA,Canada,North America,High income,Not classified,-75.6919,45.4215
3487,2018,46539.2177903178,GDP per capita (current US$),CA,Canada,North America,High income,Not classified,-75.6919,45.4215
3488,2017,45129.7335281051,GDP per capita (current US$),CA,Canada,North America,High income,Not classified,-75.6919,45.4215
3489,2016,42314.1033623905,GDP per capita (current US$),CA,Canada,North America,High income,Not classified,-75.6919,45.4215
3490,2025,,GDP per capita (current US$),KY,Cayman Islands,Latin America & Caribbean ,High income,Not classified,-81.3857,19.3022
3491,2024,104292.900672109,GDP per capita (current US$),KY,Cayman Islands,Latin America & Caribbean ,High income,Not classified,-81.3857,19.3022
3492,2023,100065.233841107,GDP per capita (current US$),KY,Cayman Islands,Latin America & Caribbean ,High income,Not classified,-81.3857,19.3022
3493,2022,92937.8838323153,GDP per capita (current US$),KY,Cayman Islands,Latin America & Caribbean ,High income,Not classified,-81.3857,19.3022
3494,2021,86449.6749037302,GDP per capita (current US$),KY,Cayman Islands,Latin America & Caribbean ,High income,Not classified,-81.3857,19.3022
3495,2020,82338.7977439023,GDP per capita (current US$),KY,Cayman Islands,Latin America & Caribbean ,High income,Not classified,-81.3857,19.3022
3496,2019,88254.2903677044,GDP per capita (current US$),KY,Cayman Islands,Latin America & Caribbean ,High income,Not classified,-81.3857,19.3022
3497,2018,83865.5531568184,GDP per capita (current US$),KY,Cayman Islands,Latin America & Caribbean ,High income,Not classified,-81.3857,19.3022
3498,2017,80053.9444506891,GDP per capita (current US$),KY,Cayman Islands,Latin America & Caribbean ,High income,Not classified,-81.3857,19.3022
3499,2016,77802.2541567187,GDP per capita (current US$),KY,Cayman Islands,Latin America & Caribbean ,High income,Not classified,-81.3857,19.3022
3500,2025,556.131398031455,GDP per capita (current US$),CF,Central African Republic,Sub-Saharan Africa ,Low income,IDA,21.6407,5.63056
3501,2024,516.160999996036,GDP per capita (current US$),CF,Central African Republic,Sub-Saharan Africa ,Low income,IDA,21.6407,5.63056
3502,2023,495.978897288721,GDP per capita (current US$),CF,Central African Republic,Sub-Saharan Africa ,Low income,IDA,21.6407,5.63056
3503,2022,467.359825026238,GDP per capita (current US$),CF,Central African Republic,Sub-Saharan Africa ,Low income,IDA,21.6407,5.63056
3504,2021,492.263142830507,GDP per capita (current US$),CF,Central African Republic,Sub-Saharan Africa ,Low income,IDA,21.6407,5.63056
3505,2020,462.879071294011,GDP per capita (current US$),CF,Central African Republic,Sub-Saharan Africa ,Low income,IDA,21.6407,5.63056
3506,2019,449.228467602439,GDP per capita (current US$),CF,Central African Republic,Sub-Saharan Africa ,Low income,IDA,21.6407,5.63056
3507,2018,455.243962859534,GDP per capita (current US$),CF,Central African Republic,Sub-Saharan Africa ,Low income,IDA,21.6407,5.63056
3508,2017,432.324025684263,GDP per capita (current US$),CF,Central African Republic,Sub-Saharan Africa ,Low income,IDA,21.6407,5.63056
3509,2016,387.176203444318,GDP per capita (current US$),CF,Central African Republic,Sub-Saharan Africa ,Low income,IDA,21.6407,5.63056
3510,2025,1022.33559390754,GDP per capita (current US$),TD,Chad,Sub-Saharan Africa ,Low income,IDA,15.0445,12.1048
3511,2024,980.668312111718,GDP per capita (current US$),TD,Chad,Sub-Saharan Africa ,Low income,IDA,15.0445,12.1048
3512,2023,949.991054236266,GDP per capita (current US$),TD,Chad,Sub-Saharan Africa ,Low income,IDA,15.0445,12.1048
3513,2022,966.036468278568,GDP per capita (current US$),TD,Chad,Sub-Saharan Africa ,Low income,IDA,15.0445,12.1048
3514,2021,946.358500208374,GDP per capita (current US$),TD,Chad,Sub-Saharan Africa ,Low income,IDA,15.0445,12.1048
3515,2020,866.947814890409,GDP per capita (current US$),TD,Chad,Sub-Saharan Africa ,Low income,IDA,15.0445,12.1048
3516,2019,893.336441643325,GDP per capita (current US$),TD,Chad,Sub-Saharan Africa ,Low income,IDA,15.0445,12.1048
3517,2018,948.656629871231,GDP per capita (current US$),TD,Chad,Sub-Saharan Africa ,Low income,IDA,15.0445,12.1048
3518,2017,854.46120040098,GDP per capita (current US$),TD,Chad,Sub-Saharan Africa ,Low income,IDA,15.0445,12.1048
3519,2016,861.831767630746,GDP per capita (current US$),TD,Chad,Sub-Saharan Africa ,Low income,IDA,15.0445,12.1048
3520,2025,,GDP per capita (current US$),JG,Channel Islands,Europe & Central Asia,High income,Not classified,,
3521,2024,,GDP per capita (current US$),JG,Channel Islands,Europe & Central Asia,High income,Not classified,,
3522,2023,74585.5224096294,GDP per capita (current US$),JG,Channel Islands,Europe & Central Asia,High income,Not classified,,
3523,2022,67627.1417347907,GDP per capita (current US$),JG,Channel Islands,Europe & Central Asia,High income,Not classified,,
3524,2021,66915.3963925722,GDP per capita (current US$),JG,Channel Islands,Europe & Central Asia,High income,Not classified,,
3525,2020,56785.9402005039,GDP per capita (current US$),JG,Channel Islands,Europe & Central Asia,High income,Not classified,,
3526,2019,60564.6293993681,GDP per capita (current US$),JG,Channel Islands,Europe & Central Asia,High income,Not classified,,
3527,2018,60784.8125397162,GDP per capita (current US$),JG,Channel Islands,Europe & Central Asia,High income,Not classified,,
3528,2017,55806.3554257428,GDP per capita (current US$),JG,Channel Islands,Europe & Central Asia,High income,Not classified,,
3529,2016,55947.579811974,GDP per capita (current US$),JG,Channel Islands,Europe & Central Asia,High income,Not classified,,
3530,2025,17994.5911957485,GDP per capita (current US$),CL,Chile,Latin America & Caribbean ,High income,IBRD,-70.6475,-33.475
3531,2024,16658.9652720351,GDP per capita (current US$),CL,Chile,Latin America & Caribbean ,High income,IBRD,-70.6475,-33.475
3532,2023,17081.5180740049,GDP per capita (current US$),CL,Chile,Latin America & Caribbean ,High income,IBRD,-70.6475,-33.475
3533,2022,15399.1044717559,GDP per capita (current US$),CL,Chile,Latin America & Caribbean ,High income,IBRD,-70.6475,-33.475
3534,2021,16216.1840860289,GDP per capita (current US$),CL,Chile,Latin America & Caribbean ,High income,IBRD,-70.6475,-33.475
3535,2020,13117.9930230086,GDP per capita (current US$),CL,Chile,Latin America & Caribbean ,High income,IBRD,-70.6475,-33.475
3536,2019,14496.9345640362,GDP per capita (current US$),CL,Chile,Latin America & Caribbean ,High income,IBRD,-70.6475,-33.475
3537,2018,15659.4808675628,GDP per capita (current US$),CL,Chile,Latin America & Caribbean ,High income,IBRD,-70.6475,-33.475
3538,2017,14879.9086227187,GDP per capita (current US$),CL,Chile,Latin America & Caribbean ,High income,IBRD,-70.6475,-33.475
3539,2016,13649.8520452803,GDP per capita (current US$),CL,Chile,Latin America & Caribbean ,High income,IBRD,-70.6475,-33.475
3540,2025,13861.970224368,GDP per capita (current US$),CN,China,East Asia & Pacific,Upper middle income,IBRD,116.286,40.0495
3541,2024,13293.1162269366,GDP per capita (current US$),CN,China,East Asia & Pacific,Upper middle income,IBRD,116.286,40.0495
3542,2023,12951.1782397043,GDP per capita (current US$),CN,China,East Asia & Pacific,Upper middle income,IBRD,116.286,40.0495
3543,2022,12970.6056414327,GDP per capita (current US$),CN,China,East Asia & Pacific,Upper middle income,IBRD,116.286,40.0495
3544,2021,12887.4357242941,GDP per capita (current US$),CN,China,East Asia & Pacific,Upper middle income,IBRD,116.286,40.0495
3545,2020,10627.4637989619,GDP per capita (current US$),CN,China,East Asia & Pacific,Upper middle income,IBRD,116.286,40.0495
3546,2019,10342.9009524335,GDP per capita (current US$),CN,China,East Asia & Pacific,Upper middle income,IBRD,116.286,40.0495
3547,2018,10085.6638148819,GDP per capita (current US$),CN,China,East Asia & Pacific,Upper middle income,IBRD,116.286,40.0495
3548,2017,8979.67652709856,GDP per capita (current US$),CN,China,East Asia & Pacific,Upper middle income,IBRD,116.286,40.0495
3549,2016,8254.86859320357,GDP per capita (current US$),CN,China,East Asia & Pacific,Upper middle income,IBRD,116.286,40.0495
3550,2025,8561.62091854449,GDP per capita (current US$),CO,Colombia,Latin America & Caribbean ,Upper middle income,IBRD,-74.082,4.60987
3551,2024,7951.08624019412,GDP per capita (current US$),CO,Colombia,Latin America & Caribbean ,Upper middle income,IBRD,-74.082,4.60987
3552,2023,7012.49169137756,GDP per capita (current US$),CO,Colombia,Latin America & Caribbean ,Upper middle income,IBRD,-74.082,4.60987
3553,2022,6680.44506854481,GDP per capita (current US$),CO,Colombia,Latin America & Caribbean ,Upper middle income,IBRD,-74.082,4.60987
3554,2021,6222.62164397614,GDP per capita (current US$),CO,Colombia,Latin America & Caribbean ,Upper middle income,IBRD,-74.082,4.60987
3555,2020,5339.68711357943,GDP per capita (current US$),CO,Colombia,Latin America & Caribbean ,Upper middle income,IBRD,-74.082,4.60987
3556,2019,6472.54544924705,GDP per capita (current US$),CO,Colombia,Latin America & Caribbean ,Upper middle income,IBRD,-74.082,4.60987
3557,2018,6816.96818309544,GDP per capita (current US$),CO,Colombia,Latin America & Caribbean ,Upper middle income,IBRD,-74.082,4.60987
3558,2017,6479.53231292429,GDP per capita (current US$),CO,Colombia,Latin America & Caribbean ,Upper middle income,IBRD,-74.082,4.60987
3559,2016,5959.84250367574,GDP per capita (current US$),CO,Colombia,Latin America & Caribbean ,Upper middle income,IBRD,-74.082,4.60987
3560,2025,2055.75921566281,GDP per capita (current US$),KM,Comoros,Sub-Saharan Africa ,Lower middle income,IDA,43.2418,-11.6986
3561,2024,1857.87060684189,GDP per capita (current US$),KM,Comoros,Sub-Saharan Africa ,Lower middle income,IDA,43.2418,-11.6986
3562,2023,1723.89474946474,GDP per capita (current US$),KM,Comoros,Sub-Saharan Africa ,Lower middle income,IDA,43.2418,-11.6986
3563,2022,1533.87755393614,GDP per capita (current US$),KM,Comoros,Sub-Saharan Africa ,Lower middle income,IDA,43.2418,-11.6986
3564,2021,1587.72988658008,GDP per capita (current US$),KM,Comoros,Sub-Saharan Africa ,Lower middle income,IDA,43.2418,-11.6986
3565,2020,1527.16991011916,GDP per capita (current US$),KM,Comoros,Sub-Saharan Africa ,Lower middle income,IDA,43.2418,-11.6986
3566,2019,1519.26386436068,GDP per capita (current US$),KM,Comoros,Sub-Saharan Africa ,Lower middle income,IDA,43.2418,-11.6986
3567,2018,1540.71132257526,GDP per capita (current US$),KM,Comoros,Sub-Saharan Africa ,Lower middle income,IDA,43.2418,-11.6986
3568,2017,1423.9248027797,GDP per capita (current US$),KM,Comoros,Sub-Saharan Africa ,Lower middle income,IDA,43.2418,-11.6986
3569,2016,1365.48403444497,GDP per capita (current US$),KM,Comoros,Sub-Saharan Africa ,Lower middle income,IDA,43.2418,-11.6986
3570,2025,806.776000708534,GDP per capita (current US$),CD,"Congo, Dem. Rep.",Sub-Saharan Africa ,Low income,IDA,15.3222,-4.325
3571,2024,692.887665085098,GDP per capita (current US$),CD,"Congo, Dem. Rep.",Sub-Saharan Africa ,Low income,IDA,15.3222,-4.325
3572,2023,660.21205238997,GDP per capita (current US$),CD,"Congo, Dem. Rep.",Sub-Saharan Africa ,Low income,IDA,15.3222,-4.325
3573,2022,687.738587554685,GDP per capita (current US$),CD,"Congo, Dem. Rep.",Sub-Saharan Africa ,Low income,IDA,15.3222,-4.325
3574,2021,595.743074403567,GDP per capita (current US$),CD,"Congo, Dem. Rep.",Sub-Saharan Africa ,Low income,IDA,15.3222,-4.325
3575,2020,486.425572682256,GDP per capita (current US$),CD,"Congo, Dem. Rep.",Sub-Saharan Africa ,Low income,IDA,15.3222,-4.325
3576,2019,504.00419142286,GDP per capita (current US$),CD,"Congo, Dem. Rep.",Sub-Saharan Africa ,Low income,IDA,15.3222,-4.325
3577,2018,518.169626875371,GDP per capita (current US$),CD,"Congo, Dem. Rep.",Sub-Saharan Africa ,Low income,IDA,15.3222,-4.325
3578,2017,431.052559128788,GDP per capita (current US$),CD,"Congo, Dem. Rep.",Sub-Saharan Africa ,Low income,IDA,15.3222,-4.325
3579,2016,459.765036590388,GDP per capita (current US$),CD,"Congo, Dem. Rep.",Sub-Saharan Africa ,Low income,IDA,15.3222,-4.325
3580,2025,2514.73393584747,GDP per capita (current US$),CG,"Congo, Rep.",Sub-Saharan Africa ,Lower middle income,Blend,15.2662,-4.2767
3581,2024,2482.2489948456,GDP per capita (current US$),CG,"Congo, Rep.",Sub-Saharan Africa ,Lower middle income,Blend,15.2662,-4.2767
3582,2023,2477.97845544866,GDP per capita (current US$),CG,"Congo, Rep.",Sub-Saharan Africa ,Lower middle income,Blend,15.2662,-4.2767
3583,2022,2620.83804267402,GDP per capita (current US$),CG,"Congo, Rep.",Sub-Saharan Africa ,Lower middle income,Blend,15.2662,-4.2767
3584,2021,2516.16255145432,GDP per capita (current US$),CG,"Congo, Rep.",Sub-Saharan Africa ,Lower middle income,Blend,15.2662,-4.2767
3585,2020,1993.586671931,GDP per capita (current US$),CG,"Congo, Rep.",Sub-Saharan Africa ,Lower middle income,Blend,15.2662,-4.2767
3586,2019,2488.42466724916,GDP per capita (current US$),CG,"Congo, Rep.",Sub-Saharan Africa ,Lower middle income,Blend,15.2662,-4.2767
3587,2018,2694.43413191427,GDP per capita (current US$),CG,"Congo, Rep.",Sub-Saharan Africa ,Lower middle income,Blend,15.2662,-4.2767
3588,2017,2211.63309874797,GDP per capita (current US$),CG,"Congo, Rep.",Sub-Saharan Africa ,Lower middle income,Blend,15.2662,-4.2767
3589,2016,2093.10728558843,GDP per capita (current US$),CG,"Congo, Rep.",Sub-Saharan Africa ,Lower middle income,Blend,15.2662,-4.2767
3590,2025,19970.0989059622,GDP per capita (current US$),CR,Costa Rica,Latin America & Caribbean ,High income,IBRD,-84.0089,9.63701
3591,2024,18853.2828705886,GDP per capita (current US$),CR,Costa Rica,Latin America & Caribbean ,High income,IBRD,-84.0089,9.63701
3592,2023,17140.771430122,GDP per capita (current US$),CR,Costa Rica,Latin America & Caribbean ,High income,IBRD,-84.0089,9.63701
3593,2022,13971.7649991294,GDP per capita (current US$),CR,Costa Rica,Latin America & Caribbean ,High income,IBRD,-84.0089,9.63701
3594,2021,12962.2716075659,GDP per capita (current US$),CR,Costa Rica,Latin America & Caribbean ,High income,IBRD,-84.0089,9.63701
3595,2020,12475.6852076814,GDP per capita (current US$),CR,Costa Rica,Latin America & Caribbean ,High income,IBRD,-84.0089,9.63701
3596,2019,12951.8588421841,GDP per capita (current US$),CR,Costa Rica,Latin America & Caribbean ,High income,IBRD,-84.0089,9.63701
3597,2018,12620.0207321581,GDP per capita (current US$),CR,Costa Rica,Latin America & Caribbean ,High income,IBRD,-84.0089,9.63701
3598,2017,12317.0902779911,GDP per capita (current US$),CR,Costa Rica,Latin America & Caribbean ,High income,IBRD,-84.0089,9.63701
3599,2016,12091.0301560892,GDP per capita (current US$),CR,Costa Rica,Latin America & Caribbean ,High income,IBRD,-84.0089,9.63701
3600,2025,3050.10202257321,GDP per capita (current US$),CI,Cote d'Ivoire,Sub-Saharan Africa ,Lower middle income,Blend,-4.0305,5.332
3601,2024,2727.8935220697,GDP per capita (current US$),CI,Cote d'Ivoire,Sub-Saharan Africa ,Lower middle income,Blend,-4.0305,5.332
3602,2023,2591.9659048119,GDP per capita (current US$),CI,Cote d'Ivoire,Sub-Saharan Africa ,Lower middle income,Blend,-4.0305,5.332
3603,2022,2333.37128301259,GDP per capita (current US$),CI,Cote d'Ivoire,Sub-Saharan Africa ,Lower middle income,Blend,-4.0305,5.332
3604,2021,2455.98127641148,GDP per capita (current US$),CI,Cote d'Ivoire,Sub-Saharan Africa ,Lower middle income,Blend,-4.0305,5.332
3605,2020,2179.72934832935,GDP per capita (current US$),CI,Cote d'Ivoire,Sub-Saharan Africa ,Lower middle income,Blend,-4.0305,5.332
3606,2019,2141.76836170115,GDP per capita (current US$),CI,Cote d'Ivoire,Sub-Saharan Africa ,Lower middle income,Blend,-4.0305,5.332
3607,2018,2130.86619381144,GDP per capita (current US$),CI,Cote d'Ivoire,Sub-Saharan Africa ,Lower middle income,Blend,-4.0305,5.332
3608,2017,1964.29930338343,GDP per capita (current US$),CI,Cote d'Ivoire,Sub-Saharan Africa ,Lower middle income,Blend,-4.0305,5.332
3609,2016,1862.59597081287,GDP per capita (current US$),CI,Cote d'Ivoire,Sub-Saharan Africa ,Lower middle income,Blend,-4.0305,5.332
3610,2025,27103.9116109268,GDP per capita (current US$),HR,Croatia,Europe & Central Asia,High income,IBRD,15.9614,45.8069
3611,2024,24049.9441746337,GDP per capita (current US$),HR,Croatia,Europe & Central Asia,High income,IBRD,15.9614,45.8069
3612,2023,22183.4982258492,GDP per capita (current US$),HR,Croatia,Europe & Central Asia,High income,IBRD,15.9614,45.8069
3613,2022,18465.531473659,GDP per capita (current US$),HR,Croatia,Europe & Central Asia,High income,IBRD,15.9614,45.8069
3614,2021,17788.7601163765,GDP per capita (current US$),HR,Croatia,Europe & Central Asia,High income,IBRD,15.9614,45.8069
3615,2020,14807.5559227544,GDP per capita (current US$),HR,Croatia,Europe & Central Asia,High income,IBRD,15.9614,45.8069
3616,2019,15563.7354996625,GDP per capita (current US$),HR,Croatia,Europe & Central Asia,High income,IBRD,15.9614,45.8069
3617,2018,15460.4560798984,GDP per capita (current US$),HR,Croatia,Europe & Central Asia,High income,IBRD,15.9614,45.8069
3618,2017,13901.6498657787,GDP per capita (current US$),HR,Croatia,Europe & Central Asia,High income,IBRD,15.9614,45.8069
3619,2016,12820.1872746645,GDP per capita (current US$),HR,Croatia,Europe & Central Asia,High income,IBRD,15.9614,45.8069
3620,2025,,GDP per capita (current US$),CU,Cuba,Latin America & Caribbean ,Upper middle income,Not classified,-82.3667,23.1333
3621,2024,,GDP per capita (current US$),CU,Cuba,Latin America & Caribbean ,Upper middle income,Not classified,-82.3667,23.1333
3622,2023,,GDP per capita (current US$),CU,Cuba,Latin America & Caribbean ,Upper middle income,Not classified,-82.3667,23.1333
3623,2022,,GDP per capita (current US$),CU,Cuba,Latin America & Caribbean ,Upper middle income,Not classified,-82.3667,23.1333
3624,2021,,GDP per capita (current US$),CU,Cuba,Latin America & Caribbean ,Upper middle income,Not classified,-82.3667,23.1333
3625,2020,9605.27914559614,GDP per capita (current US$),CU,Cuba,Latin America & Caribbean ,Upper middle income,Not classified,-82.3667,23.1333
3626,2019,9232.26115935183,GDP per capita (current US$),CU,Cuba,Latin America & Caribbean ,Upper middle income,Not classified,-82.3667,23.1333
3627,2018,8911.46205998726,GDP per capita (current US$),CU,Cuba,Latin America & Caribbean ,Upper middle income,Not classified,-82.3667,23.1333
3628,2017,8610.60829605429,GDP per capita (current US$),CU,Cuba,Latin America & Caribbean ,Upper middle income,Not classified,-82.3667,23.1333
3629,2016,8110.55874283616,GDP per capita (current US$),CU,Cuba,Latin America & Caribbean ,Upper middle income,Not classified,-82.3667,23.1333
3630,2025,,GDP per capita (current US$),CW,Curacao,Latin America & Caribbean ,High income,Not classified,,
3631,2024,22832.895498987,GDP per capita (current US$),CW,Curacao,Latin America & Caribbean ,High income,Not classified,,
3632,2023,21217.8109173312,GDP per capita (current US$),CW,Curacao,Latin America & Caribbean ,High income,Not classified,,
3633,2022,20057.1404960105,GDP per capita (current US$),CW,Curacao,Latin America & Caribbean ,High income,Not classified,,
3634,2021,17795.5826483092,GDP per capita (current US$),CW,Curacao,Latin America & Caribbean ,High income,Not classified,,
3635,2020,16299.8134688605,GDP per capita (current US$),CW,Curacao,Latin America & Caribbean ,High income,Not classified,,
3636,2019,19220.6866958303,GDP per capita (current US$),CW,Curacao,Latin America & Caribbean ,High income,Not classified,,
3637,2018,19119.1243941688,GDP per capita (current US$),CW,Curacao,Latin America & Caribbean ,High income,Not classified,,
3638,2017,18938.2440469703,GDP per capita (current US$),CW,Curacao,Latin America & Caribbean ,High income,Not classified,,
3639,2016,18944.0961493998,GDP per capita (current US$),CW,Curacao,Latin America & Caribbean ,High income,Not classified,,
3640,2025,41783.08984375,GDP per capita (current US$),CY,Cyprus,Europe & Central Asia,High income,Not classified,33.3736,35.1676
3641,2024,38674.3125,GDP per capita (current US$),CY,Cyprus,Europe & Central Asia,High income,Not classified,33.3736,35.1676
3642,2023,36623.70703125,GDP per capita (current US$),CY,Cyprus,Europe & Central Asia,High income,Not classified,33.3736,35.1676
3643,2022,33231.05078125,GDP per capita (current US$),CY,Cyprus,Europe & Central Asia,High income,Not classified,33.3736,35.1676
3644,2021,32937.8359375,GDP per capita (current US$),CY,Cyprus,Europe & Central Asia,High income,Not classified,33.3736,35.1676
3645,2020,28130.330078125,GDP per capita (current US$),CY,Cyprus,Europe & Central Asia,High income,Not classified,33.3736,35.1676
3646,2019,29227.16796875,GDP per capita (current US$),CY,Cyprus,Europe & Central Asia,High income,Not classified,33.3736,35.1676
3647,2018,29120.38671875,GDP per capita (current US$),CY,Cyprus,Europe & Central Asia,High income,Not classified,33.3736,35.1676
3648,2017,26247.46484375,GDP per capita (current US$),CY,Cyprus,Europe & Central Asia,High income,Not classified,33.3736,35.1676
3649,2016,24280.044921875,GDP per capita (current US$),CY,Cyprus,Europe & Central Asia,High income,Not classified,33.3736,35.1676
3650,2025,35917.2724081665,GDP per capita (current US$),CZ,Czechia,Europe & Central Asia,High income,Not classified,14.4205,50.0878
3651,2024,31827.7552539413,GDP per capita (current US$),CZ,Czechia,Europe & Central Asia,High income,Not classified,14.4205,50.0878
3652,2023,31761.5944102491,GDP per capita (current US$),CZ,Czechia,Europe & Central Asia,High income,Not classified,14.4205,50.0878
3653,2022,28282.2236715857,GDP per capita (current US$),CZ,Czechia,Europe & Central Asia,High income,Not classified,14.4205,50.0878
3654,2021,27696.4619527544,GDP per capita (current US$),CZ,Czechia,Europe & Central Asia,High income,Not classified,14.4205,50.0878
3655,2020,23472.8915454417,GDP per capita (current US$),CZ,Czechia,Europe & Central Asia,High income,Not classified,14.4205,50.0878
3656,2019,24062.7190013343,GDP per capita (current US$),CZ,Czechia,Europe & Central Asia,High income,Not classified,14.4205,50.0878
3657,2018,23705.9329811299,GDP per capita (current US$),CZ,Czechia,Europe & Central Asia,High income,Not classified,14.4205,50.0878
3658,2017,20913.197632212,GDP per capita (current US$),CZ,Czechia,Europe & Central Asia,High income,Not classified,14.4205,50.0878
3659,2016,18753.9686718096,GDP per capita (current US$),CZ,Czechia,Europe & Central Asia,High income,Not classified,14.4205,50.0878
3660,2025,76970.1535217919,GDP per capita (current US$),DK,Denmark,Europe & Central Asia,High income,Not classified,12.5681,55.6763
3661,2024,71026.4832271897,GDP per capita (current US$),DK,Denmark,Europe & Central Asia,High income,Not classified,12.5681,55.6763
3662,2023,68043.5466971243,GDP per capita (current US$),DK,Denmark,Europe & Central Asia,High income,Not classified,12.5681,55.6763
3663,2022,67781.0940939514,GDP per capita (current US$),DK,Denmark,Europe & Central Asia,High income,Not classified,12.5681,55.6763
3664,2021,69340.7334922138,GDP per capita (current US$),DK,Denmark,Europe & Central Asia,High income,Not classified,12.5681,55.6763
3665,2020,60985.4885601514,GDP per capita (current US$),DK,Denmark,Europe & Central Asia,High income,Not classified,12.5681,55.6763
3666,2019,59404.2663247723,GDP per capita (current US$),DK,Denmark,Europe & Central Asia,High income,Not classified,12.5681,55.6763
3667,2018,61324.7665045565,GDP per capita (current US$),DK,Denmark,Europe & Central Asia,High income,Not classified,12.5681,55.6763
3668,2017,57521.5514992225,GDP per capita (current US$),DK,Denmark,Europe & Central Asia,High income,Not classified,12.5681,55.6763
3669,2016,54500.9260410217,GDP per capita (current US$),DK,Denmark,Europe & Central Asia,High income,Not classified,12.5681,55.6763
3670,2025,3905.604954681,GDP per capita (current US$),DJ,Djibouti,"Middle East, North Africa, Afghanistan & Pakistan",Lower middle income,IDA,43.1425,11.5806
3671,2024,3552.72335079222,GDP per capita (current US$),DJ,Djibouti,"Middle East, North Africa, Afghanistan & Pakistan",Lower middle income,IDA,43.1425,11.5806
3672,2023,3381.29779710722,GDP per capita (current US$),DJ,Djibouti,"Middle East, North Africa, Afghanistan & Pakistan",Lower middle income,IDA,43.1425,11.5806
3673,2022,3133.25779772463,GDP per capita (current US$),DJ,Djibouti,"Middle East, North Africa, Afghanistan & Pakistan",Lower middle income,IDA,43.1425,11.5806
3674,2021,3025.91126413549,GDP per capita (current US$),DJ,Djibouti,"Middle East, North Africa, Afghanistan & Pakistan",Lower middle income,IDA,43.1425,11.5806
3675,2020,2844.88810647853,GDP per capita (current US$),DJ,Djibouti,"Middle East, North Africa, Afghanistan & Pakistan",Lower middle income,IDA,43.1425,11.5806
3676,2019,2837.16902340932,GDP per capita (current US$),DJ,Djibouti,"Middle East, North Africa, Afghanistan & Pakistan",Lower middle income,IDA,43.1425,11.5806
3677,2018,2718.08338799203,GDP per capita (current US$),DJ,Djibouti,"Middle East, North Africa, Afghanistan & Pakistan",Lower middle income,IDA,43.1425,11.5806
3678,2017,2618.95521147369,GDP per capita (current US$),DJ,Djibouti,"Middle East, North Africa, Afghanistan & Pakistan",Lower middle income,IDA,43.1425,11.5806
3679,2016,2510.4300076241,GDP per capita (current US$),DJ,Djibouti,"Middle East, North Africa, Afghanistan & Pakistan",Lower middle income,IDA,43.1425,11.5806
3680,2025,10989.0431185083,GDP per capita (current US$),DM,Dominica,Latin America & Caribbean ,Upper middle income,Blend,-61.39,15.2976
3681,2024,10405.2787777582,GDP per capita (current US$),DM,Dominica,Latin America & Caribbean ,Upper middle income,Blend,-61.39,15.2976
3682,2023,9912.96212766668,GDP per capita (current US$),DM,Dominica,Latin America & Caribbean ,Upper middle income,Blend,-61.39,15.2976
3683,2022,9323.66089490562,GDP per capita (current US$),DM,Dominica,Latin America & Caribbean ,Upper middle income,Blend,-61.39,15.2976
3684,2021,8376.40414141113,GDP per capita (current US$),DM,Dominica,Latin America & Caribbean ,Upper middle income,Blend,-61.39,15.2976
3685,2020,7827.74842680426,GDP per capita (current US$),DM,Dominica,Latin America & Caribbean ,Upper middle income,Blend,-61.39,15.2976
3686,2019,9491.14995962374,GDP per capita (current US$),DM,Dominica,Latin America & Caribbean ,Upper middle income,Blend,-61.39,15.2976
3687,2018,9215.3085405645,GDP per capita (current US$),DM,Dominica,Latin America & Caribbean ,Upper middle income,Blend,-61.39,15.2976
3688,2017,8224.64896571414,GDP per capita (current US$),DM,Dominica,Latin America & Caribbean ,Upper middle income,Blend,-61.39,15.2976
3689,2016,8802.56172041363,GDP per capita (current US$),DM,Dominica,Latin America & Caribbean ,Upper middle income,Blend,-61.39,15.2976
3690,2025,11059.2081531834,GDP per capita (current US$),DO,Dominican Republic,Latin America & Caribbean ,Upper middle income,IBRD,-69.8908,18.479
3691,2024,10875.6618443092,GDP per capita (current US$),DO,Dominican Republic,Latin America & Caribbean ,Upper middle income,IBRD,-69.8908,18.479
3692,2023,10630.431743829,GDP per capita (current US$),DO,Dominican Republic,Latin America & Caribbean ,Upper middle income,IBRD,-69.8908,18.479
3693,2022,10104.2464008585,GDP per capita (current US$),DO,Dominican Republic,Latin America & Caribbean ,Upper middle income,IBRD,-69.8908,18.479
3694,2021,8527.0754858205,GDP per capita (current US$),DO,Dominican Republic,Latin America & Caribbean ,Upper middle income,IBRD,-69.8908,18.479
3695,2020,7135.22273255899,GDP per capita (current US$),DO,Dominican Republic,Latin America & Caribbean ,Upper middle income,IBRD,-69.8908,18.479
3696,2019,8183.01623600375,GDP per capita (current US$),DO,Dominican Republic,Latin America & Caribbean ,Upper middle income,IBRD,-69.8908,18.479
3697,2018,7882.98221584944,GDP per capita (current US$),DO,Dominican Republic,Latin America & Caribbean ,Upper middle income,IBRD,-69.8908,18.479
3698,2017,7412.71571571512,GDP per capita (current US$),DO,Dominican Republic,Latin America & Caribbean ,Upper middle income,IBRD,-69.8908,18.479
3699,2016,7160.44200982307,GDP per capita (current US$),DO,Dominican Republic,Latin America & Caribbean ,Upper middle income,IBRD,-69.8908,18.479
3700,2025,7125.27618527738,GDP per capita (current US$),EC,Ecuador,Latin America & Caribbean ,Upper middle income,IBRD,-78.5243,-0.229498
3701,2024,6826.5294137822,GDP per capita (current US$),EC,Ecuador,Latin America & Caribbean ,Upper middle income,IBRD,-78.5243,-0.229498
3702,2023,6718.1447938811,GDP per capita (current US$),EC,Ecuador,Latin America & Caribbean ,Upper middle income,IBRD,-78.5243,-0.229498
3703,2022,6515.58528418336,GDP per capita (current US$),EC,Ecuador,Latin America & Caribbean ,Upper middle income,IBRD,-78.5243,-0.229498
3704,2021,6061.32350181711,GDP per capita (current US$),EC,Ecuador,Latin America & Caribbean ,Upper middle income,IBRD,-78.5243,-0.229498
3705,2020,5463.64515348598,GDP per capita (current US$),EC,Ecuador,Latin America & Caribbean ,Upper middle income,IBRD,-78.5243,-0.229498
3706,2019,6205.05765246766,GDP per capita (current US$),EC,Ecuador,Latin America & Caribbean ,Upper middle income,IBRD,-78.5243,-0.229498
3707,2018,6303.91886658338,GDP per capita (current US$),EC,Ecuador,Latin America & Caribbean ,Upper middle income,IBRD,-78.5243,-0.229498
3708,2017,6233.32244797718,GDP per capita (current US$),EC,Ecuador,Latin America & Caribbean ,Upper middle income,IBRD,-78.5243,-0.229498
3709,2016,5917.63771271481,GDP per capita (current US$),EC,Ecuador,Latin America & Caribbean ,Upper middle income,IBRD,-78.5243,-0.229498
3710,2025,3085.80712036204,GDP per capita (current US$),EG,"Egypt, Arab Rep.","Middle East, North Africa, Afghanistan & Pakistan",Lower middle income,IBRD,31.2461,30.0982
3711,2024,3338.47371043679,GDP per capita (current US$),EG,"Egypt, Arab Rep.","Middle East, North Africa, Afghanistan & Pakistan",Lower middle income,IBRD,31.2461,30.0982
3712,2023,3456.78965212363,GDP per capita (current US$),EG,"Egypt, Arab Rep.","Middle East, North Africa, Afghanistan & Pakistan",Lower middle income,IBRD,31.2461,30.0982
3713,2022,4233.30783744856,GDP per capita (current US$),EG,"Egypt, Arab Rep.","Middle East, North Africa, Afghanistan & Pakistan",Lower middle income,IBRD,31.2461,30.0982
3714,2021,3827.35415374308,GDP per capita (current US$),EG,"Egypt, Arab Rep.","Middle East, North Africa, Afghanistan & Pakistan",Lower middle income,IBRD,31.2461,30.0982
3715,2020,3511.11381026379,GDP per capita (current US$),EG,"Egypt, Arab Rep.","Middle East, North Africa, Afghanistan & Pakistan",Lower middle income,IBRD,31.2461,30.0982
3716,2019,2962.98892023003,GDP per capita (current US$),EG,"Egypt, Arab Rep.","Middle East, North Africa, Afghanistan & Pakistan",Lower middle income,IBRD,31.2461,30.0982
3717,2018,2484.70315630508,GDP per capita (current US$),EG,"Egypt, Arab Rep.","Middle East, North Africa, Afghanistan & Pakistan",Lower middle income,IBRD,31.2461,30.0982
3718,2017,2395.10333299491,GDP per capita (current US$),EG,"Egypt, Arab Rep.","Middle East, North Africa, Afghanistan & Pakistan",Lower middle income,IBRD,31.2461,30.0982
3719,2016,3270.6287768197,GDP per capita (current US$),EG,"Egypt, Arab Rep.","Middle East, North Africa, Afghanistan & Pakistan",Lower middle income,IBRD,31.2461,30.0982
3720,2025,5766.72574029107,GDP per capita (current US$),SV,El Salvador,Latin America & Caribbean ,Upper middle income,IBRD,-89.2073,13.7034
3721,2024,5503.10317151907,GDP per capita (current US$),SV,El Salvador,Latin America & Caribbean ,Upper middle income,IBRD,-89.2073,13.7034
3722,2023,5319.7195268688,GDP per capita (current US$),SV,El Salvador,Latin America & Caribbean ,Upper middle income,IBRD,-89.2073,13.7034
3723,2022,5074.60050994225,GDP per capita (current US$),SV,El Salvador,Latin America & Caribbean ,Upper middle income,IBRD,-89.2073,13.7034
3724,2021,4642.60743101342,GDP per capita (current US$),SV,El Salvador,Latin America & Caribbean ,Upper middle income,IBRD,-89.2073,13.7034
3725,2020,3997.19279583709,GDP per capita (current US$),SV,El Salvador,Latin America & Caribbean ,Upper middle income,IBRD,-89.2073,13.7034
3726,2019,4320.11671534627,GDP per capita (current US$),SV,El Salvador,Latin America & Caribbean ,Upper middle income,IBRD,-89.2073,13.7034
3727,2018,4183.54620971358,GDP per capita (current US$),SV,El Salvador,Latin America & Caribbean ,Upper middle income,IBRD,-89.2073,13.7034
3728,2017,4020.12671373919,GDP per capita (current US$),SV,El Salvador,Latin America & Caribbean ,Upper middle income,IBRD,-89.2073,13.7034
3729,2016,3901.34014965811,GDP per capita (current US$),SV,El Salvador,Latin America & Caribbean ,Upper middle income,IBRD,-89.2073,13.7034
3730,2025,6615.25245207167,GDP per capita (current US$),GQ,Equatorial Guinea,Sub-Saharan Africa ,Upper middle income,IBRD,8.7741,3.7523
3731,2024,7003.58055684906,GDP per capita (current US$),GQ,Equatorial Guinea,Sub-Saharan Africa ,Upper middle income,IBRD,8.7741,3.7523
3732,2023,6788.35271638376,GDP per capita (current US$),GQ,Equatorial Guinea,Sub-Saharan Africa ,Upper middle income,IBRD,8.7741,3.7523
3733,2022,7589.29964909381,GDP per capita (current US$),GQ,Equatorial Guinea,Sub-Saharan Africa ,Upper middle income,IBRD,8.7741,3.7523
3734,2021,6945.63069794539,GDP per capita (current US$),GQ,Equatorial Guinea,Sub-Saharan Africa ,Upper middle income,IBRD,8.7741,3.7523
3735,2020,5764.05502912947,GDP per capita (current US$),GQ,Equatorial Guinea,Sub-Saharan Africa ,Upper middle income,IBRD,8.7741,3.7523
3736,2019,6804.14923073888,GDP per capita (current US$),GQ,Equatorial Guinea,Sub-Saharan Africa ,Upper middle income,IBRD,8.7741,3.7523
3737,2018,8102.47084834031,GDP per capita (current US$),GQ,Equatorial Guinea,Sub-Saharan Africa ,Upper middle income,IBRD,8.7741,3.7523
3738,2017,7809.10465655488,GDP per capita (current US$),GQ,Equatorial Guinea,Sub-Saharan Africa ,Upper middle income,IBRD,8.7741,3.7523
3739,2016,7453.19797948517,GDP per capita (current US$),GQ,Equatorial Guinea,Sub-Saharan Africa ,Upper middle income,IBRD,8.7741,3.7523
3740,2025,,GDP per capita (current US$),ER,Eritrea,Sub-Saharan Africa ,Low income,IDA,38.9183,15.3315
3741,2024,,GDP per capita (current US$),ER,Eritrea,Sub-Saharan Africa ,Low income,IDA,38.9183,15.3315
3742,2023,,GDP per capita (current US$),ER,Eritrea,Sub-Saharan Africa ,Low income,IDA,38.9183,15.3315
3743,2022,,GDP per capita (current US$),ER,Eritrea,Sub-Saharan Africa ,Low income,IDA,38.9183,15.3315
3744,2021,,GDP per capita (current US$),ER,Eritrea,Sub-Saharan Africa ,Low income,IDA,38.9183,15.3315
3745,2020,,GDP per capita (current US$),ER,Eritrea,Sub-Saharan Africa ,Low income,IDA,38.9183,15.3315
3746,2019,,GDP per capita (current US$),ER,Eritrea,Sub-Saharan Africa ,Low income,IDA,38.9183,15.3315
3747,2018,,GDP per capita (current US$),ER,Eritrea,Sub-Saharan Africa ,Low income,IDA,38.9183,15.3315
3748,2017,,GDP per capita (current US$),ER,Eritrea,Sub-Saharan Africa ,Low income,IDA,38.9183,15.3315
3749,2016,,GDP per capita (current US$),ER,Eritrea,Sub-Saharan Africa ,Low income,IDA,38.9183,15.3315
3750,2025,34417.6320815138,GDP per capita (current US$),EE,Estonia,Europe & Central Asia,High income,Not classified,24.7586,59.4392
3751,2024,31428.3547816104,GDP per capita (current US$),EE,Estonia,Europe & Central Asia,High income,Not classified,24.7586,59.4392
3752,2023,30264.0064885057,GDP per capita (current US$),EE,Estonia,Europe & Central Asia,High income,Not classified,24.7586,59.4392
3753,2022,28340.3826549406,GDP per capita (current US$),EE,Estonia,Europe & Central Asia,High income,Not classified,24.7586,59.4392
3754,2021,27951.1659277744,GDP per capita (current US$),EE,Estonia,Europe & Central Asia,High income,Not classified,24.7586,59.4392
3755,2020,23933.9939421065,GDP per capita (current US$),EE,Estonia,Europe & Central Asia,High income,Not classified,24.7586,59.4392
3756,2019,24021.2501413306,GDP per capita (current US$),EE,Estonia,Europe & Central Asia,High income,Not classified,24.7586,59.4392
3757,2018,23618.1361254581,GDP per capita (current US$),EE,Estonia,Europe & Central Asia,High income,Not classified,24.7586,59.4392
3758,2017,20851.5223496861,GDP per capita (current US$),EE,Estonia,Europe & Central Asia,High income,Not classified,24.7586,59.4392
3759,2016,18666.3736521706,GDP per capita (current US$),EE,Estonia,Europe & Central Asia,High income,Not classified,24.7586,59.4392
3760,2025,4108.25221093363,GDP per capita (current US$),SZ,Eswatini,Sub-Saharan Africa ,Lower middle income,Blend,31.4659,-26.5225
3761,2024,3909.55892378182,GDP per capita (current US$),SZ,Eswatini,Sub-Saharan Africa ,Lower middle income,Blend,31.4659,-26.5225
3762,2023,3755.52111232464,GDP per capita (current US$),SZ,Eswatini,Sub-Saharan Africa ,Lower middle income,Blend,31.4659,-26.5225
3763,2022,3894.1620089869,GDP per capita (current US$),SZ,Eswatini,Sub-Saharan Africa ,Lower middle income,Blend,31.4659,-26.5225
3764,2021,3984.00229174306,GDP per capita (current US$),SZ,Eswatini,Sub-Saharan Africa ,Lower middle income,Blend,31.4659,-26.5225
3765,2020,3466.56936278145,GDP per capita (current US$),SZ,Eswatini,Sub-Saharan Africa ,Lower middle income,Blend,31.4659,-26.5225
3766,2019,3913.14577547336,GDP per capita (current US$),SZ,Eswatini,Sub-Saharan Africa ,Lower middle income,Blend,31.4659,-26.5225
3767,2018,3972.65450620357,GDP per capita (current US$),SZ,Eswatini,Sub-Saharan Africa ,Lower middle income,Blend,31.4659,-26.5225
3768,2017,3853.09956569679,GDP per capita (current US$),SZ,Eswatini,Sub-Saharan Africa ,Lower middle income,Blend,31.4659,-26.5225
3769,2016,3238.17611961364,GDP per capita (current US$),SZ,Eswatini,Sub-Saharan Africa ,Lower middle income,Blend,31.4659,-26.5225
3770,2025,932.729352775179,GDP per capita (current US$),ET,Ethiopia,Sub-Saharan Africa ,Low income,IDA,38.7468,9.02274
3771,2024,1133.88279681256,GDP per capita (current US$),ET,Ethiopia,Sub-Saharan Africa ,Low income,IDA,38.7468,9.02274
3772,2023,1055.81091593061,GDP per capita (current US$),ET,Ethiopia,Sub-Saharan Africa ,Low income,IDA,38.7468,9.02274
3773,2022,982.103161502198,GDP per capita (current US$),ET,Ethiopia,Sub-Saharan Africa ,Low income,IDA,38.7468,9.02274
3774,2021,893.009835441784,GDP per capita (current US$),ET,Ethiopia,Sub-Saharan Africa ,Low income,IDA,38.7468,9.02274
3775,2020,829.790982552951,GDP per capita (current US$),ET,Ethiopia,Sub-Saharan Africa ,Low income,IDA,38.7468,9.02274
3776,2019,793.473247218996,GDP per capita (current US$),ET,Ethiopia,Sub-Saharan Africa ,Low income,IDA,38.7468,9.02274
3777,2018,739.702022272086,GDP per capita (current US$),ET,Ethiopia,Sub-Saharan Africa ,Low income,IDA,38.7468,9.02274
3778,2017,696.348429076216,GDP per capita (current US$),ET,Ethiopia,Sub-Saharan Africa ,Low income,IDA,38.7468,9.02274
3779,2016,641.651523286233,GDP per capita (current US$),ET,Ethiopia,Sub-Saharan Africa ,Low income,IDA,38.7468,9.02274
3780,2025,,GDP per capita (current US$),FO,Faroe Islands,Europe & Central Asia,High income,Not classified,-6.91181,61.8926
3781,2024,74175.2776311377,GDP per capita (current US$),FO,Faroe Islands,Europe & Central Asia,High income,Not classified,-6.91181,61.8926
3782,2023,72486.6910957957,GDP per capita (current US$),FO,Faroe Islands,Europe & Central Asia,High income,Not classified,-6.91181,61.8926
3783,2022,67069.3987440509,GDP per capita (current US$),FO,Faroe Islands,Europe & Central Asia,High income,Not classified,-6.91181,61.8926
3784,2021,69421.6981686515,GDP per capita (current US$),FO,Faroe Islands,Europe & Central Asia,High income,Not classified,-6.91181,61.8926
3785,2020,62247.9273907098,GDP per capita (current US$),FO,Faroe Islands,Europe & Central Asia,High income,Not classified,-6.91181,61.8926
3786,2019,63070.7228080361,GDP per capita (current US$),FO,Faroe Islands,Europe & Central Asia,High income,Not classified,-6.91181,61.8926
3787,2018,62525.2647698273,GDP per capita (current US$),FO,Faroe Islands,Europe & Central Asia,High income,Not classified,-6.91181,61.8926
3788,2017,59388.5365965776,GDP per capita (current US$),FO,Faroe Islands,Europe & Central Asia,High income,Not classified,-6.91181,61.8926
3789,2016,56876.4302363804,GDP per capita (current US$),FO,Faroe Islands,Europe & Central Asia,High income,Not classified,-6.91181,61.8926
3790,2025,6642.00449450523,GDP per capita (current US$),FJ,Fiji,East Asia & Pacific,Upper middle income,Blend,178.399,-18.1149
3791,2024,6425.74151715712,GDP per capita (current US$),FJ,Fiji,East Asia & Pacific,Upper middle income,Blend,178.399,-18.1149
3792,2023,5926.20586394763,GDP per capita (current US$),FJ,Fiji,East Asia & Pacific,Upper middle income,Blend,178.399,-18.1149
3793,2022,5414.12092119088,GDP per capita (current US$),FJ,Fiji,East Asia & Pacific,Upper middle income,Blend,178.399,-18.1149
3794,2021,4536.73312110335,GDP per capita (current US$),FJ,Fiji,East Asia & Pacific,Upper middle income,Blend,178.399,-18.1149
3795,2020,4620.6457238014,GDP per capita (current US$),FJ,Fiji,East Asia & Pacific,Upper middle income,Blend,178.399,-18.1149
3796,2019,5842.07344577597,GDP per capita (current US$),FJ,Fiji,East Asia & Pacific,Upper middle income,Blend,178.399,-18.1149
3797,2018,6085.41979485376,GDP per capita (current US$),FJ,Fiji,East Asia & Pacific,Upper middle income,Blend,178.399,-18.1149
3798,2017,5826.84814459328,GDP per capita (current US$),FJ,Fiji,East Asia & Pacific,Upper middle income,Blend,178.399,-18.1149
3799,2016,5363.79026679243,GDP per capita (current US$),FJ,Fiji,East Asia & Pacific,Upper middle income,Blend,178.399,-18.1149
3800,2025,56148.580949046,GDP per capita (current US$),FI,Finland,Europe & Central Asia,High income,Not classified,24.9525,60.1608
3801,2024,53155.5451165897,GDP per capita (current US$),FI,Finland,Europe & Central Asia,High income,Not classified,24.9525,60.1608
3802,2023,52864.6931581216,GDP per capita (current US$),FI,Finland,Europe & Central Asia,High income,Not classified,24.9525,60.1608
3803,2022,50440.560224974,GDP per capita (current US$),FI,Finland,Europe & Central Asia,High income,Not classified,24.9525,60.1608
3804,2021,53099.1351400148,GDP per capita (current US$),FI,Finland,Europe & Central Asia,High income,Not classified,24.9525,60.1608
3805,2020,48828.6846862799,GDP per capita (current US$),FI,Finland,Europe & Central Asia,High income,Not classified,24.9525,60.1608
3806,2019,48358.1807773701,GDP per capita (current US$),FI,Finland,Europe & Central Asia,High income,Not classified,24.9525,60.1608
3807,2018,49654.2497035329,GDP per capita (current US$),FI,Finland,Europe & Central Asia,High income,Not classified,24.9525,60.1608
3808,2017,46085.0174739036,GDP per capita (current US$),FI,Finland,Europe & Central Asia,High income,Not classified,24.9525,60.1608
3809,2016,43451.2562442158,GDP per capita (current US$),FI,Finland,Europe & Central Asia,High income,Not classified,24.9525,60.1608
3810,2025,48985.7307807924,GDP per capita (current US$),FR,France,Europe & Central Asia,High income,Not classified,2.35097,48.8566
3811,2024,46103.0840855884,GDP per capita (current US$),FR,France,Europe & Central Asia,High income,Not classified,2.35097,48.8566
3812,2023,44700.1384177544,GDP per capita (current US$),FR,France,Europe & Central Asia,High income,Not classified,2.35097,48.8566
3813,2022,40988.6396406579,GDP per capita (current US$),FR,France,Europe & Central Asia,High income,Not classified,2.35097,48.8566
3814,2021,43725.0999521245,GDP per capita (current US$),FR,France,Europe & Central Asia,High income,Not classified,2.35097,48.8566
3815,2020,39169.8606000707,GDP per capita (current US$),FR,France,Europe & Central Asia,High income,Not classified,2.35097,48.8566
3816,2019,40408.2848574751,GDP per capita (current US$),FR,France,Europe & Central Asia,High income,Not classified,2.35097,48.8566
3817,2018,41418.1766484844,GDP per capita (current US$),FR,France,Europe & Central Asia,High income,Not classified,2.35097,48.8566
3818,2017,38687.1626407164,GDP per capita (current US$),FR,France,Europe & Central Asia,High income,Not classified,2.35097,48.8566
3819,2016,37024.2157133669,GDP per capita (current US$),FR,France,Europe & Central Asia,High income,Not classified,2.35097,48.8566
3820,2025,,GDP per capita (current US$),PF,French Polynesia,East Asia & Pacific,High income,Not classified,-149.57,-17.535
3821,2024,22439.8838746025,GDP per capita (current US$),PF,French Polynesia,East Asia & Pacific,High income,Not classified,-149.57,-17.535
3822,2023,21832.2831795569,GDP per capita (current US$),PF,French Polynesia,East Asia & Pacific,High income,Not classified,-149.57,-17.535
3823,2022,20053.9569369322,GDP per capita (current US$),PF,French Polynesia,East Asia & Pacific,High income,Not classified,-149.57,-17.535
3824,2021,21426.3854449835,GDP per capita (current US$),PF,French Polynesia,East Asia & Pacific,High income,Not classified,-149.57,-17.535
3825,2020,19966.4838503859,GDP per capita (current US$),PF,French Polynesia,East Asia & Pacific,High income,Not classified,-149.57,-17.535
3826,2019,21582.5892046801,GDP per capita (current US$),PF,French Polynesia,East Asia & Pacific,High income,Not classified,-149.57,-17.535
3827,2018,21925.616043938,GDP per capita (current US$),PF,French Polynesia,East Asia & Pacific,High income,Not classified,-149.57,-17.535
3828,2017,20826.9312492172,GDP per capita (current US$),PF,French Polynesia,East Asia & Pacific,High income,Not classified,-149.57,-17.535
3829,2016,19690.0775734589,GDP per capita (current US$),PF,French Polynesia,East Asia & Pacific,High income,Not classified,-149.57,-17.535
3830,2025,8263.03321595,GDP per capita (current US$),GA,Gabon,Sub-Saharan Africa ,Upper middle income,IBRD,9.45162,0.38832
3831,2024,8230.04311451151,GDP per capita (current US$),GA,Gabon,Sub-Saharan Africa ,Upper middle income,IBRD,9.45162,0.38832
3832,2023,7802.82433276138,GDP per capita (current US$),GA,Gabon,Sub-Saharan Africa ,Upper middle income,IBRD,9.45162,0.38832
3833,2022,8409.20741452279,GDP per capita (current US$),GA,Gabon,Sub-Saharan Africa ,Upper middle income,IBRD,9.45162,0.38832
3834,2021,8181.40914134398,GDP per capita (current US$),GA,Gabon,Sub-Saharan Africa ,Upper middle income,IBRD,9.45162,0.38832
3835,2020,6605.80346077904,GDP per capita (current US$),GA,Gabon,Sub-Saharan Africa ,Upper middle income,IBRD,9.45162,0.38832
3836,2019,7441.1786472281,GDP per capita (current US$),GA,Gabon,Sub-Saharan Africa ,Upper middle income,IBRD,9.45162,0.38832
3837,2018,7624.2775233771,GDP per capita (current US$),GA,Gabon,Sub-Saharan Africa ,Upper middle income,IBRD,9.45162,0.38832
3838,2017,6921.73373135624,GDP per capita (current US$),GA,Gabon,Sub-Saharan Africa ,Upper middle income,IBRD,9.45162,0.38832
3839,2016,6677.07003901644,GDP per capita (current US$),GA,Gabon,Sub-Saharan Africa ,Upper middle income,IBRD,9.45162,0.38832
3840,2025,919.060423427951,GDP per capita (current US$),GM,"Gambia, The",Sub-Saharan Africa ,Low income,IDA,-16.5885,13.4495
3841,2024,871.340287547821,GDP per capita (current US$),GM,"Gambia, The",Sub-Saharan Africa ,Low income,IDA,-16.5885,13.4495
3842,2023,883.024111978927,GDP per capita (current US$),GM,"Gambia, The",Sub-Saharan Africa ,Low income,IDA,-16.5885,13.4495
3843,2022,836.244875868476,GDP per capita (current US$),GM,"Gambia, The",Sub-Saharan Africa ,Low income,IDA,-16.5885,13.4495
3844,2021,781.890925169531,GDP per capita (current US$),GM,"Gambia, The",Sub-Saharan Africa ,Low income,IDA,-16.5885,13.4495
3845,2020,720.335143352133,GDP per capita (current US$),GM,"Gambia, The",Sub-Saharan Africa ,Low income,IDA,-16.5885,13.4495
3846,2019,738.186751987483,GDP per capita (current US$),GM,"Gambia, The",Sub-Saharan Africa ,Low income,IDA,-16.5885,13.4495
3847,2018,696.219806960615,GDP per capita (current US$),GM,"Gambia, The",Sub-Saharan Africa ,Low income,IDA,-16.5885,13.4495
3848,2017,642.522641296331,GDP per capita (current US$),GM,"Gambia, The",Sub-Saharan Africa ,Low income,IDA,-16.5885,13.4495
3849,2016,650.056501323611,GDP per capita (current US$),GM,"Gambia, The",Sub-Saharan Africa ,Low income,IDA,-16.5885,13.4495
3850,2025,9691.53472415196,GDP per capita (current US$),GE,Georgia,Europe & Central Asia,Upper middle income,IBRD,44.793,41.71
3851,2024,8967.67525638987,GDP per capita (current US$),GE,Georgia,Europe & Central Asia,Upper middle income,IBRD,44.793,41.71
3852,2023,8283.66960652261,GDP per capita (current US$),GE,Georgia,Europe & Central Asia,Upper middle income,IBRD,44.793,41.71
3853,2022,6729.84659930283,GDP per capita (current US$),GE,Georgia,Europe & Central Asia,Upper middle income,IBRD,44.793,41.71
3854,2021,5083.60695484577,GDP per capita (current US$),GE,Georgia,Europe & Central Asia,Upper middle income,IBRD,44.793,41.71
3855,2020,4300.85701291207,GDP per capita (current US$),GE,Georgia,Europe & Central Asia,Upper middle income,IBRD,44.793,41.71
3856,2019,4741.2832715876,GDP per capita (current US$),GE,Georgia,Europe & Central Asia,Upper middle income,IBRD,44.793,41.71
3857,2018,4804.0546040444,GDP per capita (current US$),GE,Georgia,Europe & Central Asia,Upper middle income,IBRD,44.793,41.71
3858,2017,4418.75206546679,GDP per capita (current US$),GE,Georgia,Europe & Central Asia,Upper middle income,IBRD,44.793,41.71
3859,2016,4143.40125686315,GDP per capita (current US$),GE,Georgia,Europe & Central Asia,Upper middle income,IBRD,44.793,41.71
3860,2025,60496.4350820414,GDP per capita (current US$),DE,Germany,Europe & Central Asia,High income,Not classified,13.4115,52.5235
3861,2024,56103.7323182554,GDP per capita (current US$),DE,Germany,Europe & Central Asia,High income,Not classified,13.4115,52.5235
3862,2023,54776.7668235491,GDP per capita (current US$),DE,Germany,Europe & Central Asia,High income,Not classified,13.4115,52.5235
3863,2022,50506.5179638543,GDP per capita (current US$),DE,Germany,Europe & Central Asia,High income,Not classified,13.4115,52.5235
3864,2021,52349.2459994422,GDP per capita (current US$),DE,Germany,Europe & Central Asia,High income,Not classified,13.4115,52.5235
3865,2020,47394.8734504469,GDP per capita (current US$),DE,Germany,Europe & Central Asia,High income,Not classified,13.4115,52.5235
3866,2019,47656.199739747,GDP per capita (current US$),DE,Germany,Europe & Central Asia,High income,Not classified,13.4115,52.5235
3867,2018,48916.1686612154,GDP per capita (current US$),DE,Germany,Europe & Central Asia,High income,Not classified,13.4115,52.5235
3868,2017,45553.9341495339,GDP per capita (current US$),DE,Germany,Europe & Central Asia,High income,Not classified,13.4115,52.5235
3869,2016,42948.9381932694,GDP per capita (current US$),DE,Germany,Europe & Central Asia,High income,Not classified,13.4115,52.5235
3870,2025,3257.1588903576,GDP per capita (current US$),GH,Ghana,Sub-Saharan Africa ,Lower middle income,IDA,-0.20795,5.57045
3871,2024,2419.2518672482,GDP per capita (current US$),GH,Ghana,Sub-Saharan Africa ,Lower middle income,IDA,-0.20795,5.57045
3872,2023,2383.90410476221,GDP per capita (current US$),GH,Ghana,Sub-Saharan Africa ,Lower middle income,IDA,-0.20795,5.57045
3873,2022,2229.89122654479,GDP per capita (current US$),GH,Ghana,Sub-Saharan Africa ,Lower middle income,IDA,-0.20795,5.57045
3874,2021,2445.18662529344,GDP per capita (current US$),GH,Ghana,Sub-Saharan Africa ,Lower middle income,IDA,-0.20795,5.57045
3875,2020,2195.45481659987,GDP per capita (current US$),GH,Ghana,Sub-Saharan Africa ,Lower middle income,IDA,-0.20795,5.57045
3876,2019,2186.65822682613,GDP per capita (current US$),GH,Ghana,Sub-Saharan Africa ,Lower middle income,IDA,-0.20795,5.57045
3877,2018,2195.32166016377,GDP per capita (current US$),GH,Ghana,Sub-Saharan Africa ,Lower middle income,IDA,-0.20795,5.57045
3878,2017,2012.28662641265,GDP per capita (current US$),GH,Ghana,Sub-Saharan Africa ,Lower middle income,IDA,-0.20795,5.57045
3879,2016,1912.47991339951,GDP per capita (current US$),GH,Ghana,Sub-Saharan Africa ,Lower middle income,IDA,-0.20795,5.57045
3880,2025,,GDP per capita (current US$),GI,Gibraltar,Europe & Central Asia,High income,Not classified,,
3881,2024,,GDP per capita (current US$),GI,Gibraltar,Europe & Central Asia,High income,Not classified,,
3882,2023,,GDP per capita (current US$),GI,Gibraltar,Europe & Central Asia,High income,Not classified,,
3883,2022,,GDP per capita (current US$),GI,Gibraltar,Europe & Central Asia,High income,Not classified,,
3884,2021,,GDP per capita (current US$),GI,Gibraltar,Europe & Central Asia,High income,Not classified,,
3885,2020,,GDP per capita (current US$),GI,Gibraltar,Europe & Central Asia,High income,Not classified,,
3886,2019,,GDP per capita (current US$),GI,Gibraltar,Europe & Central Asia,High income,Not classified,,
3887,2018,,GDP per capita (current US$),GI,Gibraltar,Europe & Central Asia,High income,Not classified,,
3888,2017,,GDP per capita (current US$),GI,Gibraltar,Europe & Central Asia,High income,Not classified,,
3889,2016,,GDP per capita (current US$),GI,Gibraltar,Europe & Central Asia,High income,Not classified,,
3890,2025,26948.0070432791,GDP per capita (current US$),GR,Greece,Europe & Central Asia,High income,Not classified,23.7166,37.9792
3891,2024,24626.1481858973,GDP per capita (current US$),GR,Greece,Europe & Central Asia,High income,Not classified,23.7166,37.9792
3892,2023,23343.7103964562,GDP per capita (current US$),GR,Greece,Europe & Central Asia,High income,Not classified,23.7166,37.9792
3893,2022,20884.6773436263,GDP per capita (current US$),GR,Greece,Europe & Central Asia,High income,Not classified,23.7166,37.9792
3894,2021,20652.89659591,GDP per capita (current US$),GR,Greece,Europe & Central Asia,High income,Not classified,23.7166,37.9792
3895,2020,17886.733165236,GDP per capita (current US$),GR,Greece,Europe & Central Asia,High income,Not classified,23.7166,37.9792
3896,2019,19335.3602002969,GDP per capita (current US$),GR,Greece,Europe & Central Asia,High income,Not classified,23.7166,37.9792
3897,2018,19873.4015238771,GDP per capita (current US$),GR,Greece,Europe & Central Asia,High income,Not classified,23.7166,37.9792
3898,2017,18631.9930129293,GDP per capita (current US$),GR,Greece,Europe & Central Asia,High income,Not classified,23.7166,37.9792
3899,2016,17919.2426377048,GDP per capita (current US$),GR,Greece,Europe & Central Asia,High income,Not classified,23.7166,37.9792
3900,2025,,GDP per capita (current US$),GL,Greenland,Europe & Central Asia,High income,Not classified,-51.7214,64.1836
3901,2024,,GDP per capita (current US$),GL,Greenland,Europe & Central Asia,High income,Not classified,-51.7214,64.1836
3902,2023,58498.9707973609,GDP per capita (current US$),GL,Greenland,Europe & Central Asia,High income,Not classified,-51.7214,64.1836
3903,2022,55635.0006491223,GDP per capita (current US$),GL,Greenland,Europe & Central Asia,High income,Not classified,-51.7214,64.1836
3904,2021,58135.9939910203,GDP per capita (current US$),GL,Greenland,Europe & Central Asia,High income,Not classified,-51.7214,64.1836
3905,2020,54812.6661771023,GDP per capita (current US$),GL,Greenland,Europe & Central Asia,High income,Not classified,-51.7214,64.1836
3906,2019,53309.2035905065,GDP per capita (current US$),GL,Greenland,Europe & Central Asia,High income,Not classified,-51.7214,64.1836
3907,2018,54545.135857765,GDP per capita (current US$),GL,Greenland,Europe & Central Asia,High income,Not classified,-51.7214,64.1836
3908,2017,50765.7494665372,GDP per capita (current US$),GL,Greenland,Europe & Central Asia,High income,Not classified,-51.7214,64.1836
3909,2016,48181.7453541266,GDP per capita (current US$),GL,Greenland,Europe & Central Asia,High income,Not classified,-51.7214,64.1836
3910,2025,12106.8790105068,GDP per capita (current US$),GD,Grenada,Latin America & Caribbean ,Upper middle income,Blend,-61.7449,12.0653
3911,2024,11528.9220811928,GDP per capita (current US$),GD,Grenada,Latin America & Caribbean ,Upper middle income,Blend,-61.7449,12.0653
3912,2023,11414.4781691181,GDP per capita (current US$),GD,Grenada,Latin America & Caribbean ,Upper middle income,Blend,-61.7449,12.0653
3913,2022,10469.3867012856,GDP per capita (current US$),GD,Grenada,Latin America & Caribbean ,Upper middle income,Blend,-61.7449,12.0653
3914,2021,9617.28902905373,GDP per capita (current US$),GD,Grenada,Latin America & Caribbean ,Upper middle income,Blend,-61.7449,12.0653
3915,2020,8968.55890108484,GDP per capita (current US$),GD,Grenada,Latin America & Caribbean ,Upper middle income,Blend,-61.7449,12.0653
3916,2019,10462.7929159533,GDP per capita (current US$),GD,Grenada,Latin America & Caribbean ,Upper middle income,Blend,-61.7449,12.0653
3917,2018,10083.021279225,GDP per capita (current US$),GD,Grenada,Latin America & Caribbean ,Upper middle income,Blend,-61.7449,12.0653
3918,2017,9751.42661155932,GDP per capita (current US$),GD,Grenada,Latin America & Caribbean ,Upper middle income,Blend,-61.7449,12.0653
3919,2016,9221.23461079424,GDP per capita (current US$),GD,Grenada,Latin America & Caribbean ,Upper middle income,Blend,-61.7449,12.0653
3920,2025,,GDP per capita (current US$),GU,Guam,East Asia & Pacific,High income,Not classified,144.794,13.4443
3921,2024,,GDP per capita (current US$),GU,Guam,East Asia & Pacific,High income,Not classified,144.794,13.4443
3922,2023,,GDP per capita (current US$),GU,Guam,East Asia & Pacific,High income,Not classified,144.794,13.4443
3923,2022,41833.1517132825,GDP per capita (current US$),GU,Guam,East Asia & Pacific,High income,Not classified,144.794,13.4443
3924,2021,38074.8793745801,GDP per capita (current US$),GU,Guam,East Asia & Pacific,High income,Not classified,144.794,13.4443
3925,2020,36482.9363953675,GDP per capita (current US$),GU,Guam,East Asia & Pacific,High income,Not classified,144.794,13.4443
3926,2019,39274.9431424899,GDP per capita (current US$),GU,Guam,East Asia & Pacific,High income,Not classified,144.794,13.4443
3927,2018,37195.9503070464,GDP per capita (current US$),GU,Guam,East Asia & Pacific,High income,Not classified,144.794,13.4443
3928,2017,36779.0078903909,GDP per capita (current US$),GU,Guam,East Asia & Pacific,High income,Not classified,144.794,13.4443
3929,2016,35930.6594898711,GDP per capita (current US$),GU,Guam,East Asia & Pacific,High income,Not classified,144.794,13.4443
3930,2025,6598.18032988711,GDP per capita (current US$),GT,Guatemala,Latin America & Caribbean ,Upper middle income,IBRD,-90.5328,14.6248
3931,2024,6150.89465281457,GDP per capita (current US$),GT,Guatemala,Latin America & Caribbean ,Upper middle income,IBRD,-90.5328,14.6248
3932,2023,5754.42833909847,GDP per capita (current US$),GT,Guatemala,Latin America & Caribbean ,Upper middle income,IBRD,-90.5328,14.6248
3933,2022,5356.92435887895,GDP per capita (current US$),GT,Guatemala,Latin America & Caribbean ,Upper middle income,IBRD,-90.5328,14.6248
3934,2021,4912.62240414681,GDP per capita (current US$),GT,Guatemala,Latin America & Caribbean ,Upper middle income,IBRD,-90.5328,14.6248
3935,2020,4477.61785000665,GDP per capita (current US$),GT,Guatemala,Latin America & Caribbean ,Upper middle income,IBRD,-90.5328,14.6248
3936,2019,4511.99839552697,GDP per capita (current US$),GT,Guatemala,Latin America & Caribbean ,Upper middle income,IBRD,-90.5328,14.6248
3937,2018,4352.94593289707,GDP per capita (current US$),GT,Guatemala,Latin America & Caribbean ,Upper middle income,IBRD,-90.5328,14.6248
3938,2017,4324.99768915601,GDP per capita (current US$),GT,Guatemala,Latin America & Caribbean ,Upper middle income,IBRD,-90.5328,14.6248
3939,2016,4060.13784737643,GDP per capita (current US$),GT,Guatemala,Latin America & Caribbean ,Upper middle income,IBRD,-90.5328,14.6248
3940,2025,1877.2541220972,GDP per capita (current US$),GN,Guinea,Sub-Saharan Africa ,Lower middle income,IDA,-13.7,9.51667
3941,2024,1694.95375862185,GDP per capita (current US$),GN,Guinea,Sub-Saharan Africa ,Lower middle income,IDA,-13.7,9.51667
3942,2023,1555.49375806861,GDP per capita (current US$),GN,Guinea,Sub-Saharan Africa ,Lower middle income,IDA,-13.7,9.51667
3943,2022,1416.59612011764,GDP per capita (current US$),GN,Guinea,Sub-Saharan Africa ,Lower middle income,IDA,-13.7,9.51667
3944,2021,1244.96550477914,GDP per capita (current US$),GN,Guinea,Sub-Saharan Africa ,Lower middle income,IDA,-13.7,9.51667
3945,2020,1053.66097696415,GDP per capita (current US$),GN,Guinea,Sub-Saharan Africa ,Lower middle income,IDA,-13.7,9.51667
3946,2019,1031.34146480732,GDP per capita (current US$),GN,Guinea,Sub-Saharan Africa ,Lower middle income,IDA,-13.7,9.51667
3947,2018,933.273615633705,GDP per capita (current US$),GN,Guinea,Sub-Saharan Africa ,Lower middle income,IDA,-13.7,9.51667
3948,2017,833.598621691121,GDP per capita (current US$),GN,Guinea,Sub-Saharan Africa ,Lower middle income,IDA,-13.7,9.51667
3949,2016,711.996509782316,GDP per capita (current US$),GN,Guinea,Sub-Saharan Africa ,Lower middle income,IDA,-13.7,9.51667
3950,2025,1123.76679992349,GDP per capita (current US$),GW,Guinea-Bissau,Sub-Saharan Africa ,Low income,IDA,-15.1804,11.8037
3951,2024,998.376093392688,GDP per capita (current US$),GW,Guinea-Bissau,Sub-Saharan Africa ,Low income,IDA,-15.1804,11.8037
3952,2023,964.431832665395,GDP per capita (current US$),GW,Guinea-Bissau,Sub-Saharan Africa ,Low income,IDA,-15.1804,11.8037
3953,2022,881.602654162231,GDP per capita (current US$),GW,Guinea-Bissau,Sub-Saharan Africa ,Low income,IDA,-15.1804,11.8037
3954,2021,926.54619187706,GDP per capita (current US$),GW,Guinea-Bissau,Sub-Saharan Africa ,Low income,IDA,-15.1804,11.8037
3955,2020,846.918134967613,GDP per capita (current US$),GW,Guinea-Bissau,Sub-Saharan Africa ,Low income,IDA,-15.1804,11.8037
3956,2019,811.210004050041,GDP per capita (current US$),GW,Guinea-Bissau,Sub-Saharan Africa ,Low income,IDA,-15.1804,11.8037
3957,2018,808.531613218504,GDP per capita (current US$),GW,Guinea-Bissau,Sub-Saharan Africa ,Low income,IDA,-15.1804,11.8037
3958,2017,783.123186602022,GDP per capita (current US$),GW,Guinea-Bissau,Sub-Saharan Africa ,Low income,IDA,-15.1804,11.8037
3959,2016,679.665386626818,GDP per capita (current US$),GW,Guinea-Bissau,Sub-Saharan Africa ,Low income,IDA,-15.1804,11.8037
3960,2025,32413.7930757518,GDP per capita (current US$),GY,Guyana,Latin America & Caribbean ,High income,IDA,-58.1548,6.80461
3961,2024,29675.2501582835,GDP per capita (current US$),GY,Guyana,Latin America & Caribbean ,High income,IDA,-58.1548,6.80461
3962,2023,20473.7002190617,GDP per capita (current US$),GY,Guyana,Latin America & Caribbean ,High income,IDA,-58.1548,6.80461
3963,2022,17913.4928066879,GDP per capita (current US$),GY,Guyana,Latin America & Caribbean ,High income,IDA,-58.1548,6.80461
3964,2021,9860.87014834386,GDP per capita (current US$),GY,Guyana,Latin America & Caribbean ,High income,IDA,-58.1548,6.80461
3965,2020,6775.70939096303,GDP per capita (current US$),GY,Guyana,Latin America & Caribbean ,High income,IDA,-58.1548,6.80461
3966,2019,6405.82443444562,GDP per capita (current US$),GY,Guyana,Latin America & Caribbean ,High income,IDA,-58.1548,6.80461
3967,2018,6048.38697180418,GDP per capita (current US$),GY,Guyana,Latin America & Caribbean ,High income,IDA,-58.1548,6.80461
3968,2017,6178.6650437298,GDP per capita (current US$),GY,Guyana,Latin America & Caribbean ,High income,IDA,-58.1548,6.80461
3969,2016,5870.87823759835,GDP per capita (current US$),GY,Guyana,Latin America & Caribbean ,High income,IDA,-58.1548,6.80461
3970,2025,2694.18969101404,GDP per capita (current US$),HT,Haiti,Latin America & Caribbean ,Lower middle income,IDA,-72.3288,18.5392
3971,2024,2060.35591768638,GDP per capita (current US$),HT,Haiti,Latin America & Caribbean ,Lower middle income,IDA,-72.3288,18.5392
3972,2023,1681.84407667059,GDP per capita (current US$),HT,Haiti,Latin America & Caribbean ,Lower middle income,IDA,-72.3288,18.5392
3973,2022,1748.40890116803,GDP per capita (current US$),HT,Haiti,Latin America & Caribbean ,Lower middle income,IDA,-72.3288,18.5392
3974,2021,1824.6798742577,GDP per capita (current US$),HT,Haiti,Latin America & Caribbean ,Lower middle income,IDA,-72.3288,18.5392
3975,2020,1290.32538667383,GDP per capita (current US$),HT,Haiti,Latin America & Caribbean ,Lower middle income,IDA,-72.3288,18.5392
3976,2019,1352.17204191532,GDP per capita (current US$),HT,Haiti,Latin America & Caribbean ,Lower middle income,IDA,-72.3288,18.5392
3977,2018,1496.38048970156,GDP per capita (current US$),HT,Haiti,Latin America & Caribbean ,Lower middle income,IDA,-72.3288,18.5392
3978,2017,1395.23945184461,GDP per capita (current US$),HT,Haiti,Latin America & Caribbean ,Lower middle income,IDA,-72.3288,18.5392
3979,2016,1318.40268167953,GDP per capita (current US$),HT,Haiti,Latin America & Caribbean ,Lower middle income,IDA,-72.3288,18.5392
3980,2025,3598.21450440452,GDP per capita (current US$),HN,Honduras,Latin America & Caribbean ,Lower middle income,IDA,-87.4667,15.1333
3981,2024,3415.96027916712,GDP per capita (current US$),HN,Honduras,Latin America & Caribbean ,Lower middle income,IDA,-87.4667,15.1333
3982,2023,3227.45762509776,GDP per capita (current US$),HN,Honduras,Latin America & Caribbean ,Lower middle income,IDA,-87.4667,15.1333
3983,2022,3003.28996826399,GDP per capita (current US$),HN,Honduras,Latin America & Caribbean ,Lower middle income,IDA,-87.4667,15.1333
3984,2021,2735.14751503977,GDP per capita (current US$),HN,Honduras,Latin America & Caribbean ,Lower middle income,IDA,-87.4667,15.1333
3985,2020,2307.61494319511,GDP per capita (current US$),HN,Honduras,Latin America & Caribbean ,Lower middle income,IDA,-87.4667,15.1333
3986,2019,2502.32744328073,GDP per capita (current US$),HN,Honduras,Latin America & Caribbean ,Lower middle income,IDA,-87.4667,15.1333
3987,2018,2464.64241531918,GDP per capita (current US$),HN,Honduras,Latin America & Caribbean ,Lower middle income,IDA,-87.4667,15.1333
3988,2017,2413.0076562942,GDP per capita (current US$),HN,Honduras,Latin America & Caribbean ,Lower middle income,IDA,-87.4667,15.1333
3989,2016,2307.34468351082,GDP per capita (current US$),HN,Honduras,Latin America & Caribbean ,Lower middle income,IDA,-87.4667,15.1333
3990,2025,56983.0663059906,GDP per capita (current US$),HK,"Hong Kong SAR, China",East Asia & Pacific,High income,Not classified,114.109,22.3964
3991,2024,54274.7547767073,GDP per capita (current US$),HK,"Hong Kong SAR, China",East Asia & Pacific,High income,Not classified,114.109,22.3964
3992,2023,50525.1119312663,GDP per capita (current US$),HK,"Hong Kong SAR, China",East Asia & Pacific,High income,Not classified,114.109,22.3964
3993,2022,48825.0272275805,GDP per capita (current US$),HK,"Hong Kong SAR, China",East Asia & Pacific,High income,Not classified,114.109,22.3964
3994,2021,49770.5642374739,GDP per capita (current US$),HK,"Hong Kong SAR, China",East Asia & Pacific,High income,Not classified,114.109,22.3964
3995,2020,46109.2299946609,GDP per capita (current US$),HK,"Hong Kong SAR, China",East Asia & Pacific,High income,Not classified,114.109,22.3964
3996,2019,48359.0011950597,GDP per capita (current US$),HK,"Hong Kong SAR, China",East Asia & Pacific,High income,Not classified,114.109,22.3964
3997,2018,48537.5668888343,GDP per capita (current US$),HK,"Hong Kong SAR, China",East Asia & Pacific,High income,Not classified,114.109,22.3964
3998,2017,46160.429791493,GDP per capita (current US$),HK,"Hong Kong SAR, China",East Asia & Pacific,High income,Not classified,114.109,22.3964
3999,2016,43734.1980702999,GDP per capita (current US$),HK,"Hong Kong SAR, China",East Asia & Pacific,High income,Not classified,114.109,22.3964
4000,2025,25907.4743259406,GDP per capita (current US$),HU,Hungary,Europe & Central Asia,High income,Not classified,19.0408,47.4984
4001,2024,23305.4482514359,GDP per capita (current US$),HU,Hungary,Europe & Central Asia,High income,Not classified,19.0408,47.4984
4002,2023,22208.6509820466,GDP per capita (current US$),HU,Hungary,Europe & Central Asia,High income,Not classified,19.0408,47.4984
4003,2022,18428.028825614,GDP per capita (current US$),HU,Hungary,Europe & Central Asia,High income,Not classified,19.0408,47.4984
4004,2021,19030.628130329,GDP per capita (current US$),HU,Hungary,Europe & Central Asia,High income,Not classified,19.0408,47.4984
4005,2020,16386.9308821258,GDP per capita (current US$),HU,Hungary,Europe & Central Asia,High income,Not classified,19.0408,47.4984
4006,2019,17012.8598553199,GDP per capita (current US$),HU,Hungary,Europe & Central Asia,High income,Not classified,19.0408,47.4984
4007,2018,16605.0570511887,GDP per capita (current US$),HU,Hungary,Europe & Central Asia,High income,Not classified,19.0408,47.4984
4008,2017,14736.1668157258,GDP per capita (current US$),HU,Hungary,Europe & Central Asia,High income,Not classified,19.0408,47.4984
4009,2016,13215.8605277789,GDP per capita (current US$),HU,Hungary,Europe & Central Asia,High income,Not classified,19.0408,47.4984
4010,2025,98323.4849517418,GDP per capita (current US$),IS,Iceland,Europe & Central Asia,High income,Not classified,-21.8952,64.1353
4011,2024,85863.1479330343,GDP per capita (current US$),IS,Iceland,Europe & Central Asia,High income,Not classified,-21.8952,64.1353
4012,2023,82201.2908518078,GDP per capita (current US$),IS,Iceland,Europe & Central Asia,High income,Not classified,-21.8952,64.1353
4013,2022,76376.9599334915,GDP per capita (current US$),IS,Iceland,Europe & Central Asia,High income,Not classified,-21.8952,64.1353
4014,2021,70425.4064277273,GDP per capita (current US$),IS,Iceland,Europe & Central Asia,High income,Not classified,-21.8952,64.1353
4015,2020,60127.9393575616,GDP per capita (current US$),IS,Iceland,Europe & Central Asia,High income,Not classified,-21.8952,64.1353
4016,2019,69296.3144361601,GDP per capita (current US$),IS,Iceland,Europe & Central Asia,High income,Not classified,-21.8952,64.1353
4017,2018,75633.8651351915,GDP per capita (current US$),IS,Iceland,Europe & Central Asia,High income,Not classified,-21.8952,64.1353
4018,2017,72976.3729990975,GDP per capita (current US$),IS,Iceland,Europe & Central Asia,High income,Not classified,-21.8952,64.1353
4019,2016,62854.0906407932,GDP per capita (current US$),IS,Iceland,Europe & Central Asia,High income,Not classified,-21.8952,64.1353
4020,2025,2702.47987141553,GDP per capita (current US$),IN,India,South Asia,Lower middle income,IBRD,77.225,28.6353
4021,2024,2591.9916607122,GDP per capita (current US$),IN,India,South Asia,Lower middle income,IBRD,77.225,28.6353
4022,2023,2434.44826340989,GDP per capita (current US$),IN,India,South Asia,Lower middle income,IBRD,77.225,28.6353
4023,2022,2279.98145719369,GDP per capita (current US$),IN,India,South Asia,Lower middle income,IBRD,77.225,28.6353
4024,2021,2239.61384367482,GDP per capita (current US$),IN,India,South Asia,Lower middle income,IBRD,77.225,28.6353
4025,2020,1907.04251637669,GDP per capita (current US$),IN,India,South Asia,Lower middle income,IBRD,77.225,28.6353
4026,2019,2041.42863698585,GDP per capita (current US$),IN,India,South Asia,Lower middle income,IBRD,77.225,28.6353
4027,2018,1966.25455171679,GDP per capita (current US$),IN,India,South Asia,Lower middle income,IBRD,77.225,28.6353
4028,2017,1950.10468280866,GDP per capita (current US$),IN,India,South Asia,Lower middle income,IBRD,77.225,28.6353
4029,2016,1707.50892912243,GDP per capita (current US$),IN,India,South Asia,Lower middle income,IBRD,77.225,28.6353
4030,2025,5059.62596411213,GDP per capita (current US$),ID,Indonesia,East Asia & Pacific,Upper middle income,IBRD,106.83,-6.19752
4031,2024,4925.43644992666,GDP per capita (current US$),ID,Indonesia,East Asia & Pacific,Upper middle income,IBRD,106.83,-6.19752
4032,2023,4876.2992959843,GDP per capita (current US$),ID,Indonesia,East Asia & Pacific,Upper middle income,IBRD,106.83,-6.19752
4033,2022,4730.83484836107,GDP per capita (current US$),ID,Indonesia,East Asia & Pacific,Upper middle income,IBRD,106.83,-6.19752
4034,2021,4287.17313995098,GDP per capita (current US$),ID,Indonesia,East Asia & Pacific,Upper middle income,IBRD,106.83,-6.19752
4035,2020,3853.70288774146,GDP per capita (current US$),ID,Indonesia,East Asia & Pacific,Upper middle income,IBRD,106.83,-6.19752
4036,2019,4106.94856160358,GDP per capita (current US$),ID,Indonesia,East Asia & Pacific,Upper middle income,IBRD,106.83,-6.19752
4037,2018,3860.95353090726,GDP per capita (current US$),ID,Indonesia,East Asia & Pacific,Upper middle income,IBRD,106.83,-6.19752
4038,2017,3798.88326174526,GDP per capita (current US$),ID,Indonesia,East Asia & Pacific,Upper middle income,IBRD,106.83,-6.19752
4039,2016,3521.46943457574,GDP per capita (current US$),ID,Indonesia,East Asia & Pacific,Upper middle income,IBRD,106.83,-6.19752
4040,2025,3924.38017821898,GDP per capita (current US$),IR,"Iran, Islamic Rep.","Middle East, North Africa, Afghanistan & Pakistan",Upper middle income,IBRD,51.4447,35.6878
4041,2024,5190.16959024821,GDP per capita (current US$),IR,"Iran, Islamic Rep.","Middle East, North Africa, Afghanistan & Pakistan",Upper middle income,IBRD,51.4447,35.6878
4042,2023,5049.29931642754,GDP per capita (current US$),IR,"Iran, Islamic Rep.","Middle East, North Africa, Afghanistan & Pakistan",Upper middle income,IBRD,51.4447,35.6878
4043,2022,4721.20437099984,GDP per capita (current US$),IR,"Iran, Islamic Rep.","Middle East, North Africa, Afghanistan & Pakistan",Upper middle income,IBRD,51.4447,35.6878
4044,2021,4605.14881318992,GDP per capita (current US$),IR,"Iran, Islamic Rep.","Middle East, North Africa, Afghanistan & Pakistan",Upper middle income,IBRD,51.4447,35.6878
4045,2020,3202.50003502169,GDP per capita (current US$),IR,"Iran, Islamic Rep.","Middle East, North Africa, Afghanistan & Pakistan",Upper middle income,IBRD,51.4447,35.6878
4046,2019,3997.4935449585,GDP per capita (current US$),IR,"Iran, Islamic Rep.","Middle East, North Africa, Afghanistan & Pakistan",Upper middle income,IBRD,51.4447,35.6878
4047,2018,4783.01067340237,GDP per capita (current US$),IR,"Iran, Islamic Rep.","Middle East, North Africa, Afghanistan & Pakistan",Upper middle income,IBRD,51.4447,35.6878
4048,2017,6000.93346404409,GDP per capita (current US$),IR,"Iran, Islamic Rep.","Middle East, North Africa, Afghanistan & Pakistan",Upper middle income,IBRD,51.4447,35.6878
4049,2016,5710.59947089104,GDP per capita (current US$),IR,"Iran, Islamic Rep.","Middle East, North Africa, Afghanistan & Pakistan",Upper middle income,IBRD,51.4447,35.6878
4050,2025,5409.67899716967,GDP per capita (current US$),IQ,Iraq,"Middle East, North Africa, Afghanistan & Pakistan",Upper middle income,IBRD,44.394,33.3302
4051,2024,6073.61032342708,GDP per capita (current US$),IQ,Iraq,"Middle East, North Africa, Afghanistan & Pakistan",Upper middle income,IBRD,44.394,33.3302
4052,2023,5965.31835077761,GDP per capita (current US$),IQ,Iraq,"Middle East, North Africa, Afghanistan & Pakistan",Upper middle income,IBRD,44.394,33.3302
4053,2022,6520.73154560584,GDP per capita (current US$),IQ,Iraq,"Middle East, North Africa, Afghanistan & Pakistan",Upper middle income,IBRD,44.394,33.3302
4054,2021,4868.49431080783,GDP per capita (current US$),IQ,Iraq,"Middle East, North Africa, Afghanistan & Pakistan",Upper middle income,IBRD,44.394,33.3302
4055,2020,4295.18945121228,GDP per capita (current US$),IQ,Iraq,"Middle East, North Africa, Afghanistan & Pakistan",Upper middle income,IBRD,44.394,33.3302
4056,2019,5671.8568632942,GDP per capita (current US$),IQ,Iraq,"Middle East, North Africa, Afghanistan & Pakistan",Upper middle income,IBRD,44.394,33.3302
4057,2018,5646.68932074742,GDP per capita (current US$),IQ,Iraq,"Middle East, North Africa, Afghanistan & Pakistan",Upper middle income,IBRD,44.394,33.3302
4058,2017,4759.2846435467,GDP per capita (current US$),IQ,Iraq,"Middle East, North Africa, Afghanistan & Pakistan",Upper middle income,IBRD,44.394,33.3302
4059,2016,4334.42096404188,GDP per capita (current US$),IQ,Iraq,"Middle East, North Africa, Afghanistan & Pakistan",Upper middle income,IBRD,44.394,33.3302
4060,2025,131592.462547877,GDP per capita (current US$),IE,Ireland,Europe & Central Asia,High income,Not classified,-6.26749,53.3441
4061,2024,112894.953240805,GDP per capita (current US$),IE,Ireland,Europe & Central Asia,High income,Not classified,-6.26749,53.3441
4062,2023,106818.917130804,GDP per capita (current US$),IE,Ireland,Europe & Central Asia,High income,Not classified,-6.26749,53.3441
4063,2022,105190.685952731,GDP per capita (current US$),IE,Ireland,Europe & Central Asia,High income,Not classified,-6.26749,53.3441
4064,2021,103783.446284479,GDP per capita (current US$),IE,Ireland,Europe & Central Asia,High income,Not classified,-6.26749,53.3441
4065,2020,86514.0706108754,GDP per capita (current US$),IE,Ireland,Europe & Central Asia,High income,Not classified,-6.26749,53.3441
4066,2019,81827.6688873996,GDP per capita (current US$),IE,Ireland,Europe & Central Asia,High income,Not classified,-6.26749,53.3441
4067,2018,80804.1123164826,GDP per capita (current US$),IE,Ireland,Europe & Central Asia,High income,Not classified,-6.26749,53.3441
4068,2017,72161.4047531385,GDP per capita (current US$),IE,Ireland,Europe & Central Asia,High income,Not classified,-6.26749,53.3441
4069,2016,64129.5571542383,GDP per capita (current US$),IE,Ireland,Europe & Central Asia,High income,Not classified,-6.26749,53.3441
4070,2025,,GDP per capita (current US$),IM,Isle of Man,Europe & Central Asia,High income,Not classified,-4.47928,54.1509
4071,2024,,GDP per capita (current US$),IM,Isle of Man,Europe & Central Asia,High income,Not classified,-4.47928,54.1509
4072,2023,90015.2074234398,GDP per capita (current US$),IM,Isle of Man,Europe & Central Asia,High income,Not classified,-4.47928,54.1509
4073,2022,88328.548125887,GDP per capita (current US$),IM,Isle of Man,Europe & Central Asia,High income,Not classified,-4.47928,54.1509
4074,2021,94299.969348965,GDP per capita (current US$),IM,Isle of Man,Europe & Central Asia,High income,Not classified,-4.47928,54.1509
4075,2020,79513.5330346598,GDP per capita (current US$),IM,Isle of Man,Europe & Central Asia,High income,Not classified,-4.47928,54.1509
4076,2019,87127.5517977404,GDP per capita (current US$),IM,Isle of Man,Europe & Central Asia,High income,Not classified,-4.47928,54.1509
4077,2018,89393.8244248812,GDP per capita (current US$),IM,Isle of Man,Europe & Central Asia,High income,Not classified,-4.47928,54.1509
4078,2017,83481.3038489014,GDP per capita (current US$),IM,Isle of Man,Europe & Central Asia,High income,Not classified,-4.47928,54.1509
4079,2016,82025.9454509241,GDP per capita (current US$),IM,Isle of Man,Europe & Central Asia,High income,Not classified,-4.47928,54.1509
4080,2025,60336.8477964194,GDP per capita (current US$),IL,Israel,"Middle East, North Africa, Afghanistan & Pakistan",High income,Not classified,35.2035,31.7717
4081,2024,54216.5218142787,GDP per capita (current US$),IL,Israel,"Middle East, North Africa, Afghanistan & Pakistan",High income,Not classified,35.2035,31.7717
4082,2023,52126.4489280033,GDP per capita (current US$),IL,Israel,"Middle East, North Africa, Afghanistan & Pakistan",High income,Not classified,35.2035,31.7717
4083,2022,54947.2091250715,GDP per capita (current US$),IL,Israel,"Middle East, North Africa, Afghanistan & Pakistan",High income,Not classified,35.2035,31.7717
4084,2021,52258.4693499398,GDP per capita (current US$),IL,Israel,"Middle East, North Africa, Afghanistan & Pakistan",High income,Not classified,35.2035,31.7717
4085,2020,44590.8237253282,GDP per capita (current US$),IL,Israel,"Middle East, North Africa, Afghanistan & Pakistan",High income,Not classified,35.2035,31.7717
4086,2019,44091.8678022544,GDP per capita (current US$),IL,Israel,"Middle East, North Africa, Afghanistan & Pakistan",High income,Not classified,35.2035,31.7717
4087,2018,42269.3770257585,GDP per capita (current US$),IL,Israel,"Middle East, North Africa, Afghanistan & Pakistan",High income,Not classified,35.2035,31.7717
4088,2017,41013.2575323519,GDP per capita (current US$),IL,Israel,"Middle East, North Africa, Afghanistan & Pakistan",High income,Not classified,35.2035,31.7717
4089,2016,37571.2561196275,GDP per capita (current US$),IL,Israel,"Middle East, North Africa, Afghanistan & Pakistan",High income,Not classified,35.2035,31.7717
4090,2025,43308.6403060733,GDP per capita (current US$),IT,Italy,Europe & Central Asia,High income,Not classified,12.4823,41.8955
4091,2024,40429.6224047352,GDP per capita (current US$),IT,Italy,Europe & Central Asia,High income,Not classified,12.4823,41.8955
4092,2023,39279.699782164,GDP per capita (current US$),IT,Italy,Europe & Central Asia,High income,Not classified,12.4823,41.8955
4093,2022,35653.9042103495,GDP per capita (current US$),IT,Italy,Europe & Central Asia,High income,Not classified,12.4823,41.8955
4094,2021,36852.5425414951,GDP per capita (current US$),IT,Italy,Europe & Central Asia,High income,Not classified,12.4823,41.8955
4095,2020,32091.4866621366,GDP per capita (current US$),IT,Italy,Europe & Central Asia,High income,Not classified,12.4823,41.8955
4096,2019,33812.788724868,GDP per capita (current US$),IT,Italy,Europe & Central Asia,High income,Not classified,12.4823,41.8955
4097,2018,35062.3364176949,GDP per capita (current US$),IT,Italy,Europe & Central Asia,High income,Not classified,12.4823,41.8955
4098,2017,32844.115660604,GDP per capita (current US$),IT,Italy,Europe & Central Asia,High income,Not classified,12.4823,41.8955
4099,2016,31391.5692898108,GDP per capita (current US$),IT,Italy,Europe & Central Asia,High income,Not classified,12.4823,41.8955
4100,2025,8002.92104076242,GDP per capita (current US$),JM,Jamaica,Latin America & Caribbean ,Upper middle income,IBRD,-76.792,17.9927
4101,2024,7753.8119527678,GDP per capita (current US$),JM,Jamaica,Latin America & Caribbean ,Upper middle income,IBRD,-76.792,17.9927
4102,2023,7542.39855849054,GDP per capita (current US$),JM,Jamaica,Latin America & Caribbean ,Upper middle income,IBRD,-76.792,17.9927
4103,2022,6626.47502388538,GDP per capita (current US$),JM,Jamaica,Latin America & Caribbean ,Upper middle income,IBRD,-76.792,17.9927
4104,2021,5625.67806271236,GDP per capita (current US$),JM,Jamaica,Latin America & Caribbean ,Upper middle income,IBRD,-76.792,17.9927
4105,2020,5299.04530804283,GDP per capita (current US$),JM,Jamaica,Latin America & Caribbean ,Upper middle income,IBRD,-76.792,17.9927
4106,2019,6030.68896415921,GDP per capita (current US$),JM,Jamaica,Latin America & Caribbean ,Upper middle income,IBRD,-76.792,17.9927
4107,2018,5976.90362644337,GDP per capita (current US$),JM,Jamaica,Latin America & Caribbean ,Upper middle income,IBRD,-76.792,17.9927
4108,2017,5605.43541173019,GDP per capita (current US$),JM,Jamaica,Latin America & Caribbean ,Upper middle income,IBRD,-76.792,17.9927
4109,2016,5302.29553353854,GDP per capita (current US$),JM,Jamaica,Latin America & Caribbean ,Upper middle income,IBRD,-76.792,17.9927
4110,2025,35951.0449549304,GDP per capita (current US$),JP,Japan,East Asia & Pacific,High income,Not classified,139.77,35.67
4111,2024,33797.1014287876,GDP per capita (current US$),JP,Japan,East Asia & Pacific,High income,Not classified,139.77,35.67
4112,2023,35215.003535366,GDP per capita (current US$),JP,Japan,East Asia & Pacific,High income,Not classified,139.77,35.67
4113,2022,35548.2645222433,GDP per capita (current US$),JP,Japan,East Asia & Pacific,High income,Not classified,139.77,35.67
4114,2021,41580.739040705,GDP per capita (current US$),JP,Japan,East Asia & Pacific,High income,Not classified,139.77,35.67
4115,2020,41098.9739004553,GDP per capita (current US$),JP,Japan,East Asia & Pacific,High income,Not classified,139.77,35.67
4116,2019,41424.8655601543,GDP per capita (current US$),JP,Japan,East Asia & Pacific,High income,Not classified,139.77,35.67
4117,2018,40645.478086519,GDP per capita (current US$),JP,Japan,East Asia & Pacific,High income,Not classified,139.77,35.67
4118,2017,39679.8635262948,GDP per capita (current US$),JP,Japan,East Asia & Pacific,High income,Not classified,139.77,35.67
4119,2016,40214.9688631562,GDP per capita (current US$),JP,Japan,East Asia & Pacific,High income,Not classified,139.77,35.67
4120,2025,5347.77731384797,GDP per capita (current US$),JO,Jordan,"Middle East, North Africa, Afghanistan & Pakistan",Upper middle income,IBRD,35.9263,31.9497
4121,2024,5073.92103605892,GDP per capita (current US$),JO,Jordan,"Middle East, North Africa, Afghanistan & Pakistan",Upper middle income,IBRD,35.9263,31.9497
4122,2023,4906.23543006639,GDP per capita (current US$),JO,Jordan,"Middle East, North Africa, Afghanistan & Pakistan",Upper middle income,IBRD,35.9263,31.9497
4123,2022,4754.41362207378,GDP per capita (current US$),JO,Jordan,"Middle East, North Africa, Afghanistan & Pakistan",Upper middle income,IBRD,35.9263,31.9497
4124,2021,4581.71967230365,GDP per capita (current US$),JO,Jordan,"Middle East, North Africa, Afghanistan & Pakistan",Upper middle income,IBRD,35.9263,31.9497
4125,2020,4411.48321838396,GDP per capita (current US$),JO,Jordan,"Middle East, North Africa, Afghanistan & Pakistan",Upper middle income,IBRD,35.9263,31.9497
4126,2019,4557.79334729121,GDP per capita (current US$),JO,Jordan,"Middle East, North Africa, Afghanistan & Pakistan",Upper middle income,IBRD,35.9263,31.9497
4127,2018,4533.97658437205,GDP per capita (current US$),JO,Jordan,"Middle East, North Africa, Afghanistan & Pakistan",Upper middle income,IBRD,35.9263,31.9497
4128,2017,4449.34618076611,GDP per capita (current US$),JO,Jordan,"Middle East, North Africa, Afghanistan & Pakistan",Upper middle income,IBRD,35.9263,31.9497
4129,2016,4366.06999647268,GDP per capita (current US$),JO,Jordan,"Middle East, North Africa, Afghanistan & Pakistan",Upper middle income,IBRD,35.9263,31.9497
4130,2025,14692.1331757237,GDP per capita (current US$),KZ,Kazakhstan,Europe & Central Asia,Upper middle income,IBRD,71.4382,51.1879
4131,2024,14154.6324958076,GDP per capita (current US$),KZ,Kazakhstan,Europe & Central Asia,Upper middle income,IBRD,71.4382,51.1879
4132,2023,12879.4275257974,GDP per capita (current US$),KZ,Kazakhstan,Europe & Central Asia,Upper middle income,IBRD,71.4382,51.1879
4133,2022,11255.3396437881,GDP per capita (current US$),KZ,Kazakhstan,Europe & Central Asia,Upper middle income,IBRD,71.4382,51.1879
4134,2021,9983.60103576902,GDP per capita (current US$),KZ,Kazakhstan,Europe & Central Asia,Upper middle income,IBRD,71.4382,51.1879
4135,2020,8781.50797787648,GDP per capita (current US$),KZ,Kazakhstan,Europe & Central Asia,Upper middle income,IBRD,71.4382,51.1879
4136,2019,9457.12614657136,GDP per capita (current US$),KZ,Kazakhstan,Europe & Central Asia,Upper middle income,IBRD,71.4382,51.1879
4137,2018,9472.48527327758,GDP per capita (current US$),KZ,Kazakhstan,Europe & Central Asia,Upper middle income,IBRD,71.4382,51.1879
4138,2017,8943.08416791984,GDP per capita (current US$),KZ,Kazakhstan,Europe & Central Asia,Upper middle income,IBRD,71.4382,51.1879
4139,2016,7475.56688689424,GDP per capita (current US$),KZ,Kazakhstan,Europe & Central Asia,Upper middle income,IBRD,71.4382,51.1879
4140,2025,2362.86091198611,GDP per capita (current US$),KE,Kenya,Sub-Saharan Africa ,Lower middle income,Blend,36.8126,-1.27975
4141,2024,2133.46193404026,GDP per capita (current US$),KE,Kenya,Sub-Saharan Africa ,Lower middle income,Blend,36.8126,-1.27975
4142,2023,1942.58802756191,GDP per capita (current US$),KE,Kenya,Sub-Saharan Africa ,Lower middle income,Blend,36.8126,-1.27975
4143,2022,2109.56288513137,GDP per capita (current US$),KE,Kenya,Sub-Saharan Africa ,Lower middle income,Blend,36.8126,-1.27975
4144,2021,2061.35622089594,GDP per capita (current US$),KE,Kenya,Sub-Saharan Africa ,Lower middle income,Blend,36.8126,-1.27975
4145,2020,1927.66459027849,GDP per capita (current US$),KE,Kenya,Sub-Saharan Africa ,Lower middle income,Blend,36.8126,-1.27975
4146,2019,1960.40808854893,GDP per capita (current US$),KE,Kenya,Sub-Saharan Africa ,Lower middle income,Blend,36.8126,-1.27975
4147,2018,1836.45275528993,GDP per capita (current US$),KE,Kenya,Sub-Saharan Africa ,Lower middle income,Blend,36.8126,-1.27975
4148,2017,1667.48447230835,GDP per capita (current US$),KE,Kenya,Sub-Saharan Africa ,Lower middle income,Blend,36.8126,-1.27975
4149,2016,1554.12610314423,GDP per capita (current US$),KE,Kenya,Sub-Saharan Africa ,Lower middle income,Blend,36.8126,-1.27975
4150,2025,2558.66636011102,GDP per capita (current US$),KI,Kiribati,East Asia & Pacific,Lower middle income,IDA,172.979,1.32905
4151,2024,2550.98377226188,GDP per capita (current US$),KI,Kiribati,East Asia & Pacific,Lower middle income,IDA,172.979,1.32905
4152,2023,2200.68918614289,GDP per capita (current US$),KI,Kiribati,East Asia & Pacific,Lower middle income,IDA,172.979,1.32905
4153,2022,2078.7648751855,GDP per capita (current US$),KI,Kiribati,East Asia & Pacific,Lower middle income,IDA,172.979,1.32905
4154,2021,2223.54147866465,GDP per capita (current US$),KI,Kiribati,East Asia & Pacific,Lower middle income,IDA,172.979,1.32905
4155,2020,1751.87199542272,GDP per capita (current US$),KI,Kiribati,East Asia & Pacific,Lower middle income,IDA,172.979,1.32905
4156,2019,1750.24040333237,GDP per capita (current US$),KI,Kiribati,East Asia & Pacific,Lower middle income,IDA,172.979,1.32905
4157,2018,1915.56002581991,GDP per capita (current US$),KI,Kiribati,East Asia & Pacific,Lower middle income,IDA,172.979,1.32905
4158,2017,1854.3326920967,GDP per capita (current US$),KI,Kiribati,East Asia & Pacific,Lower middle income,IDA,172.979,1.32905
4159,2016,1742.66799324117,GDP per capita (current US$),KI,Kiribati,East Asia & Pacific,Lower middle income,IDA,172.979,1.32905
4160,2025,,GDP per capita (current US$),KP,"Korea, Dem. People's Rep.",East Asia & Pacific,Low income,Not classified,125.754,39.0319
4161,2024,,GDP per capita (current US$),KP,"Korea, Dem. People's Rep.",East Asia & Pacific,Low income,Not classified,125.754,39.0319
4162,2023,,GDP per capita (current US$),KP,"Korea, Dem. People's Rep.",East Asia & Pacific,Low income,Not classified,125.754,39.0319
4163,2022,,GDP per capita (current US$),KP,"Korea, Dem. People's Rep.",East Asia & Pacific,Low income,Not classified,125.754,39.0319
4164,2021,,GDP per capita (current US$),KP,"Korea, Dem. People's Rep.",East Asia & Pacific,Low income,Not classified,125.754,39.0319
4165,2020,,GDP per capita (current US$),KP,"Korea, Dem. People's Rep.",East Asia & Pacific,Low income,Not classified,125.754,39.0319
4166,2019,,GDP per capita (current US$),KP,"Korea, Dem. People's Rep.",East Asia & Pacific,Low income,Not classified,125.754,39.0319
4167,2018,,GDP per capita (current US$),KP,"Korea, Dem. People's Rep.",East Asia & Pacific,Low income,Not classified,125.754,39.0319
4168,2017,,GDP per capita (current US$),KP,"Korea, Dem. People's Rep.",East Asia & Pacific,Low income,Not classified,125.754,39.0319
4169,2016,,GDP per capita (current US$),KP,"Korea, Dem. People's Rep.",East Asia & Pacific,Low income,Not classified,125.754,39.0319
4170,2025,36226.9663637512,GDP per capita (current US$),KR,"Korea, Rep.",East Asia & Pacific,High income,Not classified,126.957,37.5323
4171,2024,36238.639908315,GDP per capita (current US$),KR,"Korea, Rep.",East Asia & Pacific,High income,Not classified,126.957,37.5323
4172,2023,35674.095995632,GDP per capita (current US$),KR,"Korea, Rep.",East Asia & Pacific,High income,Not classified,126.957,37.5323
4173,2022,34822.4048404971,GDP per capita (current US$),KR,"Korea, Rep.",East Asia & Pacific,High income,Not classified,126.957,37.5323
4174,2021,37518.4635305697,GDP per capita (current US$),KR,"Korea, Rep.",East Asia & Pacific,High income,Not classified,126.957,37.5323
4175,2020,33645.7719545073,GDP per capita (current US$),KR,"Korea, Rep.",East Asia & Pacific,High income,Not classified,126.957,37.5323
4176,2019,33826.9443301597,GDP per capita (current US$),KR,"Korea, Rep.",East Asia & Pacific,High income,Not classified,126.957,37.5323
4177,2018,35363.9508228687,GDP per capita (current US$),KR,"Korea, Rep.",East Asia & Pacific,High income,Not classified,126.957,37.5323
4178,2017,33296.9845439195,GDP per capita (current US$),KR,"Korea, Rep.",East Asia & Pacific,High income,Not classified,126.957,37.5323
4179,2016,30832.0628072516,GDP per capita (current US$),KR,"Korea, Rep.",East Asia & Pacific,High income,Not classified,126.957,37.5323
4180,2025,7899.41841135202,GDP per capita (current US$),XK,Kosovo,Europe & Central Asia,Upper middle income,IDA,20.926,42.565
4181,2024,7026.6988128325,GDP per capita (current US$),XK,Kosovo,Europe & Central Asia,Upper middle income,IDA,20.926,42.565
4182,2023,6220.33213919344,GDP per capita (current US$),XK,Kosovo,Europe & Central Asia,Upper middle income,IDA,20.926,42.565
4183,2022,5298.1473871027,GDP per capita (current US$),XK,Kosovo,Europe & Central Asia,Upper middle income,IDA,20.926,42.565
4184,2021,5269.69946181439,GDP per capita (current US$),XK,Kosovo,Europe & Central Asia,Upper middle income,IDA,20.926,42.565
4185,2020,4320.58382547288,GDP per capita (current US$),XK,Kosovo,Europe & Central Asia,Upper middle income,IDA,20.926,42.565
4186,2019,4415.6992744623,GDP per capita (current US$),XK,Kosovo,Europe & Central Asia,Upper middle income,IDA,20.926,42.565
4187,2018,4384.18796440547,GDP per capita (current US$),XK,Kosovo,Europe & Central Asia,Upper middle income,IDA,20.926,42.565
4188,2017,4009.32022064732,GDP per capita (current US$),XK,Kosovo,Europe & Central Asia,Upper middle income,IDA,20.926,42.565
4189,2016,3759.44777525332,GDP per capita (current US$),XK,Kosovo,Europe & Central Asia,Upper middle income,IDA,20.926,42.565
4190,2025,32312.3119953634,GDP per capita (current US$),KW,Kuwait,"Middle East, North Africa, Afghanistan & Pakistan",High income,Not classified,47.9824,29.3721
4191,2024,32855.7209688827,GDP per capita (current US$),KW,Kuwait,"Middle East, North Africa, Afghanistan & Pakistan",High income,Not classified,47.9824,29.3721
4192,2023,34091.9714813002,GDP per capita (current US$),KW,Kuwait,"Middle East, North Africa, Afghanistan & Pakistan",High income,Not classified,47.9824,29.3721
4193,2022,39981.7691035833,GDP per capita (current US$),KW,Kuwait,"Middle East, North Africa, Afghanistan & Pakistan",High income,Not classified,47.9824,29.3721
4194,2021,34018.6342592913,GDP per capita (current US$),KW,Kuwait,"Middle East, North Africa, Afghanistan & Pakistan",High income,Not classified,47.9824,29.3721
4195,2020,25236.0755848941,GDP per capita (current US$),KW,Kuwait,"Middle East, North Africa, Afghanistan & Pakistan",High income,Not classified,47.9824,29.3721
4196,2019,31707.8737443551,GDP per capita (current US$),KW,Kuwait,"Middle East, North Africa, Afghanistan & Pakistan",High income,Not classified,47.9824,29.3721
4197,2018,32067.9623756889,GDP per capita (current US$),KW,Kuwait,"Middle East, North Africa, Afghanistan & Pakistan",High income,Not classified,47.9824,29.3721
4198,2017,29047.6536135703,GDP per capita (current US$),KW,Kuwait,"Middle East, North Africa, Afghanistan & Pakistan",High income,Not classified,47.9824,29.3721
4199,2016,27323.6890735517,GDP per capita (current US$),KW,Kuwait,"Middle East, North Africa, Afghanistan & Pakistan",High income,Not classified,47.9824,29.3721
4200,2025,3080.96893823359,GDP per capita (current US$),KG,Kyrgyz Republic,Europe & Central Asia,Lower middle income,IDA,74.6057,42.8851
4201,2024,2514.81066933171,GDP per capita (current US$),KG,Kyrgyz Republic,Europe & Central Asia,Lower middle income,IDA,74.6057,42.8851
4202,2023,2138.22210211478,GDP per capita (current US$),KG,Kyrgyz Republic,Europe & Central Asia,Lower middle income,IDA,74.6057,42.8851
4203,2022,1739.72018344174,GDP per capita (current US$),KG,Kyrgyz Republic,Europe & Central Asia,Lower middle income,IDA,74.6057,42.8851
4204,2021,1349.99730650542,GDP per capita (current US$),KG,Kyrgyz Republic,Europe & Central Asia,Lower middle income,IDA,74.6057,42.8851
4205,2020,1229.51766602907,GDP per capita (current US$),KG,Kyrgyz Republic,Europe & Central Asia,Lower middle income,IDA,74.6057,42.8851
4206,2019,1421.99927504102,GDP per capita (current US$),KG,Kyrgyz Republic,Europe & Central Asia,Lower middle income,IDA,74.6057,42.8851
4207,2018,1283.5203037417,GDP per capita (current US$),KG,Kyrgyz Republic,Europe & Central Asia,Lower middle income,IDA,74.6057,42.8851
4208,2017,1221.39046807082,GDP per capita (current US$),KG,Kyrgyz Republic,Europe & Central Asia,Lower middle income,IDA,74.6057,42.8851
4209,2016,1103.27489428412,GDP per capita (current US$),KG,Kyrgyz Republic,Europe & Central Asia,Lower middle income,IDA,74.6057,42.8851
4210,2025,2324.76353098791,GDP per capita (current US$),LA,Lao PDR,East Asia & Pacific,Lower middle income,IDA,102.177,18.5826
4211,2024,2123.97909415109,GDP per capita (current US$),LA,Lao PDR,East Asia & Pacific,Lower middle income,IDA,102.177,18.5826
4212,2023,2066.94979776957,GDP per capita (current US$),LA,Lao PDR,East Asia & Pacific,Lower middle income,IDA,102.177,18.5826
4213,2022,2046.40440255621,GDP per capita (current US$),LA,Lao PDR,East Asia & Pacific,Lower middle income,IDA,102.177,18.5826
4214,2021,2526.05105018529,GDP per capita (current US$),LA,Lao PDR,East Asia & Pacific,Lower middle income,IDA,102.177,18.5826
4215,2020,2583.77730696131,GDP per capita (current US$),LA,Lao PDR,East Asia & Pacific,Lower middle income,IDA,102.177,18.5826
4216,2019,2589.32081035237,GDP per capita (current US$),LA,Lao PDR,East Asia & Pacific,Lower middle income,IDA,102.177,18.5826
4217,2018,2545.1075420815,GDP per capita (current US$),LA,Lao PDR,East Asia & Pacific,Lower middle income,IDA,102.177,18.5826
4218,2017,2432.43059478511,GDP per capita (current US$),LA,Lao PDR,East Asia & Pacific,Lower middle income,IDA,102.177,18.5826
4219,2016,2303.22156035363,GDP per capita (current US$),LA,Lao PDR,East Asia & Pacific,Lower middle income,IDA,102.177,18.5826
4220,2025,26311.9730706362,GDP per capita (current US$),LV,Latvia,Europe & Central Asia,High income,Not classified,24.1048,56.9465
4221,2024,23578.9663562625,GDP per capita (current US$),LV,Latvia,Europe & Central Asia,High income,Not classified,24.1048,56.9465
4222,2023,22710.2637544197,GDP per capita (current US$),LV,Latvia,Europe & Central Asia,High income,Not classified,24.1048,56.9465
4223,2022,20221.103686109,GDP per capita (current US$),LV,Latvia,Europe & Central Asia,High income,Not classified,24.1048,56.9465
4224,2021,20261.8887788916,GDP per capita (current US$),LV,Latvia,Europe & Central Asia,High income,Not classified,24.1048,56.9465
4225,2020,17564.2321549354,GDP per capita (current US$),LV,Latvia,Europe & Central Asia,High income,Not classified,24.1048,56.9465
4226,2019,17294.9751600969,GDP per capita (current US$),LV,Latvia,Europe & Central Asia,High income,Not classified,24.1048,56.9465
4227,2018,17252.1710428626,GDP per capita (current US$),LV,Latvia,Europe & Central Asia,High income,Not classified,24.1048,56.9465
4228,2017,15132.4958333982,GDP per capita (current US$),LV,Latvia,Europe & Central Asia,High income,Not classified,24.1048,56.9465
4229,2016,13838.5266823272,GDP per capita (current US$),LV,Latvia,Europe & Central Asia,High income,Not classified,24.1048,56.9465
4230,2025,,GDP per capita (current US$),LB,Lebanon,"Middle East, North Africa, Afghanistan & Pakistan",Lower middle income,IBRD,35.5134,33.8872
4231,2024,4473.27134441128,GDP per capita (current US$),LB,Lebanon,"Middle East, North Africa, Afghanistan & Pakistan",Lower middle income,IBRD,35.5134,33.8872
4232,2023,3477.72489842684,GDP per capita (current US$),LB,Lebanon,"Middle East, North Africa, Afghanistan & Pakistan",Lower middle income,IBRD,35.5134,33.8872
4233,2022,3654.35845534878,GDP per capita (current US$),LB,Lebanon,"Middle East, North Africa, Afghanistan & Pakistan",Lower middle income,IBRD,35.5134,33.8872
4234,2021,4045.37391066234,GDP per capita (current US$),LB,Lebanon,"Middle East, North Africa, Afghanistan & Pakistan",Lower middle income,IBRD,35.5134,33.8872
4235,2020,5561.19166950397,GDP per capita (current US$),LB,Lebanon,"Middle East, North Africa, Afghanistan & Pakistan",Lower middle income,IBRD,35.5134,33.8872
4236,2019,8905.88005497437,GDP per capita (current US$),LB,Lebanon,"Middle East, North Africa, Afghanistan & Pakistan",Lower middle income,IBRD,35.5134,33.8872
4237,2018,9174.53666204759,GDP per capita (current US$),LB,Lebanon,"Middle East, North Africa, Afghanistan & Pakistan",Lower middle income,IBRD,35.5134,33.8872
4238,2017,8608.21084982387,GDP per capita (current US$),LB,Lebanon,"Middle East, North Africa, Afghanistan & Pakistan",Lower middle income,IBRD,35.5134,33.8872
4239,2016,8089.012088155,GDP per capita (current US$),LB,Lebanon,"Middle East, North Africa, Afghanistan & Pakistan",Lower middle income,IBRD,35.5134,33.8872
4240,2025,1088.96276223185,GDP per capita (current US$),LS,Lesotho,Sub-Saharan Africa ,Lower middle income,IDA,27.7167,-29.5208
4241,2024,1023.04227681523,GDP per capita (current US$),LS,Lesotho,Sub-Saharan Africa ,Lower middle income,IDA,27.7167,-29.5208
4242,2023,921.435141557056,GDP per capita (current US$),LS,Lesotho,Sub-Saharan Africa ,Lower middle income,IDA,27.7167,-29.5208
4243,2022,1030.12582947757,GDP per capita (current US$),LS,Lesotho,Sub-Saharan Africa ,Lower middle income,IDA,27.7167,-29.5208
4244,2021,1066.58645143823,GDP per capita (current US$),LS,Lesotho,Sub-Saharan Africa ,Lower middle income,IDA,27.7167,-29.5208
4245,2020,918.582574704447,GDP per capita (current US$),LS,Lesotho,Sub-Saharan Africa ,Lower middle income,IDA,27.7167,-29.5208
4246,2019,1082.05706777516,GDP per capita (current US$),LS,Lesotho,Sub-Saharan Africa ,Lower middle income,IDA,27.7167,-29.5208
4247,2018,1170.65569702819,GDP per capita (current US$),LS,Lesotho,Sub-Saharan Africa ,Lower middle income,IDA,27.7167,-29.5208
4248,2017,1069.36673247542,GDP per capita (current US$),LS,Lesotho,Sub-Saharan Africa ,Lower middle income,IDA,27.7167,-29.5208
4249,2016,992.491840678465,GDP per capita (current US$),LS,Lesotho,Sub-Saharan Africa ,Lower middle income,IDA,27.7167,-29.5208
4250,2025,915.328972645548,GDP per capita (current US$),LR,Liberia,Sub-Saharan Africa ,Low income,IDA,-10.7957,6.30039
4251,2024,851.497723870206,GDP per capita (current US$),LR,Liberia,Sub-Saharan Africa ,Low income,IDA,-10.7957,6.30039
4252,2023,799.194470229642,GDP per capita (current US$),LR,Liberia,Sub-Saharan Africa ,Low income,IDA,-10.7957,6.30039
4253,2022,744.617175237387,GDP per capita (current US$),LR,Liberia,Sub-Saharan Africa ,Low income,IDA,-10.7957,6.30039
4254,2021,667.96610514319,GDP per capita (current US$),LR,Liberia,Sub-Saharan Africa ,Low income,IDA,-10.7957,6.30039
4255,2020,616.787867006715,GDP per capita (current US$),LR,Liberia,Sub-Saharan Africa ,Low income,IDA,-10.7957,6.30039
4256,2019,658.164180770507,GDP per capita (current US$),LR,Liberia,Sub-Saharan Africa ,Low income,IDA,-10.7957,6.30039
4257,2018,692.203127129794,GDP per capita (current US$),LR,Liberia,Sub-Saharan Africa ,Low income,IDA,-10.7957,6.30039
4258,2017,699.269095727404,GDP per capita (current US$),LR,Liberia,Sub-Saharan Africa ,Low income,IDA,-10.7957,6.30039
4259,2016,714.613063145659,GDP per capita (current US$),LR,Liberia,Sub-Saharan Africa ,Low income,IDA,-10.7957,6.30039
4260,2025,6448.82415074121,GDP per capita (current US$),LY,Libya,"Middle East, North Africa, Afghanistan & Pakistan",Upper middle income,IBRD,13.1072,32.8578
4261,2024,6569.16408678648,GDP per capita (current US$),LY,Libya,"Middle East, North Africa, Afghanistan & Pakistan",Upper middle income,IBRD,13.1072,32.8578
4262,2023,6026.51518708812,GDP per capita (current US$),LY,Libya,"Middle East, North Africa, Afghanistan & Pakistan",Upper middle income,IBRD,13.1072,32.8578
4263,2022,5986.63694851258,GDP per capita (current US$),LY,Libya,"Middle East, North Africa, Afghanistan & Pakistan",Upper middle income,IBRD,13.1072,32.8578
4264,2021,4935.82787349801,GDP per capita (current US$),LY,Libya,"Middle East, North Africa, Afghanistan & Pakistan",Upper middle income,IBRD,13.1072,32.8578
4265,2020,6650.33810585348,GDP per capita (current US$),LY,Libya,"Middle East, North Africa, Afghanistan & Pakistan",Upper middle income,IBRD,13.1072,32.8578
4266,2019,9963.19489084483,GDP per capita (current US$),LY,Libya,"Middle East, North Africa, Afghanistan & Pakistan",Upper middle income,IBRD,13.1072,32.8578
4267,2018,11196.5854810844,GDP per capita (current US$),LY,Libya,"Middle East, North Africa, Afghanistan & Pakistan",Upper middle income,IBRD,13.1072,32.8578
4268,2017,9965.83236729757,GDP per capita (current US$),LY,Libya,"Middle East, North Africa, Afghanistan & Pakistan",Upper middle income,IBRD,13.1072,32.8578
4269,2016,7525.80299308216,GDP per capita (current US$),LY,Libya,"Middle East, North Africa, Afghanistan & Pakistan",Upper middle income,IBRD,13.1072,32.8578
4270,2025,,GDP per capita (current US$),LI,Liechtenstein,Europe & Central Asia,High income,Not classified,9.52148,47.1411
4271,2024,220167.225473557,GDP per capita (current US$),LI,Liechtenstein,Europe & Central Asia,High income,Not classified,9.52148,47.1411
4272,2023,206780.590353385,GDP per capita (current US$),LI,Liechtenstein,Europe & Central Asia,High income,Not classified,9.52148,47.1411
4273,2022,188055.003235348,GDP per capita (current US$),LI,Liechtenstein,Europe & Central Asia,High income,Not classified,9.52148,47.1411
4274,2021,201944.830335076,GDP per capita (current US$),LI,Liechtenstein,Europe & Central Asia,High income,Not classified,9.52148,47.1411
4275,2020,164671.093553454,GDP per capita (current US$),LI,Liechtenstein,Europe & Central Asia,High income,Not classified,9.52148,47.1411
4276,2019,166907.839305016,GDP per capita (current US$),LI,Liechtenstein,Europe & Central Asia,High income,Not classified,9.52148,47.1411
4277,2018,174988.775083446,GDP per capita (current US$),LI,Liechtenstein,Europe & Central Asia,High income,Not classified,9.52148,47.1411
4278,2017,170547.092298954,GDP per capita (current US$),LI,Liechtenstein,Europe & Central Asia,High income,Not classified,9.52148,47.1411
4279,2016,165375.491396259,GDP per capita (current US$),LI,Liechtenstein,Europe & Central Asia,High income,Not classified,9.52148,47.1411
4280,2025,32958.6706396386,GDP per capita (current US$),LT,Lithuania,Europe & Central Asia,High income,Not classified,25.2799,54.6896
4281,2024,29603.7772588256,GDP per capita (current US$),LT,Lithuania,Europe & Central Asia,High income,Not classified,25.2799,54.6896
4282,2023,27983.3658256887,GDP per capita (current US$),LT,Lithuania,Europe & Central Asia,High income,Not classified,25.2799,54.6896
4283,2022,24946.5724005188,GDP per capita (current US$),LT,Lithuania,Europe & Central Asia,High income,Not classified,25.2799,54.6896
4284,2021,23882.8668916753,GDP per capita (current US$),LT,Lithuania,Europe & Central Asia,High income,Not classified,25.2799,54.6896
4285,2020,20428.6478157394,GDP per capita (current US$),LT,Lithuania,Europe & Central Asia,High income,Not classified,25.2799,54.6896
4286,2019,19608.7943945553,GDP per capita (current US$),LT,Lithuania,Europe & Central Asia,High income,Not classified,25.2799,54.6896
4287,2018,19247.2315367967,GDP per capita (current US$),LT,Lithuania,Europe & Central Asia,High income,Not classified,25.2799,54.6896
4288,2017,16800.1510246099,GDP per capita (current US$),LT,Lithuania,Europe & Central Asia,High income,Not classified,25.2799,54.6896
4289,2016,14934.2702840428,GDP per capita (current US$),LT,Lithuania,Europe & Central Asia,High income,Not classified,25.2799,54.6896
4290,2025,147252.179121515,GDP per capita (current US$),LU,Luxembourg,Europe & Central Asia,High income,Not classified,6.1296,49.61
4291,2024,137781.681659123,GDP per capita (current US$),LU,Luxembourg,Europe & Central Asia,High income,Not classified,6.1296,49.61
4292,2023,133230.619178899,GDP per capita (current US$),LU,Luxembourg,Europe & Central Asia,High income,Not classified,6.1296,49.61
4293,2022,123719.658915996,GDP per capita (current US$),LU,Luxembourg,Europe & Central Asia,High income,Not classified,6.1296,49.61
4294,2021,134965.815442152,GDP per capita (current US$),LU,Luxembourg,Europe & Central Asia,High income,Not classified,6.1296,49.61
4295,2020,116860.02817236,GDP per capita (current US$),LU,Luxembourg,Europe & Central Asia,High income,Not classified,6.1296,49.61
4296,2019,112696.649059674,GDP per capita (current US$),LU,Luxembourg,Europe & Central Asia,High income,Not classified,6.1296,49.61
4297,2018,116926.759593905,GDP per capita (current US$),LU,Luxembourg,Europe & Central Asia,High income,Not classified,6.1296,49.61
4298,2017,110193.213797228,GDP per capita (current US$),LU,Luxembourg,Europe & Central Asia,High income,Not classified,6.1296,49.61
4299,2016,106899.293549552,GDP per capita (current US$),LU,Luxembourg,Europe & Central Asia,High income,Not classified,6.1296,49.61
4300,2025,75901.7461294198,GDP per capita (current US$),MO,"Macao SAR, China",East Asia & Pacific,High income,Not classified,113.55,22.1667
4301,2024,72004.7437020733,GDP per capita (current US$),MO,"Macao SAR, China",East Asia & Pacific,High income,Not classified,113.55,22.1667
4302,2023,67216.3631112124,GDP per capita (current US$),MO,"Macao SAR, China",East Asia & Pacific,High income,Not classified,113.55,22.1667
4303,2022,36806.891255461,GDP per capita (current US$),MO,"Macao SAR, China",East Asia & Pacific,High income,Not classified,113.55,22.1667
4304,2021,44884.8961602393,GDP per capita (current US$),MO,"Macao SAR, China",East Asia & Pacific,High income,Not classified,113.55,22.1667
4305,2020,36883.6652578543,GDP per capita (current US$),MO,"Macao SAR, China",East Asia & Pacific,High income,Not classified,113.55,22.1667
4306,2019,81882.6964523869,GDP per capita (current US$),MO,"Macao SAR, China",East Asia & Pacific,High income,Not classified,113.55,22.1667
4307,2018,83588.2875009014,GDP per capita (current US$),MO,"Macao SAR, China",East Asia & Pacific,High income,Not classified,113.55,22.1667
4308,2017,77570.9876166977,GDP per capita (current US$),MO,"Macao SAR, China",East Asia & Pacific,High income,Not classified,113.55,22.1667
4309,2016,68911.6755919628,GDP per capita (current US$),MO,"Macao SAR, China",East Asia & Pacific,High income,Not classified,113.55,22.1667
4310,2025,599.265294255357,GDP per capita (current US$),MG,Madagascar,Sub-Saharan Africa ,Low income,IDA,45.7167,-20.4667
4311,2024,550.37875528856,GDP per capita (current US$),MG,Madagascar,Sub-Saharan Africa ,Low income,IDA,45.7167,-20.4667
4312,2023,514.064076551927,GDP per capita (current US$),MG,Madagascar,Sub-Saharan Africa ,Low income,IDA,45.7167,-20.4667
4313,2022,504.059106969168,GDP per capita (current US$),MG,Madagascar,Sub-Saharan Africa ,Low income,IDA,45.7167,-20.4667
4314,2021,483.469463351195,GDP per capita (current US$),MG,Madagascar,Sub-Saharan Africa ,Low income,IDA,45.7167,-20.4667
4315,2020,450.771615205157,GDP per capita (current US$),MG,Madagascar,Sub-Saharan Africa ,Low income,IDA,45.7167,-20.4667
4316,2019,499.818837622534,GDP per capita (current US$),MG,Madagascar,Sub-Saharan Africa ,Low income,IDA,45.7167,-20.4667
4317,2018,500.45718552916,GDP per capita (current US$),MG,Madagascar,Sub-Saharan Africa ,Low income,IDA,45.7167,-20.4667
4318,2017,491.866848718929,GDP per capita (current US$),MG,Madagascar,Sub-Saharan Africa ,Low income,IDA,45.7167,-20.4667
4319,2016,453.970714522463,GDP per capita (current US$),MG,Madagascar,Sub-Saharan Africa ,Low income,IDA,45.7167,-20.4667
4320,2025,671.506847203876,GDP per capita (current US$),MW,Malawi,Sub-Saharan Africa ,Low income,IDA,33.7703,-13.9899
4321,2024,522.365366146003,GDP per capita (current US$),MW,Malawi,Sub-Saharan Africa ,Low income,IDA,33.7703,-13.9899
4322,2023,633.214767978695,GDP per capita (current US$),MW,Malawi,Sub-Saharan Africa ,Low income,IDA,33.7703,-13.9899
4323,2022,604.269740360317,GDP per capita (current US$),MW,Malawi,Sub-Saharan Africa ,Low income,IDA,33.7703,-13.9899
4324,2021,617.446994451007,GDP per capita (current US$),MW,Malawi,Sub-Saharan Africa ,Low income,IDA,33.7703,-13.9899
4325,2020,602.507478176106,GDP per capita (current US$),MW,Malawi,Sub-Saharan Africa ,Low income,IDA,33.7703,-13.9899
4326,2019,580.889139762475,GDP per capita (current US$),MW,Malawi,Sub-Saharan Africa ,Low income,IDA,33.7703,-13.9899
4327,2018,533.202567189331,GDP per capita (current US$),MW,Malawi,Sub-Saharan Africa ,Low income,IDA,33.7703,-13.9899
4328,2017,495.769683367165,GDP per capita (current US$),MW,Malawi,Sub-Saharan Africa ,Low income,IDA,33.7703,-13.9899
4329,2016,450.506105510719,GDP per capita (current US$),MW,Malawi,Sub-Saharan Africa ,Low income,IDA,33.7703,-13.9899
4330,2025,13124.5554178269,GDP per capita (current US$),MY,Malaysia,East Asia & Pacific,Upper middle income,IBRD,101.684,3.12433
4331,2024,11874.4273684245,GDP per capita (current US$),MY,Malaysia,East Asia & Pacific,Upper middle income,IBRD,101.684,3.12433
4332,2023,11386.0395636528,GDP per capita (current US$),MY,Malaysia,East Asia & Pacific,Upper middle income,IBRD,101.684,3.12433
4333,2022,11754.5678336248,GDP per capita (current US$),MY,Malaysia,East Asia & Pacific,Upper middle income,IBRD,101.684,3.12433
4334,2021,10903.1037480772,GDP per capita (current US$),MY,Malaysia,East Asia & Pacific,Upper middle income,IBRD,101.684,3.12433
4335,2020,9957.52626697613,GDP per capita (current US$),MY,Malaysia,East Asia & Pacific,Upper middle income,IBRD,101.684,3.12433
4336,2019,10920.191763972,GDP per capita (current US$),MY,Malaysia,East Asia & Pacific,Upper middle income,IBRD,101.684,3.12433
4337,2018,10901.8019954421,GDP per capita (current US$),MY,Malaysia,East Asia & Pacific,Upper middle income,IBRD,101.684,3.12433
4338,2017,9862.54806612235,GDP per capita (current US$),MY,Malaysia,East Asia & Pacific,Upper middle income,IBRD,101.684,3.12433
4339,2016,9476.53409809923,GDP per capita (current US$),MY,Malaysia,East Asia & Pacific,Upper middle income,IBRD,101.684,3.12433
4340,2025,14614.7208116541,GDP per capita (current US$),MV,Maldives,South Asia,Upper middle income,IDA,73.5109,4.1742
4341,2024,13379.3513577224,GDP per capita (current US$),MV,Maldives,South Asia,Upper middle income,IDA,73.5109,4.1742
4342,2023,12587.6126038651,GDP per capita (current US$),MV,Maldives,South Asia,Upper middle income,IDA,73.5109,4.1742
4343,2022,11786.0191492983,GDP per capita (current US$),MV,Maldives,South Asia,Upper middle income,IDA,73.5109,4.1742
4344,2021,10176.143882547,GDP per capita (current US$),MV,Maldives,South Asia,Upper middle income,IDA,73.5109,4.1742
4345,2020,7393.8886543933,GDP per capita (current US$),MV,Maldives,South Asia,Upper middle income,IDA,73.5109,4.1742
4346,2019,11740.2724029785,GDP per capita (current US$),MV,Maldives,South Asia,Upper middle income,IDA,73.5109,4.1742
4347,2018,11423.2838427029,GDP per capita (current US$),MV,Maldives,South Asia,Upper middle income,IDA,73.5109,4.1742
4348,2017,10509.628805812,GDP per capita (current US$),MV,Maldives,South Asia,Upper middle income,IDA,73.5109,4.1742
4349,2016,9947.80744731739,GDP per capita (current US$),MV,Maldives,South Asia,Upper middle income,IDA,73.5109,4.1742
4350,2025,1193.27601004701,GDP per capita (current US$),ML,Mali,Sub-Saharan Africa ,Low income,IDA,-7.50034,13.5667
4351,2024,1093.2523323649,GDP per capita (current US$),ML,Mali,Sub-Saharan Africa ,Low income,IDA,-7.50034,13.5667
4352,2023,1042.44223444837,GDP per capita (current US$),ML,Mali,Sub-Saharan Africa ,Low income,IDA,-7.50034,13.5667
4353,2022,976.914116406452,GDP per capita (current US$),ML,Mali,Sub-Saharan Africa ,Low income,IDA,-7.50034,13.5667
4354,2021,1027.27345365357,GDP per capita (current US$),ML,Mali,Sub-Saharan Africa ,Low income,IDA,-7.50034,13.5667
4355,2020,953.242943290974,GDP per capita (current US$),ML,Mali,Sub-Saharan Africa ,Low income,IDA,-7.50034,13.5667
4356,2019,971.949318638092,GDP per capita (current US$),ML,Mali,Sub-Saharan Africa ,Low income,IDA,-7.50034,13.5667
4357,2018,996.379292136901,GDP per capita (current US$),ML,Mali,Sub-Saharan Africa ,Low income,IDA,-7.50034,13.5667
4358,2017,924.057531692284,GDP per capita (current US$),ML,Mali,Sub-Saharan Africa ,Low income,IDA,-7.50034,13.5667
4359,2016,872.468587171653,GDP per capita (current US$),ML,Mali,Sub-Saharan Africa ,Low income,IDA,-7.50034,13.5667
4360,2025,47906.9000057635,GDP per capita (current US$),MT,Malta,"Middle East, North Africa, Afghanistan & Pakistan",High income,Not classified,14.5189,35.9042
4361,2024,44023.6341078148,GDP per capita (current US$),MT,Malta,"Middle East, North Africa, Afghanistan & Pakistan",High income,Not classified,14.5189,35.9042
4362,2023,40932.5238774461,GDP per capita (current US$),MT,Malta,"Middle East, North Africa, Afghanistan & Pakistan",High income,Not classified,14.5189,35.9042
4363,2022,35658.8318250199,GDP per capita (current US$),MT,Malta,"Middle East, North Africa, Afghanistan & Pakistan",High income,Not classified,14.5189,35.9042
4364,2021,38078.0064279067,GDP per capita (current US$),MT,Malta,"Middle East, North Africa, Afghanistan & Pakistan",High income,Not classified,14.5189,35.9042
4365,2020,31823.422001724,GDP per capita (current US$),MT,Malta,"Middle East, North Africa, Afghanistan & Pakistan",High income,Not classified,14.5189,35.9042
4366,2019,32421.9087471186,GDP per capita (current US$),MT,Malta,"Middle East, North Africa, Afghanistan & Pakistan",High income,Not classified,14.5189,35.9042
4367,2018,33382.280781103,GDP per capita (current US$),MT,Malta,"Middle East, North Africa, Afghanistan & Pakistan",High income,Not classified,14.5189,35.9042
4368,2017,30317.2611769875,GDP per capita (current US$),MT,Malta,"Middle East, North Africa, Afghanistan & Pakistan",High income,Not classified,14.5189,35.9042
4369,2016,26459.0644285369,GDP per capita (current US$),MT,Malta,"Middle East, North Africa, Afghanistan & Pakistan",High income,Not classified,14.5189,35.9042
4370,2025,8489.05793506422,GDP per capita (current US$),MH,Marshall Islands,East Asia & Pacific,Upper middle income,IDA,171.135,7.11046
4371,2024,7590.28443592202,GDP per capita (current US$),MH,Marshall Islands,East Asia & Pacific,Upper middle income,IDA,171.135,7.11046
4372,2023,6799.39217554794,GDP per capita (current US$),MH,Marshall Islands,East Asia & Pacific,Upper middle income,IDA,171.135,7.11046
4373,2022,6455.6603538189,GDP per capita (current US$),MH,Marshall Islands,East Asia & Pacific,Upper middle income,IDA,171.135,7.11046
4374,2021,6315.31172190393,GDP per capita (current US$),MH,Marshall Islands,East Asia & Pacific,Upper middle income,IDA,171.135,7.11046
4375,2020,5661.96787336674,GDP per capita (current US$),MH,Marshall Islands,East Asia & Pacific,Upper middle income,IDA,171.135,7.11046
4376,2019,5292.33985502306,GDP per capita (current US$),MH,Marshall Islands,East Asia & Pacific,Upper middle income,IDA,171.135,7.11046
4377,2018,4858.12079054875,GDP per capita (current US$),MH,Marshall Islands,East Asia & Pacific,Upper middle income,IDA,171.135,7.11046
4378,2017,4592.83457628576,GDP per capita (current US$),MH,Marshall Islands,East Asia & Pacific,Upper middle income,IDA,171.135,7.11046
4379,2016,4229.80988911945,GDP per capita (current US$),MH,Marshall Islands,East Asia & Pacific,Upper middle income,IDA,171.135,7.11046
4380,2025,2197.51046251309,GDP per capita (current US$),MR,Mauritania,Sub-Saharan Africa ,Lower middle income,IDA,-15.9824,18.2367
4381,2024,2104.54260769051,GDP per capita (current US$),MR,Mauritania,Sub-Saharan Africa ,Lower middle income,IDA,-15.9824,18.2367
4382,2023,2127.9576285973,GDP per capita (current US$),MR,Mauritania,Sub-Saharan Africa ,Lower middle income,IDA,-15.9824,18.2367
4383,2022,1961.28166648869,GDP per capita (current US$),MR,Mauritania,Sub-Saharan Africa ,Lower middle income,IDA,-15.9824,18.2367
4384,2021,1947.47413907209,GDP per capita (current US$),MR,Mauritania,Sub-Saharan Africa ,Lower middle income,IDA,-15.9824,18.2367
4385,2020,1795.72437324423,GDP per capita (current US$),MR,Mauritania,Sub-Saharan Africa ,Lower middle income,IDA,-15.9824,18.2367
4386,2019,1767.072710621,GDP per capita (current US$),MR,Mauritania,Sub-Saharan Africa ,Lower middle income,IDA,-15.9824,18.2367
4387,2018,1723.37809442655,GDP per capita (current US$),MR,Mauritania,Sub-Saharan Africa ,Lower middle income,IDA,-15.9824,18.2367
4388,2017,1617.93401542267,GDP per capita (current US$),MR,Mauritania,Sub-Saharan Africa ,Lower middle income,IDA,-15.9824,18.2367
4389,2016,1568.00551190332,GDP per capita (current US$),MR,Mauritania,Sub-Saharan Africa ,Lower middle income,IDA,-15.9824,18.2367
4390,2025,12991.2935987166,GDP per capita (current US$),MU,Mauritius,Sub-Saharan Africa ,Upper middle income,IBRD,57.4977,-20.1605
4391,2024,11990.9355434317,GDP per capita (current US$),MU,Mauritius,Sub-Saharan Africa ,Upper middle income,IBRD,57.4977,-20.1605
4392,2023,11269.9684462139,GDP per capita (current US$),MU,Mauritius,Sub-Saharan Africa ,Upper middle income,IBRD,57.4977,-20.1605
4393,2022,10246.5017455553,GDP per capita (current US$),MU,Mauritius,Sub-Saharan Africa ,Upper middle income,IBRD,57.4977,-20.1605
4394,2021,9177.71195973013,GDP per capita (current US$),MU,Mauritius,Sub-Saharan Africa ,Upper middle income,IBRD,57.4977,-20.1605
4395,2020,9135.84773751062,GDP per capita (current US$),MU,Mauritius,Sub-Saharan Africa ,Upper middle income,IBRD,57.4977,-20.1605
4396,2019,11568.2533399824,GDP per capita (current US$),MU,Mauritius,Sub-Saharan Africa ,Upper middle income,IBRD,57.4977,-20.1605
4397,2018,11818.7480619272,GDP per capita (current US$),MU,Mauritius,Sub-Saharan Africa ,Upper middle income,IBRD,57.4977,-20.1605
4398,2017,10986.7034093005,GDP per capita (current US$),MU,Mauritius,Sub-Saharan Africa ,Upper middle income,IBRD,57.4977,-20.1605
4399,2016,10095.1225574156,GDP per capita (current US$),MU,Mauritius,Sub-Saharan Africa ,Upper middle income,IBRD,57.4977,-20.1605
4400,2025,13889.2339628708,GDP per capita (current US$),MX,Mexico,Latin America & Caribbean ,Upper middle income,IBRD,-99.1276,19.427
4401,2024,13988.0423745241,GDP per capita (current US$),MX,Mexico,Latin America & Caribbean ,Upper middle income,IBRD,-99.1276,19.427
4402,2023,13830.843848864,GDP per capita (current US$),MX,Mexico,Latin America & Caribbean ,Upper middle income,IBRD,-99.1276,19.427
4403,2022,11405.7940469896,GDP per capita (current US$),MX,Mexico,Latin America & Caribbean ,Upper middle income,IBRD,-99.1276,19.427
4404,2021,10314.0506733708,GDP per capita (current US$),MX,Mexico,Latin America & Caribbean ,Upper middle income,IBRD,-99.1276,19.427
4405,2020,8841.27074929751,GDP per capita (current US$),MX,Mexico,Latin America & Caribbean ,Upper middle income,IBRD,-99.1276,19.427
4406,2019,10369.5553593527,GDP per capita (current US$),MX,Mexico,Latin America & Caribbean ,Upper middle income,IBRD,-99.1276,19.427
4407,2018,10084.7937570364,GDP per capita (current US$),MX,Mexico,Latin America & Caribbean ,Upper middle income,IBRD,-99.1276,19.427
4408,2017,9649.27816729586,GDP per capita (current US$),MX,Mexico,Latin America & Caribbean ,Upper middle income,IBRD,-99.1276,19.427
4409,2016,9097.92397674769,GDP per capita (current US$),MX,Mexico,Latin America & Caribbean ,Upper middle income,IBRD,-99.1276,19.427
4410,2025,4414.00737137479,GDP per capita (current US$),FM,"Micronesia, Fed. Sts.",East Asia & Pacific,Upper middle income,IDA,158.185,6.91771
4411,2024,4251.69052668788,GDP per capita (current US$),FM,"Micronesia, Fed. Sts.",East Asia & Pacific,Upper middle income,IDA,158.185,6.91771
4412,2023,3933.01607031874,GDP per capita (current US$),FM,"Micronesia, Fed. Sts.",East Asia & Pacific,Upper middle income,IDA,158.185,6.91771
4413,2022,3703.66680343222,GDP per capita (current US$),FM,"Micronesia, Fed. Sts.",East Asia & Pacific,Upper middle income,IDA,158.185,6.91771
4414,2021,3508.22314197664,GDP per capita (current US$),FM,"Micronesia, Fed. Sts.",East Asia & Pacific,Upper middle income,IDA,158.185,6.91771
4415,2020,3362.02802120524,GDP per capita (current US$),FM,"Micronesia, Fed. Sts.",East Asia & Pacific,Upper middle income,IDA,158.185,6.91771
4416,2019,3581.72684572278,GDP per capita (current US$),FM,"Micronesia, Fed. Sts.",East Asia & Pacific,Upper middle income,IDA,158.185,6.91771
4417,2018,3584.78377566896,GDP per capita (current US$),FM,"Micronesia, Fed. Sts.",East Asia & Pacific,Upper middle income,IDA,158.185,6.91771
4418,2017,3297.37580036719,GDP per capita (current US$),FM,"Micronesia, Fed. Sts.",East Asia & Pacific,Upper middle income,IDA,158.185,6.91771
4419,2016,2997.93719917488,GDP per capita (current US$),FM,"Micronesia, Fed. Sts.",East Asia & Pacific,Upper middle income,IDA,158.185,6.91771
4420,2025,8621.71721623786,GDP per capita (current US$),MD,Moldova,Europe & Central Asia,Upper middle income,IBRD,28.8497,47.0167
4421,2024,7578.90216348853,GDP per capita (current US$),MD,Moldova,Europe & Central Asia,Upper middle income,IBRD,28.8497,47.0167
4422,2023,6799.58594644576,GDP per capita (current US$),MD,Moldova,Europe & Central Asia,Upper middle income,IBRD,28.8497,47.0167
4423,2022,5744.29618434435,GDP per capita (current US$),MD,Moldova,Europe & Central Asia,Upper middle income,IBRD,28.8497,47.0167
4424,2021,5274.60582195352,GDP per capita (current US$),MD,Moldova,Europe & Central Asia,Upper middle income,IBRD,28.8497,47.0167
4425,2020,4375.7788930524,GDP per capita (current US$),MD,Moldova,Europe & Central Asia,Upper middle income,IBRD,28.8497,47.0167
4426,2019,4405.33418162155,GDP per capita (current US$),MD,Moldova,Europe & Central Asia,Upper middle income,IBRD,28.8497,47.0167
4427,2018,4156.44981956646,GDP per capita (current US$),MD,Moldova,Europe & Central Asia,Upper middle income,IBRD,28.8497,47.0167
4428,2017,3453.26727720294,GDP per capita (current US$),MD,Moldova,Europe & Central Asia,Upper middle income,IBRD,28.8497,47.0167
4429,2016,2847.08794770479,GDP per capita (current US$),MD,Moldova,Europe & Central Asia,Upper middle income,IBRD,28.8497,47.0167
4430,2025,,GDP per capita (current US$),MC,Monaco,Europe & Central Asia,High income,Not classified,7.41891,43.7325
4431,2024,288001.574856495,GDP per capita (current US$),MC,Monaco,Europe & Central Asia,High income,Not classified,7.41891,43.7325
4432,2023,256799.911212051,GDP per capita (current US$),MC,Monaco,Europe & Central Asia,High income,Not classified,7.41891,43.7325
4433,2022,226052.060664649,GDP per capita (current US$),MC,Monaco,Europe & Central Asia,High income,Not classified,7.41891,43.7325
4434,2021,223823.327192464,GDP per capita (current US$),MC,Monaco,Europe & Central Asia,High income,Not classified,7.41891,43.7325
4435,2020,176891.806328966,GDP per capita (current US$),MC,Monaco,Europe & Central Asia,High income,Not classified,7.41891,43.7325
4436,2019,193746.729890885,GDP per capita (current US$),MC,Monaco,Europe & Central Asia,High income,Not classified,7.41891,43.7325
4437,2018,188298.389694191,GDP per capita (current US$),MC,Monaco,Europe & Central Asia,High income,Not classified,7.41891,43.7325
4438,2017,170663.470051177,GDP per capita (current US$),MC,Monaco,Europe & Central Asia,High income,Not classified,7.41891,43.7325
4439,2016,173604.669723126,GDP per capita (current US$),MC,Monaco,Europe & Central Asia,High income,Not classified,7.41891,43.7325
4440,2025,7108.22743246244,GDP per capita (current US$),MN,Mongolia,East Asia & Pacific,Upper middle income,IBRD,106.937,47.9129
4441,2024,6750.6301157724,GDP per capita (current US$),MN,Mongolia,East Asia & Pacific,Upper middle income,IBRD,106.937,47.9129
4442,2023,5838.63108083902,GDP per capita (current US$),MN,Mongolia,East Asia & Pacific,Upper middle income,IBRD,106.937,47.9129
4443,2022,4993.51487463495,GDP per capita (current US$),MN,Mongolia,East Asia & Pacific,Upper middle income,IBRD,106.937,47.9129
4444,2021,4517.61578018785,GDP per capita (current US$),MN,Mongolia,East Asia & Pacific,Upper middle income,IBRD,106.937,47.9129
4445,2020,4001.25193077703,GDP per capita (current US$),MN,Mongolia,East Asia & Pacific,Upper middle income,IBRD,106.937,47.9129
4446,2019,4347.54610314873,GDP per capita (current US$),MN,Mongolia,East Asia & Pacific,Upper middle income,IBRD,106.937,47.9129
4447,2018,4107.64288528468,GDP per capita (current US$),MN,Mongolia,East Asia & Pacific,Upper middle income,IBRD,106.937,47.9129
4448,2017,3645.96708669551,GDP per capita (current US$),MN,Mongolia,East Asia & Pacific,Upper middle income,IBRD,106.937,47.9129
4449,2016,3619.90026383792,GDP per capita (current US$),MN,Mongolia,East Asia & Pacific,Upper middle income,IBRD,106.937,47.9129
4450,2025,14816.8380299947,GDP per capita (current US$),ME,Montenegro,Europe & Central Asia,Upper middle income,IBRD,19.2595,42.4602
4451,2024,13270.1824401005,GDP per capita (current US$),ME,Montenegro,Europe & Central Asia,Upper middle income,IBRD,19.2595,42.4602
4452,2023,12258.1600477339,GDP per capita (current US$),ME,Montenegro,Europe & Central Asia,Upper middle income,IBRD,19.2595,42.4602
4453,2022,10038.1849482517,GDP per capita (current US$),ME,Montenegro,Europe & Central Asia,Upper middle income,IBRD,19.2595,42.4602
4454,2021,9315.86435643142,GDP per capita (current US$),ME,Montenegro,Europe & Central Asia,Upper middle income,IBRD,19.2595,42.4602
4455,2020,7555.48699036321,GDP per capita (current US$),ME,Montenegro,Europe & Central Asia,Upper middle income,IBRD,19.2595,42.4602
4456,2019,8749.25629734676,GDP per capita (current US$),ME,Montenegro,Europe & Central Asia,Upper middle income,IBRD,19.2595,42.4602
4457,2018,8673.59469069858,GDP per capita (current US$),ME,Montenegro,Europe & Central Asia,Upper middle income,IBRD,19.2595,42.4602
4458,2017,7674.2856571219,GDP per capita (current US$),ME,Montenegro,Europe & Central Asia,Upper middle income,IBRD,19.2595,42.4602
4459,2016,6968.01202883651,GDP per capita (current US$),ME,Montenegro,Europe & Central Asia,Upper middle income,IBRD,19.2595,42.4602
4460,2025,4672.46826171875,GDP per capita (current US$),MA,Morocco,"Middle East, North Africa, Afghanistan & Pakistan",Lower middle income,IBRD,-6.8704,33.9905
4461,2024,4153.1943359375,GDP per capita (current US$),MA,Morocco,"Middle East, North Africa, Afghanistan & Pakistan",Lower middle income,IBRD,-6.8704,33.9905
4462,2023,3813.72607421875,GDP per capita (current US$),MA,Morocco,"Middle East, North Africa, Afghanistan & Pakistan",Lower middle income,IBRD,-6.8704,33.9905
4463,2022,3463.1376953125,GDP per capita (current US$),MA,Morocco,"Middle East, North Africa, Afghanistan & Pakistan",Lower middle income,IBRD,-6.8704,33.9905
4464,2021,3785.93627929688,GDP per capita (current US$),MA,Morocco,"Middle East, North Africa, Afghanistan & Pakistan",Lower middle income,IBRD,-6.8704,33.9905
4465,2020,3268.0302734375,GDP per capita (current US$),MA,Morocco,"Middle East, North Africa, Afghanistan & Pakistan",Lower middle income,IBRD,-6.8704,33.9905
4466,2019,3508.09765625,GDP per capita (current US$),MA,Morocco,"Middle East, North Africa, Afghanistan & Pakistan",Lower middle income,IBRD,-6.8704,33.9905
4467,2018,3501.69799804688,GDP per capita (current US$),MA,Morocco,"Middle East, North Africa, Afghanistan & Pakistan",Lower middle income,IBRD,-6.8704,33.9905
4468,2017,3296.52661132813,GDP per capita (current US$),MA,Morocco,"Middle East, North Africa, Afghanistan & Pakistan",Lower middle income,IBRD,-6.8704,33.9905
4469,2016,3140.85546875,GDP per capita (current US$),MA,Morocco,"Middle East, North Africa, Afghanistan & Pakistan",Lower middle income,IBRD,-6.8704,33.9905
4470,2025,626.914419215727,GDP per capita (current US$),MZ,Mozambique,Sub-Saharan Africa ,Low income,IDA,32.5713,-25.9664
4471,2024,656.976148587772,GDP per capita (current US$),MZ,Mozambique,Sub-Saharan Africa ,Low income,IDA,32.5713,-25.9664
4472,2023,622.191133245967,GDP per capita (current US$),MZ,Mozambique,Sub-Saharan Africa ,Low income,IDA,32.5713,-25.9664
4473,2022,578.273222184503,GDP per capita (current US$),MZ,Mozambique,Sub-Saharan Africa ,Low income,IDA,32.5713,-25.9664
4474,2021,509.907829475551,GDP per capita (current US$),MZ,Mozambique,Sub-Saharan Africa ,Low income,IDA,32.5713,-25.9664
4475,2020,462.433876479921,GDP per capita (current US$),MZ,Mozambique,Sub-Saharan Africa ,Low income,IDA,32.5713,-25.9664
4476,2019,519.09255091362,GDP per capita (current US$),MZ,Mozambique,Sub-Saharan Africa ,Low income,IDA,32.5713,-25.9664
4477,2018,517.507260258101,GDP per capita (current US$),MZ,Mozambique,Sub-Saharan Africa ,Low income,IDA,32.5713,-25.9664
4478,2017,470.93856305196,GDP per capita (current US$),MZ,Mozambique,Sub-Saharan Africa ,Low income,IDA,32.5713,-25.9664
4479,2016,441.489734819071,GDP per capita (current US$),MZ,Mozambique,Sub-Saharan Africa ,Low income,IDA,32.5713,-25.9664
4480,2025,1488.87527836542,GDP per capita (current US$),MM,Myanmar,East Asia & Pacific,Lower middle income,IDA,95.9562,21.914
4481,2024,1359.05001560107,GDP per capita (current US$),MM,Myanmar,East Asia & Pacific,Lower middle income,IDA,95.9562,21.914
4482,2023,1233.19666209269,GDP per capita (current US$),MM,Myanmar,East Asia & Pacific,Lower middle income,IDA,95.9562,21.914
4483,2022,1158.05005034332,GDP per capita (current US$),MM,Myanmar,East Asia & Pacific,Lower middle income,IDA,95.9562,21.914
4484,2021,1242.72134419599,GDP per capita (current US$),MM,Myanmar,East Asia & Pacific,Lower middle income,IDA,95.9562,21.914
4485,2020,1490.21683548367,GDP per capita (current US$),MM,Myanmar,East Asia & Pacific,Lower middle income,IDA,95.9562,21.914
4486,2019,1425.98954211903,GDP per capita (current US$),MM,Myanmar,East Asia & Pacific,Lower middle income,IDA,95.9562,21.914
4487,2018,1298.21310320785,GDP per capita (current US$),MM,Myanmar,East Asia & Pacific,Lower middle income,IDA,95.9562,21.914
4488,2017,1272.82241830603,GDP per capita (current US$),MM,Myanmar,East Asia & Pacific,Lower middle income,IDA,95.9562,21.914
4489,2016,1229.19713515893,GDP per capita (current US$),MM,Myanmar,East Asia & Pacific,Lower middle income,IDA,95.9562,21.914
4490,2025,4875.92558158247,GDP per capita (current US$),NA,Namibia,Sub-Saharan Africa ,Lower middle income,IBRD,17.0931,-22.5648
4491,2024,4501.84849548225,GDP per capita (current US$),NA,Namibia,Sub-Saharan Africa ,Lower middle income,IBRD,17.0931,-22.5648
4492,2023,4225.99102418102,GDP per capita (current US$),NA,Namibia,Sub-Saharan Africa ,Lower middle income,IBRD,17.0931,-22.5648
4493,2022,4349.79908493314,GDP per capita (current US$),NA,Namibia,Sub-Saharan Africa ,Lower middle income,IBRD,17.0931,-22.5648
4494,2021,4412.8355693052,GDP per capita (current US$),NA,Namibia,Sub-Saharan Africa ,Lower middle income,IBRD,17.0931,-22.5648
4495,2020,3878.58982993966,GDP per capita (current US$),NA,Namibia,Sub-Saharan Africa ,Lower middle income,IBRD,17.0931,-22.5648
4496,2019,4731.9210318831,GDP per capita (current US$),NA,Namibia,Sub-Saharan Africa ,Lower middle income,IBRD,17.0931,-22.5648
4497,2018,5308.60813408705,GDP per capita (current US$),NA,Namibia,Sub-Saharan Africa ,Lower middle income,IBRD,17.0931,-22.5648
4498,2017,5143.96072323076,GDP per capita (current US$),NA,Namibia,Sub-Saharan Africa ,Lower middle income,IBRD,17.0931,-22.5648
4499,2016,4395.68776162376,GDP per capita (current US$),NA,Namibia,Sub-Saharan Africa ,Lower middle income,IBRD,17.0931,-22.5648
4500,2025,14639.5046929186,GDP per capita (current US$),NR,Naoero,East Asia & Pacific,High income,IBRD,166.920867,-0.5477
4501,2024,14048.163961344,GDP per capita (current US$),NR,Naoero,East Asia & Pacific,High income,IBRD,166.920867,-0.5477
4502,2023,13602.6372112893,GDP per capita (current US$),NR,Naoero,East Asia & Pacific,High income,IBRD,166.920867,-0.5477
4503,2022,15309.8345351924,GDP per capita (current US$),NR,Naoero,East Asia & Pacific,High income,IBRD,166.920867,-0.5477
4504,2021,12748.1701249353,GDP per capita (current US$),NR,Naoero,East Asia & Pacific,High income,IBRD,166.920867,-0.5477
4505,2020,10709.068810538,GDP per capita (current US$),NR,Naoero,East Asia & Pacific,High income,IBRD,166.920867,-0.5477
4506,2019,10801.7705659635,GDP per capita (current US$),NR,Naoero,East Asia & Pacific,High income,IBRD,166.920867,-0.5477
4507,2018,11413.7463016389,GDP per capita (current US$),NR,Naoero,East Asia & Pacific,High income,IBRD,166.920867,-0.5477
4508,2017,9656.97976571484,GDP per capita (current US$),NR,Naoero,East Asia & Pacific,High income,IBRD,166.920867,-0.5477
4509,2016,8748.15632605428,GDP per capita (current US$),NR,Naoero,East Asia & Pacific,High income,IBRD,166.920867,-0.5477
4510,2025,1535.87781246307,GDP per capita (current US$),NP,Nepal,South Asia,Lower middle income,IDA,85.3157,27.6939
4511,2024,1460.28237984149,GDP per capita (current US$),NP,Nepal,South Asia,Lower middle income,IDA,85.3157,27.6939
4512,2023,1382.38300895424,GDP per capita (current US$),NP,Nepal,South Asia,Lower middle income,IDA,85.3157,27.6939
4513,2022,1385.91066002922,GDP per capita (current US$),NP,Nepal,South Asia,Lower middle income,IDA,85.3157,27.6939
4514,2021,1252.75076731986,GDP per capita (current US$),NP,Nepal,South Asia,Lower middle income,IDA,85.3157,27.6939
4515,2020,1154.21517578318,GDP per capita (current US$),NP,Nepal,South Asia,Lower middle income,IDA,85.3157,27.6939
4516,2019,1203.14294706401,GDP per capita (current US$),NP,Nepal,South Asia,Lower middle income,IDA,85.3157,27.6939
4517,2018,1179.19843190389,GDP per capita (current US$),NP,Nepal,South Asia,Lower middle income,IDA,85.3157,27.6939
4518,2017,1034.28374906846,GDP per capita (current US$),NP,Nepal,South Asia,Lower middle income,IDA,85.3157,27.6939
4519,2016,877.256454696737,GDP per capita (current US$),NP,Nepal,South Asia,Lower middle income,IDA,85.3157,27.6939
4520,2025,73683.917132794,GDP per capita (current US$),NL,Netherlands,Europe & Central Asia,High income,Not classified,4.89095,52.3738
4521,2024,67465.3208126875,GDP per capita (current US$),NL,Netherlands,Europe & Central Asia,High income,Not classified,4.89095,52.3738
4522,2023,63515.6030780019,GDP per capita (current US$),NL,Netherlands,Europe & Central Asia,High income,Not classified,4.89095,52.3738
4523,2022,59123.318556487,GDP per capita (current US$),NL,Netherlands,Europe & Central Asia,High income,Not classified,4.89095,52.3738
4524,2021,60141.9880911492,GDP per capita (current US$),NL,Netherlands,Europe & Central Asia,High income,Not classified,4.89095,52.3738
4525,2020,53467.9277413737,GDP per capita (current US$),NL,Netherlands,Europe & Central Asia,High income,Not classified,4.89095,52.3738
4526,2019,53554.9007491475,GDP per capita (current US$),NL,Netherlands,Europe & Central Asia,High income,Not classified,4.89095,52.3738
4527,2018,53955.0770024266,GDP per capita (current US$),NL,Netherlands,Europe & Central Asia,High income,Not classified,4.89095,52.3738
4528,2017,49513.6817346384,GDP per capita (current US$),NL,Netherlands,Europe & Central Asia,High income,Not classified,4.89095,52.3738
4529,2016,46808.5291492503,GDP per capita (current US$),NL,Netherlands,Europe & Central Asia,High income,Not classified,4.89095,52.3738
4530,2025,,GDP per capita (current US$),NC,New Caledonia,East Asia & Pacific,High income,Not classified,166.464,-22.2677
4531,2024,29213.1923192946,GDP per capita (current US$),NC,New Caledonia,East Asia & Pacific,High income,Not classified,166.464,-22.2677
4532,2023,33701.8923322781,GDP per capita (current US$),NC,New Caledonia,East Asia & Pacific,High income,Not classified,166.464,-22.2677
4533,2022,33516.363085906,GDP per capita (current US$),NC,New Caledonia,East Asia & Pacific,High income,Not classified,166.464,-22.2677
4534,2021,35311.5543551452,GDP per capita (current US$),NC,New Caledonia,East Asia & Pacific,High income,Not classified,166.464,-22.2677
4535,2020,33270.330597637,GDP per capita (current US$),NC,New Caledonia,East Asia & Pacific,High income,Not classified,166.464,-22.2677
4536,2019,33411.3358835672,GDP per capita (current US$),NC,New Caledonia,East Asia & Pacific,High income,Not classified,166.464,-22.2677
4537,2018,34902.8968780031,GDP per capita (current US$),NC,New Caledonia,East Asia & Pacific,High income,Not classified,166.464,-22.2677
4538,2017,32354.7102832901,GDP per capita (current US$),NC,New Caledonia,East Asia & Pacific,High income,Not classified,166.464,-22.2677
4539,2016,30782.8544433514,GDP per capita (current US$),NC,New Caledonia,East Asia & Pacific,High income,Not classified,166.464,-22.2677
4540,2025,49591.0405731713,GDP per capita (current US$),NZ,New Zealand,East Asia & Pacific,High income,Not classified,174.776,-41.2865
4541,2024,49432.3626396797,GDP per capita (current US$),NZ,New Zealand,East Asia & Pacific,High income,Not classified,174.776,-41.2865
4542,2023,49302.341876493,GDP per capita (current US$),NZ,New Zealand,East Asia & Pacific,High income,Not classified,174.776,-41.2865
4543,2022,49141.6316294227,GDP per capita (current US$),NZ,New Zealand,East Asia & Pacific,High income,Not classified,174.776,-41.2865
4544,2021,49902.154346032,GDP per capita (current US$),NZ,New Zealand,East Asia & Pacific,High income,Not classified,174.776,-41.2865
4545,2020,42054.6743136586,GDP per capita (current US$),NZ,New Zealand,East Asia & Pacific,High income,Not classified,174.776,-41.2865
4546,2019,42872.2681243427,GDP per capita (current US$),NZ,New Zealand,East Asia & Pacific,High income,Not classified,174.776,-41.2865
4547,2018,43204.1305124872,GDP per capita (current US$),NZ,New Zealand,East Asia & Pacific,High income,Not classified,174.776,-41.2865
4548,2017,42912.1537002148,GDP per capita (current US$),NZ,New Zealand,East Asia & Pacific,High income,Not classified,174.776,-41.2865
4549,2016,40088.3205470499,GDP per capita (current US$),NZ,New Zealand,East Asia & Pacific,High income,Not classified,174.776,-41.2865
4550,2025,3173.33724815085,GDP per capita (current US$),NI,Nicaragua,Latin America & Caribbean ,Lower middle income,IDA,-86.2734,12.1475
4551,2024,2847.87639497305,GDP per capita (current US$),NI,Nicaragua,Latin America & Caribbean ,Lower middle income,IDA,-86.2734,12.1475
4552,2023,2609.44491147975,GDP per capita (current US$),NI,Nicaragua,Latin America & Caribbean ,Lower middle income,IDA,-86.2734,12.1475
4553,2022,2322.89069619459,GDP per capita (current US$),NI,Nicaragua,Latin America & Caribbean ,Lower middle income,IDA,-86.2734,12.1475
4554,2021,2138.38573878237,GDP per capita (current US$),NI,Nicaragua,Latin America & Caribbean ,Lower middle income,IDA,-86.2734,12.1475
4555,2020,1938.44704754382,GDP per capita (current US$),NI,Nicaragua,Latin America & Caribbean ,Lower middle income,IDA,-86.2734,12.1475
4556,2019,1958.62051528095,GDP per capita (current US$),NI,Nicaragua,Latin America & Caribbean ,Lower middle income,IDA,-86.2734,12.1475
4557,2018,2035.16549390507,GDP per capita (current US$),NI,Nicaragua,Latin America & Caribbean ,Lower middle income,IDA,-86.2734,12.1475
4558,2017,2182.61380995674,GDP per capita (current US$),NI,Nicaragua,Latin America & Caribbean ,Lower middle income,IDA,-86.2734,12.1475
4559,2016,2131.68704828322,GDP per capita (current US$),NI,Nicaragua,Latin America & Caribbean ,Lower middle income,IDA,-86.2734,12.1475
4560,2025,775.353622143879,GDP per capita (current US$),NE,Niger,Sub-Saharan Africa ,Low income,IDA,2.1073,13.514
4561,2024,729.856664168989,GDP per capita (current US$),NE,Niger,Sub-Saharan Africa ,Low income,IDA,2.1073,13.514
4562,2023,647.930108509567,GDP per capita (current US$),NE,Niger,Sub-Saharan Africa ,Low income,IDA,2.1073,13.514
4563,2022,613.614736429298,GDP per capita (current US$),NE,Niger,Sub-Saharan Africa ,Low income,IDA,2.1073,13.514
4564,2021,609.585703670137,GDP per capita (current US$),NE,Niger,Sub-Saharan Africa ,Low income,IDA,2.1073,13.514
4565,2020,575.451340306915,GDP per capita (current US$),NE,Niger,Sub-Saharan Africa ,Low income,IDA,2.1073,13.514
4566,2019,541.265819870273,GDP per capita (current US$),NE,Niger,Sub-Saharan Africa ,Low income,IDA,2.1073,13.514
4567,2018,576.927536415462,GDP per capita (current US$),NE,Niger,Sub-Saharan Africa ,Low income,IDA,2.1073,13.514
4568,2017,529.929418934868,GDP per capita (current US$),NE,Niger,Sub-Saharan Africa ,Low income,IDA,2.1073,13.514
4569,2016,499.910520068193,GDP per capita (current US$),NE,Niger,Sub-Saharan Africa ,Low income,IDA,2.1073,13.514
4570,2025,1224.25410237743,GDP per capita (current US$),NG,Nigeria,Sub-Saharan Africa ,Lower middle income,Blend,7.48906,9.05804
4571,2024,1084.16041805058,GDP per capita (current US$),NG,Nigeria,Sub-Saharan Africa ,Lower middle income,Blend,7.48906,9.05804
4572,2023,2138.76383718757,GDP per capita (current US$),NG,Nigeria,Sub-Saharan Africa ,Lower middle income,Blend,7.48906,9.05804
4573,2022,2899.16047469267,GDP per capita (current US$),NG,Nigeria,Sub-Saharan Africa ,Lower middle income,Blend,7.48906,9.05804
4574,2021,2787.48779220991,GDP per capita (current US$),NG,Nigeria,Sub-Saharan Africa ,Lower middle income,Blend,7.48906,9.05804
4575,2020,2797.184580679,GDP per capita (current US$),NG,Nigeria,Sub-Saharan Africa ,Lower middle income,Blend,7.48906,9.05804
4576,2019,3189.81286496183,GDP per capita (current US$),NG,Nigeria,Sub-Saharan Africa ,Lower middle income,Blend,7.48906,9.05804
4577,2018,2057.87944554011,GDP per capita (current US$),NG,Nigeria,Sub-Saharan Africa ,Lower middle income,Blend,7.48906,9.05804
4578,2017,1876.34027111773,GDP per capita (current US$),NG,Nigeria,Sub-Saharan Africa ,Lower middle income,Blend,7.48906,9.05804
4579,2016,2070.4127339595,GDP per capita (current US$),NG,Nigeria,Sub-Saharan Africa ,Lower middle income,Blend,7.48906,9.05804
4580,2025,10489.9255355525,GDP per capita (current US$),MK,North Macedonia,Europe & Central Asia,Upper middle income,IBRD,21.4361,42.0024
4581,2024,9291.8566035502,GDP per capita (current US$),MK,North Macedonia,Europe & Central Asia,Upper middle income,IBRD,21.4361,42.0024
4582,2023,8674.35846327485,GDP per capita (current US$),MK,North Macedonia,Europe & Central Asia,Upper middle income,IBRD,21.4361,42.0024
4583,2022,7606.2375253797,GDP per capita (current US$),MK,North Macedonia,Europe & Central Asia,Upper middle income,IBRD,21.4361,42.0024
4584,2021,7620.80296977508,GDP per capita (current US$),MK,North Macedonia,Europe & Central Asia,Upper middle income,IBRD,21.4361,42.0024
4585,2020,6659.59651070776,GDP per capita (current US$),MK,North Macedonia,Europe & Central Asia,Upper middle income,IBRD,21.4361,42.0024
4586,2019,6718.85826635458,GDP per capita (current US$),MK,North Macedonia,Europe & Central Asia,Upper middle income,IBRD,21.4361,42.0024
4587,2018,6713.98925398989,GDP per capita (current US$),MK,North Macedonia,Europe & Central Asia,Upper middle income,IBRD,21.4361,42.0024
4588,2017,5955.2973863451,GDP per capita (current US$),MK,North Macedonia,Europe & Central Asia,Upper middle income,IBRD,21.4361,42.0024
4589,2016,5598.48622617967,GDP per capita (current US$),MK,North Macedonia,Europe & Central Asia,Upper middle income,IBRD,21.4361,42.0024
4590,2025,,GDP per capita (current US$),MP,Northern Mariana Islands,East Asia & Pacific,High income,Not classified,145.765,15.1935
4591,2024,,GDP per capita (current US$),MP,Northern Mariana Islands,East Asia & Pacific,High income,Not classified,145.765,15.1935
4592,2023,,GDP per capita (current US$),MP,Northern Mariana Islands,East Asia & Pacific,High income,Not classified,145.765,15.1935
4593,2022,23785.754590043,GDP per capita (current US$),MP,Northern Mariana Islands,East Asia & Pacific,High income,Not classified,145.765,15.1935
4594,2021,19455.50139424,GDP per capita (current US$),MP,Northern Mariana Islands,East Asia & Pacific,High income,Not classified,145.765,15.1935
4595,2020,18220.8382427201,GDP per capita (current US$),MP,Northern Mariana Islands,East Asia & Pacific,High income,Not classified,145.765,15.1935
4596,2019,24496.6652122421,GDP per capita (current US$),MP,Northern Mariana Islands,East Asia & Pacific,High income,Not classified,145.765,15.1935
4597,2018,26509.3628379893,GDP per capita (current US$),MP,Northern Mariana Islands,East Asia & Pacific,High income,Not classified,145.765,15.1935
4598,2017,31225.6049960968,GDP per capita (current US$),MP,Northern Mariana Islands,East Asia & Pacific,High income,Not classified,145.765,15.1935
4599,2016,24225.474169342,GDP per capita (current US$),MP,Northern Mariana Islands,East Asia & Pacific,High income,Not classified,145.765,15.1935
4600,2025,94594.1929573987,GDP per capita (current US$),NO,Norway,Europe & Central Asia,High income,Not classified,10.7387,59.9138
4601,2024,89888.9535204758,GDP per capita (current US$),NO,Norway,Europe & Central Asia,High income,Not classified,10.7387,59.9138
4602,2023,90984.4087141111,GDP per capita (current US$),NO,Norway,Europe & Central Asia,High income,Not classified,10.7387,59.9138
4603,2022,113122.130765691,GDP per capita (current US$),NO,Norway,Europe & Central Asia,High income,Not classified,10.7387,59.9138
4604,2021,96442.5552173002,GDP per capita (current US$),NO,Norway,Europe & Central Asia,High income,Not classified,10.7387,59.9138
4605,2020,71057.5879471399,GDP per capita (current US$),NO,Norway,Europe & Central Asia,High income,Not classified,10.7387,59.9138
4606,2019,79329.3075190012,GDP per capita (current US$),NO,Norway,Europe & Central Asia,High income,Not classified,10.7387,59.9138
4607,2018,85579.0776455494,GDP per capita (current US$),NO,Norway,Europe & Central Asia,High income,Not classified,10.7387,59.9138
4608,2017,78771.2151264554,GDP per capita (current US$),NO,Norway,Europe & Central Asia,High income,Not classified,10.7387,59.9138
4609,2016,73222.4006864905,GDP per capita (current US$),NO,Norway,Europe & Central Asia,High income,Not classified,10.7387,59.9138
4610,2025,19947.3966227092,GDP per capita (current US$),OM,Oman,"Middle East, North Africa, Afghanistan & Pakistan",High income,Not classified,58.5874,23.6105
4611,2024,20285.2272765262,GDP per capita (current US$),OM,Oman,"Middle East, North Africa, Afghanistan & Pakistan",High income,Not classified,58.5874,23.6105
4612,2023,21027.7384572657,GDP per capita (current US$),OM,Oman,"Middle East, North Africa, Afghanistan & Pakistan",High income,Not classified,58.5874,23.6105
4613,2022,23223.5829405935,GDP per capita (current US$),OM,Oman,"Middle East, North Africa, Afghanistan & Pakistan",High income,Not classified,58.5874,23.6105
4614,2021,19403.4600160211,GDP per capita (current US$),OM,Oman,"Middle East, North Africa, Afghanistan & Pakistan",High income,Not classified,58.5874,23.6105
4615,2020,16784.8630630058,GDP per capita (current US$),OM,Oman,"Middle East, North Africa, Afghanistan & Pakistan",High income,Not classified,58.5874,23.6105
4616,2019,19180.1864152801,GDP per capita (current US$),OM,Oman,"Middle East, North Africa, Afghanistan & Pakistan",High income,Not classified,58.5874,23.6105
4617,2018,19901.7615642016,GDP per capita (current US$),OM,Oman,"Middle East, North Africa, Afghanistan & Pakistan",High income,Not classified,58.5874,23.6105
4618,2017,17820.0661809335,GDP per capita (current US$),OM,Oman,"Middle East, North Africa, Afghanistan & Pakistan",High income,Not classified,58.5874,23.6105
4619,2016,17110.1897460545,GDP per capita (current US$),OM,Oman,"Middle East, North Africa, Afghanistan & Pakistan",High income,Not classified,58.5874,23.6105
4620,2025,1595.90912252837,GDP per capita (current US$),PK,Pakistan,"Middle East, North Africa, Afghanistan & Pakistan",Lower middle income,Blend,72.8,30.5167
4621,2024,1479.47755241191,GDP per capita (current US$),PK,Pakistan,"Middle East, North Africa, Afghanistan & Pakistan",Lower middle income,Blend,72.8,30.5167
4622,2023,1360.32417758419,GDP per capita (current US$),PK,Pakistan,"Middle East, North Africa, Afghanistan & Pakistan",Lower middle income,Blend,72.8,30.5167
4623,2022,1538.3228133171,GDP per capita (current US$),PK,Pakistan,"Middle East, North Africa, Afghanistan & Pakistan",Lower middle income,Blend,72.8,30.5167
4624,2021,1455.31922370186,GDP per capita (current US$),PK,Pakistan,"Middle East, North Africa, Afghanistan & Pakistan",Lower middle income,Blend,72.8,30.5167
4625,2020,1278.39735206896,GDP per capita (current US$),PK,Pakistan,"Middle East, North Africa, Afghanistan & Pakistan",Lower middle income,Blend,72.8,30.5167
4626,2019,1390.41690981745,GDP per capita (current US$),PK,Pakistan,"Middle East, North Africa, Afghanistan & Pakistan",Lower middle income,Blend,72.8,30.5167
4627,2018,1569.33814626355,GDP per capita (current US$),PK,Pakistan,"Middle East, North Africa, Afghanistan & Pakistan",Lower middle income,Blend,72.8,30.5167
4628,2017,1519.23459514248,GDP per capita (current US$),PK,Pakistan,"Middle East, North Africa, Afghanistan & Pakistan",Lower middle income,Blend,72.8,30.5167
4629,2016,1424.69161195897,GDP per capita (current US$),PK,Pakistan,"Middle East, North Africa, Afghanistan & Pakistan",Lower middle income,Blend,72.8,30.5167
4630,2025,19532.3557719527,GDP per capita (current US$),PW,Palau,East Asia & Pacific,High income,IBRD,134.479,7.34194
4631,2024,18169.0767165866,GDP per capita (current US$),PW,Palau,East Asia & Pacific,High income,IBRD,134.479,7.34194
4632,2023,15578.3497630733,GDP per capita (current US$),PW,Palau,East Asia & Pacific,High income,IBRD,134.479,7.34194
4633,2022,13934.951996171,GDP per capita (current US$),PW,Palau,East Asia & Pacific,High income,IBRD,134.479,7.34194
4634,2021,13267.4877340719,GDP per capita (current US$),PW,Palau,East Asia & Pacific,High income,IBRD,134.479,7.34194
4635,2020,14556.30954221,GDP per capita (current US$),PW,Palau,East Asia & Pacific,High income,IBRD,134.479,7.34194
4636,2019,15841.8923474548,GDP per capita (current US$),PW,Palau,East Asia & Pacific,High income,IBRD,134.479,7.34194
4637,2018,16179.877834849,GDP per capita (current US$),PW,Palau,East Asia & Pacific,High income,IBRD,134.479,7.34194
4638,2017,16280.241199753,GDP per capita (current US$),PW,Palau,East Asia & Pacific,High income,IBRD,134.479,7.34194
4639,2016,17043.6660673147,GDP per capita (current US$),PW,Palau,East Asia & Pacific,High income,IBRD,134.479,7.34194
4640,2025,19789.7308555826,GDP per capita (current US$),PA,Panama,Latin America & Caribbean ,High income,IBRD,-79.5188,8.99427
4641,2024,19161.218843129,GDP per capita (current US$),PA,Panama,Latin America & Caribbean ,High income,IBRD,-79.5188,8.99427
4642,2023,18797.1933894611,GDP per capita (current US$),PA,Panama,Latin America & Caribbean ,High income,IBRD,-79.5188,8.99427
4643,2022,17378.6070083597,GDP per capita (current US$),PA,Panama,Latin America & Caribbean ,High income,IBRD,-79.5188,8.99427
4644,2021,15509.8069109784,GDP per capita (current US$),PA,Panama,Latin America & Caribbean ,High income,IBRD,-79.5188,8.99427
4645,2020,13290.5608347594,GDP per capita (current US$),PA,Panama,Latin America & Caribbean ,High income,IBRD,-79.5188,8.99427
4646,2019,16477.9066285687,GDP per capita (current US$),PA,Panama,Latin America & Caribbean ,High income,IBRD,-79.5188,8.99427
4647,2018,16151.3273478476,GDP per capita (current US$),PA,Panama,Latin America & Caribbean ,High income,IBRD,-79.5188,8.99427
4648,2017,15694.6297454295,GDP per capita (current US$),PA,Panama,Latin America & Caribbean ,High income,IBRD,-79.5188,8.99427
4649,2016,14832.3611608191,GDP per capita (current US$),PA,Panama,Latin America & Caribbean ,High income,IBRD,-79.5188,8.99427
4650,2025,3019.5309140573,GDP per capita (current US$),PG,Papua New Guinea,East Asia & Pacific,Lower middle income,Blend,147.194,-9.47357
4651,2024,2912.4914068385,GDP per capita (current US$),PG,Papua New Guinea,East Asia & Pacific,Lower middle income,Blend,147.194,-9.47357
4652,2023,2966.06455045333,GDP per capita (current US$),PG,Papua New Guinea,East Asia & Pacific,Lower middle income,Blend,147.194,-9.47357
4653,2022,3102.29409730005,GDP per capita (current US$),PG,Papua New Guinea,East Asia & Pacific,Lower middle income,Blend,147.194,-9.47357
4654,2021,2607.97769973161,GDP per capita (current US$),PG,Papua New Guinea,East Asia & Pacific,Lower middle income,Blend,147.194,-9.47357
4655,2020,2429.61134585269,GDP per capita (current US$),PG,Papua New Guinea,East Asia & Pacific,Lower middle income,Blend,147.194,-9.47357
4656,2019,2575.77274140393,GDP per capita (current US$),PG,Papua New Guinea,East Asia & Pacific,Lower middle income,Blend,147.194,-9.47357
4657,2018,2566.36833735041,GDP per capita (current US$),PG,Papua New Guinea,East Asia & Pacific,Lower middle income,Blend,147.194,-9.47357
4658,2017,2477.76530986323,GDP per capita (current US$),PG,Papua New Guinea,East Asia & Pacific,Lower middle income,Blend,147.194,-9.47357
4659,2016,2316.39479758492,GDP per capita (current US$),PG,Papua New Guinea,East Asia & Pacific,Lower middle income,Blend,147.194,-9.47357
4660,2025,7026.61906146401,GDP per capita (current US$),PY,Paraguay,Latin America & Caribbean ,Upper middle income,IBRD,-57.6362,-25.3005
4661,2024,6456.60723068562,GDP per capita (current US$),PY,Paraguay,Latin America & Caribbean ,Upper middle income,IBRD,-57.6362,-25.3005
4662,2023,6303.26495017292,GDP per capita (current US$),PY,Paraguay,Latin America & Caribbean ,Upper middle income,IBRD,-57.6362,-25.3005
4663,2022,6189.10205375331,GDP per capita (current US$),PY,Paraguay,Latin America & Caribbean ,Upper middle income,IBRD,-57.6362,-25.3005
4664,2021,5974.9057185863,GDP per capita (current US$),PY,Paraguay,Latin America & Caribbean ,Upper middle income,IBRD,-57.6362,-25.3005
4665,2020,5365.47220721191,GDP per capita (current US$),PY,Paraguay,Latin America & Caribbean ,Upper middle income,IBRD,-57.6362,-25.3005
4666,2019,5821.18199548637,GDP per capita (current US$),PY,Paraguay,Latin America & Caribbean ,Upper middle income,IBRD,-57.6362,-25.3005
4667,2018,6258.44991640954,GDP per capita (current US$),PY,Paraguay,Latin America & Caribbean ,Upper middle income,IBRD,-57.6362,-25.3005
4668,2017,6152.26711537703,GDP per capita (current US$),PY,Paraguay,Latin America & Caribbean ,Upper middle income,IBRD,-57.6362,-25.3005
4669,2016,5775.1596339946,GDP per capita (current US$),PY,Paraguay,Latin America & Caribbean ,Upper middle income,IBRD,-57.6362,-25.3005
4670,2025,9684.41170314988,GDP per capita (current US$),PE,Peru,Latin America & Caribbean ,Upper middle income,IBRD,-77.0465,-12.0931
4671,2024,8526.29665719783,GDP per capita (current US$),PE,Peru,Latin America & Caribbean ,Upper middle income,IBRD,-77.0465,-12.0931
4672,2023,7919.04634828547,GDP per capita (current US$),PE,Peru,Latin America & Caribbean ,Upper middle income,IBRD,-77.0465,-12.0931
4673,2022,7353.74598721667,GDP per capita (current US$),PE,Peru,Latin America & Caribbean ,Upper middle income,IBRD,-77.0465,-12.0931
4674,2021,6828.53422535638,GDP per capita (current US$),PE,Peru,Latin America & Caribbean ,Upper middle income,IBRD,-77.0465,-12.0931
4675,2020,6133.32552410183,GDP per capita (current US$),PE,Peru,Latin America & Caribbean ,Upper middle income,IBRD,-77.0465,-12.0931
4676,2019,7037.00803692604,GDP per capita (current US$),PE,Peru,Latin America & Caribbean ,Upper middle income,IBRD,-77.0465,-12.0931
4677,2018,6978.49121548627,GDP per capita (current US$),PE,Peru,Latin America & Caribbean ,Upper middle income,IBRD,-77.0465,-12.0931
4678,2017,6736.16693725487,GDP per capita (current US$),PE,Peru,Latin America & Caribbean ,Upper middle income,IBRD,-77.0465,-12.0931
4679,2016,6217.03599995447,GDP per capita (current US$),PE,Peru,Latin America & Caribbean ,Upper middle income,IBRD,-77.0465,-12.0931
4680,2025,4170.72347271451,GDP per capita (current US$),PH,Philippines,East Asia & Pacific,Upper middle income,IBRD,121.035,14.5515
4681,2024,3985.29464669706,GDP per capita (current US$),PH,Philippines,East Asia & Pacific,Upper middle income,IBRD,121.035,14.5515
4682,2023,3804.08274131718,GDP per capita (current US$),PH,Philippines,East Asia & Pacific,Upper middle income,IBRD,121.035,14.5515
4683,2022,3548.06930572116,GDP per capita (current US$),PH,Philippines,East Asia & Pacific,Upper middle income,IBRD,121.035,14.5515
4684,2021,3484.38593882819,GDP per capita (current US$),PH,Philippines,East Asia & Pacific,Upper middle income,IBRD,121.035,14.5515
4685,2020,3227.57910235199,GDP per capita (current US$),PH,Philippines,East Asia & Pacific,Upper middle income,IBRD,121.035,14.5515
4686,2019,3400.78949767074,GDP per capita (current US$),PH,Philippines,East Asia & Pacific,Upper middle income,IBRD,121.035,14.5515
4687,2018,3168.51036609727,GDP per capita (current US$),PH,Philippines,East Asia & Pacific,Upper middle income,IBRD,121.035,14.5515
4688,2017,3038.12124959289,GDP per capita (current US$),PH,Philippines,East Asia & Pacific,Upper middle income,IBRD,121.035,14.5515
4689,2016,2985.19564024046,GDP per capita (current US$),PH,Philippines,East Asia & Pacific,Upper middle income,IBRD,121.035,14.5515
4690,2025,28419.5777395638,GDP per capita (current US$),PL,Poland,Europe & Central Asia,High income,IBRD,21.02,52.26
4691,2024,25103.565661423,GDP per capita (current US$),PL,Poland,Europe & Central Asia,High income,IBRD,21.02,52.26
4692,2023,22145.2660647429,GDP per capita (current US$),PL,Poland,Europe & Central Asia,High income,IBRD,21.02,52.26
4693,2022,18891.2121169279,GDP per capita (current US$),PL,Poland,Europe & Central Asia,High income,IBRD,21.02,52.26
4694,2021,18635.5104895754,GDP per capita (current US$),PL,Poland,Europe & Central Asia,High income,IBRD,21.02,52.26
4695,2020,16150.9304813473,GDP per capita (current US$),PL,Poland,Europe & Central Asia,High income,IBRD,21.02,52.26
4696,2019,15874.5220531254,GDP per capita (current US$),PL,Poland,Europe & Central Asia,High income,IBRD,21.02,52.26
4697,2018,15658.210586693,GDP per capita (current US$),PL,Poland,Europe & Central Asia,High income,IBRD,21.02,52.26
4698,2017,13913.3415190124,GDP per capita (current US$),PL,Poland,Europe & Central Asia,High income,IBRD,21.02,52.26
4699,2016,12464.0121044827,GDP per capita (current US$),PL,Poland,Europe & Central Asia,High income,IBRD,21.02,52.26
4700,2025,32081.8106150292,GDP per capita (current US$),PT,Portugal,Europe & Central Asia,High income,Not classified,-9.13552,38.7072
4701,2024,29328.3067415343,GDP per capita (current US$),PT,Portugal,Europe & Central Asia,High income,Not classified,-9.13552,38.7072
4702,2023,27634.6183139773,GDP per capita (current US$),PT,Portugal,Europe & Central Asia,High income,Not classified,-9.13552,38.7072
4703,2022,24620.5197587181,GDP per capita (current US$),PT,Portugal,Europe & Central Asia,High income,Not classified,-9.13552,38.7072
4704,2021,24711.4510062111,GDP per capita (current US$),PT,Portugal,Europe & Central Asia,High income,Not classified,-9.13552,38.7072
4705,2020,22299.4044062173,GDP per capita (current US$),PT,Portugal,Europe & Central Asia,High income,Not classified,-9.13552,38.7072
4706,2019,23343.3628970034,GDP per capita (current US$),PT,Portugal,Europe & Central Asia,High income,Not classified,-9.13552,38.7072
4707,2018,23541.1401075289,GDP per capita (current US$),PT,Portugal,Europe & Central Asia,High income,Not classified,-9.13552,38.7072
4708,2017,21442.3842768879,GDP per capita (current US$),PT,Portugal,Europe & Central Asia,High income,Not classified,-9.13552,38.7072
4709,2016,19980.2808866516,GDP per capita (current US$),PT,Portugal,Europe & Central Asia,High income,Not classified,-9.13552,38.7072
4710,2025,40620.1526923687,GDP per capita (current US$),PR,Puerto Rico (US),Latin America & Caribbean ,High income,Not classified,-66,18.23
4711,2024,39353.2242360643,GDP per capita (current US$),PR,Puerto Rico (US),Latin America & Caribbean ,High income,Not classified,-66,18.23
4712,2023,36980.7653928068,GDP per capita (current US$),PR,Puerto Rico (US),Latin America & Caribbean ,High income,Not classified,-66,18.23
4713,2022,35353.5613891039,GDP per capita (current US$),PR,Puerto Rico (US),Latin America & Caribbean ,High income,Not classified,-66,18.23
4714,2021,32618.8705106244,GDP per capita (current US$),PR,Puerto Rico (US),Latin America & Caribbean ,High income,Not classified,-66,18.23
4715,2020,31427.1034994916,GDP per capita (current US$),PR,Puerto Rico (US),Latin America & Caribbean ,High income,Not classified,-66,18.23
4716,2019,31830.5284993358,GDP per capita (current US$),PR,Puerto Rico (US),Latin America & Caribbean ,High income,Not classified,-66,18.23
4717,2018,30679.9181934488,GDP per capita (current US$),PR,Puerto Rico (US),Latin America & Caribbean ,High income,Not classified,-66,18.23
4718,2017,30328.479490518,GDP per capita (current US$),PR,Puerto Rico (US),Latin America & Caribbean ,High income,Not classified,-66,18.23
4719,2016,29978.0889268918,GDP per capita (current US$),PR,Puerto Rico (US),Latin America & Caribbean ,High income,Not classified,-66,18.23
4720,2025,72524.9066385222,GDP per capita (current US$),QA,Qatar,"Middle East, North Africa, Afghanistan & Pakistan",High income,Not classified,51.5082,25.2948
4721,2024,75685.0865779973,GDP per capita (current US$),QA,Qatar,"Middle East, North Africa, Afghanistan & Pakistan",High income,Not classified,51.5082,25.2948
4722,2023,80195.8746508549,GDP per capita (current US$),QA,Qatar,"Middle East, North Africa, Afghanistan & Pakistan",High income,Not classified,51.5082,25.2948
4723,2022,88701.463352273,GDP per capita (current US$),QA,Qatar,"Middle East, North Africa, Afghanistan & Pakistan",High income,Not classified,51.5082,25.2948
4724,2021,71751.8831257169,GDP per capita (current US$),QA,Qatar,"Middle East, North Africa, Afghanistan & Pakistan",High income,Not classified,51.5082,25.2948
4725,2020,51683.5054376677,GDP per capita (current US$),QA,Qatar,"Middle East, North Africa, Afghanistan & Pakistan",High income,Not classified,51.5082,25.2948
4726,2019,66841.3013484919,GDP per capita (current US$),QA,Qatar,"Middle East, North Africa, Afghanistan & Pakistan",High income,Not classified,51.5082,25.2948
4727,2018,71039.8490579352,GDP per capita (current US$),QA,Qatar,"Middle East, North Africa, Afghanistan & Pakistan",High income,Not classified,51.5082,25.2948
4728,2017,63279.8556949332,GDP per capita (current US$),QA,Qatar,"Middle East, North Africa, Afghanistan & Pakistan",High income,Not classified,51.5082,25.2948
4729,2016,61253.6375482797,GDP per capita (current US$),QA,Qatar,"Middle East, North Africa, Afghanistan & Pakistan",High income,Not classified,51.5082,25.2948
4730,2025,22537.9532108047,GDP per capita (current US$),RO,Romania,Europe & Central Asia,High income,IBRD,26.0979,44.4479
4731,2024,20080.2096215595,GDP per capita (current US$),RO,Romania,Europe & Central Asia,High income,IBRD,26.0979,44.4479
4732,2023,18244.4186876321,GDP per capita (current US$),RO,Romania,Europe & Central Asia,High income,IBRD,26.0979,44.4479
4733,2022,15503.4691366242,GDP per capita (current US$),RO,Romania,Europe & Central Asia,High income,IBRD,26.0979,44.4479
4734,2021,14908.0412813921,GDP per capita (current US$),RO,Romania,Europe & Central Asia,High income,IBRD,26.0979,44.4479
4735,2020,13009.1525348396,GDP per capita (current US$),RO,Romania,Europe & Central Asia,High income,IBRD,26.0979,44.4479
4736,2019,12909.6104013244,GDP per capita (current US$),RO,Romania,Europe & Central Asia,High income,IBRD,26.0979,44.4479
4737,2018,12416.134317959,GDP per capita (current US$),RO,Romania,Europe & Central Asia,High income,IBRD,26.0979,44.4479
4738,2017,10727.9822007426,GDP per capita (current US$),RO,Romania,Europe & Central Asia,High income,IBRD,26.0979,44.4479
4739,2016,9404.54005870715,GDP per capita (current US$),RO,Romania,Europe & Central Asia,High income,IBRD,26.0979,44.4479
4740,2025,17546.609375,GDP per capita (current US$),RU,Russian Federation,Europe & Central Asia,High income,IBRD,37.6176,55.7558
4741,2024,14961.8974609375,GDP per capita (current US$),RU,Russian Federation,Europe & Central Asia,High income,IBRD,37.6176,55.7558
4742,2023,13986.9951171875,GDP per capita (current US$),RU,Russian Federation,Europe & Central Asia,High income,IBRD,37.6176,55.7558
4743,2022,15625.6328125,GDP per capita (current US$),RU,Russian Federation,Europe & Central Asia,High income,IBRD,37.6176,55.7558
4744,2021,12425.029296875,GDP per capita (current US$),RU,Russian Federation,Europe & Central Asia,High income,IBRD,37.6176,55.7558
4745,2020,10108.3271484375,GDP per capita (current US$),RU,Russian Federation,Europe & Central Asia,High income,IBRD,37.6176,55.7558
4746,2019,11447.701171875,GDP per capita (current US$),RU,Russian Federation,Europe & Central Asia,High income,IBRD,37.6176,55.7558
4747,2018,11211.8876953125,GDP per capita (current US$),RU,Russian Federation,Europe & Central Asia,High income,IBRD,37.6176,55.7558
4748,2017,10658.9130859375,GDP per capita (current US$),RU,Russian Federation,Europe & Central Asia,High income,IBRD,37.6176,55.7558
4749,2016,8663.158203125,GDP per capita (current US$),RU,Russian Federation,Europe & Central Asia,High income,IBRD,37.6176,55.7558
4750,2025,1123.73874633225,GDP per capita (current US$),RW,Rwanda,Sub-Saharan Africa ,Low income,IDA,30.0587,-1.95325
4751,2024,1059.93709298801,GDP per capita (current US$),RW,Rwanda,Sub-Saharan Africa ,Low income,IDA,30.0587,-1.95325
4752,2023,1061.05788154076,GDP per capita (current US$),RW,Rwanda,Sub-Saharan Africa ,Low income,IDA,30.0587,-1.95325
4753,2022,1007.05989322914,GDP per capita (current US$),RW,Rwanda,Sub-Saharan Africa ,Low income,IDA,30.0587,-1.95325
4754,2021,842.581492947672,GDP per capita (current US$),RW,Rwanda,Sub-Saharan Africa ,Low income,IDA,30.0587,-1.95325
4755,2020,802.638686936204,GDP per capita (current US$),RW,Rwanda,Sub-Saharan Africa ,Low income,IDA,30.0587,-1.95325
4756,2019,823.355304065304,GDP per capita (current US$),RW,Rwanda,Sub-Saharan Africa ,Low income,IDA,30.0587,-1.95325
4757,2018,772.754982959354,GDP per capita (current US$),RW,Rwanda,Sub-Saharan Africa ,Low income,IDA,30.0587,-1.95325
4758,2017,751.049039527547,GDP per capita (current US$),RW,Rwanda,Sub-Saharan Africa ,Low income,IDA,30.0587,-1.95325
4759,2016,721.258515833094,GDP per capita (current US$),RW,Rwanda,Sub-Saharan Africa ,Low income,IDA,30.0587,-1.95325
4760,2025,5872.78333308796,GDP per capita (current US$),WS,Samoa,East Asia & Pacific,Upper middle income,IDA,-171.752,-13.8314
4761,2024,5392.87761915762,GDP per capita (current US$),WS,Samoa,East Asia & Pacific,Upper middle income,IDA,-171.752,-13.8314
4762,2023,4822.74084650019,GDP per capita (current US$),WS,Samoa,East Asia & Pacific,Upper middle income,IDA,-171.752,-13.8314
4763,2022,4132.44717734444,GDP per capita (current US$),WS,Samoa,East Asia & Pacific,Upper middle income,IDA,-171.752,-13.8314
4764,2021,4021.55934894283,GDP per capita (current US$),WS,Samoa,East Asia & Pacific,Upper middle income,IDA,-171.752,-13.8314
4765,2020,4099.59660548583,GDP per capita (current US$),WS,Samoa,East Asia & Pacific,Upper middle income,IDA,-171.752,-13.8314
4766,2019,4351.94234943706,GDP per capita (current US$),WS,Samoa,East Asia & Pacific,Upper middle income,IDA,-171.752,-13.8314
4767,2018,4231.81409469194,GDP per capita (current US$),WS,Samoa,East Asia & Pacific,Upper middle income,IDA,-171.752,-13.8314
4768,2017,4307.59381964907,GDP per capita (current US$),WS,Samoa,East Asia & Pacific,Upper middle income,IDA,-171.752,-13.8314
4769,2016,4147.07097674888,GDP per capita (current US$),WS,Samoa,East Asia & Pacific,Upper middle income,IDA,-171.752,-13.8314
4770,2025,,GDP per capita (current US$),SM,San Marino,Europe & Central Asia,High income,Not classified,12.4486,43.9322
4771,2024,,GDP per capita (current US$),SM,San Marino,Europe & Central Asia,High income,Not classified,12.4486,43.9322
4772,2023,59871.3288101478,GDP per capita (current US$),SM,San Marino,Europe & Central Asia,High income,Not classified,12.4486,43.9322
4773,2022,54264.5837022908,GDP per capita (current US$),SM,San Marino,Europe & Central Asia,High income,Not classified,12.4486,43.9322
4774,2021,54168.9744311193,GDP per capita (current US$),SM,San Marino,Europe & Central Asia,High income,Not classified,12.4486,43.9322
4775,2020,44426.6259613672,GDP per capita (current US$),SM,San Marino,Europe & Central Asia,High income,Not classified,12.4486,43.9322
4776,2019,46626.9998571568,GDP per capita (current US$),SM,San Marino,Europe & Central Asia,High income,Not classified,12.4486,43.9322
4777,2018,47950.7076296808,GDP per capita (current US$),SM,San Marino,Europe & Central Asia,High income,Not classified,12.4486,43.9322
4778,2017,45192.0530047599,GDP per capita (current US$),SM,San Marino,Europe & Central Asia,High income,Not classified,12.4486,43.9322
4779,2016,44359.4574206971,GDP per capita (current US$),SM,San Marino,Europe & Central Asia,High income,Not classified,12.4486,43.9322
4780,2025,4084.40062145233,GDP per capita (current US$),ST,Sao Tome and Principe,Sub-Saharan Africa ,Lower middle income,IDA,6.6071,0.20618
4781,2024,3502.6176807171,GDP per capita (current US$),ST,Sao Tome and Principe,Sub-Saharan Africa ,Lower middle income,IDA,6.6071,0.20618
4782,2023,2990.6606143535,GDP per capita (current US$),ST,Sao Tome and Principe,Sub-Saharan Africa ,Lower middle income,IDA,6.6071,0.20618
4783,2022,2389.73729784737,GDP per capita (current US$),ST,Sao Tome and Principe,Sub-Saharan Africa ,Lower middle income,IDA,6.6071,0.20618
4784,2021,2362.58827248102,GDP per capita (current US$),ST,Sao Tome and Principe,Sub-Saharan Africa ,Lower middle income,IDA,6.6071,0.20618
4785,2020,2167.22001796925,GDP per capita (current US$),ST,Sao Tome and Principe,Sub-Saharan Africa ,Lower middle income,IDA,6.6071,0.20618
4786,2019,1935.2931816596,GDP per capita (current US$),ST,Sao Tome and Principe,Sub-Saharan Africa ,Lower middle income,IDA,6.6071,0.20618
4787,2018,1825.59971753966,GDP per capita (current US$),ST,Sao Tome and Principe,Sub-Saharan Africa ,Lower middle income,IDA,6.6071,0.20618
4788,2017,1555.79477812888,GDP per capita (current US$),ST,Sao Tome and Principe,Sub-Saharan Africa ,Lower middle income,IDA,6.6071,0.20618
4789,2016,1434.87018050521,GDP per capita (current US$),ST,Sao Tome and Principe,Sub-Saharan Africa ,Lower middle income,IDA,6.6071,0.20618
4790,2025,34536.6555456551,GDP per capita (current US$),SA,Saudi Arabia,"Middle East, North Africa, Afghanistan & Pakistan",High income,Not classified,46.6977,24.6748
4791,2024,35527.786181866,GDP per capita (current US$),SA,Saudi Arabia,"Middle East, North Africa, Afghanistan & Pakistan",High income,Not classified,46.6977,24.6748
4792,2023,36156.8562500172,GDP per capita (current US$),SA,Saudi Arabia,"Middle East, North Africa, Afghanistan & Pakistan",High income,Not classified,46.6977,24.6748
4793,2022,38510.2276211037,GDP per capita (current US$),SA,Saudi Arabia,"Middle East, North Africa, Afghanistan & Pakistan",High income,Not classified,46.6977,24.6748
4794,2021,31920.7653655643,GDP per capita (current US$),SA,Saudi Arabia,"Middle East, North Africa, Afghanistan & Pakistan",High income,Not classified,46.6977,24.6748
4795,2020,24338.8307301067,GDP per capita (current US$),SA,Saudi Arabia,"Middle East, North Africa, Afghanistan & Pakistan",High income,Not classified,46.6977,24.6748
4796,2019,29566.7933827436,GDP per capita (current US$),SA,Saudi Arabia,"Middle East, North Africa, Afghanistan & Pakistan",High income,Not classified,46.6977,24.6748
4797,2018,29360.0658968566,GDP per capita (current US$),SA,Saudi Arabia,"Middle East, North Africa, Afghanistan & Pakistan",High income,Not classified,46.6977,24.6748
4798,2017,23929.2907135982,GDP per capita (current US$),SA,Saudi Arabia,"Middle East, North Africa, Afghanistan & Pakistan",High income,Not classified,46.6977,24.6748
4799,2016,22267.7217050387,GDP per capita (current US$),SA,Saudi Arabia,"Middle East, North Africa, Afghanistan & Pakistan",High income,Not classified,46.6977,24.6748
4800,2025,1954.71174194867,GDP per capita (current US$),SN,Senegal,Sub-Saharan Africa ,Lower middle income,IDA,-17.4734,14.7247
4801,2024,1738.73223822106,GDP per capita (current US$),SN,Senegal,Sub-Saharan Africa ,Lower middle income,IDA,-17.4734,14.7247
4802,2023,1698.03387300843,GDP per capita (current US$),SN,Senegal,Sub-Saharan Africa ,Lower middle income,IDA,-17.4734,14.7247
4803,2022,1574.0281059306,GDP per capita (current US$),SN,Senegal,Sub-Saharan Africa ,Lower middle income,IDA,-17.4734,14.7247
4804,2021,1598.10676952274,GDP per capita (current US$),SN,Senegal,Sub-Saharan Africa ,Lower middle income,IDA,-17.4734,14.7247
4805,2020,1461.08720350553,GDP per capita (current US$),SN,Senegal,Sub-Saharan Africa ,Lower middle income,IDA,-17.4734,14.7247
4806,2019,1431.18128932159,GDP per capita (current US$),SN,Senegal,Sub-Saharan Africa ,Lower middle income,IDA,-17.4734,14.7247
4807,2018,1452.55612562445,GDP per capita (current US$),SN,Senegal,Sub-Saharan Africa ,Lower middle income,IDA,-17.4734,14.7247
4808,2017,1354.77007193387,GDP per capita (current US$),SN,Senegal,Sub-Saharan Africa ,Lower middle income,IDA,-17.4734,14.7247
4809,2016,1266.43957151587,GDP per capita (current US$),SN,Senegal,Sub-Saharan Africa ,Lower middle income,IDA,-17.4734,14.7247
4810,2025,15262.0464193413,GDP per capita (current US$),RS,Serbia,Europe & Central Asia,Upper middle income,IBRD,20.4656,44.8024
4811,2024,13677.7794863909,GDP per capita (current US$),RS,Serbia,Europe & Central Asia,Upper middle income,IBRD,20.4656,44.8024
4812,2023,12281.707946167,GDP per capita (current US$),RS,Serbia,Europe & Central Asia,Upper middle income,IBRD,20.4656,44.8024
4813,2022,10024.8191112596,GDP per capita (current US$),RS,Serbia,Europe & Central Asia,Upper middle income,IBRD,20.4656,44.8024
4814,2021,9680.52798074468,GDP per capita (current US$),RS,Serbia,Europe & Central Asia,Upper middle income,IBRD,20.4656,44.8024
4815,2020,8098.70955668849,GDP per capita (current US$),RS,Serbia,Europe & Central Asia,Upper middle income,IBRD,20.4656,44.8024
4816,2019,7755.632986437,GDP per capita (current US$),RS,Serbia,Europe & Central Asia,Upper middle income,IBRD,20.4656,44.8024
4817,2018,7559.86165747394,GDP per capita (current US$),RS,Serbia,Europe & Central Asia,Upper middle income,IBRD,20.4656,44.8024
4818,2017,6548.03653824187,GDP per capita (current US$),RS,Serbia,Europe & Central Asia,Upper middle income,IBRD,20.4656,44.8024
4819,2016,5982.37030126471,GDP per capita (current US$),RS,Serbia,Europe & Central Asia,Upper middle income,IBRD,20.4656,44.8024
4820,2025,19449.3836346926,GDP per capita (current US$),SC,Seychelles,Sub-Saharan Africa ,High income,IBRD,55.4466,-4.6309
4821,2024,18364.5259678223,GDP per capita (current US$),SC,Seychelles,Sub-Saharan Africa ,High income,IBRD,55.4466,-4.6309
4822,2023,18130.5297135548,GDP per capita (current US$),SC,Seychelles,Sub-Saharan Africa ,High income,IBRD,55.4466,-4.6309
4823,2022,16682.6990711785,GDP per capita (current US$),SC,Seychelles,Sub-Saharan Africa ,High income,IBRD,55.4466,-4.6309
4824,2021,14982.9111487767,GDP per capita (current US$),SC,Seychelles,Sub-Saharan Africa ,High income,IBRD,55.4466,-4.6309
4825,2020,14041.4754074575,GDP per capita (current US$),SC,Seychelles,Sub-Saharan Africa ,High income,IBRD,55.4466,-4.6309
4826,2019,19141.5118743615,GDP per capita (current US$),SC,Seychelles,Sub-Saharan Africa ,High income,IBRD,55.4466,-4.6309
4827,2018,18440.2340460932,GDP per capita (current US$),SC,Seychelles,Sub-Saharan Africa ,High income,IBRD,55.4466,-4.6309
4828,2017,17480.3651911372,GDP per capita (current US$),SC,Seychelles,Sub-Saharan Africa ,High income,IBRD,55.4466,-4.6309
4829,2016,16566.9946042294,GDP per capita (current US$),SC,Seychelles,Sub-Saharan Africa ,High income,IBRD,55.4466,-4.6309
4830,2025,846.296172499617,GDP per capita (current US$),SL,Sierra Leone,Sub-Saharan Africa ,Low income,IDA,-13.2134,8.4821
4831,2024,806.654650274255,GDP per capita (current US$),SL,Sierra Leone,Sub-Saharan Africa ,Low income,IDA,-13.2134,8.4821
4832,2023,758.329137301888,GDP per capita (current US$),SL,Sierra Leone,Sub-Saharan Africa ,Low income,IDA,-13.2134,8.4821
4833,2022,860.371067874555,GDP per capita (current US$),SL,Sierra Leone,Sub-Saharan Africa ,Low income,IDA,-13.2134,8.4821
4834,2021,885.396401613729,GDP per capita (current US$),SL,Sierra Leone,Sub-Saharan Africa ,Low income,IDA,-13.2134,8.4821
4835,2020,845.277558236182,GDP per capita (current US$),SL,Sierra Leone,Sub-Saharan Africa ,Low income,IDA,-13.2134,8.4821
4836,2019,843.71251730417,GDP per capita (current US$),SL,Sierra Leone,Sub-Saharan Africa ,Low income,IDA,-13.2134,8.4821
4837,2018,845.914540460932,GDP per capita (current US$),SL,Sierra Leone,Sub-Saharan Africa ,Low income,IDA,-13.2134,8.4821
4838,2017,779.186007841728,GDP per capita (current US$),SL,Sierra Leone,Sub-Saharan Africa ,Low income,IDA,-13.2134,8.4821
4839,2016,844.416411175476,GDP per capita (current US$),SL,Sierra Leone,Sub-Saharan Africa ,Low income,IDA,-13.2134,8.4821
4840,2025,98813.9788172877,GDP per capita (current US$),SG,Singapore,East Asia & Pacific,High income,Not classified,103.85,1.28941
4841,2024,94896.5621495988,GDP per capita (current US$),SG,Singapore,East Asia & Pacific,High income,Not classified,103.85,1.28941
4842,2023,86382.5900499252,GDP per capita (current US$),SG,Singapore,East Asia & Pacific,High income,Not classified,103.85,1.28941
4843,2022,91227.6970426492,GDP per capita (current US$),SG,Singapore,East Asia & Pacific,High income,Not classified,103.85,1.28941
4844,2021,80884.8565369236,GDP per capita (current US$),SG,Singapore,East Asia & Pacific,High income,Not classified,103.85,1.28941
4845,2020,61772.5036492256,GDP per capita (current US$),SG,Singapore,East Asia & Pacific,High income,Not classified,103.85,1.28941
4846,2019,66068.7003106378,GDP per capita (current US$),SG,Singapore,East Asia & Pacific,High income,Not classified,103.85,1.28941
4847,2018,67032.8225769734,GDP per capita (current US$),SG,Singapore,East Asia & Pacific,High income,Not classified,103.85,1.28941
4848,2017,61436.1325502558,GDP per capita (current US$),SG,Singapore,East Asia & Pacific,High income,Not classified,103.85,1.28941
4849,2016,57204.0340105222,GDP per capita (current US$),SG,Singapore,East Asia & Pacific,High income,Not classified,103.85,1.28941
4850,2025,42978.1317407037,GDP per capita (current US$),SX,Sint Maarten (Dutch part),Latin America & Caribbean ,High income,Not classified,,
4851,2024,41472.5870367865,GDP per capita (current US$),SX,Sint Maarten (Dutch part),Latin America & Caribbean ,High income,Not classified,,
4852,2023,39451.822911732,GDP per capita (current US$),SX,Sint Maarten (Dutch part),Latin America & Caribbean ,High income,Not classified,,
4853,2022,37793.1283815826,GDP per capita (current US$),SX,Sint Maarten (Dutch part),Latin America & Caribbean ,High income,Not classified,,
4854,2021,32548.4366854902,GDP per capita (current US$),SX,Sint Maarten (Dutch part),Latin America & Caribbean ,High income,Not classified,,
4855,2020,30150.8998380477,GDP per capita (current US$),SX,Sint Maarten (Dutch part),Latin America & Caribbean ,High income,Not classified,,
4856,2019,34861.469528968,GDP per capita (current US$),SX,Sint Maarten (Dutch part),Latin America & Caribbean ,High income,Not classified,,
4857,2018,31708.3110124742,GDP per capita (current US$),SX,Sint Maarten (Dutch part),Latin America & Caribbean ,High income,Not classified,,
4858,2017,34701.3058494468,GDP per capita (current US$),SX,Sint Maarten (Dutch part),Latin America & Caribbean ,High income,Not classified,,
4859,2016,37308.6147795736,GDP per capita (current US$),SX,Sint Maarten (Dutch part),Latin America & Caribbean ,High income,Not classified,,
4860,2025,28543.6653439813,GDP per capita (current US$),SK,Slovak Republic,Europe & Central Asia,High income,Not classified,17.1073,48.1484
4861,2024,25992.6748502048,GDP per capita (current US$),SK,Slovak Republic,Europe & Central Asia,High income,Not classified,17.1073,48.1484
4862,2023,24614.8734642794,GDP per capita (current US$),SK,Slovak Republic,Europe & Central Asia,High income,Not classified,17.1073,48.1484
4863,2022,21317.7943982363,GDP per capita (current US$),SK,Slovak Republic,Europe & Central Asia,High income,Not classified,17.1073,48.1484
4864,2021,22123.3342114545,GDP per capita (current US$),SK,Slovak Republic,Europe & Central Asia,High income,Not classified,17.1073,48.1484
4865,2020,19735.4858280801,GDP per capita (current US$),SK,Slovak Republic,Europe & Central Asia,High income,Not classified,17.1073,48.1484
4866,2019,19406.0589683582,GDP per capita (current US$),SK,Slovak Republic,Europe & Central Asia,High income,Not classified,17.1073,48.1484
4867,2018,19573.3717031314,GDP per capita (current US$),SK,Slovak Republic,Europe & Central Asia,High income,Not classified,17.1073,48.1484
4868,2017,17645.5298716761,GDP per capita (current US$),SK,Slovak Republic,Europe & Central Asia,High income,Not classified,17.1073,48.1484
4869,2016,16636.0769133073,GDP per capita (current US$),SK,Slovak Republic,Europe & Central Asia,High income,Not classified,17.1073,48.1484
4870,2025,37376.2216079138,GDP per capita (current US$),SI,Slovenia,Europe & Central Asia,High income,Not classified,14.5044,46.0546
4871,2024,34301.0318686594,GDP per capita (current US$),SI,Slovenia,Europe & Central Asia,High income,Not classified,14.5044,46.0546
4872,2023,32660.4753581346,GDP per capita (current US$),SI,Slovenia,Europe & Central Asia,High income,Not classified,14.5044,46.0546
4873,2022,28360.3041467268,GDP per capita (current US$),SI,Slovenia,Europe & Central Asia,High income,Not classified,14.5044,46.0546
4874,2021,29192.8401933019,GDP per capita (current US$),SI,Slovenia,Europe & Central Asia,High income,Not classified,14.5044,46.0546
4875,2020,25392.0651093612,GDP per capita (current US$),SI,Slovenia,Europe & Central Asia,High income,Not classified,14.5044,46.0546
4876,2019,25814.1687167572,GDP per capita (current US$),SI,Slovenia,Europe & Central Asia,High income,Not classified,14.5044,46.0546
4877,2018,25888.0481065655,GDP per capita (current US$),SI,Slovenia,Europe & Central Asia,High income,Not classified,14.5044,46.0546
4878,2017,23303.077705959,GDP per capita (current US$),SI,Slovenia,Europe & Central Asia,High income,Not classified,14.5044,46.0546
4879,2016,21447.8377796036,GDP per capita (current US$),SI,Slovenia,Europe & Central Asia,High income,Not classified,14.5044,46.0546
4880,2025,2086.18955928928,GDP per capita (current US$),SB,Solomon Islands,East Asia & Pacific,Lower middle income,IDA,159.949,-9.42676
4881,2024,1933.55538435227,GDP per capita (current US$),SB,Solomon Islands,East Asia & Pacific,Lower middle income,IDA,159.949,-9.42676
4882,2023,1882.64394148042,GDP per capita (current US$),SB,Solomon Islands,East Asia & Pacific,Lower middle income,IDA,159.949,-9.42676
4883,2022,1877.78104490956,GDP per capita (current US$),SB,Solomon Islands,East Asia & Pacific,Lower middle income,IDA,159.949,-9.42676
4884,2021,2043.44413170658,GDP per capita (current US$),SB,Solomon Islands,East Asia & Pacific,Lower middle income,IDA,159.949,-9.42676
4885,2020,2063.32780991967,GDP per capita (current US$),SB,Solomon Islands,East Asia & Pacific,Lower middle income,IDA,159.949,-9.42676
4886,2019,2223.65890942466,GDP per capita (current US$),SB,Solomon Islands,East Asia & Pacific,Lower middle income,IDA,159.949,-9.42676
4887,2018,2278.19908624102,GDP per capita (current US$),SB,Solomon Islands,East Asia & Pacific,Lower middle income,IDA,159.949,-9.42676
4888,2017,2143.57670489272,GDP per capita (current US$),SB,Solomon Islands,East Asia & Pacific,Lower middle income,IDA,159.949,-9.42676
4889,2016,2082.62383124213,GDP per capita (current US$),SB,Solomon Islands,East Asia & Pacific,Lower middle income,IDA,159.949,-9.42676
4890,2025,661.173877723116,GDP per capita (current US$),SO,"Somalia, Fed. Rep.",Sub-Saharan Africa ,Low income,IDA,45.3254,2.07515
4891,2024,629.538899449007,GDP per capita (current US$),SO,"Somalia, Fed. Rep.",Sub-Saharan Africa ,Low income,IDA,45.3254,2.07515
4892,2023,596.885985135589,GDP per capita (current US$),SO,"Somalia, Fed. Rep.",Sub-Saharan Africa ,Low income,IDA,45.3254,2.07515
4893,2022,573.141165798229,GDP per capita (current US$),SO,"Somalia, Fed. Rep.",Sub-Saharan Africa ,Low income,IDA,45.3254,2.07515
4894,2021,549.056994756254,GDP per capita (current US$),SO,"Somalia, Fed. Rep.",Sub-Saharan Africa ,Low income,IDA,45.3254,2.07515
4895,2020,518.16113333875,GDP per capita (current US$),SO,"Somalia, Fed. Rep.",Sub-Saharan Africa ,Low income,IDA,45.3254,2.07515
4896,2019,539.954816211694,GDP per capita (current US$),SO,"Somalia, Fed. Rep.",Sub-Saharan Africa ,Low income,IDA,45.3254,2.07515
4897,2018,509.497273804534,GDP per capita (current US$),SO,"Somalia, Fed. Rep.",Sub-Saharan Africa ,Low income,IDA,45.3254,2.07515
4898,2017,510.939952317726,GDP per capita (current US$),SO,"Somalia, Fed. Rep.",Sub-Saharan Africa ,Low income,IDA,45.3254,2.07515
4899,2016,460.928490585175,GDP per capita (current US$),SO,"Somalia, Fed. Rep.",Sub-Saharan Africa ,Low income,IDA,45.3254,2.07515
4900,2025,6597.71450918774,GDP per capita (current US$),ZA,South Africa,Sub-Saharan Africa ,Upper middle income,IBRD,28.1871,-25.746
4901,2024,6267.186814093,GDP per capita (current US$),ZA,South Africa,Sub-Saharan Africa ,Upper middle income,IBRD,28.1871,-25.746
4902,2023,6034.27208964673,GDP per capita (current US$),ZA,South Africa,Sub-Saharan Africa ,Upper middle income,IBRD,28.1871,-25.746
4903,2022,6534.24867783397,GDP per capita (current US$),ZA,South Africa,Sub-Saharan Africa ,Upper middle income,IBRD,28.1871,-25.746
4904,2021,6828.75624590017,GDP per capita (current US$),ZA,South Africa,Sub-Saharan Africa ,Upper middle income,IBRD,28.1871,-25.746
4905,2020,5580.60383075189,GDP per capita (current US$),ZA,South Africa,Sub-Saharan Africa ,Upper middle income,IBRD,28.1871,-25.746
4906,2019,6533.71121032856,GDP per capita (current US$),ZA,South Africa,Sub-Saharan Africa ,Upper middle income,IBRD,28.1871,-25.746
4907,2018,6914.1780318076,GDP per capita (current US$),ZA,South Africa,Sub-Saharan Africa ,Upper middle income,IBRD,28.1871,-25.746
4908,2017,6618.33508255701,GDP per capita (current US$),ZA,South Africa,Sub-Saharan Africa ,Upper middle income,IBRD,28.1871,-25.746
4909,2016,5651.20585165749,GDP per capita (current US$),ZA,South Africa,Sub-Saharan Africa ,Upper middle income,IBRD,28.1871,-25.746
4910,2025,,GDP per capita (current US$),SS,South Sudan,Sub-Saharan Africa ,Low income,IDA,31.6,4.85
4911,2024,,GDP per capita (current US$),SS,South Sudan,Sub-Saharan Africa ,Low income,IDA,31.6,4.85
4912,2023,,GDP per capita (current US$),SS,South Sudan,Sub-Saharan Africa ,Low income,IDA,31.6,4.85
4913,2022,,GDP per capita (current US$),SS,South Sudan,Sub-Saharan Africa ,Low income,IDA,31.6,4.85
4914,2021,,GDP per capita (current US$),SS,South Sudan,Sub-Saharan Africa ,Low income,IDA,31.6,4.85
4915,2020,,GDP per capita (current US$),SS,South Sudan,Sub-Saharan Africa ,Low income,IDA,31.6,4.85
4916,2019,,GDP per capita (current US$),SS,South Sudan,Sub-Saharan Africa ,Low income,IDA,31.6,4.85
4917,2018,,GDP per capita (current US$),SS,South Sudan,Sub-Saharan Africa ,Low income,IDA,31.6,4.85
4918,2017,,GDP per capita (current US$),SS,South Sudan,Sub-Saharan Africa ,Low income,IDA,31.6,4.85
4919,2016,,GDP per capita (current US$),SS,South Sudan,Sub-Saharan Africa ,Low income,IDA,31.6,4.85
4920,2025,38627.2472148623,GDP per capita (current US$),ES,Spain,Europe & Central Asia,High income,Not classified,-3.70327,40.4167
4921,2024,35326.7683069278,GDP per capita (current US$),ES,Spain,Europe & Central Asia,High income,Not classified,-3.70327,40.4167
4922,2023,33493.2225409111,GDP per capita (current US$),ES,Spain,Europe & Central Asia,High income,Not classified,-3.70327,40.4167
4923,2022,30319.4987196616,GDP per capita (current US$),ES,Spain,Europe & Central Asia,High income,Not classified,-3.70327,40.4167
4924,2021,30799.4775937775,GDP per capita (current US$),ES,Spain,Europe & Central Asia,High income,Not classified,-3.70327,40.4167
4925,2020,27233.9426461608,GDP per capita (current US$),ES,Spain,Europe & Central Asia,High income,Not classified,-3.70327,40.4167
4926,2019,29786.5245689007,GDP per capita (current US$),ES,Spain,Europe & Central Asia,High income,Not classified,-3.70327,40.4167
4927,2018,30602.4212881113,GDP per capita (current US$),ES,Spain,Europe & Central Asia,High income,Not classified,-3.70327,40.4167
4928,2017,28381.3425596906,GDP per capita (current US$),ES,Spain,Europe & Central Asia,High income,Not classified,-3.70327,40.4167
4929,2016,26755.6061149398,GDP per capita (current US$),ES,Spain,Europe & Central Asia,High income,Not classified,-3.70327,40.4167
4930,2025,5002.07904353724,GDP per capita (current US$),LK,Sri Lanka,South Asia,Upper middle income,IDA,79.8528,6.92148
4931,2024,4545.36006870612,GDP per capita (current US$),LK,Sri Lanka,South Asia,Upper middle income,IDA,79.8528,6.92148
4932,2023,3815.41531767474,GDP per capita (current US$),LK,Sri Lanka,South Asia,Upper middle income,IDA,79.8528,6.92148
4933,2022,3342.63650438046,GDP per capita (current US$),LK,Sri Lanka,South Asia,Upper middle income,IDA,79.8528,6.92148
4934,2021,3996.96240531688,GDP per capita (current US$),LK,Sri Lanka,South Asia,Upper middle income,IDA,79.8528,6.92148
4935,2020,3847.60136741182,GDP per capita (current US$),LK,Sri Lanka,South Asia,Upper middle income,IDA,79.8528,6.92148
4936,2019,4081.94772178134,GDP per capita (current US$),LK,Sri Lanka,South Asia,Upper middle income,IDA,79.8528,6.92148
4937,2018,4358.56095905888,GDP per capita (current US$),LK,Sri Lanka,South Asia,Upper middle income,IDA,79.8528,6.92148
4938,2017,4398.88828786059,GDP per capita (current US$),LK,Sri Lanka,South Asia,Upper middle income,IDA,79.8528,6.92148
4939,2016,4149.19189391879,GDP per capita (current US$),LK,Sri Lanka,South Asia,Upper middle income,IDA,79.8528,6.92148
4940,2025,25223.0257622185,GDP per capita (current US$),KN,St. Kitts and Nevis,Latin America & Caribbean ,High income,IBRD,-62.7309,17.3
4941,2024,23960.6534357084,GDP per capita (current US$),KN,St. Kitts and Nevis,Latin America & Caribbean ,High income,IBRD,-62.7309,17.3
4942,2023,22576.9248439166,GDP per capita (current US$),KN,St. Kitts and Nevis,Latin America & Caribbean ,High income,IBRD,-62.7309,17.3
4943,2022,21011.5744209816,GDP per capita (current US$),KN,St. Kitts and Nevis,Latin America & Caribbean ,High income,IBRD,-62.7309,17.3
4944,2021,18361.1449697886,GDP per capita (current US$),KN,St. Kitts and Nevis,Latin America & Caribbean ,High income,IBRD,-62.7309,17.3
4945,2020,18859.0190361046,GDP per capita (current US$),KN,St. Kitts and Nevis,Latin America & Caribbean ,High income,IBRD,-62.7309,17.3
4946,2019,23595.4923231291,GDP per capita (current US$),KN,St. Kitts and Nevis,Latin America & Caribbean ,High income,IBRD,-62.7309,17.3
4947,2018,22901.3816403197,GDP per capita (current US$),KN,St. Kitts and Nevis,Latin America & Caribbean ,High income,IBRD,-62.7309,17.3
4948,2017,22464.9899633959,GDP per capita (current US$),KN,St. Kitts and Nevis,Latin America & Caribbean ,High income,IBRD,-62.7309,17.3
4949,2016,21387.5415511103,GDP per capita (current US$),KN,St. Kitts and Nevis,Latin America & Caribbean ,High income,IBRD,-62.7309,17.3
4950,2025,14745.8184305461,GDP per capita (current US$),LC,St. Lucia,Latin America & Caribbean ,Upper middle income,Blend,-60.9832,14
4951,2024,14493.658470648,GDP per capita (current US$),LC,St. Lucia,Latin America & Caribbean ,Upper middle income,Blend,-60.9832,14
4952,2023,13616.6397593734,GDP per capita (current US$),LC,St. Lucia,Latin America & Caribbean ,Upper middle income,Blend,-60.9832,14
4953,2022,12976.1489693474,GDP per capita (current US$),LC,St. Lucia,Latin America & Caribbean ,Upper middle income,Blend,-60.9832,14
4954,2021,10481.1233971786,GDP per capita (current US$),LC,St. Lucia,Latin America & Caribbean ,Upper middle income,Blend,-60.9832,14
4955,2020,8537.11495506727,GDP per capita (current US$),LC,St. Lucia,Latin America & Caribbean ,Upper middle income,Blend,-60.9832,14
4956,2019,11764.3944032403,GDP per capita (current US$),LC,St. Lucia,Latin America & Caribbean ,Upper middle income,Blend,-60.9832,14
4957,2018,11642.6984727769,GDP per capita (current US$),LC,St. Lucia,Latin America & Caribbean ,Upper middle income,Blend,-60.9832,14
4958,2017,11333.1123822102,GDP per capita (current US$),LC,St. Lucia,Latin America & Caribbean ,Upper middle income,Blend,-60.9832,14
4959,2016,10638.1269396653,GDP per capita (current US$),LC,St. Lucia,Latin America & Caribbean ,Upper middle income,Blend,-60.9832,14
4960,2025,,GDP per capita (current US$),MF,St. Martin (French part),Latin America & Caribbean ,High income,Not classified,,
4961,2024,,GDP per capita (current US$),MF,St. Martin (French part),Latin America & Caribbean ,High income,Not classified,,
4962,2023,,GDP per capita (current US$),MF,St. Martin (French part),Latin America & Caribbean ,High income,Not classified,,
4963,2022,,GDP per capita (current US$),MF,St. Martin (French part),Latin America & Caribbean ,High income,Not classified,,
4964,2021,21668.3776525323,GDP per capita (current US$),MF,St. Martin (French part),Latin America & Caribbean ,High income,Not classified,,
4965,2020,,GDP per capita (current US$),MF,St. Martin (French part),Latin America & Caribbean ,High income,Not classified,,
4966,2019,19033.0649634889,GDP per capita (current US$),MF,St. Martin (French part),Latin America & Caribbean ,High income,Not classified,,
4967,2018,,GDP per capita (current US$),MF,St. Martin (French part),Latin America & Caribbean ,High income,Not classified,,
4968,2017,,GDP per capita (current US$),MF,St. Martin (French part),Latin America & Caribbean ,High income,Not classified,,
4969,2016,,GDP per capita (current US$),MF,St. Martin (French part),Latin America & Caribbean ,High income,Not classified,,
4970,2025,12561.769166789,GDP per capita (current US$),VC,St. Vincent and the Grenadines,Latin America & Caribbean ,Upper middle income,Blend,-61.2653,13.2035
4971,2024,11501.2265187188,GDP per capita (current US$),VC,St. Vincent and the Grenadines,Latin America & Caribbean ,Upper middle income,Blend,-61.2653,13.2035
4972,2023,10582.3656725229,GDP per capita (current US$),VC,St. Vincent and the Grenadines,Latin America & Caribbean ,Upper middle income,Blend,-61.2653,13.2035
4973,2022,9693.55867833025,GDP per capita (current US$),VC,St. Vincent and the Grenadines,Latin America & Caribbean ,Upper middle income,Blend,-61.2653,13.2035
4974,2021,8641.27904024443,GDP per capita (current US$),VC,St. Vincent and the Grenadines,Latin America & Caribbean ,Upper middle income,Blend,-61.2653,13.2035
4975,2020,8351.20324040982,GDP per capita (current US$),VC,St. Vincent and the Grenadines,Latin America & Caribbean ,Upper middle income,Blend,-61.2653,13.2035
4976,2019,8740.59425232061,GDP per capita (current US$),VC,St. Vincent and the Grenadines,Latin America & Caribbean ,Upper middle income,Blend,-61.2653,13.2035
4977,2018,8428.12677153069,GDP per capita (current US$),VC,St. Vincent and the Grenadines,Latin America & Caribbean ,Upper middle income,Blend,-61.2653,13.2035
4978,2017,7988.04445019298,GDP per capita (current US$),VC,St. Vincent and the Grenadines,Latin America & Caribbean ,Upper middle income,Blend,-61.2653,13.2035
4979,2016,7656.90042881178,GDP per capita (current US$),VC,St. Vincent and the Grenadines,Latin America & Caribbean ,Upper middle income,Blend,-61.2653,13.2035
4980,2025,1164.53991699219,GDP per capita (current US$),SD,Sudan,Sub-Saharan Africa ,Low income,IDA,32.5363,15.5932
4981,2024,984.607666015625,GDP per capita (current US$),SD,Sudan,Sub-Saharan Africa ,Low income,IDA,32.5363,15.5932
4982,2023,797.283447265625,GDP per capita (current US$),SD,Sudan,Sub-Saharan Africa ,Low income,IDA,32.5363,15.5932
4983,2022,1046.24084472656,GDP per capita (current US$),SD,Sudan,Sub-Saharan Africa ,Low income,IDA,32.5363,15.5932
4984,2021,712.122009277344,GDP per capita (current US$),SD,Sudan,Sub-Saharan Africa ,Low income,IDA,32.5363,15.5932
4985,2020,577.795227050781,GDP per capita (current US$),SD,Sudan,Sub-Saharan Africa ,Low income,IDA,32.5363,15.5932
4986,2019,709.975280761719,GDP per capita (current US$),SD,Sudan,Sub-Saharan Africa ,Low income,IDA,32.5363,15.5932
4987,2018,731.027465820313,GDP per capita (current US$),SD,Sudan,Sub-Saharan Africa ,Low income,IDA,32.5363,15.5932
4988,2017,966.505676269531,GDP per capita (current US$),SD,Sudan,Sub-Saharan Africa ,Low income,IDA,32.5363,15.5932
4989,2016,1033.21594238281,GDP per capita (current US$),SD,Sudan,Sub-Saharan Africa ,Low income,IDA,32.5363,15.5932
4990,2025,7069.87230892274,GDP per capita (current US$),SR,Suriname,Latin America & Caribbean ,Upper middle income,Blend,-55.1679,5.8232
4991,2024,6961.78956060258,GDP per capita (current US$),SR,Suriname,Latin America & Caribbean ,Upper middle income,Blend,-55.1679,5.8232
4992,2023,5521.97602122638,GDP per capita (current US$),SR,Suriname,Latin America & Caribbean ,Upper middle income,Blend,-55.1679,5.8232
4993,2022,6084.43876736445,GDP per capita (current US$),SR,Suriname,Latin America & Caribbean ,Upper middle income,Blend,-55.1679,5.8232
4994,2021,5029.84838543953,GDP per capita (current US$),SR,Suriname,Latin America & Caribbean ,Upper middle income,Blend,-55.1679,5.8232
4995,2020,4755.39221710693,GDP per capita (current US$),SR,Suriname,Latin America & Caribbean ,Upper middle income,Blend,-55.1679,5.8232
4996,2019,6629.66775248603,GDP per capita (current US$),SR,Suriname,Latin America & Caribbean ,Upper middle income,Blend,-55.1679,5.8232
4997,2018,6665.74180472239,GDP per capita (current US$),SR,Suriname,Latin America & Caribbean ,Upper middle income,Blend,-55.1679,5.8232
4998,2017,6049.52128553675,GDP per capita (current US$),SR,Suriname,Latin America & Caribbean ,Upper middle income,Blend,-55.1679,5.8232
4999,2016,5644.2061057532,GDP per capita (current US$),SR,Suriname,Latin America & Caribbean ,Upper middle income,Blend,-55.1679,5.8232
5000,2025,63133.2126736715,GDP per capita (current US$),SE,Sweden,Europe & Central Asia,High income,Not classified,18.0645,59.3327
5001,2024,57222.7100565003,GDP per capita (current US$),SE,Sweden,Europe & Central Asia,High income,Not classified,18.0645,59.3327
5002,2023,54950.2834725622,GDP per capita (current US$),SE,Sweden,Europe & Central Asia,High income,Not classified,18.0645,59.3327
5003,2022,54836.8907235124,GDP per capita (current US$),SE,Sweden,Europe & Central Asia,High income,Not classified,18.0645,59.3327
5004,2021,60647.5416365347,GDP per capita (current US$),SE,Sweden,Europe & Central Asia,High income,Not classified,18.0645,59.3327
5005,2020,52568.5726980146,GDP per capita (current US$),SE,Sweden,Europe & Central Asia,High income,Not classified,18.0645,59.3327
5006,2019,51648.9892820514,GDP per capita (current US$),SE,Sweden,Europe & Central Asia,High income,Not classified,18.0645,59.3327
5007,2018,54018.4554391861,GDP per capita (current US$),SE,Sweden,Europe & Central Asia,High income,Not classified,18.0645,59.3327
5008,2017,53210.2233318965,GDP per capita (current US$),SE,Sweden,Europe & Central Asia,High income,Not classified,18.0645,59.3327
5009,2016,51703.5088332851,GDP per capita (current US$),SE,Sweden,Europe & Central Asia,High income,Not classified,18.0645,59.3327
5010,2025,114769.012314293,GDP per capita (current US$),CH,Switzerland,Europe & Central Asia,High income,Not classified,7.44821,46.948
5011,2024,107702.065940312,GDP per capita (current US$),CH,Switzerland,Europe & Central Asia,High income,Not classified,7.44821,46.948
5012,2023,104449.75451772,GDP per capita (current US$),CH,Switzerland,Europe & Central Asia,High income,Not classified,7.44821,46.948
5013,2022,97809.095567203,GDP per capita (current US$),CH,Switzerland,Europe & Central Asia,High income,Not classified,7.44821,46.948
5014,2021,96582.8687080693,GDP per capita (current US$),CH,Switzerland,Europe & Central Asia,High income,Not classified,7.44821,46.948
5015,2020,87529.7016394892,GDP per capita (current US$),CH,Switzerland,Europe & Central Asia,High income,Not classified,7.44821,46.948
5016,2019,85872.9702303454,GDP per capita (current US$),CH,Switzerland,Europe & Central Asia,High income,Not classified,7.44821,46.948
5017,2018,87002.3382293532,GDP per capita (current US$),CH,Switzerland,Europe & Central Asia,High income,Not classified,7.44821,46.948
5018,2017,83610.248611484,GDP per capita (current US$),CH,Switzerland,Europe & Central Asia,High income,Not classified,7.44821,46.948
5019,2016,83432.4111596314,GDP per capita (current US$),CH,Switzerland,Europe & Central Asia,High income,Not classified,7.44821,46.948
5020,2025,,GDP per capita (current US$),SY,Syrian Arab Republic,"Middle East, North Africa, Afghanistan & Pakistan",Low income,IDA,36.3119,33.5146
5021,2024,,GDP per capita (current US$),SY,Syrian Arab Republic,"Middle East, North Africa, Afghanistan & Pakistan",Low income,IDA,36.3119,33.5146
5022,2023,,GDP per capita (current US$),SY,Syrian Arab Republic,"Middle East, North Africa, Afghanistan & Pakistan",Low income,IDA,36.3119,33.5146
5023,2022,1056.78264718197,GDP per capita (current US$),SY,Syrian Arab Republic,"Middle East, North Africa, Afghanistan & Pakistan",Low income,IDA,36.3119,33.5146
5024,2021,688.566109726934,GDP per capita (current US$),SY,Syrian Arab Republic,"Middle East, North Africa, Afghanistan & Pakistan",Low income,IDA,36.3119,33.5146
5025,2020,593.911771822527,GDP per capita (current US$),SY,Syrian Arab Republic,"Middle East, North Africa, Afghanistan & Pakistan",Low income,IDA,36.3119,33.5146
5026,2019,1109.53933821464,GDP per capita (current US$),SY,Syrian Arab Republic,"Middle East, North Africa, Afghanistan & Pakistan",Low income,IDA,36.3119,33.5146
5027,2018,1098.06667935023,GDP per capita (current US$),SY,Syrian Arab Republic,"Middle East, North Africa, Afghanistan & Pakistan",Low income,IDA,36.3119,33.5146
5028,2017,851.501972646386,GDP per capita (current US$),SY,Syrian Arab Republic,"Middle East, North Africa, Afghanistan & Pakistan",Low income,IDA,36.3119,33.5146
5029,2016,656.349017520952,GDP per capita (current US$),SY,Syrian Arab Republic,"Middle East, North Africa, Afghanistan & Pakistan",Low income,IDA,36.3119,33.5146
5030,2025,1637.2542942547,GDP per capita (current US$),TJ,Tajikistan,Europe & Central Asia,Lower middle income,IDA,68.7864,38.5878
5031,2024,1362.02559981695,GDP per capita (current US$),TJ,Tajikistan,Europe & Central Asia,Lower middle income,IDA,68.7864,38.5878
5032,2023,1178.47990060249,GDP per capita (current US$),TJ,Tajikistan,Europe & Central Asia,Lower middle income,IDA,68.7864,38.5878
5033,2022,1052.17949484894,GDP per capita (current US$),TJ,Tajikistan,Europe & Central Asia,Lower middle income,IDA,68.7864,38.5878
5034,2021,896.748053372182,GDP per capita (current US$),TJ,Tajikistan,Europe & Central Asia,Lower middle income,IDA,68.7864,38.5878
5035,2020,834.311715460625,GDP per capita (current US$),TJ,Tajikistan,Europe & Central Asia,Lower middle income,IDA,68.7864,38.5878
5036,2019,871.022372934846,GDP per capita (current US$),TJ,Tajikistan,Europe & Central Asia,Lower middle income,IDA,68.7864,38.5878
5037,2018,834.288404578801,GDP per capita (current US$),TJ,Tajikistan,Europe & Central Asia,Lower middle income,IDA,68.7864,38.5878
5038,2017,829.45714764957,GDP per capita (current US$),TJ,Tajikistan,Europe & Central Asia,Lower middle income,IDA,68.7864,38.5878
5039,2016,788.710481734485,GDP per capita (current US$),TJ,Tajikistan,Europe & Central Asia,Lower middle income,IDA,68.7864,38.5878
5040,2025,1318.81921386719,GDP per capita (current US$),TZ,Tanzania,Sub-Saharan Africa ,Lower middle income,IDA,35.7382,-6.17486
5041,2024,1192.60668945313,GDP per capita (current US$),TZ,Tanzania,Sub-Saharan Africa ,Lower middle income,IDA,35.7382,-6.17486
5042,2023,1224.00219726563,GDP per capita (current US$),TZ,Tanzania,Sub-Saharan Africa ,Lower middle income,IDA,35.7382,-6.17486
5043,2022,1207.52062988281,GDP per capita (current US$),TZ,Tanzania,Sub-Saharan Africa ,Lower middle income,IDA,35.7382,-6.17486
5044,2021,1159.85656738281,GDP per capita (current US$),TZ,Tanzania,Sub-Saharan Africa ,Lower middle income,IDA,35.7382,-6.17486
5045,2020,1117.41528320313,GDP per capita (current US$),TZ,Tanzania,Sub-Saharan Africa ,Lower middle income,IDA,35.7382,-6.17486
5046,2019,1063.32250976563,GDP per capita (current US$),TZ,Tanzania,Sub-Saharan Africa ,Lower middle income,IDA,35.7382,-6.17486
5047,2018,1023.10626220703,GDP per capita (current US$),TZ,Tanzania,Sub-Saharan Africa ,Lower middle income,IDA,35.7382,-6.17486
5048,2017,986.674011230469,GDP per capita (current US$),TZ,Tanzania,Sub-Saharan Africa ,Lower middle income,IDA,35.7382,-6.17486
5049,2016,953.0107421875,GDP per capita (current US$),TZ,Tanzania,Sub-Saharan Africa ,Lower middle income,IDA,35.7382,-6.17486
5050,2025,8056.56359761558,GDP per capita (current US$),TH,Thailand,East Asia & Pacific,Upper middle income,IBRD,100.521,13.7308
5051,2024,7386.63615126055,GDP per capita (current US$),TH,Thailand,East Asia & Pacific,Upper middle income,IBRD,100.521,13.7308
5052,2023,7210.54130832685,GDP per capita (current US$),TH,Thailand,East Asia & Pacific,Upper middle income,IBRD,100.521,13.7308
5053,2022,6910.00995211206,GDP per capita (current US$),TH,Thailand,East Asia & Pacific,Upper middle income,IBRD,100.521,13.7308
5054,2021,7055.18760721422,GDP per capita (current US$),TH,Thailand,East Asia & Pacific,Upper middle income,IBRD,100.521,13.7308
5055,2020,6983.03412836245,GDP per capita (current US$),TH,Thailand,East Asia & Pacific,Upper middle income,IBRD,100.521,13.7308
5056,2019,7605.69657797759,GDP per capita (current US$),TH,Thailand,East Asia & Pacific,Upper middle income,IBRD,100.521,13.7308
5057,2018,7099.77650081458,GDP per capita (current US$),TH,Thailand,East Asia & Pacific,Upper middle income,IBRD,100.521,13.7308
5058,2017,6413.09182530343,GDP per capita (current US$),TH,Thailand,East Asia & Pacific,Upper middle income,IBRD,100.521,13.7308
5059,2016,5833.57715617098,GDP per capita (current US$),TH,Thailand,East Asia & Pacific,Upper middle income,IBRD,100.521,13.7308
5060,2025,1340.9640193437,GDP per capita (current US$),TL,Timor-Leste,East Asia & Pacific,Lower middle income,Blend,125.567,-8.56667
5061,2024,1331.9705130185,GDP per capita (current US$),TL,Timor-Leste,East Asia & Pacific,Lower middle income,Blend,125.567,-8.56667
5062,2023,1502.4114958903,GDP per capita (current US$),TL,Timor-Leste,East Asia & Pacific,Lower middle income,Blend,125.567,-8.56667
5063,2022,2343.24955542816,GDP per capita (current US$),TL,Timor-Leste,East Asia & Pacific,Lower middle income,Blend,125.567,-8.56667
5064,2021,2684.92673717299,GDP per capita (current US$),TL,Timor-Leste,East Asia & Pacific,Lower middle income,Blend,125.567,-8.56667
5065,2020,1630.86935439232,GDP per capita (current US$),TL,Timor-Leste,East Asia & Pacific,Lower middle income,Blend,125.567,-8.56667
5066,2019,1562.36458881813,GDP per capita (current US$),TL,Timor-Leste,East Asia & Pacific,Lower middle income,Blend,125.567,-8.56667
5067,2018,1219.46598597604,GDP per capita (current US$),TL,Timor-Leste,East Asia & Pacific,Lower middle income,Blend,125.567,-8.56667
5068,2017,1266.17767952941,GDP per capita (current US$),TL,Timor-Leste,East Asia & Pacific,Lower middle income,Blend,125.567,-8.56667
5069,2016,1335.54390089814,GDP per capita (current US$),TL,Timor-Leste,East Asia & Pacific,Lower middle income,Blend,125.567,-8.56667
5070,2025,1383.89974929887,GDP per capita (current US$),TG,Togo,Sub-Saharan Africa ,Lower middle income,IDA,1.2255,6.1228
5071,2024,1266.08777721447,GDP per capita (current US$),TG,Togo,Sub-Saharan Africa ,Lower middle income,IDA,1.2255,6.1228
5072,2023,1182.32951436696,GDP per capita (current US$),TG,Togo,Sub-Saharan Africa ,Lower middle income,IDA,1.2255,6.1228
5073,2022,1071.61539220759,GDP per capita (current US$),TG,Togo,Sub-Saharan Africa ,Lower middle income,IDA,1.2255,6.1228
5074,2021,1076.29520076949,GDP per capita (current US$),TG,Togo,Sub-Saharan Africa ,Lower middle income,IDA,1.2255,6.1228
5075,2020,961.219781201934,GDP per capita (current US$),TG,Togo,Sub-Saharan Africa ,Lower middle income,IDA,1.2255,6.1228
5076,2019,917.718016777619,GDP per capita (current US$),TG,Togo,Sub-Saharan Africa ,Lower middle income,IDA,1.2255,6.1228
5077,2018,942.480774393154,GDP per capita (current US$),TG,Togo,Sub-Saharan Africa ,Lower middle income,IDA,1.2255,6.1228
5078,2017,872.076408845752,GDP per capita (current US$),TG,Togo,Sub-Saharan Africa ,Lower middle income,IDA,1.2255,6.1228
5079,2016,843.114204338675,GDP per capita (current US$),TG,Togo,Sub-Saharan Africa ,Lower middle income,IDA,1.2255,6.1228
5080,2025,6547.18646814228,GDP per capita (current US$),TO,Tonga,East Asia & Pacific,Upper middle income,IDA,-175.216,-21.136
5081,2024,6215.38990974121,GDP per capita (current US$),TO,Tonga,East Asia & Pacific,Upper middle income,IDA,-175.216,-21.136
5082,2023,5651.59357939286,GDP per capita (current US$),TO,Tonga,East Asia & Pacific,Upper middle income,IDA,-175.216,-21.136
5083,2022,5298.01942454298,GDP per capita (current US$),TO,Tonga,East Asia & Pacific,Upper middle income,IDA,-175.216,-21.136
5084,2021,4922.8015864044,GDP per capita (current US$),TO,Tonga,East Asia & Pacific,Upper middle income,IDA,-175.216,-21.136
5085,2020,4792.35872413906,GDP per capita (current US$),TO,Tonga,East Asia & Pacific,Upper middle income,IDA,-175.216,-21.136
5086,2019,4788.83350468584,GDP per capita (current US$),TO,Tonga,East Asia & Pacific,Upper middle income,IDA,-175.216,-21.136
5087,2018,4675.04776047973,GDP per capita (current US$),TO,Tonga,East Asia & Pacific,Upper middle income,IDA,-175.216,-21.136
5088,2017,4365.92929788648,GDP per capita (current US$),TO,Tonga,East Asia & Pacific,Upper middle income,IDA,-175.216,-21.136
5089,2016,3987.98618837043,GDP per capita (current US$),TO,Tonga,East Asia & Pacific,Upper middle income,IDA,-175.216,-21.136
5090,2025,18967.2704636681,GDP per capita (current US$),TT,Trinidad and Tobago,Latin America & Caribbean ,High income,IBRD,-61.4789,10.6596
5091,2024,18733.4110406494,GDP per capita (current US$),TT,Trinidad and Tobago,Latin America & Caribbean ,High income,IBRD,-61.4789,10.6596
5092,2023,18308.4536298575,GDP per capita (current US$),TT,Trinidad and Tobago,Latin America & Caribbean ,High income,IBRD,-61.4789,10.6596
5093,2022,20750.5202434652,GDP per capita (current US$),TT,Trinidad and Tobago,Latin America & Caribbean ,High income,IBRD,-61.4789,10.6596
5094,2021,17712.5674104655,GDP per capita (current US$),TT,Trinidad and Tobago,Latin America & Caribbean ,High income,IBRD,-61.4789,10.6596
5095,2020,15283.6270531554,GDP per capita (current US$),TT,Trinidad and Tobago,Latin America & Caribbean ,High income,IBRD,-61.4789,10.6596
5096,2019,17212.6128892163,GDP per capita (current US$),TT,Trinidad and Tobago,Latin America & Caribbean ,High income,IBRD,-61.4789,10.6596
5097,2018,17571.498737278,GDP per capita (current US$),TT,Trinidad and Tobago,Latin America & Caribbean ,High income,IBRD,-61.4789,10.6596
5098,2017,17566.0999700656,GDP per capita (current US$),TT,Trinidad and Tobago,Latin America & Caribbean ,High income,IBRD,-61.4789,10.6596
5099,2016,17449.1538801956,GDP per capita (current US$),TT,Trinidad and Tobago,Latin America & Caribbean ,High income,IBRD,-61.4789,10.6596
5100,2025,4656.63818386852,GDP per capita (current US$),TN,Tunisia,"Middle East, North Africa, Afghanistan & Pakistan",Lower middle income,IBRD,10.21,36.7899
5101,2024,4187.64079392362,GDP per capita (current US$),TN,Tunisia,"Middle East, North Africa, Afghanistan & Pakistan",Lower middle income,IBRD,10.21,36.7899
5102,2023,3951.11683376921,GDP per capita (current US$),TN,Tunisia,"Middle East, North Africa, Afghanistan & Pakistan",Lower middle income,IBRD,10.21,36.7899
5103,2022,3707.29283414381,GDP per capita (current US$),TN,Tunisia,"Middle East, North Africa, Afghanistan & Pakistan",Lower middle income,IBRD,10.21,36.7899
5104,2021,3906.93926319391,GDP per capita (current US$),TN,Tunisia,"Middle East, North Africa, Afghanistan & Pakistan",Lower middle income,IBRD,10.21,36.7899
5105,2020,3548.65363663803,GDP per capita (current US$),TN,Tunisia,"Middle East, North Africa, Afghanistan & Pakistan",Lower middle income,IBRD,10.21,36.7899
5106,2019,3528.87213306798,GDP per capita (current US$),TN,Tunisia,"Middle East, North Africa, Afghanistan & Pakistan",Lower middle income,IBRD,10.21,36.7899
5107,2018,3628.10366464236,GDP per capita (current US$),TN,Tunisia,"Middle East, North Africa, Afghanistan & Pakistan",Lower middle income,IBRD,10.21,36.7899
5108,2017,3619.03247319953,GDP per capita (current US$),TN,Tunisia,"Middle East, North Africa, Afghanistan & Pakistan",Lower middle income,IBRD,10.21,36.7899
5109,2016,3847.80354448809,GDP per capita (current US$),TN,Tunisia,"Middle East, North Africa, Afghanistan & Pakistan",Lower middle income,IBRD,10.21,36.7899
5110,2025,18599.4420922378,GDP per capita (current US$),TR,Turkiye,Europe & Central Asia,Upper middle income,IBRD,32.3606,39.7153
5111,2024,15892.7157287241,GDP per capita (current US$),TR,Turkiye,Europe & Central Asia,Upper middle income,IBRD,32.3606,39.7153
5112,2023,13375.0947282864,GDP per capita (current US$),TR,Turkiye,Europe & Central Asia,Upper middle income,IBRD,32.3606,39.7153
5113,2022,10897.8397861365,GDP per capita (current US$),TR,Turkiye,Europe & Central Asia,Upper middle income,IBRD,32.3606,39.7153
5114,2021,9981.76398411336,GDP per capita (current US$),TR,Turkiye,Europe & Central Asia,Upper middle income,IBRD,32.3606,39.7153
5115,2020,8798.11791709313,GDP per capita (current US$),TR,Turkiye,Europe & Central Asia,Upper middle income,IBRD,32.3606,39.7153
5116,2019,9395.23378001368,GDP per capita (current US$),TR,Turkiye,Europe & Central Asia,Upper middle income,IBRD,32.3606,39.7153
5117,2018,9684.11819884721,GDP per capita (current US$),TR,Turkiye,Europe & Central Asia,Upper middle income,IBRD,32.3606,39.7153
5118,2017,10756.3877677883,GDP per capita (current US$),TR,Turkiye,Europe & Central Asia,Upper middle income,IBRD,32.3606,39.7153
5119,2016,10984.3643169061,GDP per capita (current US$),TR,Turkiye,Europe & Central Asia,Upper middle income,IBRD,32.3606,39.7153
5120,2025,6540.17876401136,GDP per capita (current US$),TM,Turkmenistan,Europe & Central Asia,Upper middle income,IBRD,58.3794,37.9509
5121,2024,5904.25772576512,GDP per capita (current US$),TM,Turkmenistan,Europe & Central Asia,Upper middle income,IBRD,58.3794,37.9509
5122,2023,5298.46421949276,GDP per capita (current US$),TM,Turkmenistan,Europe & Central Asia,Upper middle income,IBRD,58.3794,37.9509
5123,2022,5198.18947409551,GDP per capita (current US$),TM,Turkmenistan,Europe & Central Asia,Upper middle income,IBRD,58.3794,37.9509
5124,2021,3713.20113171765,GDP per capita (current US$),TM,Turkmenistan,Europe & Central Asia,Upper middle income,IBRD,58.3794,37.9509
5125,2020,3935.37749365223,GDP per capita (current US$),TM,Turkmenistan,Europe & Central Asia,Upper middle income,IBRD,58.3794,37.9509
5126,2019,4365.1152919542,GDP per capita (current US$),TM,Turkmenistan,Europe & Central Asia,Upper middle income,IBRD,58.3794,37.9509
5127,2018,3911.98557297865,GDP per capita (current US$),TM,Turkmenistan,Europe & Central Asia,Upper middle income,IBRD,58.3794,37.9509
5128,2017,5125.54920055808,GDP per capita (current US$),TM,Turkmenistan,Europe & Central Asia,Upper middle income,IBRD,58.3794,37.9509
5129,2016,5238.00827202546,GDP per capita (current US$),TM,Turkmenistan,Europe & Central Asia,Upper middle income,IBRD,58.3794,37.9509
5130,2025,,GDP per capita (current US$),TC,Turks and Caicos Islands,Latin America & Caribbean ,High income,Not classified,-71.141389,21.4602778
5131,2024,37506.7798431288,GDP per capita (current US$),TC,Turks and Caicos Islands,Latin America & Caribbean ,High income,Not classified,-71.141389,21.4602778
5132,2023,35470.2151608295,GDP per capita (current US$),TC,Turks and Caicos Islands,Latin America & Caribbean ,High income,Not classified,-71.141389,21.4602778
5133,2022,31280.5418020808,GDP per capita (current US$),TC,Turks and Caicos Islands,Latin America & Caribbean ,High income,Not classified,-71.141389,21.4602778
5134,2021,27329.2885087196,GDP per capita (current US$),TC,Turks and Caicos Islands,Latin America & Caribbean ,High income,Not classified,-71.141389,21.4602778
5135,2020,20690.9160546118,GDP per capita (current US$),TC,Turks and Caicos Islands,Latin America & Caribbean ,High income,Not classified,-71.141389,21.4602778
5136,2019,31780.5217068989,GDP per capita (current US$),TC,Turks and Caicos Islands,Latin America & Caribbean ,High income,Not classified,-71.141389,21.4602778
5137,2018,31625.616593277,GDP per capita (current US$),TC,Turks and Caicos Islands,Latin America & Caribbean ,High income,Not classified,-71.141389,21.4602778
5138,2017,30014.2309523213,GDP per capita (current US$),TC,Turks and Caicos Islands,Latin America & Caribbean ,High income,Not classified,-71.141389,21.4602778
5139,2016,31373.5612684327,GDP per capita (current US$),TC,Turks and Caicos Islands,Latin America & Caribbean ,High income,Not classified,-71.141389,21.4602778
5140,2025,6041.44908591428,GDP per capita (current US$),TV,Tuvalu,East Asia & Pacific,Upper middle income,IDA,179.089567,-8.6314877
5141,2024,5883.50257114002,GDP per capita (current US$),TV,Tuvalu,East Asia & Pacific,Upper middle income,IDA,179.089567,-8.6314877
5142,2023,5143.8397437226,GDP per capita (current US$),TV,Tuvalu,East Asia & Pacific,Upper middle income,IDA,179.089567,-8.6314877
5143,2022,5414.74642912412,GDP per capita (current US$),TV,Tuvalu,East Asia & Pacific,Upper middle income,IDA,179.089567,-8.6314877
5144,2021,6042.51983141155,GDP per capita (current US$),TV,Tuvalu,East Asia & Pacific,Upper middle income,IDA,179.089567,-8.6314877
5145,2020,5029.57159284173,GDP per capita (current US$),TV,Tuvalu,East Asia & Pacific,Upper middle income,IDA,179.089567,-8.6314877
5146,2019,5058.85266607659,GDP per capita (current US$),TV,Tuvalu,East Asia & Pacific,Upper middle income,IDA,179.089567,-8.6314877
5147,2018,4467.21144027065,GDP per capita (current US$),TV,Tuvalu,East Asia & Pacific,Upper middle income,IDA,179.089567,-8.6314877
5148,2017,4166.79162422818,GDP per capita (current US$),TV,Tuvalu,East Asia & Pacific,Upper middle income,IDA,179.089567,-8.6314877
5149,2016,3779.15293916285,GDP per capita (current US$),TV,Tuvalu,East Asia & Pacific,Upper middle income,IDA,179.089567,-8.6314877
5150,2025,1206.30450825002,GDP per capita (current US$),UG,Uganda,Sub-Saharan Africa ,Low income,IDA,32.5729,0.314269
5151,2024,1077.91278438613,GDP per capita (current US$),UG,Uganda,Sub-Saharan Africa ,Low income,IDA,32.5729,0.314269
5152,2023,1002.30913917142,GDP per capita (current US$),UG,Uganda,Sub-Saharan Africa ,Low income,IDA,32.5729,0.314269
5153,2022,963.067314117178,GDP per capita (current US$),UG,Uganda,Sub-Saharan Africa ,Low income,IDA,32.5729,0.314269
5154,2021,882.791717542504,GDP per capita (current US$),UG,Uganda,Sub-Saharan Africa ,Low income,IDA,32.5729,0.314269
5155,2020,845.766463890124,GDP per capita (current US$),UG,Uganda,Sub-Saharan Africa ,Low income,IDA,32.5729,0.314269
5156,2019,822.171150036357,GDP per capita (current US$),UG,Uganda,Sub-Saharan Africa ,Low income,IDA,32.5729,0.314269
5157,2018,792.16570022814,GDP per capita (current US$),UG,Uganda,Sub-Saharan Africa ,Low income,IDA,32.5729,0.314269
5158,2017,765.218332297361,GDP per capita (current US$),UG,Uganda,Sub-Saharan Africa ,Low income,IDA,32.5729,0.314269
5159,2016,752.696571725656,GDP per capita (current US$),UG,Uganda,Sub-Saharan Africa ,Low income,IDA,32.5729,0.314269
5160,2025,5865.884765625,GDP per capita (current US$),UA,Ukraine,Europe & Central Asia,Upper middle income,IBRD,30.5038,50.4536
5161,2024,5391.62255859375,GDP per capita (current US$),UA,Ukraine,Europe & Central Asia,Upper middle income,IBRD,30.5038,50.4536
5162,2023,5139.59814453125,GDP per capita (current US$),UA,Ukraine,Europe & Central Asia,Upper middle income,IBRD,30.5038,50.4536
5163,2022,4199.6708984375,GDP per capita (current US$),UA,Ukraine,Europe & Central Asia,Upper middle income,IBRD,30.5038,50.4536
5164,2021,4775.94580078125,GDP per capita (current US$),UA,Ukraine,Europe & Central Asia,Upper middle income,IBRD,30.5038,50.4536
5165,2020,3709.76928710938,GDP per capita (current US$),UA,Ukraine,Europe & Central Asia,Upper middle income,IBRD,30.5038,50.4536
5166,2019,3619.86157226563,GDP per capita (current US$),UA,Ukraine,Europe & Central Asia,Upper middle income,IBRD,30.5038,50.4536
5167,2018,3059.0517578125,GDP per capita (current US$),UA,Ukraine,Europe & Central Asia,Upper middle income,IBRD,30.5038,50.4536
5168,2017,2604.28759765625,GDP per capita (current US$),UA,Ukraine,Europe & Central Asia,Upper middle income,IBRD,30.5038,50.4536
5169,2016,2158.46118164063,GDP per capita (current US$),UA,Ukraine,Europe & Central Asia,Upper middle income,IBRD,30.5038,50.4536
5170,2025,,GDP per capita (current US$),AE,United Arab Emirates,"Middle East, North Africa, Afghanistan & Pakistan",High income,Not classified,54.3705,24.4764
5171,2024,50273.5126243239,GDP per capita (current US$),AE,United Arab Emirates,"Middle East, North Africa, Afghanistan & Pakistan",High income,Not classified,54.3705,24.4764
5172,2023,49850.6945082084,GDP per capita (current US$),AE,United Arab Emirates,"Middle East, North Africa, Afghanistan & Pakistan",High income,Not classified,54.3705,24.4764
5173,2022,50759.7590190204,GDP per capita (current US$),AE,United Arab Emirates,"Middle East, North Africa, Afghanistan & Pakistan",High income,Not classified,54.3705,24.4764
5174,2021,44118.4936214315,GDP per capita (current US$),AE,United Arab Emirates,"Middle East, North Africa, Afghanistan & Pakistan",High income,Not classified,54.3705,24.4764
5175,2020,37991.738387966,GDP per capita (current US$),AE,United Arab Emirates,"Middle East, North Africa, Afghanistan & Pakistan",High income,Not classified,54.3705,24.4764
5176,2019,45938.6084572227,GDP per capita (current US$),AE,United Arab Emirates,"Middle East, North Africa, Afghanistan & Pakistan",High income,Not classified,54.3705,24.4764
5177,2018,47135.3478795605,GDP per capita (current US$),AE,United Arab Emirates,"Middle East, North Africa, Afghanistan & Pakistan",High income,Not classified,54.3705,24.4764
5178,2017,43733.6242018215,GDP per capita (current US$),AE,United Arab Emirates,"Middle East, North Africa, Afghanistan & Pakistan",High income,Not classified,54.3705,24.4764
5179,2016,42721.1136110991,GDP per capita (current US$),AE,United Arab Emirates,"Middle East, North Africa, Afghanistan & Pakistan",High income,Not classified,54.3705,24.4764
5180,2025,57601.9621201954,GDP per capita (current US$),GB,United Kingdom,Europe & Central Asia,High income,Not classified,-0.126236,51.5002
5181,2024,53341.3131094262,GDP per capita (current US$),GB,United Kingdom,Europe & Central Asia,High income,Not classified,-0.126236,51.5002
5182,2023,49919.6896621586,GDP per capita (current US$),GB,United Kingdom,Europe & Central Asia,High income,Not classified,-0.126236,51.5002
5183,2022,47034.7795621476,GDP per capita (current US$),GB,United Kingdom,Europe & Central Asia,High income,Not classified,-0.126236,51.5002
5184,2021,47695.6491523474,GDP per capita (current US$),GB,United Kingdom,Europe & Central Asia,High income,Not classified,-0.126236,51.5002
5185,2020,40815.1255364787,GDP per capita (current US$),GB,United Kingdom,Europe & Central Asia,High income,Not classified,-0.126236,51.5002
5186,2019,43160.6843971799,GDP per capita (current US$),GB,United Kingdom,Europe & Central Asia,High income,Not classified,-0.126236,51.5002
5187,2018,43704.3162296687,GDP per capita (current US$),GB,United Kingdom,Europe & Central Asia,High income,Not classified,-0.126236,51.5002
5188,2017,40918.0520870944,GDP per capita (current US$),GB,United Kingdom,Europe & Central Asia,High income,Not classified,-0.126236,51.5002
5189,2016,41258.5374285695,GDP per capita (current US$),GB,United Kingdom,Europe & Central Asia,High income,Not classified,-0.126236,51.5002
5190,2025,90026.5163005744,GDP per capita (current US$),US,United States,North America,High income,Not classified,-77.032,38.8895
5191,2024,86169.6641581917,GDP per capita (current US$),US,United States,North America,High income,Not classified,-77.032,38.8895
5192,2023,82586.7847707894,GDP per capita (current US$),US,United States,North America,High income,Not classified,-77.032,38.8895
5193,2022,78008.6895811877,GDP per capita (current US$),US,United States,North America,High income,Not classified,-77.032,38.8895
5194,2021,71441.2319805947,GDP per capita (current US$),US,United States,North America,High income,Not classified,-77.032,38.8895
5195,2020,64465.2971415748,GDP per capita (current US$),US,United States,North America,High income,Not classified,-77.032,38.8895
5196,2019,65227.9565911038,GDP per capita (current US$),US,United States,North America,High income,Not classified,-77.032,38.8895
5197,2018,62875.6661382728,GDP per capita (current US$),US,United States,North America,High income,Not classified,-77.032,38.8895
5198,2017,60047.7190728307,GDP per capita (current US$),US,United States,North America,High income,Not classified,-77.032,38.8895
5199,2016,57976.628204291,GDP per capita (current US$),US,United States,North America,High income,Not classified,-77.032,38.8895
5200,2025,25215.8238152781,GDP per capita (current US$),UY,Uruguay,Latin America & Caribbean ,High income,IBRD,-56.0675,-34.8941
5201,2024,24308.4954958447,GDP per capita (current US$),UY,Uruguay,Latin America & Caribbean ,High income,IBRD,-56.0675,-34.8941
5202,2023,23378.6399733516,GDP per capita (current US$),UY,Uruguay,Latin America & Caribbean ,High income,IBRD,-56.0675,-34.8941
5203,2022,21009.2883798725,GDP per capita (current US$),UY,Uruguay,Latin America & Caribbean ,High income,IBRD,-56.0675,-34.8941
5204,2021,17881.8119616753,GDP per capita (current US$),UY,Uruguay,Latin America & Caribbean ,High income,IBRD,-56.0675,-34.8941
5205,2020,15757.5341990356,GDP per capita (current US$),UY,Uruguay,Latin America & Caribbean ,High income,IBRD,-56.0675,-34.8941
5206,2019,18315.7350377437,GDP per capita (current US$),UY,Uruguay,Latin America & Caribbean ,High income,IBRD,-56.0675,-34.8941
5207,2018,19249.9404677501,GDP per capita (current US$),UY,Uruguay,Latin America & Caribbean ,High income,IBRD,-56.0675,-34.8941
5208,2017,19184.6626114272,GDP per capita (current US$),UY,Uruguay,Latin America & Caribbean ,High income,IBRD,-56.0675,-34.8941
5209,2016,17009.7584207276,GDP per capita (current US$),UY,Uruguay,Latin America & Caribbean ,High income,IBRD,-56.0675,-34.8941
5210,2025,3968.2720079072,GDP per capita (current US$),UZ,Uzbekistan,Europe & Central Asia,Lower middle income,Blend,69.269,41.3052
5211,2024,3337.45492058664,GDP per capita (current US$),UZ,Uzbekistan,Europe & Central Asia,Lower middle income,Blend,69.269,41.3052
5212,2023,3015.97705069457,GDP per capita (current US$),UZ,Uzbekistan,Europe & Central Asia,Lower middle income,Blend,69.269,41.3052
5213,2022,2698.60262953369,GDP per capita (current US$),UZ,Uzbekistan,Europe & Central Asia,Lower middle income,Blend,69.269,41.3052
5214,2021,2370.36480555669,GDP per capita (current US$),UZ,Uzbekistan,Europe & Central Asia,Lower middle income,Blend,69.269,41.3052
5215,2020,2087.96374711792,GDP per capita (current US$),UZ,Uzbekistan,Europe & Central Asia,Lower middle income,Blend,69.269,41.3052
5216,2019,2128.66067138334,GDP per capita (current US$),UZ,Uzbekistan,Europe & Central Asia,Lower middle income,Blend,69.269,41.3052
5217,2018,1894.09088741408,GDP per capita (current US$),UZ,Uzbekistan,Europe & Central Asia,Lower middle income,Blend,69.269,41.3052
5218,2017,2271.4730109511,GDP per capita (current US$),UZ,Uzbekistan,Europe & Central Asia,Lower middle income,Blend,69.269,41.3052
5219,2016,3128.42307170099,GDP per capita (current US$),UZ,Uzbekistan,Europe & Central Asia,Lower middle income,Blend,69.269,41.3052
5220,2025,4038.73520713411,GDP per capita (current US$),VU,Vanuatu,East Asia & Pacific,Lower middle income,IDA,168.321,-17.7404
5221,2024,3959.87703462363,GDP per capita (current US$),VU,Vanuatu,East Asia & Pacific,Lower middle income,IDA,168.321,-17.7404
5222,2023,3708.18942411253,GDP per capita (current US$),VU,Vanuatu,East Asia & Pacific,Lower middle income,IDA,168.321,-17.7404
5223,2022,3679.53524327491,GDP per capita (current US$),VU,Vanuatu,East Asia & Pacific,Lower middle income,IDA,168.321,-17.7404
5224,2021,3576.13770954363,GDP per capita (current US$),VU,Vanuatu,East Asia & Pacific,Lower middle income,IDA,168.321,-17.7404
5225,2020,3404.30359167624,GDP per capita (current US$),VU,Vanuatu,East Asia & Pacific,Lower middle income,IDA,168.321,-17.7404
5226,2019,3635.62344878185,GDP per capita (current US$),VU,Vanuatu,East Asia & Pacific,Lower middle income,IDA,168.321,-17.7404
5227,2018,3626.18862522473,GDP per capita (current US$),VU,Vanuatu,East Asia & Pacific,Lower middle income,IDA,168.321,-17.7404
5228,2017,3585.31798081216,GDP per capita (current US$),VU,Vanuatu,East Asia & Pacific,Lower middle income,IDA,168.321,-17.7404
5229,2016,3339.83436471043,GDP per capita (current US$),VU,Vanuatu,East Asia & Pacific,Lower middle income,IDA,168.321,-17.7404
5230,2025,3494.8138870244,GDP per capita (current US$),VE,"Venezuela, RB",Latin America & Caribbean ,Lower middle income,IBRD,-69.8371,9.08165
5231,2024,4244.45723136019,GDP per capita (current US$),VE,"Venezuela, RB",Latin America & Caribbean ,Lower middle income,IBRD,-69.8371,9.08165
5232,2023,3617.47038396528,GDP per capita (current US$),VE,"Venezuela, RB",Latin America & Caribbean ,Lower middle income,IBRD,-69.8371,9.08165
5233,2022,3155.04190923584,GDP per capita (current US$),VE,"Venezuela, RB",Latin America & Caribbean ,Lower middle income,IBRD,-69.8371,9.08165
5234,2021,2004.93572921136,GDP per capita (current US$),VE,"Venezuela, RB",Latin America & Caribbean ,Lower middle income,IBRD,-69.8371,9.08165
5235,2020,1506.04169391285,GDP per capita (current US$),VE,"Venezuela, RB",Latin America & Caribbean ,Lower middle income,IBRD,-69.8371,9.08165
5236,2019,2523.11527549578,GDP per capita (current US$),VE,"Venezuela, RB",Latin America & Caribbean ,Lower middle income,IBRD,-69.8371,9.08165
5237,2018,3421.51341607593,GDP per capita (current US$),VE,"Venezuela, RB",Latin America & Caribbean ,Lower middle income,IBRD,-69.8371,9.08165
5238,2017,3791.63262049576,GDP per capita (current US$),VE,"Venezuela, RB",Latin America & Caribbean ,Lower middle income,IBRD,-69.8371,9.08165
5239,2016,3671.23004093383,GDP per capita (current US$),VE,"Venezuela, RB",Latin America & Caribbean ,Lower middle income,IBRD,-69.8371,9.08165
5240,2025,5065.99091899299,GDP per capita (current US$),VN,Viet Nam,East Asia & Pacific,Upper middle income,IBRD,105.825,21.0069
5241,2024,4716.6599379632,GDP per capita (current US$),VN,Viet Nam,East Asia & Pacific,Upper middle income,IBRD,105.825,21.0069
5242,2023,4322.82572261566,GDP per capita (current US$),VN,Viet Nam,East Asia & Pacific,Upper middle income,IBRD,105.825,21.0069
5243,2022,4147.69777213621,GDP per capita (current US$),VN,Viet Nam,East Asia & Pacific,Upper middle income,IBRD,105.825,21.0069
5244,2021,3704.1935590038,GDP per capita (current US$),VN,Viet Nam,East Asia & Pacific,Upper middle income,IBRD,105.825,21.0069
5245,2020,3534.03953482647,GDP per capita (current US$),VN,Viet Nam,East Asia & Pacific,Upper middle income,IBRD,105.825,21.0069
5246,2019,3440.90025375434,GDP per capita (current US$),VN,Viet Nam,East Asia & Pacific,Upper middle income,IBRD,105.825,21.0069
5247,2018,3222.31003125366,GDP per capita (current US$),VN,Viet Nam,East Asia & Pacific,Upper middle income,IBRD,105.825,21.0069
5248,2017,2956.10992127753,GDP per capita (current US$),VN,Viet Nam,East Asia & Pacific,Upper middle income,IBRD,105.825,21.0069
5249,2016,2735.0604380416,GDP per capita (current US$),VN,Viet Nam,East Asia & Pacific,Upper middle income,IBRD,105.825,21.0069
5250,2025,,GDP per capita (current US$),VI,Virgin Islands (U.S.),Latin America & Caribbean ,High income,Not classified,-64.8963,18.3358
5251,2024,,GDP per capita (current US$),VI,Virgin Islands (U.S.),Latin America & Caribbean ,High income,Not classified,-64.8963,18.3358
5252,2023,,GDP per capita (current US$),VI,Virgin Islands (U.S.),Latin America & Caribbean ,High income,Not classified,-64.8963,18.3358
5253,2022,44320.909185774,GDP per capita (current US$),VI,Virgin Islands (U.S.),Latin America & Caribbean ,High income,Not classified,-64.8963,18.3358
5254,2021,42571.0777368471,GDP per capita (current US$),VI,Virgin Islands (U.S.),Latin America & Caribbean ,High income,Not classified,-64.8963,18.3358
5255,2020,39787.3741650202,GDP per capita (current US$),VI,Virgin Islands (U.S.),Latin America & Caribbean ,High income,Not classified,-64.8963,18.3358
5256,2019,38633.5298915336,GDP per capita (current US$),VI,Virgin Islands (U.S.),Latin America & Caribbean ,High income,Not classified,-64.8963,18.3358
5257,2018,36663.2087550584,GDP per capita (current US$),VI,Virgin Islands (U.S.),Latin America & Caribbean ,High income,Not classified,-64.8963,18.3358
5258,2017,35365.0693039774,GDP per capita (current US$),VI,Virgin Islands (U.S.),Latin America & Caribbean ,High income,Not classified,-64.8963,18.3358
5259,2016,35324.9748874586,GDP per capita (current US$),VI,Virgin Islands (U.S.),Latin America & Caribbean ,High income,Not classified,-64.8963,18.3358
5260,2025,3171.10844621579,GDP per capita (current US$),PS,West Bank and Gaza,"Middle East, North Africa, Afghanistan & Pakistan",Lower middle income,Not classified,,
5261,2024,3028.25481286981,GDP per capita (current US$),PS,West Bank and Gaza,"Middle East, North Africa, Afghanistan & Pakistan",Lower middle income,Not classified,,
5262,2023,3607.41611858821,GDP per capita (current US$),PS,West Bank and Gaza,"Middle East, North Africa, Afghanistan & Pakistan",Lower middle income,Not classified,,
5263,2022,3799.95527015163,GDP per capita (current US$),PS,West Bank and Gaza,"Middle East, North Africa, Afghanistan & Pakistan",Lower middle income,Not classified,,
5264,2021,3678.63565662194,GDP per capita (current US$),PS,West Bank and Gaza,"Middle East, North Africa, Afghanistan & Pakistan",Lower middle income,Not classified,,
5265,2020,3233.56863835858,GDP per capita (current US$),PS,West Bank and Gaza,"Middle East, North Africa, Afghanistan & Pakistan",Lower middle income,Not classified,,
5266,2019,3656.85827137011,GDP per capita (current US$),PS,West Bank and Gaza,"Middle East, North Africa, Afghanistan & Pakistan",Lower middle income,Not classified,,
5267,2018,3562.33094270256,GDP per capita (current US$),PS,West Bank and Gaza,"Middle East, North Africa, Afghanistan & Pakistan",Lower middle income,Not classified,,
5268,2017,3620.36048715937,GDP per capita (current US$),PS,West Bank and Gaza,"Middle East, North Africa, Afghanistan & Pakistan",Lower middle income,Not classified,,
5269,2016,3527.61382413178,GDP per capita (current US$),PS,West Bank and Gaza,"Middle East, North Africa, Afghanistan & Pakistan",Lower middle income,Not classified,,
5270,2025,,GDP per capita (current US$),YE,"Yemen, Rep.","Middle East, North Africa, Afghanistan & Pakistan",Low income,IDA,44.2075,15.352
5271,2024,,GDP per capita (current US$),YE,"Yemen, Rep.","Middle East, North Africa, Afghanistan & Pakistan",Low income,IDA,44.2075,15.352
5272,2023,,GDP per capita (current US$),YE,"Yemen, Rep.","Middle East, North Africa, Afghanistan & Pakistan",Low income,IDA,44.2075,15.352
5273,2022,,GDP per capita (current US$),YE,"Yemen, Rep.","Middle East, North Africa, Afghanistan & Pakistan",Low income,IDA,44.2075,15.352
5274,2021,,GDP per capita (current US$),YE,"Yemen, Rep.","Middle East, North Africa, Afghanistan & Pakistan",Low income,IDA,44.2075,15.352
5275,2020,,GDP per capita (current US$),YE,"Yemen, Rep.","Middle East, North Africa, Afghanistan & Pakistan",Low income,IDA,44.2075,15.352
5276,2019,,GDP per capita (current US$),YE,"Yemen, Rep.","Middle East, North Africa, Afghanistan & Pakistan",Low income,IDA,44.2075,15.352
5277,2018,633.887202451545,GDP per capita (current US$),YE,"Yemen, Rep.","Middle East, North Africa, Afghanistan & Pakistan",Low income,IDA,44.2075,15.352
5278,2017,811.165970405745,GDP per capita (current US$),YE,"Yemen, Rep.","Middle East, North Africa, Afghanistan & Pakistan",Low income,IDA,44.2075,15.352
5279,2016,975.359417003225,GDP per capita (current US$),YE,"Yemen, Rep.","Middle East, North Africa, Afghanistan & Pakistan",Low income,IDA,44.2075,15.352
5280,2025,1317.87771619597,GDP per capita (current US$),ZM,Zambia,Sub-Saharan Africa ,Lower middle income,IDA,28.2937,-15.3982
5281,2024,1187.10943350064,GDP per capita (current US$),ZM,Zambia,Sub-Saharan Africa ,Lower middle income,IDA,28.2937,-15.3982
5282,2023,1330.72780576709,GDP per capita (current US$),ZM,Zambia,Sub-Saharan Africa ,Lower middle income,IDA,28.2937,-15.3982
5283,2022,1447.12310138035,GDP per capita (current US$),ZM,Zambia,Sub-Saharan Africa ,Lower middle income,IDA,28.2937,-15.3982
5284,2021,1127.16077872857,GDP per capita (current US$),ZM,Zambia,Sub-Saharan Africa ,Lower middle income,IDA,28.2937,-15.3982
5285,2020,951.644316655957,GDP per capita (current US$),ZM,Zambia,Sub-Saharan Africa ,Lower middle income,IDA,28.2937,-15.3982
5286,2019,1258.98619844462,GDP per capita (current US$),ZM,Zambia,Sub-Saharan Africa ,Lower middle income,IDA,28.2937,-15.3982
5287,2018,1463.89997855593,GDP per capita (current US$),ZM,Zambia,Sub-Saharan Africa ,Lower middle income,IDA,28.2937,-15.3982
5288,2017,1483.46577328065,GDP per capita (current US$),ZM,Zambia,Sub-Saharan Africa ,Lower middle income,IDA,28.2937,-15.3982
5289,2016,1239.08527877713,GDP per capita (current US$),ZM,Zambia,Sub-Saharan Africa ,Lower middle income,IDA,28.2937,-15.3982
5290,2025,3021.43019873632,GDP per capita (current US$),ZW,Zimbabwe,Sub-Saharan Africa ,Lower middle income,Blend,31.0672,-17.8312
5291,2024,2496.15514995576,GDP per capita (current US$),ZW,Zimbabwe,Sub-Saharan Africa ,Lower middle income,Blend,31.0672,-17.8312
5292,2023,2195.22502010174,GDP per capita (current US$),ZW,Zimbabwe,Sub-Saharan Africa ,Lower middle income,Blend,31.0672,-17.8312
5293,2022,2536.40197087505,GDP per capita (current US$),ZW,Zimbabwe,Sub-Saharan Africa ,Lower middle income,Blend,31.0672,-17.8312
5294,2021,2613.6167414057,GDP per capita (current US$),ZW,Zimbabwe,Sub-Saharan Africa ,Lower middle income,Blend,31.0672,-17.8312
5295,2020,2059.63704025274,GDP per capita (current US$),ZW,Zimbabwe,Sub-Saharan Africa ,Lower middle income,Blend,31.0672,-17.8312
5296,2019,2184.52155388801,GDP per capita (current US$),ZW,Zimbabwe,Sub-Saharan Africa ,Lower middle income,Blend,31.0672,-17.8312
5297,2018,2270.89531874302,GDP per capita (current US$),ZW,Zimbabwe,Sub-Saharan Africa ,Lower middle income,Blend,31.0672,-17.8312
5298,2017,3445.44941020134,GDP per capita (current US$),ZW,Zimbabwe,Sub-Saharan Africa ,Lower middle income,Blend,31.0672,-17.8312
5299,2016,1408.13945253431,GDP per capita (current US$),ZW,Zimbabwe,Sub-Saharan Africa ,Lower middle income,Blend,31.0672,-17.8312
