,year,value,indicator_value,country_id,country_value,region,incomeLevel,lendingType,longitude,latitude
0,2025,,Renewable energy consumption (% of total final energy consumption),ZH,Africa Eastern and Southern,Aggregates,Aggregates,Aggregates,,
1,2024,,Renewable energy consumption (% of total final energy consumption),ZH,Africa Eastern and Southern,Aggregates,Aggregates,Aggregates,,
2,2023,,Renewable energy consumption (% of total final energy consumption),ZH,Africa Eastern and Southern,Aggregates,Aggregates,Aggregates,,
3,2022,,Renewable energy consumption (% of total final energy consumption),ZH,Africa Eastern and Southern,Aggregates,Aggregates,Aggregates,,
4,2021,,Renewable energy consumption (% of total final energy consumption),ZH,Africa Eastern and Southern,Aggregates,Aggregates,Aggregates,,
5,2020,65.7823798017466,Renewable energy consumption (% of total final energy consumption),ZH,Africa Eastern and Southern,Aggregates,Aggregates,Aggregates,,
6,2019,62.6907096127666,Renewable energy consumption (% of total final energy consumption),ZH,Africa Eastern and Southern,Aggregates,Aggregates,Aggregates,,
7,2018,61.5875298317964,Renewable energy consumption (% of total final energy consumption),ZH,Africa Eastern and Southern,Aggregates,Aggregates,Aggregates,,
8,2017,61.4269497576408,Renewable energy consumption (% of total final energy consumption),ZH,Africa Eastern and Southern,Aggregates,Aggregates,Aggregates,,
9,2016,61.8228841937413,Renewable energy consumption (% of total final energy consumption),ZH,Africa Eastern and Southern,Aggregates,Aggregates,Aggregates,,
10,2025,,Renewable energy consumption (% of total final energy consumption),ZI,Africa Western and Central,Aggregates,Aggregates,Aggregates,,
11,2024,,Renewable energy consumption (% of total final energy consumption),ZI,Africa Western and Central,Aggregates,Aggregates,Aggregates,,
12,2023,,Renewable energy consumption (% of total final energy consumption),ZI,Africa Western and Central,Aggregates,Aggregates,Aggregates,,
13,2022,,Renewable energy consumption (% of total final energy consumption),ZI,Africa Western and Central,Aggregates,Aggregates,Aggregates,,
14,2021,,Renewable energy consumption (% of total final energy consumption),ZI,Africa Western and Central,Aggregates,Aggregates,Aggregates,,
15,2020,75.846980103796,Renewable energy consumption (% of total final energy consumption),ZI,Africa Western and Central,Aggregates,Aggregates,Aggregates,,
16,2019,75.0787881678252,Renewable energy consumption (% of total final energy consumption),ZI,Africa Western and Central,Aggregates,Aggregates,Aggregates,,
17,2018,75.4765777368905,Renewable energy consumption (% of total final energy consumption),ZI,Africa Western and Central,Aggregates,Aggregates,Aggregates,,
18,2017,76.1016805879549,Renewable energy consumption (% of total final energy consumption),ZI,Africa Western and Central,Aggregates,Aggregates,Aggregates,,
19,2016,75.7968398295924,Renewable energy consumption (% of total final energy consumption),ZI,Africa Western and Central,Aggregates,Aggregates,Aggregates,,
20,2025,,Renewable energy consumption (% of total final energy consumption),1A,Arab World,Aggregates,Aggregates,Aggregates,,
21,2024,,Renewable energy consumption (% of total final energy consumption),1A,Arab World,Aggregates,Aggregates,Aggregates,,
22,2023,,Renewable energy consumption (% of total final energy consumption),1A,Arab World,Aggregates,Aggregates,Aggregates,,
23,2022,,Renewable energy consumption (% of total final energy consumption),1A,Arab World,Aggregates,Aggregates,Aggregates,,
24,2021,,Renewable energy consumption (% of total final energy consumption),1A,Arab World,Aggregates,Aggregates,Aggregates,,
25,2020,5.17060073389405,Renewable energy consumption (% of total final energy consumption),1A,Arab World,Aggregates,Aggregates,Aggregates,,
26,2019,4.70633158020559,Renewable energy consumption (% of total final energy consumption),1A,Arab World,Aggregates,Aggregates,Aggregates,,
27,2018,4.50425823426351,Renewable energy consumption (% of total final energy consumption),1A,Arab World,Aggregates,Aggregates,Aggregates,,
28,2017,4.3581617981618,Renewable energy consumption (% of total final energy consumption),1A,Arab World,Aggregates,Aggregates,Aggregates,,
29,2016,4.29077756155343,Renewable energy consumption (% of total final energy consumption),1A,Arab World,Aggregates,Aggregates,Aggregates,,
30,2025,,Renewable energy consumption (% of total final energy consumption),S3,Caribbean small states,Aggregates,Aggregates,Aggregates,,
31,2024,,Renewable energy consumption (% of total final energy consumption),S3,Caribbean small states,Aggregates,Aggregates,Aggregates,,
32,2023,,Renewable energy consumption (% of total final energy consumption),S3,Caribbean small states,Aggregates,Aggregates,Aggregates,,
33,2022,,Renewable energy consumption (% of total final energy consumption),S3,Caribbean small states,Aggregates,Aggregates,Aggregates,,
34,2021,,Renewable energy consumption (% of total final energy consumption),S3,Caribbean small states,Aggregates,Aggregates,Aggregates,,
35,2020,6.28843567906768,Renewable energy consumption (% of total final energy consumption),S3,Caribbean small states,Aggregates,Aggregates,Aggregates,,
36,2019,5.88822815533981,Renewable energy consumption (% of total final energy consumption),S3,Caribbean small states,Aggregates,Aggregates,Aggregates,,
37,2018,7.1973830973831,Renewable energy consumption (% of total final energy consumption),S3,Caribbean small states,Aggregates,Aggregates,Aggregates,,
38,2017,7.41293833131802,Renewable energy consumption (% of total final energy consumption),S3,Caribbean small states,Aggregates,Aggregates,Aggregates,,
39,2016,6.68268450932684,Renewable energy consumption (% of total final energy consumption),S3,Caribbean small states,Aggregates,Aggregates,Aggregates,,
40,2025,,Renewable energy consumption (% of total final energy consumption),B8,Central Europe and the Baltics,Aggregates,Aggregates,Aggregates,,
41,2024,,Renewable energy consumption (% of total final energy consumption),B8,Central Europe and the Baltics,Aggregates,Aggregates,Aggregates,,
42,2023,,Renewable energy consumption (% of total final energy consumption),B8,Central Europe and the Baltics,Aggregates,Aggregates,Aggregates,,
43,2022,,Renewable energy consumption (% of total final energy consumption),B8,Central Europe and the Baltics,Aggregates,Aggregates,Aggregates,,
44,2021,,Renewable energy consumption (% of total final energy consumption),B8,Central Europe and the Baltics,Aggregates,Aggregates,Aggregates,,
45,2020,19.6977838168354,Renewable energy consumption (% of total final energy consumption),B8,Central Europe and the Baltics,Aggregates,Aggregates,Aggregates,,
46,2019,18.8601539560352,Renewable energy consumption (% of total final energy consumption),B8,Central Europe and the Baltics,Aggregates,Aggregates,Aggregates,,
47,2018,18.1476863313142,Renewable energy consumption (% of total final energy consumption),B8,Central Europe and the Baltics,Aggregates,Aggregates,Aggregates,,
48,2017,16.4703987047156,Renewable energy consumption (% of total final energy consumption),B8,Central Europe and the Baltics,Aggregates,Aggregates,Aggregates,,
49,2016,16.8577627377285,Renewable energy consumption (% of total final energy consumption),B8,Central Europe and the Baltics,Aggregates,Aggregates,Aggregates,,
50,2025,,Renewable energy consumption (% of total final energy consumption),V2,Early-demographic dividend,Aggregates,Aggregates,Aggregates,,
51,2024,,Renewable energy consumption (% of total final energy consumption),V2,Early-demographic dividend,Aggregates,Aggregates,Aggregates,,
52,2023,,Renewable energy consumption (% of total final energy consumption),V2,Early-demographic dividend,Aggregates,Aggregates,Aggregates,,
53,2022,,Renewable energy consumption (% of total final energy consumption),V2,Early-demographic dividend,Aggregates,Aggregates,Aggregates,,
54,2021,,Renewable energy consumption (% of total final energy consumption),V2,Early-demographic dividend,Aggregates,Aggregates,Aggregates,,
55,2020,24.9895503831566,Renewable energy consumption (% of total final energy consumption),V2,Early-demographic dividend,Aggregates,Aggregates,Aggregates,,
56,2019,23.4235915027361,Renewable energy consumption (% of total final energy consumption),V2,Early-demographic dividend,Aggregates,Aggregates,Aggregates,,
57,2018,23.0553629444334,Renewable energy consumption (% of total final energy consumption),V2,Early-demographic dividend,Aggregates,Aggregates,Aggregates,,
58,2017,22.9476250496601,Renewable energy consumption (% of total final energy consumption),V2,Early-demographic dividend,Aggregates,Aggregates,Aggregates,,
59,2016,23.2789953267586,Renewable energy consumption (% of total final energy consumption),V2,Early-demographic dividend,Aggregates,Aggregates,Aggregates,,
60,2025,,Renewable energy consumption (% of total final energy consumption),Z4,East Asia & Pacific,Aggregates,Aggregates,Aggregates,,
61,2024,,Renewable energy consumption (% of total final energy consumption),Z4,East Asia & Pacific,Aggregates,Aggregates,Aggregates,,
62,2023,,Renewable energy consumption (% of total final energy consumption),Z4,East Asia & Pacific,Aggregates,Aggregates,Aggregates,,
63,2022,,Renewable energy consumption (% of total final energy consumption),Z4,East Asia & Pacific,Aggregates,Aggregates,Aggregates,,
64,2021,,Renewable energy consumption (% of total final energy consumption),Z4,East Asia & Pacific,Aggregates,Aggregates,Aggregates,,
65,2020,14.8081424064458,Renewable energy consumption (% of total final energy consumption),Z4,East Asia & Pacific,Aggregates,Aggregates,Aggregates,,
66,2019,14.2375892668268,Renewable energy consumption (% of total final energy consumption),Z4,East Asia & Pacific,Aggregates,Aggregates,Aggregates,,
67,2018,13.7870493058758,Renewable energy consumption (% of total final energy consumption),Z4,East Asia & Pacific,Aggregates,Aggregates,Aggregates,,
68,2017,13.5844394239657,Renewable energy consumption (% of total final energy consumption),Z4,East Asia & Pacific,Aggregates,Aggregates,Aggregates,,
69,2016,13.3311956056945,Renewable energy consumption (% of total final energy consumption),Z4,East Asia & Pacific,Aggregates,Aggregates,Aggregates,,
70,2025,,Renewable energy consumption (% of total final energy consumption),4E,East Asia & Pacific (excluding high income),Aggregates,Aggregates,Aggregates,,
71,2024,,Renewable energy consumption (% of total final energy consumption),4E,East Asia & Pacific (excluding high income),Aggregates,Aggregates,Aggregates,,
72,2023,,Renewable energy consumption (% of total final energy consumption),4E,East Asia & Pacific (excluding high income),Aggregates,Aggregates,Aggregates,,
73,2022,,Renewable energy consumption (% of total final energy consumption),4E,East Asia & Pacific (excluding high income),Aggregates,Aggregates,Aggregates,,
74,2021,,Renewable energy consumption (% of total final energy consumption),4E,East Asia & Pacific (excluding high income),Aggregates,Aggregates,Aggregates,,
75,2020,16.1762699381612,Renewable energy consumption (% of total final energy consumption),4E,East Asia & Pacific (excluding high income),Aggregates,Aggregates,Aggregates,,
76,2019,15.6869369882801,Renewable energy consumption (% of total final energy consumption),4E,East Asia & Pacific (excluding high income),Aggregates,Aggregates,Aggregates,,
77,2018,15.2617412584325,Renewable energy consumption (% of total final energy consumption),4E,East Asia & Pacific (excluding high income),Aggregates,Aggregates,Aggregates,,
78,2017,15.1598217902853,Renewable energy consumption (% of total final energy consumption),4E,East Asia & Pacific (excluding high income),Aggregates,Aggregates,Aggregates,,
79,2016,14.9330102136904,Renewable energy consumption (% of total final energy consumption),4E,East Asia & Pacific (excluding high income),Aggregates,Aggregates,Aggregates,,
80,2025,,Renewable energy consumption (% of total final energy consumption),T4,East Asia & Pacific (IDA & IBRD countries),Aggregates,Aggregates,Aggregates,,
81,2024,,Renewable energy consumption (% of total final energy consumption),T4,East Asia & Pacific (IDA & IBRD countries),Aggregates,Aggregates,Aggregates,,
82,2023,,Renewable energy consumption (% of total final energy consumption),T4,East Asia & Pacific (IDA & IBRD countries),Aggregates,Aggregates,Aggregates,,
83,2022,,Renewable energy consumption (% of total final energy consumption),T4,East Asia & Pacific (IDA & IBRD countries),Aggregates,Aggregates,Aggregates,,
84,2021,,Renewable energy consumption (% of total final energy consumption),T4,East Asia & Pacific (IDA & IBRD countries),Aggregates,Aggregates,Aggregates,,
85,2020,16.2041019103429,Renewable energy consumption (% of total final energy consumption),T4,East Asia & Pacific (IDA & IBRD countries),Aggregates,Aggregates,Aggregates,,
86,2019,15.7206717226655,Renewable energy consumption (% of total final energy consumption),T4,East Asia & Pacific (IDA & IBRD countries),Aggregates,Aggregates,Aggregates,,
87,2018,15.2801719188239,Renewable energy consumption (% of total final energy consumption),T4,East Asia & Pacific (IDA & IBRD countries),Aggregates,Aggregates,Aggregates,,
88,2017,15.1902273112057,Renewable energy consumption (% of total final energy consumption),T4,East Asia & Pacific (IDA & IBRD countries),Aggregates,Aggregates,Aggregates,,
89,2016,14.9020380294471,Renewable energy consumption (% of total final energy consumption),T4,East Asia & Pacific (IDA & IBRD countries),Aggregates,Aggregates,Aggregates,,
90,2025,,Renewable energy consumption (% of total final energy consumption),XC,Euro area,Aggregates,Aggregates,Aggregates,,
91,2024,,Renewable energy consumption (% of total final energy consumption),XC,Euro area,Aggregates,Aggregates,Aggregates,,
92,2023,,Renewable energy consumption (% of total final energy consumption),XC,Euro area,Aggregates,Aggregates,Aggregates,,
93,2022,,Renewable energy consumption (% of total final energy consumption),XC,Euro area,Aggregates,Aggregates,Aggregates,,
94,2021,,Renewable energy consumption (% of total final energy consumption),XC,Euro area,Aggregates,Aggregates,Aggregates,,
95,2020,19.8249328729026,Renewable energy consumption (% of total final energy consumption),XC,Euro area,Aggregates,Aggregates,Aggregates,,
96,2019,18.1503858953027,Renewable energy consumption (% of total final energy consumption),XC,Euro area,Aggregates,Aggregates,Aggregates,,
97,2018,17.5734985579415,Renewable energy consumption (% of total final energy consumption),XC,Euro area,Aggregates,Aggregates,Aggregates,,
98,2017,16.5848140905158,Renewable energy consumption (% of total final energy consumption),XC,Euro area,Aggregates,Aggregates,Aggregates,,
99,2016,16.3684648688886,Renewable energy consumption (% of total final energy consumption),XC,Euro area,Aggregates,Aggregates,Aggregates,,
100,2025,,Renewable energy consumption (% of total final energy consumption),Z7,Europe & Central Asia,Aggregates,Aggregates,Aggregates,,
101,2024,,Renewable energy consumption (% of total final energy consumption),Z7,Europe & Central Asia,Aggregates,Aggregates,Aggregates,,
102,2023,,Renewable energy consumption (% of total final energy consumption),Z7,Europe & Central Asia,Aggregates,Aggregates,Aggregates,,
103,2022,,Renewable energy consumption (% of total final energy consumption),Z7,Europe & Central Asia,Aggregates,Aggregates,Aggregates,,
104,2021,,Renewable energy consumption (% of total final energy consumption),Z7,Europe & Central Asia,Aggregates,Aggregates,Aggregates,,
105,2020,15.106449203531,Renewable energy consumption (% of total final energy consumption),Z7,Europe & Central Asia,Aggregates,Aggregates,Aggregates,,
106,2019,14.0059727126658,Renewable energy consumption (% of total final energy consumption),Z7,Europe & Central Asia,Aggregates,Aggregates,Aggregates,,
107,2018,13.4797382823169,Renewable energy consumption (% of total final energy consumption),Z7,Europe & Central Asia,Aggregates,Aggregates,Aggregates,,
108,2017,12.8819075023182,Renewable energy consumption (% of total final energy consumption),Z7,Europe & Central Asia,Aggregates,Aggregates,Aggregates,,
109,2016,12.8866548739741,Renewable energy consumption (% of total final energy consumption),Z7,Europe & Central Asia,Aggregates,Aggregates,Aggregates,,
110,2025,,Renewable energy consumption (% of total final energy consumption),7E,Europe & Central Asia (excluding high income),Aggregates,Aggregates,Aggregates,,
111,2024,,Renewable energy consumption (% of total final energy consumption),7E,Europe & Central Asia (excluding high income),Aggregates,Aggregates,Aggregates,,
112,2023,,Renewable energy consumption (% of total final energy consumption),7E,Europe & Central Asia (excluding high income),Aggregates,Aggregates,Aggregates,,
113,2022,,Renewable energy consumption (% of total final energy consumption),7E,Europe & Central Asia (excluding high income),Aggregates,Aggregates,Aggregates,,
114,2021,,Renewable energy consumption (% of total final energy consumption),7E,Europe & Central Asia (excluding high income),Aggregates,Aggregates,Aggregates,,
115,2020,10.0604471757322,Renewable energy consumption (% of total final energy consumption),7E,Europe & Central Asia (excluding high income),Aggregates,Aggregates,Aggregates,,
116,2019,10.0324286162535,Renewable energy consumption (% of total final energy consumption),7E,Europe & Central Asia (excluding high income),Aggregates,Aggregates,Aggregates,,
117,2018,9.10455322874983,Renewable energy consumption (% of total final energy consumption),7E,Europe & Central Asia (excluding high income),Aggregates,Aggregates,Aggregates,,
118,2017,8.68104031424437,Renewable energy consumption (% of total final energy consumption),7E,Europe & Central Asia (excluding high income),Aggregates,Aggregates,Aggregates,,
119,2016,9.05362050305208,Renewable energy consumption (% of total final energy consumption),7E,Europe & Central Asia (excluding high income),Aggregates,Aggregates,Aggregates,,
120,2025,,Renewable energy consumption (% of total final energy consumption),T7,Europe & Central Asia (IDA & IBRD countries),Aggregates,Aggregates,Aggregates,,
121,2024,,Renewable energy consumption (% of total final energy consumption),T7,Europe & Central Asia (IDA & IBRD countries),Aggregates,Aggregates,Aggregates,,
122,2023,,Renewable energy consumption (% of total final energy consumption),T7,Europe & Central Asia (IDA & IBRD countries),Aggregates,Aggregates,Aggregates,,
123,2022,,Renewable energy consumption (% of total final energy consumption),T7,Europe & Central Asia (IDA & IBRD countries),Aggregates,Aggregates,Aggregates,,
124,2021,,Renewable energy consumption (% of total final energy consumption),T7,Europe & Central Asia (IDA & IBRD countries),Aggregates,Aggregates,Aggregates,,
125,2020,8.02684416318492,Renewable energy consumption (% of total final energy consumption),T7,Europe & Central Asia (IDA & IBRD countries),Aggregates,Aggregates,Aggregates,,
126,2019,7.59012527634488,Renewable energy consumption (% of total final energy consumption),T7,Europe & Central Asia (IDA & IBRD countries),Aggregates,Aggregates,Aggregates,,
127,2018,7.25779989922942,Renewable energy consumption (% of total final energy consumption),T7,Europe & Central Asia (IDA & IBRD countries),Aggregates,Aggregates,Aggregates,,
128,2017,6.75633843243037,Renewable energy consumption (% of total final energy consumption),T7,Europe & Central Asia (IDA & IBRD countries),Aggregates,Aggregates,Aggregates,,
129,2016,7.04015093233689,Renewable energy consumption (% of total final energy consumption),T7,Europe & Central Asia (IDA & IBRD countries),Aggregates,Aggregates,Aggregates,,
130,2025,,Renewable energy consumption (% of total final energy consumption),EU,European Union,Aggregates,Aggregates,Aggregates,,
131,2024,,Renewable energy consumption (% of total final energy consumption),EU,European Union,Aggregates,Aggregates,Aggregates,,
132,2023,,Renewable energy consumption (% of total final energy consumption),EU,European Union,Aggregates,Aggregates,Aggregates,,
133,2022,,Renewable energy consumption (% of total final energy consumption),EU,European Union,Aggregates,Aggregates,Aggregates,,
134,2021,,Renewable energy consumption (% of total final energy consumption),EU,European Union,Aggregates,Aggregates,Aggregates,,
135,2020,21.0591470733795,Renewable energy consumption (% of total final energy consumption),EU,European Union,Aggregates,Aggregates,Aggregates,,
136,2019,19.3440009483852,Renewable energy consumption (% of total final energy consumption),EU,European Union,Aggregates,Aggregates,Aggregates,,
137,2018,18.7249884796166,Renewable energy consumption (% of total final energy consumption),EU,European Union,Aggregates,Aggregates,Aggregates,,
138,2017,17.6857102209371,Renewable energy consumption (% of total final energy consumption),EU,European Union,Aggregates,Aggregates,Aggregates,,
139,2016,17.523235814157,Renewable energy consumption (% of total final energy consumption),EU,European Union,Aggregates,Aggregates,Aggregates,,
140,2025,,Renewable energy consumption (% of total final energy consumption),XE,Heavily indebted poor countries (HIPC),Aggregates,Aggregates,Aggregates,,
141,2024,,Renewable energy consumption (% of total final energy consumption),XE,Heavily indebted poor countries (HIPC),Aggregates,Aggregates,Aggregates,,
142,2023,,Renewable energy consumption (% of total final energy consumption),XE,Heavily indebted poor countries (HIPC),Aggregates,Aggregates,Aggregates,,
143,2022,,Renewable energy consumption (% of total final energy consumption),XE,Heavily indebted poor countries (HIPC),Aggregates,Aggregates,Aggregates,,
144,2021,,Renewable energy consumption (% of total final energy consumption),XE,Heavily indebted poor countries (HIPC),Aggregates,Aggregates,Aggregates,,
145,2020,76.0353291030768,Renewable energy consumption (% of total final energy consumption),XE,Heavily indebted poor countries (HIPC),Aggregates,Aggregates,Aggregates,,
146,2019,74.8448133256749,Renewable energy consumption (% of total final energy consumption),XE,Heavily indebted poor countries (HIPC),Aggregates,Aggregates,Aggregates,,
147,2018,75.2520183545811,Renewable energy consumption (% of total final energy consumption),XE,Heavily indebted poor countries (HIPC),Aggregates,Aggregates,Aggregates,,
148,2017,75.9193473348398,Renewable energy consumption (% of total final energy consumption),XE,Heavily indebted poor countries (HIPC),Aggregates,Aggregates,Aggregates,,
149,2016,76.0862841962469,Renewable energy consumption (% of total final energy consumption),XE,Heavily indebted poor countries (HIPC),Aggregates,Aggregates,Aggregates,,
150,2025,,Renewable energy consumption (% of total final energy consumption),XD,High income,Aggregates,Aggregates,Aggregates,,
151,2024,,Renewable energy consumption (% of total final energy consumption),XD,High income,Aggregates,Aggregates,Aggregates,,
152,2023,,Renewable energy consumption (% of total final energy consumption),XD,High income,Aggregates,Aggregates,Aggregates,,
153,2022,,Renewable energy consumption (% of total final energy consumption),XD,High income,Aggregates,Aggregates,Aggregates,,
154,2021,,Renewable energy consumption (% of total final energy consumption),XD,High income,Aggregates,Aggregates,Aggregates,,
155,2020,12.7831808525723,Renewable energy consumption (% of total final energy consumption),XD,High income,Aggregates,Aggregates,Aggregates,,
156,2019,11.7839130112794,Renewable energy consumption (% of total final energy consumption),XD,High income,Aggregates,Aggregates,Aggregates,,
157,2018,11.4686788378903,Renewable energy consumption (% of total final energy consumption),XD,High income,Aggregates,Aggregates,Aggregates,,
158,2017,11.0890197580437,Renewable energy consumption (% of total final energy consumption),XD,High income,Aggregates,Aggregates,Aggregates,,
159,2016,10.7845732962853,Renewable energy consumption (% of total final energy consumption),XD,High income,Aggregates,Aggregates,Aggregates,,
160,2025,,Renewable energy consumption (% of total final energy consumption),XF,IBRD only,Aggregates,Aggregates,Aggregates,,
161,2024,,Renewable energy consumption (% of total final energy consumption),XF,IBRD only,Aggregates,Aggregates,Aggregates,,
162,2023,,Renewable energy consumption (% of total final energy consumption),XF,IBRD only,Aggregates,Aggregates,Aggregates,,
163,2022,,Renewable energy consumption (% of total final energy consumption),XF,IBRD only,Aggregates,Aggregates,Aggregates,,
164,2021,,Renewable energy consumption (% of total final energy consumption),XF,IBRD only,Aggregates,Aggregates,Aggregates,,
165,2020,18.0085051596372,Renewable energy consumption (% of total final energy consumption),XF,IBRD only,Aggregates,Aggregates,Aggregates,,
166,2019,17.0666276982215,Renewable energy consumption (% of total final energy consumption),XF,IBRD only,Aggregates,Aggregates,Aggregates,,
167,2018,16.6268066421204,Renewable energy consumption (% of total final energy consumption),XF,IBRD only,Aggregates,Aggregates,Aggregates,,
168,2017,16.3923000534023,Renewable energy consumption (% of total final energy consumption),XF,IBRD only,Aggregates,Aggregates,Aggregates,,
169,2016,16.2845965537743,Renewable energy consumption (% of total final energy consumption),XF,IBRD only,Aggregates,Aggregates,Aggregates,,
170,2025,,Renewable energy consumption (% of total final energy consumption),ZT,IDA & IBRD total,Aggregates,Aggregates,Aggregates,,
171,2024,,Renewable energy consumption (% of total final energy consumption),ZT,IDA & IBRD total,Aggregates,Aggregates,Aggregates,,
172,2023,,Renewable energy consumption (% of total final energy consumption),ZT,IDA & IBRD total,Aggregates,Aggregates,Aggregates,,
173,2022,,Renewable energy consumption (% of total final energy consumption),ZT,IDA & IBRD total,Aggregates,Aggregates,Aggregates,,
174,2021,,Renewable energy consumption (% of total final energy consumption),ZT,IDA & IBRD total,Aggregates,Aggregates,Aggregates,,
175,2020,23.435247290857,Renewable energy consumption (% of total final energy consumption),ZT,IDA & IBRD total,Aggregates,Aggregates,Aggregates,,
176,2019,22.4318628279228,Renewable energy consumption (% of total final energy consumption),ZT,IDA & IBRD total,Aggregates,Aggregates,Aggregates,,
177,2018,21.9590062576992,Renewable energy consumption (% of total final energy consumption),ZT,IDA & IBRD total,Aggregates,Aggregates,Aggregates,,
178,2017,21.8333716725747,Renewable energy consumption (% of total final energy consumption),ZT,IDA & IBRD total,Aggregates,Aggregates,Aggregates,,
179,2016,21.8132582722264,Renewable energy consumption (% of total final energy consumption),ZT,IDA & IBRD total,Aggregates,Aggregates,Aggregates,,
180,2025,,Renewable energy consumption (% of total final energy consumption),XH,IDA blend,Aggregates,Aggregates,Aggregates,,
181,2024,,Renewable energy consumption (% of total final energy consumption),XH,IDA blend,Aggregates,Aggregates,Aggregates,,
182,2023,,Renewable energy consumption (% of total final energy consumption),XH,IDA blend,Aggregates,Aggregates,Aggregates,,
183,2022,,Renewable energy consumption (% of total final energy consumption),XH,IDA blend,Aggregates,Aggregates,Aggregates,,
184,2021,,Renewable energy consumption (% of total final energy consumption),XH,IDA blend,Aggregates,Aggregates,Aggregates,,
185,2020,60.0736911684857,Renewable energy consumption (% of total final energy consumption),XH,IDA blend,Aggregates,Aggregates,Aggregates,,
186,2019,60.7067624481493,Renewable energy consumption (% of total final energy consumption),XH,IDA blend,Aggregates,Aggregates,Aggregates,,
187,2018,60.0455922831853,Renewable energy consumption (% of total final energy consumption),XH,IDA blend,Aggregates,Aggregates,Aggregates,,
188,2017,59.7969449026188,Renewable energy consumption (% of total final energy consumption),XH,IDA blend,Aggregates,Aggregates,Aggregates,,
189,2016,60.4836460271951,Renewable energy consumption (% of total final energy consumption),XH,IDA blend,Aggregates,Aggregates,Aggregates,,
190,2025,,Renewable energy consumption (% of total final energy consumption),XI,IDA only,Aggregates,Aggregates,Aggregates,,
191,2024,,Renewable energy consumption (% of total final energy consumption),XI,IDA only,Aggregates,Aggregates,Aggregates,,
192,2023,,Renewable energy consumption (% of total final energy consumption),XI,IDA only,Aggregates,Aggregates,Aggregates,,
193,2022,,Renewable energy consumption (% of total final energy consumption),XI,IDA only,Aggregates,Aggregates,Aggregates,,
194,2021,,Renewable energy consumption (% of total final energy consumption),XI,IDA only,Aggregates,Aggregates,Aggregates,,
195,2020,67.3560634206125,Renewable energy consumption (% of total final energy consumption),XI,IDA only,Aggregates,Aggregates,Aggregates,,
196,2019,66.1344154982874,Renewable energy consumption (% of total final energy consumption),XI,IDA only,Aggregates,Aggregates,Aggregates,,
197,2018,66.0568216095439,Renewable energy consumption (% of total final energy consumption),XI,IDA only,Aggregates,Aggregates,Aggregates,,
198,2017,67.1926478978048,Renewable energy consumption (% of total final energy consumption),XI,IDA only,Aggregates,Aggregates,Aggregates,,
199,2016,68.2872983784982,Renewable energy consumption (% of total final energy consumption),XI,IDA only,Aggregates,Aggregates,Aggregates,,
200,2025,,Renewable energy consumption (% of total final energy consumption),XG,IDA total,Aggregates,Aggregates,Aggregates,,
201,2024,,Renewable energy consumption (% of total final energy consumption),XG,IDA total,Aggregates,Aggregates,Aggregates,,
202,2023,,Renewable energy consumption (% of total final energy consumption),XG,IDA total,Aggregates,Aggregates,Aggregates,,
203,2022,,Renewable energy consumption (% of total final energy consumption),XG,IDA total,Aggregates,Aggregates,Aggregates,,
204,2021,,Renewable energy consumption (% of total final energy consumption),XG,IDA total,Aggregates,Aggregates,Aggregates,,
205,2020,63.7525629244284,Renewable energy consumption (% of total final energy consumption),XG,IDA total,Aggregates,Aggregates,Aggregates,,
206,2019,63.4454503938806,Renewable energy consumption (% of total final energy consumption),XG,IDA total,Aggregates,Aggregates,Aggregates,,
207,2018,63.0596732632859,Renewable energy consumption (% of total final energy consumption),XG,IDA total,Aggregates,Aggregates,Aggregates,,
208,2017,63.4625486644428,Renewable energy consumption (% of total final energy consumption),XG,IDA total,Aggregates,Aggregates,Aggregates,,
209,2016,64.3516706620498,Renewable energy consumption (% of total final energy consumption),XG,IDA total,Aggregates,Aggregates,Aggregates,,
210,2025,,Renewable energy consumption (% of total final energy consumption),V3,Late-demographic dividend,Aggregates,Aggregates,Aggregates,,
211,2024,,Renewable energy consumption (% of total final energy consumption),V3,Late-demographic dividend,Aggregates,Aggregates,Aggregates,,
212,2023,,Renewable energy consumption (% of total final energy consumption),V3,Late-demographic dividend,Aggregates,Aggregates,Aggregates,,
213,2022,,Renewable energy consumption (% of total final energy consumption),V3,Late-demographic dividend,Aggregates,Aggregates,Aggregates,,
214,2021,,Renewable energy consumption (% of total final energy consumption),V3,Late-demographic dividend,Aggregates,Aggregates,Aggregates,,
215,2020,15.8291260683112,Renewable energy consumption (% of total final energy consumption),V3,Late-demographic dividend,Aggregates,Aggregates,Aggregates,,
216,2019,15.1930553100861,Renewable energy consumption (% of total final energy consumption),V3,Late-demographic dividend,Aggregates,Aggregates,Aggregates,,
217,2018,14.7113402854056,Renewable energy consumption (% of total final energy consumption),V3,Late-demographic dividend,Aggregates,Aggregates,Aggregates,,
218,2017,14.3601698499908,Renewable energy consumption (% of total final energy consumption),V3,Late-demographic dividend,Aggregates,Aggregates,Aggregates,,
219,2016,14.1053604502349,Renewable energy consumption (% of total final energy consumption),V3,Late-demographic dividend,Aggregates,Aggregates,Aggregates,,
220,2025,,Renewable energy consumption (% of total final energy consumption),ZJ,Latin America & Caribbean,Aggregates,Aggregates,Aggregates,,
221,2024,,Renewable energy consumption (% of total final energy consumption),ZJ,Latin America & Caribbean,Aggregates,Aggregates,Aggregates,,
222,2023,,Renewable energy consumption (% of total final energy consumption),ZJ,Latin America & Caribbean,Aggregates,Aggregates,Aggregates,,
223,2022,,Renewable energy consumption (% of total final energy consumption),ZJ,Latin America & Caribbean,Aggregates,Aggregates,Aggregates,,
224,2021,,Renewable energy consumption (% of total final energy consumption),ZJ,Latin America & Caribbean,Aggregates,Aggregates,Aggregates,,
225,2020,34.1964972995889,Renewable energy consumption (% of total final energy consumption),ZJ,Latin America & Caribbean,Aggregates,Aggregates,Aggregates,,
226,2019,30.6248117743588,Renewable energy consumption (% of total final energy consumption),ZJ,Latin America & Caribbean,Aggregates,Aggregates,Aggregates,,
227,2018,30.252639118551,Renewable energy consumption (% of total final energy consumption),ZJ,Latin America & Caribbean,Aggregates,Aggregates,Aggregates,,
228,2017,29.4068241645848,Renewable energy consumption (% of total final energy consumption),ZJ,Latin America & Caribbean,Aggregates,Aggregates,Aggregates,,
229,2016,28.8850327404841,Renewable energy consumption (% of total final energy consumption),ZJ,Latin America & Caribbean,Aggregates,Aggregates,Aggregates,,
230,2025,,Renewable energy consumption (% of total final energy consumption),XJ,Latin America & Caribbean (excluding high income),Aggregates,Aggregates,Aggregates,,
231,2024,,Renewable energy consumption (% of total final energy consumption),XJ,Latin America & Caribbean (excluding high income),Aggregates,Aggregates,Aggregates,,
232,2023,,Renewable energy consumption (% of total final energy consumption),XJ,Latin America & Caribbean (excluding high income),Aggregates,Aggregates,Aggregates,,
233,2022,,Renewable energy consumption (% of total final energy consumption),XJ,Latin America & Caribbean (excluding high income),Aggregates,Aggregates,Aggregates,,
234,2021,,Renewable energy consumption (% of total final energy consumption),XJ,Latin America & Caribbean (excluding high income),Aggregates,Aggregates,Aggregates,,
235,2020,34.8009281991427,Renewable energy consumption (% of total final energy consumption),XJ,Latin America & Caribbean (excluding high income),Aggregates,Aggregates,Aggregates,,
236,2019,31.0995992132705,Renewable energy consumption (% of total final energy consumption),XJ,Latin America & Caribbean (excluding high income),Aggregates,Aggregates,Aggregates,,
237,2018,30.6220212475155,Renewable energy consumption (% of total final energy consumption),XJ,Latin America & Caribbean (excluding high income),Aggregates,Aggregates,Aggregates,,
238,2017,29.7622014930472,Renewable energy consumption (% of total final energy consumption),XJ,Latin America & Caribbean (excluding high income),Aggregates,Aggregates,Aggregates,,
239,2016,29.1948567179388,Renewable energy consumption (% of total final energy consumption),XJ,Latin America & Caribbean (excluding high income),Aggregates,Aggregates,Aggregates,,
240,2025,,Renewable energy consumption (% of total final energy consumption),T2,Latin America & the Caribbean (IDA & IBRD countries),Aggregates,Aggregates,Aggregates,,
241,2024,,Renewable energy consumption (% of total final energy consumption),T2,Latin America & the Caribbean (IDA & IBRD countries),Aggregates,Aggregates,Aggregates,,
242,2023,,Renewable energy consumption (% of total final energy consumption),T2,Latin America & the Caribbean (IDA & IBRD countries),Aggregates,Aggregates,Aggregates,,
243,2022,,Renewable energy consumption (% of total final energy consumption),T2,Latin America & the Caribbean (IDA & IBRD countries),Aggregates,Aggregates,Aggregates,,
244,2021,,Renewable energy consumption (% of total final energy consumption),T2,Latin America & the Caribbean (IDA & IBRD countries),Aggregates,Aggregates,Aggregates,,
245,2020,34.4989632470857,Renewable energy consumption (% of total final energy consumption),T2,Latin America & the Caribbean (IDA & IBRD countries),Aggregates,Aggregates,Aggregates,,
246,2019,30.8730849505438,Renewable energy consumption (% of total final energy consumption),T2,Latin America & the Caribbean (IDA & IBRD countries),Aggregates,Aggregates,Aggregates,,
247,2018,30.4953793252595,Renewable energy consumption (% of total final energy consumption),T2,Latin America & the Caribbean (IDA & IBRD countries),Aggregates,Aggregates,Aggregates,,
248,2017,29.6408830785882,Renewable energy consumption (% of total final energy consumption),T2,Latin America & the Caribbean (IDA & IBRD countries),Aggregates,Aggregates,Aggregates,,
249,2016,29.1484835734771,Renewable energy consumption (% of total final energy consumption),T2,Latin America & the Caribbean (IDA & IBRD countries),Aggregates,Aggregates,Aggregates,,
250,2025,,Renewable energy consumption (% of total final energy consumption),XL,Least developed countries: UN classification,Aggregates,Aggregates,Aggregates,,
251,2024,,Renewable energy consumption (% of total final energy consumption),XL,Least developed countries: UN classification,Aggregates,Aggregates,Aggregates,,
252,2023,,Renewable energy consumption (% of total final energy consumption),XL,Least developed countries: UN classification,Aggregates,Aggregates,Aggregates,,
253,2022,,Renewable energy consumption (% of total final energy consumption),XL,Least developed countries: UN classification,Aggregates,Aggregates,Aggregates,,
254,2021,,Renewable energy consumption (% of total final energy consumption),XL,Least developed countries: UN classification,Aggregates,Aggregates,Aggregates,,
255,2020,70.885707743194,Renewable energy consumption (% of total final energy consumption),XL,Least developed countries: UN classification,Aggregates,Aggregates,Aggregates,,
256,2019,69.5024909470932,Renewable energy consumption (% of total final energy consumption),XL,Least developed countries: UN classification,Aggregates,Aggregates,Aggregates,,
257,2018,69.6689273124056,Renewable energy consumption (% of total final energy consumption),XL,Least developed countries: UN classification,Aggregates,Aggregates,Aggregates,,
258,2017,70.6528427025745,Renewable energy consumption (% of total final energy consumption),XL,Least developed countries: UN classification,Aggregates,Aggregates,Aggregates,,
259,2016,71.7069864304561,Renewable energy consumption (% of total final energy consumption),XL,Least developed countries: UN classification,Aggregates,Aggregates,Aggregates,,
260,2025,,Renewable energy consumption (% of total final energy consumption),XO,Low & middle income,Aggregates,Aggregates,Aggregates,,
261,2024,,Renewable energy consumption (% of total final energy consumption),XO,Low & middle income,Aggregates,Aggregates,Aggregates,,
262,2023,,Renewable energy consumption (% of total final energy consumption),XO,Low & middle income,Aggregates,Aggregates,Aggregates,,
263,2022,,Renewable energy consumption (% of total final energy consumption),XO,Low & middle income,Aggregates,Aggregates,Aggregates,,
264,2021,,Renewable energy consumption (% of total final energy consumption),XO,Low & middle income,Aggregates,Aggregates,Aggregates,,
265,2020,25.2319411619148,Renewable energy consumption (% of total final energy consumption),XO,Low & middle income,Aggregates,Aggregates,Aggregates,,
266,2019,24.2477140331693,Renewable energy consumption (% of total final energy consumption),XO,Low & middle income,Aggregates,Aggregates,Aggregates,,
267,2018,23.7294321628033,Renewable energy consumption (% of total final energy consumption),XO,Low & middle income,Aggregates,Aggregates,Aggregates,,
268,2017,23.6364337035659,Renewable energy consumption (% of total final energy consumption),XO,Low & middle income,Aggregates,Aggregates,Aggregates,,
269,2016,23.5956286475448,Renewable energy consumption (% of total final energy consumption),XO,Low & middle income,Aggregates,Aggregates,Aggregates,,
270,2025,,Renewable energy consumption (% of total final energy consumption),XM,Low income,Aggregates,Aggregates,Aggregates,,
271,2024,,Renewable energy consumption (% of total final energy consumption),XM,Low income,Aggregates,Aggregates,Aggregates,,
272,2023,,Renewable energy consumption (% of total final energy consumption),XM,Low income,Aggregates,Aggregates,Aggregates,,
273,2022,,Renewable energy consumption (% of total final energy consumption),XM,Low income,Aggregates,Aggregates,Aggregates,,
274,2021,,Renewable energy consumption (% of total final energy consumption),XM,Low income,Aggregates,Aggregates,Aggregates,,
275,2020,74.5621747727499,Renewable energy consumption (% of total final energy consumption),XM,Low income,Aggregates,Aggregates,Aggregates,,
276,2019,72.5005003490808,Renewable energy consumption (% of total final energy consumption),XM,Low income,Aggregates,Aggregates,Aggregates,,
277,2018,73.1015300989534,Renewable energy consumption (% of total final energy consumption),XM,Low income,Aggregates,Aggregates,Aggregates,,
278,2017,73.6994749888377,Renewable energy consumption (% of total final energy consumption),XM,Low income,Aggregates,Aggregates,Aggregates,,
279,2016,76.9877810393742,Renewable energy consumption (% of total final energy consumption),XM,Low income,Aggregates,Aggregates,Aggregates,,
280,2025,,Renewable energy consumption (% of total final energy consumption),XN,Lower middle income,Aggregates,Aggregates,Aggregates,,
281,2024,,Renewable energy consumption (% of total final energy consumption),XN,Lower middle income,Aggregates,Aggregates,Aggregates,,
282,2023,,Renewable energy consumption (% of total final energy consumption),XN,Lower middle income,Aggregates,Aggregates,Aggregates,,
283,2022,,Renewable energy consumption (% of total final energy consumption),XN,Lower middle income,Aggregates,Aggregates,Aggregates,,
284,2021,,Renewable energy consumption (% of total final energy consumption),XN,Lower middle income,Aggregates,Aggregates,Aggregates,,
285,2020,43.3396056818626,Renewable energy consumption (% of total final energy consumption),XN,Lower middle income,Aggregates,Aggregates,Aggregates,,
286,2019,41.4201607411296,Renewable energy consumption (% of total final energy consumption),XN,Lower middle income,Aggregates,Aggregates,Aggregates,,
287,2018,40.5042813848529,Renewable energy consumption (% of total final energy consumption),XN,Lower middle income,Aggregates,Aggregates,Aggregates,,
288,2017,40.3045480579492,Renewable energy consumption (% of total final energy consumption),XN,Lower middle income,Aggregates,Aggregates,Aggregates,,
289,2016,41.045675670811,Renewable energy consumption (% of total final energy consumption),XN,Lower middle income,Aggregates,Aggregates,Aggregates,,
290,2025,,Renewable energy consumption (% of total final energy consumption),ZQ,"Middle East, North Africa, Afghanistan & Pakistan",Aggregates,Aggregates,Aggregates,,
291,2024,,Renewable energy consumption (% of total final energy consumption),ZQ,"Middle East, North Africa, Afghanistan & Pakistan",Aggregates,Aggregates,Aggregates,,
292,2023,,Renewable energy consumption (% of total final energy consumption),ZQ,"Middle East, North Africa, Afghanistan & Pakistan",Aggregates,Aggregates,Aggregates,,
293,2022,,Renewable energy consumption (% of total final energy consumption),ZQ,"Middle East, North Africa, Afghanistan & Pakistan",Aggregates,Aggregates,Aggregates,,
294,2021,,Renewable energy consumption (% of total final energy consumption),ZQ,"Middle East, North Africa, Afghanistan & Pakistan",Aggregates,Aggregates,Aggregates,,
295,2020,7.54675702757893,Renewable energy consumption (% of total final energy consumption),ZQ,"Middle East, North Africa, Afghanistan & Pakistan",Aggregates,Aggregates,Aggregates,,
296,2019,7.59670819188084,Renewable energy consumption (% of total final energy consumption),ZQ,"Middle East, North Africa, Afghanistan & Pakistan",Aggregates,Aggregates,Aggregates,,
297,2018,7.30858693459966,Renewable energy consumption (% of total final energy consumption),ZQ,"Middle East, North Africa, Afghanistan & Pakistan",Aggregates,Aggregates,Aggregates,,
298,2017,7.14927454903901,Renewable energy consumption (% of total final energy consumption),ZQ,"Middle East, North Africa, Afghanistan & Pakistan",Aggregates,Aggregates,Aggregates,,
299,2016,7.10925108984167,Renewable energy consumption (% of total final energy consumption),ZQ,"Middle East, North Africa, Afghanistan & Pakistan",Aggregates,Aggregates,Aggregates,,
300,2025,,Renewable energy consumption (% of total final energy consumption),XQ,"Middle East, North Africa, Afghanistan & Pakistan (excluding high income)",Aggregates,Aggregates,Aggregates,,
301,2024,,Renewable energy consumption (% of total final energy consumption),XQ,"Middle East, North Africa, Afghanistan & Pakistan (excluding high income)",Aggregates,Aggregates,Aggregates,,
302,2023,,Renewable energy consumption (% of total final energy consumption),XQ,"Middle East, North Africa, Afghanistan & Pakistan (excluding high income)",Aggregates,Aggregates,Aggregates,,
303,2022,,Renewable energy consumption (% of total final energy consumption),XQ,"Middle East, North Africa, Afghanistan & Pakistan (excluding high income)",Aggregates,Aggregates,Aggregates,,
304,2021,,Renewable energy consumption (% of total final energy consumption),XQ,"Middle East, North Africa, Afghanistan & Pakistan (excluding high income)",Aggregates,Aggregates,Aggregates,,
305,2020,11.2181326344417,Renewable energy consumption (% of total final energy consumption),XQ,"Middle East, North Africa, Afghanistan & Pakistan (excluding high income)",Aggregates,Aggregates,Aggregates,,
306,2019,11.4865470725413,Renewable energy consumption (% of total final energy consumption),XQ,"Middle East, North Africa, Afghanistan & Pakistan (excluding high income)",Aggregates,Aggregates,Aggregates,,
307,2018,10.9619732223084,Renewable energy consumption (% of total final energy consumption),XQ,"Middle East, North Africa, Afghanistan & Pakistan (excluding high income)",Aggregates,Aggregates,Aggregates,,
308,2017,10.9413685116146,Renewable energy consumption (% of total final energy consumption),XQ,"Middle East, North Africa, Afghanistan & Pakistan (excluding high income)",Aggregates,Aggregates,Aggregates,,
309,2016,11.1503064832308,Renewable energy consumption (% of total final energy consumption),XQ,"Middle East, North Africa, Afghanistan & Pakistan (excluding high income)",Aggregates,Aggregates,Aggregates,,
310,2025,,Renewable energy consumption (% of total final energy consumption),T3,"Middle East, North Africa, Afghanistan & Pakistan (IDA & IBRD)",Aggregates,Aggregates,Aggregates,,
311,2024,,Renewable energy consumption (% of total final energy consumption),T3,"Middle East, North Africa, Afghanistan & Pakistan (IDA & IBRD)",Aggregates,Aggregates,Aggregates,,
312,2023,,Renewable energy consumption (% of total final energy consumption),T3,"Middle East, North Africa, Afghanistan & Pakistan (IDA & IBRD)",Aggregates,Aggregates,Aggregates,,
313,2022,,Renewable energy consumption (% of total final energy consumption),T3,"Middle East, North Africa, Afghanistan & Pakistan (IDA & IBRD)",Aggregates,Aggregates,Aggregates,,
314,2021,,Renewable energy consumption (% of total final energy consumption),T3,"Middle East, North Africa, Afghanistan & Pakistan (IDA & IBRD)",Aggregates,Aggregates,Aggregates,,
315,2020,11.2025085485546,Renewable energy consumption (% of total final energy consumption),T3,"Middle East, North Africa, Afghanistan & Pakistan (IDA & IBRD)",Aggregates,Aggregates,Aggregates,,
316,2019,11.4771071770715,Renewable energy consumption (% of total final energy consumption),T3,"Middle East, North Africa, Afghanistan & Pakistan (IDA & IBRD)",Aggregates,Aggregates,Aggregates,,
317,2018,10.9557039236004,Renewable energy consumption (% of total final energy consumption),T3,"Middle East, North Africa, Afghanistan & Pakistan (IDA & IBRD)",Aggregates,Aggregates,Aggregates,,
318,2017,10.943060961286,Renewable energy consumption (% of total final energy consumption),T3,"Middle East, North Africa, Afghanistan & Pakistan (IDA & IBRD)",Aggregates,Aggregates,Aggregates,,
319,2016,11.1456851493979,Renewable energy consumption (% of total final energy consumption),T3,"Middle East, North Africa, Afghanistan & Pakistan (IDA & IBRD)",Aggregates,Aggregates,Aggregates,,
320,2025,,Renewable energy consumption (% of total final energy consumption),XP,Middle income,Aggregates,Aggregates,Aggregates,,
321,2024,,Renewable energy consumption (% of total final energy consumption),XP,Middle income,Aggregates,Aggregates,Aggregates,,
322,2023,,Renewable energy consumption (% of total final energy consumption),XP,Middle income,Aggregates,Aggregates,Aggregates,,
323,2022,,Renewable energy consumption (% of total final energy consumption),XP,Middle income,Aggregates,Aggregates,Aggregates,,
324,2021,,Renewable energy consumption (% of total final energy consumption),XP,Middle income,Aggregates,Aggregates,Aggregates,,
325,2020,23.3730029547735,Renewable energy consumption (% of total final energy consumption),XP,Middle income,Aggregates,Aggregates,Aggregates,,
326,2019,22.4899574267419,Renewable energy consumption (% of total final energy consumption),XP,Middle income,Aggregates,Aggregates,Aggregates,,
327,2018,21.9723469245979,Renewable energy consumption (% of total final energy consumption),XP,Middle income,Aggregates,Aggregates,Aggregates,,
328,2017,21.8466187128767,Renewable energy consumption (% of total final energy consumption),XP,Middle income,Aggregates,Aggregates,Aggregates,,
329,2016,21.7581991859733,Renewable energy consumption (% of total final energy consumption),XP,Middle income,Aggregates,Aggregates,Aggregates,,
330,2025,,Renewable energy consumption (% of total final energy consumption),XU,North America,Aggregates,Aggregates,Aggregates,,
331,2024,,Renewable energy consumption (% of total final energy consumption),XU,North America,Aggregates,Aggregates,Aggregates,,
332,2023,,Renewable energy consumption (% of total final energy consumption),XU,North America,Aggregates,Aggregates,Aggregates,,
333,2022,,Renewable energy consumption (% of total final energy consumption),XU,North America,Aggregates,Aggregates,Aggregates,,
334,2021,,Renewable energy consumption (% of total final energy consumption),XU,North America,Aggregates,Aggregates,Aggregates,,
335,2020,12.4628823400948,Renewable energy consumption (% of total final energy consumption),XU,North America,Aggregates,Aggregates,Aggregates,,
336,2019,11.5807525012806,Renewable energy consumption (% of total final energy consumption),XU,North America,Aggregates,Aggregates,Aggregates,,
337,2018,11.3114262085469,Renewable energy consumption (% of total final energy consumption),XU,North America,Aggregates,Aggregates,Aggregates,,
338,2017,11.2091690751112,Renewable energy consumption (% of total final energy consumption),XU,North America,Aggregates,Aggregates,Aggregates,,
339,2016,10.724670511025,Renewable energy consumption (% of total final energy consumption),XU,North America,Aggregates,Aggregates,Aggregates,,
340,2025,,Renewable energy consumption (% of total final energy consumption),XY,Not classified,Aggregates,Aggregates,Aggregates,,
341,2024,,Renewable energy consumption (% of total final energy consumption),XY,Not classified,Aggregates,Aggregates,Aggregates,,
342,2023,,Renewable energy consumption (% of total final energy consumption),XY,Not classified,Aggregates,Aggregates,Aggregates,,
343,2022,,Renewable energy consumption (% of total final energy consumption),XY,Not classified,Aggregates,Aggregates,Aggregates,,
344,2021,,Renewable energy consumption (% of total final energy consumption),XY,Not classified,Aggregates,Aggregates,Aggregates,,
345,2020,,Renewable energy consumption (% of total final energy consumption),XY,Not classified,Aggregates,Aggregates,Aggregates,,
346,2019,,Renewable energy consumption (% of total final energy consumption),XY,Not classified,Aggregates,Aggregates,Aggregates,,
347,2018,,Renewable energy consumption (% of total final energy consumption),XY,Not classified,Aggregates,Aggregates,Aggregates,,
348,2017,,Renewable energy consumption (% of total final energy consumption),XY,Not classified,Aggregates,Aggregates,Aggregates,,
349,2016,,Renewable energy consumption (% of total final energy consumption),XY,Not classified,Aggregates,Aggregates,Aggregates,,
350,2025,,Renewable energy consumption (% of total final energy consumption),OE,OECD members,Aggregates,Aggregates,Aggregates,,
351,2024,,Renewable energy consumption (% of total final energy consumption),OE,OECD members,Aggregates,Aggregates,Aggregates,,
352,2023,,Renewable energy consumption (% of total final energy consumption),OE,OECD members,Aggregates,Aggregates,Aggregates,,
353,2022,,Renewable energy consumption (% of total final energy consumption),OE,OECD members,Aggregates,Aggregates,Aggregates,,
354,2021,,Renewable energy consumption (% of total final energy consumption),OE,OECD members,Aggregates,Aggregates,Aggregates,,
355,2020,14.8380363213872,Renewable energy consumption (% of total final energy consumption),OE,OECD members,Aggregates,Aggregates,Aggregates,,
356,2019,13.6864487000325,Renewable energy consumption (% of total final energy consumption),OE,OECD members,Aggregates,Aggregates,Aggregates,,
357,2018,13.2024399046234,Renewable energy consumption (% of total final energy consumption),OE,OECD members,Aggregates,Aggregates,Aggregates,,
358,2017,12.7954391065077,Renewable energy consumption (% of total final energy consumption),OE,OECD members,Aggregates,Aggregates,Aggregates,,
359,2016,12.432384629223,Renewable energy consumption (% of total final energy consumption),OE,OECD members,Aggregates,Aggregates,Aggregates,,
360,2025,,Renewable energy consumption (% of total final energy consumption),S4,Other small states,Aggregates,Aggregates,Aggregates,,
361,2024,,Renewable energy consumption (% of total final energy consumption),S4,Other small states,Aggregates,Aggregates,Aggregates,,
362,2023,,Renewable energy consumption (% of total final energy consumption),S4,Other small states,Aggregates,Aggregates,Aggregates,,
363,2022,,Renewable energy consumption (% of total final energy consumption),S4,Other small states,Aggregates,Aggregates,Aggregates,,
364,2021,,Renewable energy consumption (% of total final energy consumption),S4,Other small states,Aggregates,Aggregates,Aggregates,,
365,2020,45.4042214532872,Renewable energy consumption (% of total final energy consumption),S4,Other small states,Aggregates,Aggregates,Aggregates,,
366,2019,42.3904707420726,Renewable energy consumption (% of total final energy consumption),S4,Other small states,Aggregates,Aggregates,Aggregates,,
367,2018,42.3626099950191,Renewable energy consumption (% of total final energy consumption),S4,Other small states,Aggregates,Aggregates,Aggregates,,
368,2017,41.4366535230585,Renewable energy consumption (% of total final energy consumption),S4,Other small states,Aggregates,Aggregates,Aggregates,,
369,2016,42.1565383945673,Renewable energy consumption (% of total final energy consumption),S4,Other small states,Aggregates,Aggregates,Aggregates,,
370,2025,,Renewable energy consumption (% of total final energy consumption),S2,Pacific island small states,Aggregates,Aggregates,Aggregates,,
371,2024,,Renewable energy consumption (% of total final energy consumption),S2,Pacific island small states,Aggregates,Aggregates,Aggregates,,
372,2023,,Renewable energy consumption (% of total final energy consumption),S2,Pacific island small states,Aggregates,Aggregates,Aggregates,,
373,2022,,Renewable energy consumption (% of total final energy consumption),S2,Pacific island small states,Aggregates,Aggregates,Aggregates,,
374,2021,,Renewable energy consumption (% of total final energy consumption),S2,Pacific island small states,Aggregates,Aggregates,Aggregates,,
375,2020,29.425845410628,Renewable energy consumption (% of total final energy consumption),S2,Pacific island small states,Aggregates,Aggregates,Aggregates,,
376,2019,27.3889848812095,Renewable energy consumption (% of total final energy consumption),S2,Pacific island small states,Aggregates,Aggregates,Aggregates,,
377,2018,27.3537444933921,Renewable energy consumption (% of total final energy consumption),S2,Pacific island small states,Aggregates,Aggregates,Aggregates,,
378,2017,28.9891402714932,Renewable energy consumption (% of total final energy consumption),S2,Pacific island small states,Aggregates,Aggregates,Aggregates,,
379,2016,28.8504854368932,Renewable energy consumption (% of total final energy consumption),S2,Pacific island small states,Aggregates,Aggregates,Aggregates,,
380,2025,,Renewable energy consumption (% of total final energy consumption),V4,Post-demographic dividend,Aggregates,Aggregates,Aggregates,,
381,2024,,Renewable energy consumption (% of total final energy consumption),V4,Post-demographic dividend,Aggregates,Aggregates,Aggregates,,
382,2023,,Renewable energy consumption (% of total final energy consumption),V4,Post-demographic dividend,Aggregates,Aggregates,Aggregates,,
383,2022,,Renewable energy consumption (% of total final energy consumption),V4,Post-demographic dividend,Aggregates,Aggregates,Aggregates,,
384,2021,,Renewable energy consumption (% of total final energy consumption),V4,Post-demographic dividend,Aggregates,Aggregates,Aggregates,,
385,2020,14.4278548426441,Renewable energy consumption (% of total final energy consumption),V4,Post-demographic dividend,Aggregates,Aggregates,Aggregates,,
386,2019,13.2726556995631,Renewable energy consumption (% of total final energy consumption),V4,Post-demographic dividend,Aggregates,Aggregates,Aggregates,,
387,2018,12.8576178839564,Renewable energy consumption (% of total final energy consumption),V4,Post-demographic dividend,Aggregates,Aggregates,Aggregates,,
388,2017,12.4846381438532,Renewable energy consumption (% of total final energy consumption),V4,Post-demographic dividend,Aggregates,Aggregates,Aggregates,,
389,2016,12.0622071586832,Renewable energy consumption (% of total final energy consumption),V4,Post-demographic dividend,Aggregates,Aggregates,Aggregates,,
390,2025,,Renewable energy consumption (% of total final energy consumption),V1,Pre-demographic dividend,Aggregates,Aggregates,Aggregates,,
391,2024,,Renewable energy consumption (% of total final energy consumption),V1,Pre-demographic dividend,Aggregates,Aggregates,Aggregates,,
392,2023,,Renewable energy consumption (% of total final energy consumption),V1,Pre-demographic dividend,Aggregates,Aggregates,Aggregates,,
393,2022,,Renewable energy consumption (% of total final energy consumption),V1,Pre-demographic dividend,Aggregates,Aggregates,Aggregates,,
394,2021,,Renewable energy consumption (% of total final energy consumption),V1,Pre-demographic dividend,Aggregates,Aggregates,Aggregates,,
395,2020,73.3285283869645,Renewable energy consumption (% of total final energy consumption),V1,Pre-demographic dividend,Aggregates,Aggregates,Aggregates,,
396,2019,71.4398709500275,Renewable energy consumption (% of total final energy consumption),V1,Pre-demographic dividend,Aggregates,Aggregates,Aggregates,,
397,2018,71.906862473446,Renewable energy consumption (% of total final energy consumption),V1,Pre-demographic dividend,Aggregates,Aggregates,Aggregates,,
398,2017,72.7571519329351,Renewable energy consumption (% of total final energy consumption),V1,Pre-demographic dividend,Aggregates,Aggregates,Aggregates,,
399,2016,72.8428194718611,Renewable energy consumption (% of total final energy consumption),V1,Pre-demographic dividend,Aggregates,Aggregates,Aggregates,,
400,2025,,Renewable energy consumption (% of total final energy consumption),S1,Small states,Aggregates,Aggregates,Aggregates,,
401,2024,,Renewable energy consumption (% of total final energy consumption),S1,Small states,Aggregates,Aggregates,Aggregates,,
402,2023,,Renewable energy consumption (% of total final energy consumption),S1,Small states,Aggregates,Aggregates,Aggregates,,
403,2022,,Renewable energy consumption (% of total final energy consumption),S1,Small states,Aggregates,Aggregates,Aggregates,,
404,2021,,Renewable energy consumption (% of total final energy consumption),S1,Small states,Aggregates,Aggregates,Aggregates,,
405,2020,34.2609139465875,Renewable energy consumption (% of total final energy consumption),S1,Small states,Aggregates,Aggregates,Aggregates,,
406,2019,31.6559924886778,Renewable energy consumption (% of total final energy consumption),S1,Small states,Aggregates,Aggregates,Aggregates,,
407,2018,32.2826634877384,Renewable energy consumption (% of total final energy consumption),S1,Small states,Aggregates,Aggregates,Aggregates,,
408,2017,31.1677364093193,Renewable energy consumption (% of total final energy consumption),S1,Small states,Aggregates,Aggregates,Aggregates,,
409,2016,31.3734949541816,Renewable energy consumption (% of total final energy consumption),S1,Small states,Aggregates,Aggregates,Aggregates,,
410,2025,,Renewable energy consumption (% of total final energy consumption),8S,South Asia,Aggregates,Aggregates,Aggregates,,
411,2024,,Renewable energy consumption (% of total final energy consumption),8S,South Asia,Aggregates,Aggregates,Aggregates,,
412,2023,,Renewable energy consumption (% of total final energy consumption),8S,South Asia,Aggregates,Aggregates,Aggregates,,
413,2022,,Renewable energy consumption (% of total final energy consumption),8S,South Asia,Aggregates,Aggregates,Aggregates,,
414,2021,,Renewable energy consumption (% of total final energy consumption),8S,South Asia,Aggregates,Aggregates,Aggregates,,
415,2020,36.8864659122341,Renewable energy consumption (% of total final energy consumption),8S,South Asia,Aggregates,Aggregates,Aggregates,,
416,2019,34.4293579877468,Renewable energy consumption (% of total final energy consumption),8S,South Asia,Aggregates,Aggregates,Aggregates,,
417,2018,33.8834998158718,Renewable energy consumption (% of total final energy consumption),8S,South Asia,Aggregates,Aggregates,Aggregates,,
418,2017,33.5888874710393,Renewable energy consumption (% of total final energy consumption),8S,South Asia,Aggregates,Aggregates,Aggregates,,
419,2016,34.2074772429003,Renewable energy consumption (% of total final energy consumption),8S,South Asia,Aggregates,Aggregates,Aggregates,,
420,2025,,Renewable energy consumption (% of total final energy consumption),T5,South Asia (IDA & IBRD),Aggregates,Aggregates,Aggregates,,
421,2024,,Renewable energy consumption (% of total final energy consumption),T5,South Asia (IDA & IBRD),Aggregates,Aggregates,Aggregates,,
422,2023,,Renewable energy consumption (% of total final energy consumption),T5,South Asia (IDA & IBRD),Aggregates,Aggregates,Aggregates,,
423,2022,,Renewable energy consumption (% of total final energy consumption),T5,South Asia (IDA & IBRD),Aggregates,Aggregates,Aggregates,,
424,2021,,Renewable energy consumption (% of total final energy consumption),T5,South Asia (IDA & IBRD),Aggregates,Aggregates,Aggregates,,
425,2020,36.8864659122341,Renewable energy consumption (% of total final energy consumption),T5,South Asia (IDA & IBRD),Aggregates,Aggregates,Aggregates,,
426,2019,34.4293579877468,Renewable energy consumption (% of total final energy consumption),T5,South Asia (IDA & IBRD),Aggregates,Aggregates,Aggregates,,
427,2018,33.8834998158718,Renewable energy consumption (% of total final energy consumption),T5,South Asia (IDA & IBRD),Aggregates,Aggregates,Aggregates,,
428,2017,33.5888874710393,Renewable energy consumption (% of total final energy consumption),T5,South Asia (IDA & IBRD),Aggregates,Aggregates,Aggregates,,
429,2016,34.2074772429003,Renewable energy consumption (% of total final energy consumption),T5,South Asia (IDA & IBRD),Aggregates,Aggregates,Aggregates,,
430,2025,,Renewable energy consumption (% of total final energy consumption),ZG,Sub-Saharan Africa,Aggregates,Aggregates,Aggregates,,
431,2024,,Renewable energy consumption (% of total final energy consumption),ZG,Sub-Saharan Africa,Aggregates,Aggregates,Aggregates,,
432,2023,,Renewable energy consumption (% of total final energy consumption),ZG,Sub-Saharan Africa,Aggregates,Aggregates,Aggregates,,
433,2022,,Renewable energy consumption (% of total final energy consumption),ZG,Sub-Saharan Africa,Aggregates,Aggregates,Aggregates,,
434,2021,,Renewable energy consumption (% of total final energy consumption),ZG,Sub-Saharan Africa,Aggregates,Aggregates,Aggregates,,
435,2020,70.2701133853785,Renewable energy consumption (% of total final energy consumption),ZG,Sub-Saharan Africa,Aggregates,Aggregates,Aggregates,,
436,2019,68.1693850218034,Renewable energy consumption (% of total final energy consumption),ZG,Sub-Saharan Africa,Aggregates,Aggregates,Aggregates,,
437,2018,67.6660713231228,Renewable energy consumption (% of total final energy consumption),ZG,Sub-Saharan Africa,Aggregates,Aggregates,Aggregates,,
438,2017,67.8175544668556,Renewable energy consumption (% of total final energy consumption),ZG,Sub-Saharan Africa,Aggregates,Aggregates,Aggregates,,
439,2016,67.9625238161754,Renewable energy consumption (% of total final energy consumption),ZG,Sub-Saharan Africa,Aggregates,Aggregates,Aggregates,,
440,2025,,Renewable energy consumption (% of total final energy consumption),ZF,Sub-Saharan Africa (excluding high income),Aggregates,Aggregates,Aggregates,,
441,2024,,Renewable energy consumption (% of total final energy consumption),ZF,Sub-Saharan Africa (excluding high income),Aggregates,Aggregates,Aggregates,,
442,2023,,Renewable energy consumption (% of total final energy consumption),ZF,Sub-Saharan Africa (excluding high income),Aggregates,Aggregates,Aggregates,,
443,2022,,Renewable energy consumption (% of total final energy consumption),ZF,Sub-Saharan Africa (excluding high income),Aggregates,Aggregates,Aggregates,,
444,2021,,Renewable energy consumption (% of total final energy consumption),ZF,Sub-Saharan Africa (excluding high income),Aggregates,Aggregates,Aggregates,,
445,2020,70.2882962400544,Renewable energy consumption (% of total final energy consumption),ZF,Sub-Saharan Africa (excluding high income),Aggregates,Aggregates,Aggregates,,
446,2019,68.1866925105485,Renewable energy consumption (% of total final energy consumption),ZF,Sub-Saharan Africa (excluding high income),Aggregates,Aggregates,Aggregates,,
447,2018,67.6846305852535,Renewable energy consumption (% of total final energy consumption),ZF,Sub-Saharan Africa (excluding high income),Aggregates,Aggregates,Aggregates,,
448,2017,67.8350236280696,Renewable energy consumption (% of total final energy consumption),ZF,Sub-Saharan Africa (excluding high income),Aggregates,Aggregates,Aggregates,,
449,2016,67.9804339199785,Renewable energy consumption (% of total final energy consumption),ZF,Sub-Saharan Africa (excluding high income),Aggregates,Aggregates,Aggregates,,
450,2025,,Renewable energy consumption (% of total final energy consumption),T6,Sub-Saharan Africa (IDA & IBRD countries),Aggregates,Aggregates,Aggregates,,
451,2024,,Renewable energy consumption (% of total final energy consumption),T6,Sub-Saharan Africa (IDA & IBRD countries),Aggregates,Aggregates,Aggregates,,
452,2023,,Renewable energy consumption (% of total final energy consumption),T6,Sub-Saharan Africa (IDA & IBRD countries),Aggregates,Aggregates,Aggregates,,
453,2022,,Renewable energy consumption (% of total final energy consumption),T6,Sub-Saharan Africa (IDA & IBRD countries),Aggregates,Aggregates,Aggregates,,
454,2021,,Renewable energy consumption (% of total final energy consumption),T6,Sub-Saharan Africa (IDA & IBRD countries),Aggregates,Aggregates,Aggregates,,
455,2020,70.2701133853785,Renewable energy consumption (% of total final energy consumption),T6,Sub-Saharan Africa (IDA & IBRD countries),Aggregates,Aggregates,Aggregates,,
456,2019,68.1693850218034,Renewable energy consumption (% of total final energy consumption),T6,Sub-Saharan Africa (IDA & IBRD countries),Aggregates,Aggregates,Aggregates,,
457,2018,67.6660713231228,Renewable energy consumption (% of total final energy consumption),T6,Sub-Saharan Africa (IDA & IBRD countries),Aggregates,Aggregates,Aggregates,,
458,2017,67.8175544668556,Renewable energy consumption (% of total final energy consumption),T6,Sub-Saharan Africa (IDA & IBRD countries),Aggregates,Aggregates,Aggregates,,
459,2016,67.9625238161754,Renewable energy consumption (% of total final energy consumption),T6,Sub-Saharan Africa (IDA & IBRD countries),Aggregates,Aggregates,Aggregates,,
460,2025,,Renewable energy consumption (% of total final energy consumption),XT,Upper middle income,Aggregates,Aggregates,Aggregates,,
461,2024,,Renewable energy consumption (% of total final energy consumption),XT,Upper middle income,Aggregates,Aggregates,Aggregates,,
462,2023,,Renewable energy consumption (% of total final energy consumption),XT,Upper middle income,Aggregates,Aggregates,Aggregates,,
463,2022,,Renewable energy consumption (% of total final energy consumption),XT,Upper middle income,Aggregates,Aggregates,Aggregates,,
464,2021,,Renewable energy consumption (% of total final energy consumption),XT,Upper middle income,Aggregates,Aggregates,Aggregates,,
465,2020,16.8249228694968,Renewable energy consumption (% of total final energy consumption),XT,Upper middle income,Aggregates,Aggregates,Aggregates,,
466,2019,16.1357826998964,Renewable energy consumption (% of total final energy consumption),XT,Upper middle income,Aggregates,Aggregates,Aggregates,,
467,2018,15.6712129165035,Renewable energy consumption (% of total final energy consumption),XT,Upper middle income,Aggregates,Aggregates,Aggregates,,
468,2017,15.539599266802,Renewable energy consumption (% of total final energy consumption),XT,Upper middle income,Aggregates,Aggregates,Aggregates,,
469,2016,15.3003881820305,Renewable energy consumption (% of total final energy consumption),XT,Upper middle income,Aggregates,Aggregates,Aggregates,,
470,2025,,Renewable energy consumption (% of total final energy consumption),1W,World,Aggregates,Aggregates,Aggregates,,
471,2024,,Renewable energy consumption (% of total final energy consumption),1W,World,Aggregates,Aggregates,Aggregates,,
472,2023,,Renewable energy consumption (% of total final energy consumption),1W,World,Aggregates,Aggregates,Aggregates,,
473,2022,,Renewable energy consumption (% of total final energy consumption),1W,World,Aggregates,Aggregates,Aggregates,,
474,2021,,Renewable energy consumption (% of total final energy consumption),1W,World,Aggregates,Aggregates,Aggregates,,
475,2020,19.7355641050053,Renewable energy consumption (% of total final energy consumption),1W,World,Aggregates,Aggregates,Aggregates,,
476,2019,18.5751641385934,Renewable energy consumption (% of total final energy consumption),1W,World,Aggregates,Aggregates,Aggregates,,
477,2018,18.1052270747944,Renewable energy consumption (% of total final energy consumption),1W,World,Aggregates,Aggregates,Aggregates,,
478,2017,17.8541835016377,Renewable energy consumption (% of total final energy consumption),1W,World,Aggregates,Aggregates,Aggregates,,
479,2016,17.6281084915531,Renewable energy consumption (% of total final energy consumption),1W,World,Aggregates,Aggregates,Aggregates,,
480,2025,,Renewable energy consumption (% of total final energy consumption),AF,Afghanistan,"Middle East, North Africa, Afghanistan & Pakistan",Low income,IDA,69.1761,34.5228
481,2024,,Renewable energy consumption (% of total final energy consumption),AF,Afghanistan,"Middle East, North Africa, Afghanistan & Pakistan",Low income,IDA,69.1761,34.5228
482,2023,,Renewable energy consumption (% of total final energy consumption),AF,Afghanistan,"Middle East, North Africa, Afghanistan & Pakistan",Low income,IDA,69.1761,34.5228
483,2022,20.0,Renewable energy consumption (% of total final energy consumption),AF,Afghanistan,"Middle East, North Africa, Afghanistan & Pakistan",Low income,IDA,69.1761,34.5228
484,2021,20.0,Renewable energy consumption (% of total final energy consumption),AF,Afghanistan,"Middle East, North Africa, Afghanistan & Pakistan",Low income,IDA,69.1761,34.5228
485,2020,18.2,Renewable energy consumption (% of total final energy consumption),AF,Afghanistan,"Middle East, North Africa, Afghanistan & Pakistan",Low income,IDA,69.1761,34.5228
486,2019,18.9,Renewable energy consumption (% of total final energy consumption),AF,Afghanistan,"Middle East, North Africa, Afghanistan & Pakistan",Low income,IDA,69.1761,34.5228
487,2018,18.3,Renewable energy consumption (% of total final energy consumption),AF,Afghanistan,"Middle East, North Africa, Afghanistan & Pakistan",Low income,IDA,69.1761,34.5228
488,2017,19.5,Renewable energy consumption (% of total final energy consumption),AF,Afghanistan,"Middle East, North Africa, Afghanistan & Pakistan",Low income,IDA,69.1761,34.5228
489,2016,20.2,Renewable energy consumption (% of total final energy consumption),AF,Afghanistan,"Middle East, North Africa, Afghanistan & Pakistan",Low income,IDA,69.1761,34.5228
490,2025,,Renewable energy consumption (% of total final energy consumption),AL,Albania,Europe & Central Asia,Upper middle income,IBRD,19.8172,41.3317
491,2024,,Renewable energy consumption (% of total final energy consumption),AL,Albania,Europe & Central Asia,Upper middle income,IBRD,19.8172,41.3317
492,2023,,Renewable energy consumption (% of total final energy consumption),AL,Albania,Europe & Central Asia,Upper middle income,IBRD,19.8172,41.3317
493,2022,,Renewable energy consumption (% of total final energy consumption),AL,Albania,Europe & Central Asia,Upper middle income,IBRD,19.8172,41.3317
494,2021,41.9,Renewable energy consumption (% of total final energy consumption),AL,Albania,Europe & Central Asia,Upper middle income,IBRD,19.8172,41.3317
495,2020,44.4,Renewable energy consumption (% of total final energy consumption),AL,Albania,Europe & Central Asia,Upper middle income,IBRD,19.8172,41.3317
496,2019,40.1,Renewable energy consumption (% of total final energy consumption),AL,Albania,Europe & Central Asia,Upper middle income,IBRD,19.8172,41.3317
497,2018,37.8,Renewable energy consumption (% of total final energy consumption),AL,Albania,Europe & Central Asia,Upper middle income,IBRD,19.8172,41.3317
498,2017,36.9,Renewable energy consumption (% of total final energy consumption),AL,Albania,Europe & Central Asia,Upper middle income,IBRD,19.8172,41.3317
499,2016,39.4,Renewable energy consumption (% of total final energy consumption),AL,Albania,Europe & Central Asia,Upper middle income,IBRD,19.8172,41.3317
500,2025,,Renewable energy consumption (% of total final energy consumption),DZ,Algeria,"Middle East, North Africa, Afghanistan & Pakistan",Upper middle income,IBRD,3.05097,36.7397
501,2024,,Renewable energy consumption (% of total final energy consumption),DZ,Algeria,"Middle East, North Africa, Afghanistan & Pakistan",Upper middle income,IBRD,3.05097,36.7397
502,2023,,Renewable energy consumption (% of total final energy consumption),DZ,Algeria,"Middle East, North Africa, Afghanistan & Pakistan",Upper middle income,IBRD,3.05097,36.7397
503,2022,,Renewable energy consumption (% of total final energy consumption),DZ,Algeria,"Middle East, North Africa, Afghanistan & Pakistan",Upper middle income,IBRD,3.05097,36.7397
504,2021,0.1,Renewable energy consumption (% of total final energy consumption),DZ,Algeria,"Middle East, North Africa, Afghanistan & Pakistan",Upper middle income,IBRD,3.05097,36.7397
505,2020,0.1,Renewable energy consumption (% of total final energy consumption),DZ,Algeria,"Middle East, North Africa, Afghanistan & Pakistan",Upper middle income,IBRD,3.05097,36.7397
506,2019,0.2,Renewable energy consumption (% of total final energy consumption),DZ,Algeria,"Middle East, North Africa, Afghanistan & Pakistan",Upper middle income,IBRD,3.05097,36.7397
507,2018,0.2,Renewable energy consumption (% of total final energy consumption),DZ,Algeria,"Middle East, North Africa, Afghanistan & Pakistan",Upper middle income,IBRD,3.05097,36.7397
508,2017,0.1,Renewable energy consumption (% of total final energy consumption),DZ,Algeria,"Middle East, North Africa, Afghanistan & Pakistan",Upper middle income,IBRD,3.05097,36.7397
509,2016,0.1,Renewable energy consumption (% of total final energy consumption),DZ,Algeria,"Middle East, North Africa, Afghanistan & Pakistan",Upper middle income,IBRD,3.05097,36.7397
510,2025,,Renewable energy consumption (% of total final energy consumption),AS,American Samoa,East Asia & Pacific,High income,Not classified,-170.691,-14.2846
511,2024,,Renewable energy consumption (% of total final energy consumption),AS,American Samoa,East Asia & Pacific,High income,Not classified,-170.691,-14.2846
512,2023,,Renewable energy consumption (% of total final energy consumption),AS,American Samoa,East Asia & Pacific,High income,Not classified,-170.691,-14.2846
513,2022,0.4,Renewable energy consumption (% of total final energy consumption),AS,American Samoa,East Asia & Pacific,High income,Not classified,-170.691,-14.2846
514,2021,0.4,Renewable energy consumption (% of total final energy consumption),AS,American Samoa,East Asia & Pacific,High income,Not classified,-170.691,-14.2846
515,2020,0.4,Renewable energy consumption (% of total final energy consumption),AS,American Samoa,East Asia & Pacific,High income,Not classified,-170.691,-14.2846
516,2019,0.4,Renewable energy consumption (% of total final energy consumption),AS,American Samoa,East Asia & Pacific,High income,Not classified,-170.691,-14.2846
517,2018,0.3,Renewable energy consumption (% of total final energy consumption),AS,American Samoa,East Asia & Pacific,High income,Not classified,-170.691,-14.2846
518,2017,0.3,Renewable energy consumption (% of total final energy consumption),AS,American Samoa,East Asia & Pacific,High income,Not classified,-170.691,-14.2846
519,2016,0.2,Renewable energy consumption (% of total final energy consumption),AS,American Samoa,East Asia & Pacific,High income,Not classified,-170.691,-14.2846
520,2025,,Renewable energy consumption (% of total final energy consumption),AD,Andorra,Europe & Central Asia,High income,Not classified,1.5218,42.5075
521,2024,,Renewable energy consumption (% of total final energy consumption),AD,Andorra,Europe & Central Asia,High income,Not classified,1.5218,42.5075
522,2023,,Renewable energy consumption (% of total final energy consumption),AD,Andorra,Europe & Central Asia,High income,Not classified,1.5218,42.5075
523,2022,18.7,Renewable energy consumption (% of total final energy consumption),AD,Andorra,Europe & Central Asia,High income,Not classified,1.5218,42.5075
524,2021,18.4,Renewable energy consumption (% of total final energy consumption),AD,Andorra,Europe & Central Asia,High income,Not classified,1.5218,42.5075
525,2020,20.9,Renewable energy consumption (% of total final energy consumption),AD,Andorra,Europe & Central Asia,High income,Not classified,1.5218,42.5075
526,2019,17.2,Renewable energy consumption (% of total final energy consumption),AD,Andorra,Europe & Central Asia,High income,Not classified,1.5218,42.5075
527,2018,17.6,Renewable energy consumption (% of total final energy consumption),AD,Andorra,Europe & Central Asia,High income,Not classified,1.5218,42.5075
528,2017,18.0,Renewable energy consumption (% of total final energy consumption),AD,Andorra,Europe & Central Asia,High income,Not classified,1.5218,42.5075
529,2016,18.9,Renewable energy consumption (% of total final energy consumption),AD,Andorra,Europe & Central Asia,High income,Not classified,1.5218,42.5075
530,2025,,Renewable energy consumption (% of total final energy consumption),AO,Angola,Sub-Saharan Africa ,Lower middle income,IBRD,13.242,-8.81155
531,2024,,Renewable energy consumption (% of total final energy consumption),AO,Angola,Sub-Saharan Africa ,Lower middle income,IBRD,13.242,-8.81155
532,2023,,Renewable energy consumption (% of total final energy consumption),AO,Angola,Sub-Saharan Africa ,Lower middle income,IBRD,13.242,-8.81155
533,2022,,Renewable energy consumption (% of total final energy consumption),AO,Angola,Sub-Saharan Africa ,Lower middle income,IBRD,13.242,-8.81155
534,2021,52.9,Renewable energy consumption (% of total final energy consumption),AO,Angola,Sub-Saharan Africa ,Lower middle income,IBRD,13.242,-8.81155
535,2020,60.1,Renewable energy consumption (% of total final energy consumption),AO,Angola,Sub-Saharan Africa ,Lower middle income,IBRD,13.242,-8.81155
536,2019,51.0,Renewable energy consumption (% of total final energy consumption),AO,Angola,Sub-Saharan Africa ,Lower middle income,IBRD,13.242,-8.81155
537,2018,52.5,Renewable energy consumption (% of total final energy consumption),AO,Angola,Sub-Saharan Africa ,Lower middle income,IBRD,13.242,-8.81155
538,2017,52.5,Renewable energy consumption (% of total final energy consumption),AO,Angola,Sub-Saharan Africa ,Lower middle income,IBRD,13.242,-8.81155
539,2016,48.1,Renewable energy consumption (% of total final energy consumption),AO,Angola,Sub-Saharan Africa ,Lower middle income,IBRD,13.242,-8.81155
540,2025,,Renewable energy consumption (% of total final energy consumption),AG,Antigua and Barbuda,Latin America & Caribbean ,High income,IBRD,-61.8456,17.1175
541,2024,,Renewable energy consumption (% of total final energy consumption),AG,Antigua and Barbuda,Latin America & Caribbean ,High income,IBRD,-61.8456,17.1175
542,2023,,Renewable energy consumption (% of total final energy consumption),AG,Antigua and Barbuda,Latin America & Caribbean ,High income,IBRD,-61.8456,17.1175
543,2022,0.9,Renewable energy consumption (% of total final energy consumption),AG,Antigua and Barbuda,Latin America & Caribbean ,High income,IBRD,-61.8456,17.1175
544,2021,0.9,Renewable energy consumption (% of total final energy consumption),AG,Antigua and Barbuda,Latin America & Caribbean ,High income,IBRD,-61.8456,17.1175
545,2020,0.9,Renewable energy consumption (% of total final energy consumption),AG,Antigua and Barbuda,Latin America & Caribbean ,High income,IBRD,-61.8456,17.1175
546,2019,0.7,Renewable energy consumption (% of total final energy consumption),AG,Antigua and Barbuda,Latin America & Caribbean ,High income,IBRD,-61.8456,17.1175
547,2018,0.7,Renewable energy consumption (% of total final energy consumption),AG,Antigua and Barbuda,Latin America & Caribbean ,High income,IBRD,-61.8456,17.1175
548,2017,0.4,Renewable energy consumption (% of total final energy consumption),AG,Antigua and Barbuda,Latin America & Caribbean ,High income,IBRD,-61.8456,17.1175
549,2016,0.4,Renewable energy consumption (% of total final energy consumption),AG,Antigua and Barbuda,Latin America & Caribbean ,High income,IBRD,-61.8456,17.1175
550,2025,,Renewable energy consumption (% of total final energy consumption),AR,Argentina,Latin America & Caribbean ,Upper middle income,IBRD,-58.4173,-34.6118
551,2024,,Renewable energy consumption (% of total final energy consumption),AR,Argentina,Latin America & Caribbean ,Upper middle income,IBRD,-58.4173,-34.6118
552,2023,,Renewable energy consumption (% of total final energy consumption),AR,Argentina,Latin America & Caribbean ,Upper middle income,IBRD,-58.4173,-34.6118
553,2022,,Renewable energy consumption (% of total final energy consumption),AR,Argentina,Latin America & Caribbean ,Upper middle income,IBRD,-58.4173,-34.6118
554,2021,9.2,Renewable energy consumption (% of total final energy consumption),AR,Argentina,Latin America & Caribbean ,Upper middle income,IBRD,-58.4173,-34.6118
555,2020,9.8,Renewable energy consumption (% of total final energy consumption),AR,Argentina,Latin America & Caribbean ,Upper middle income,IBRD,-58.4173,-34.6118
556,2019,10.7,Renewable energy consumption (% of total final energy consumption),AR,Argentina,Latin America & Caribbean ,Upper middle income,IBRD,-58.4173,-34.6118
557,2018,10.5,Renewable energy consumption (% of total final energy consumption),AR,Argentina,Latin America & Caribbean ,Upper middle income,IBRD,-58.4173,-34.6118
558,2017,10.4,Renewable energy consumption (% of total final energy consumption),AR,Argentina,Latin America & Caribbean ,Upper middle income,IBRD,-58.4173,-34.6118
559,2016,9.4,Renewable energy consumption (% of total final energy consumption),AR,Argentina,Latin America & Caribbean ,Upper middle income,IBRD,-58.4173,-34.6118
560,2025,,Renewable energy consumption (% of total final energy consumption),AM,Armenia,Europe & Central Asia,Upper middle income,IBRD,44.509,40.1596
561,2024,,Renewable energy consumption (% of total final energy consumption),AM,Armenia,Europe & Central Asia,Upper middle income,IBRD,44.509,40.1596
562,2023,,Renewable energy consumption (% of total final energy consumption),AM,Armenia,Europe & Central Asia,Upper middle income,IBRD,44.509,40.1596
563,2022,,Renewable energy consumption (% of total final energy consumption),AM,Armenia,Europe & Central Asia,Upper middle income,IBRD,44.509,40.1596
564,2021,9.1,Renewable energy consumption (% of total final energy consumption),AM,Armenia,Europe & Central Asia,Upper middle income,IBRD,44.509,40.1596
565,2020,8.4,Renewable energy consumption (% of total final energy consumption),AM,Armenia,Europe & Central Asia,Upper middle income,IBRD,44.509,40.1596
566,2019,10.3,Renewable energy consumption (% of total final energy consumption),AM,Armenia,Europe & Central Asia,Upper middle income,IBRD,44.509,40.1596
567,2018,11.1,Renewable energy consumption (% of total final energy consumption),AM,Armenia,Europe & Central Asia,Upper middle income,IBRD,44.509,40.1596
568,2017,12.6,Renewable energy consumption (% of total final energy consumption),AM,Armenia,Europe & Central Asia,Upper middle income,IBRD,44.509,40.1596
569,2016,13.2,Renewable energy consumption (% of total final energy consumption),AM,Armenia,Europe & Central Asia,Upper middle income,IBRD,44.509,40.1596
570,2025,,Renewable energy consumption (% of total final energy consumption),AW,Aruba,Latin America & Caribbean ,High income,Not classified,-70.0167,12.5167
571,2024,,Renewable energy consumption (% of total final energy consumption),AW,Aruba,Latin America & Caribbean ,High income,Not classified,-70.0167,12.5167
572,2023,,Renewable energy consumption (% of total final energy consumption),AW,Aruba,Latin America & Caribbean ,High income,Not classified,-70.0167,12.5167
573,2022,8.8,Renewable energy consumption (% of total final energy consumption),AW,Aruba,Latin America & Caribbean ,High income,Not classified,-70.0167,12.5167
574,2021,8.8,Renewable energy consumption (% of total final energy consumption),AW,Aruba,Latin America & Caribbean ,High income,Not classified,-70.0167,12.5167
575,2020,9.1,Renewable energy consumption (% of total final energy consumption),AW,Aruba,Latin America & Caribbean ,High income,Not classified,-70.0167,12.5167
576,2019,8.3,Renewable energy consumption (% of total final energy consumption),AW,Aruba,Latin America & Caribbean ,High income,Not classified,-70.0167,12.5167
577,2018,8.6,Renewable energy consumption (% of total final energy consumption),AW,Aruba,Latin America & Caribbean ,High income,Not classified,-70.0167,12.5167
578,2017,6.8,Renewable energy consumption (% of total final energy consumption),AW,Aruba,Latin America & Caribbean ,High income,Not classified,-70.0167,12.5167
579,2016,7.0,Renewable energy consumption (% of total final energy consumption),AW,Aruba,Latin America & Caribbean ,High income,Not classified,-70.0167,12.5167
580,2025,,Renewable energy consumption (% of total final energy consumption),AU,Australia,East Asia & Pacific,High income,Not classified,149.129,-35.282
581,2024,,Renewable energy consumption (% of total final energy consumption),AU,Australia,East Asia & Pacific,High income,Not classified,149.129,-35.282
582,2023,,Renewable energy consumption (% of total final energy consumption),AU,Australia,East Asia & Pacific,High income,Not classified,149.129,-35.282
583,2022,,Renewable energy consumption (% of total final energy consumption),AU,Australia,East Asia & Pacific,High income,Not classified,149.129,-35.282
584,2021,12.3,Renewable energy consumption (% of total final energy consumption),AU,Australia,East Asia & Pacific,High income,Not classified,149.129,-35.282
585,2020,11.2,Renewable energy consumption (% of total final energy consumption),AU,Australia,East Asia & Pacific,High income,Not classified,149.129,-35.282
586,2019,10.3,Renewable energy consumption (% of total final energy consumption),AU,Australia,East Asia & Pacific,High income,Not classified,149.129,-35.282
587,2018,9.8,Renewable energy consumption (% of total final energy consumption),AU,Australia,East Asia & Pacific,High income,Not classified,149.129,-35.282
588,2017,9.9,Renewable energy consumption (% of total final energy consumption),AU,Australia,East Asia & Pacific,High income,Not classified,149.129,-35.282
589,2016,9.6,Renewable energy consumption (% of total final energy consumption),AU,Australia,East Asia & Pacific,High income,Not classified,149.129,-35.282
590,2025,,Renewable energy consumption (% of total final energy consumption),AT,Austria,Europe & Central Asia,High income,Not classified,16.3798,48.2201
591,2024,,Renewable energy consumption (% of total final energy consumption),AT,Austria,Europe & Central Asia,High income,Not classified,16.3798,48.2201
592,2023,,Renewable energy consumption (% of total final energy consumption),AT,Austria,Europe & Central Asia,High income,Not classified,16.3798,48.2201
593,2022,,Renewable energy consumption (% of total final energy consumption),AT,Austria,Europe & Central Asia,High income,Not classified,16.3798,48.2201
594,2021,36.0,Renewable energy consumption (% of total final energy consumption),AT,Austria,Europe & Central Asia,High income,Not classified,16.3798,48.2201
595,2020,35.8,Renewable energy consumption (% of total final energy consumption),AT,Austria,Europe & Central Asia,High income,Not classified,16.3798,48.2201
596,2019,34.0,Renewable energy consumption (% of total final energy consumption),AT,Austria,Europe & Central Asia,High income,Not classified,16.3798,48.2201
597,2018,34.1,Renewable energy consumption (% of total final energy consumption),AT,Austria,Europe & Central Asia,High income,Not classified,16.3798,48.2201
598,2017,34.0,Renewable energy consumption (% of total final energy consumption),AT,Austria,Europe & Central Asia,High income,Not classified,16.3798,48.2201
599,2016,34.6,Renewable energy consumption (% of total final energy consumption),AT,Austria,Europe & Central Asia,High income,Not classified,16.3798,48.2201
600,2025,,Renewable energy consumption (% of total final energy consumption),AZ,Azerbaijan,Europe & Central Asia,Upper middle income,IBRD,49.8932,40.3834
601,2024,,Renewable energy consumption (% of total final energy consumption),AZ,Azerbaijan,Europe & Central Asia,Upper middle income,IBRD,49.8932,40.3834
602,2023,,Renewable energy consumption (% of total final energy consumption),AZ,Azerbaijan,Europe & Central Asia,Upper middle income,IBRD,49.8932,40.3834
603,2022,,Renewable energy consumption (% of total final energy consumption),AZ,Azerbaijan,Europe & Central Asia,Upper middle income,IBRD,49.8932,40.3834
604,2021,1.3,Renewable energy consumption (% of total final energy consumption),AZ,Azerbaijan,Europe & Central Asia,Upper middle income,IBRD,49.8932,40.3834
605,2020,1.3,Renewable energy consumption (% of total final energy consumption),AZ,Azerbaijan,Europe & Central Asia,Upper middle income,IBRD,49.8932,40.3834
606,2019,1.7,Renewable energy consumption (% of total final energy consumption),AZ,Azerbaijan,Europe & Central Asia,Upper middle income,IBRD,49.8932,40.3834
607,2018,1.9,Renewable energy consumption (% of total final energy consumption),AZ,Azerbaijan,Europe & Central Asia,Upper middle income,IBRD,49.8932,40.3834
608,2017,1.9,Renewable energy consumption (% of total final energy consumption),AZ,Azerbaijan,Europe & Central Asia,Upper middle income,IBRD,49.8932,40.3834
609,2016,1.9,Renewable energy consumption (% of total final energy consumption),AZ,Azerbaijan,Europe & Central Asia,Upper middle income,IBRD,49.8932,40.3834
610,2025,,Renewable energy consumption (% of total final energy consumption),BS,"Bahamas, The",Latin America & Caribbean ,High income,Not classified,-77.339,25.0661
611,2024,,Renewable energy consumption (% of total final energy consumption),BS,"Bahamas, The",Latin America & Caribbean ,High income,Not classified,-77.339,25.0661
612,2023,,Renewable energy consumption (% of total final energy consumption),BS,"Bahamas, The",Latin America & Caribbean ,High income,Not classified,-77.339,25.0661
613,2022,1.1,Renewable energy consumption (% of total final energy consumption),BS,"Bahamas, The",Latin America & Caribbean ,High income,Not classified,-77.339,25.0661
614,2021,1.1,Renewable energy consumption (% of total final energy consumption),BS,"Bahamas, The",Latin America & Caribbean ,High income,Not classified,-77.339,25.0661
615,2020,1.4,Renewable energy consumption (% of total final energy consumption),BS,"Bahamas, The",Latin America & Caribbean ,High income,Not classified,-77.339,25.0661
616,2019,1.1,Renewable energy consumption (% of total final energy consumption),BS,"Bahamas, The",Latin America & Caribbean ,High income,Not classified,-77.339,25.0661
617,2018,1.1,Renewable energy consumption (% of total final energy consumption),BS,"Bahamas, The",Latin America & Caribbean ,High income,Not classified,-77.339,25.0661
618,2017,1.1,Renewable energy consumption (% of total final energy consumption),BS,"Bahamas, The",Latin America & Caribbean ,High income,Not classified,-77.339,25.0661
619,2016,1.2,Renewable energy consumption (% of total final energy consumption),BS,"Bahamas, The",Latin America & Caribbean ,High income,Not classified,-77.339,25.0661
620,2025,,Renewable energy consumption (% of total final energy consumption),BH,Bahrain,"Middle East, North Africa, Afghanistan & Pakistan",High income,Not classified,50.5354,26.1921
621,2024,,Renewable energy consumption (% of total final energy consumption),BH,Bahrain,"Middle East, North Africa, Afghanistan & Pakistan",High income,Not classified,50.5354,26.1921
622,2023,,Renewable energy consumption (% of total final energy consumption),BH,Bahrain,"Middle East, North Africa, Afghanistan & Pakistan",High income,Not classified,50.5354,26.1921
623,2022,,Renewable energy consumption (% of total final energy consumption),BH,Bahrain,"Middle East, North Africa, Afghanistan & Pakistan",High income,Not classified,50.5354,26.1921
624,2021,0.0,Renewable energy consumption (% of total final energy consumption),BH,Bahrain,"Middle East, North Africa, Afghanistan & Pakistan",High income,Not classified,50.5354,26.1921
625,2020,0.0,Renewable energy consumption (% of total final energy consumption),BH,Bahrain,"Middle East, North Africa, Afghanistan & Pakistan",High income,Not classified,50.5354,26.1921
626,2019,0.0,Renewable energy consumption (% of total final energy consumption),BH,Bahrain,"Middle East, North Africa, Afghanistan & Pakistan",High income,Not classified,50.5354,26.1921
627,2018,0.0,Renewable energy consumption (% of total final energy consumption),BH,Bahrain,"Middle East, North Africa, Afghanistan & Pakistan",High income,Not classified,50.5354,26.1921
628,2017,0.0,Renewable energy consumption (% of total final energy consumption),BH,Bahrain,"Middle East, North Africa, Afghanistan & Pakistan",High income,Not classified,50.5354,26.1921
629,2016,0.0,Renewable energy consumption (% of total final energy consumption),BH,Bahrain,"Middle East, North Africa, Afghanistan & Pakistan",High income,Not classified,50.5354,26.1921
630,2025,,Renewable energy consumption (% of total final energy consumption),BD,Bangladesh,South Asia,Lower middle income,IDA,90.4113,23.7055
631,2024,,Renewable energy consumption (% of total final energy consumption),BD,Bangladesh,South Asia,Lower middle income,IDA,90.4113,23.7055
632,2023,,Renewable energy consumption (% of total final energy consumption),BD,Bangladesh,South Asia,Lower middle income,IDA,90.4113,23.7055
633,2022,,Renewable energy consumption (% of total final energy consumption),BD,Bangladesh,South Asia,Lower middle income,IDA,90.4113,23.7055
634,2021,25.0,Renewable energy consumption (% of total final energy consumption),BD,Bangladesh,South Asia,Lower middle income,IDA,90.4113,23.7055
635,2020,27.2,Renewable energy consumption (% of total final energy consumption),BD,Bangladesh,South Asia,Lower middle income,IDA,90.4113,23.7055
636,2019,26.1,Renewable energy consumption (% of total final energy consumption),BD,Bangladesh,South Asia,Lower middle income,IDA,90.4113,23.7055
637,2018,27.0,Renewable energy consumption (% of total final energy consumption),BD,Bangladesh,South Asia,Lower middle income,IDA,90.4113,23.7055
638,2017,28.1,Renewable energy consumption (% of total final energy consumption),BD,Bangladesh,South Asia,Lower middle income,IDA,90.4113,23.7055
639,2016,30.2,Renewable energy consumption (% of total final energy consumption),BD,Bangladesh,South Asia,Lower middle income,IDA,90.4113,23.7055
640,2025,,Renewable energy consumption (% of total final energy consumption),BB,Barbados,Latin America & Caribbean ,High income,IBRD,-59.6105,13.0935
641,2024,,Renewable energy consumption (% of total final energy consumption),BB,Barbados,Latin America & Caribbean ,High income,IBRD,-59.6105,13.0935
642,2023,,Renewable energy consumption (% of total final energy consumption),BB,Barbados,Latin America & Caribbean ,High income,IBRD,-59.6105,13.0935
643,2022,5.5,Renewable energy consumption (% of total final energy consumption),BB,Barbados,Latin America & Caribbean ,High income,IBRD,-59.6105,13.0935
644,2021,5.5,Renewable energy consumption (% of total final energy consumption),BB,Barbados,Latin America & Caribbean ,High income,IBRD,-59.6105,13.0935
645,2020,4.7,Renewable energy consumption (% of total final energy consumption),BB,Barbados,Latin America & Caribbean ,High income,IBRD,-59.6105,13.0935
646,2019,3.4,Renewable energy consumption (% of total final energy consumption),BB,Barbados,Latin America & Caribbean ,High income,IBRD,-59.6105,13.0935
647,2018,4.9,Renewable energy consumption (% of total final energy consumption),BB,Barbados,Latin America & Caribbean ,High income,IBRD,-59.6105,13.0935
648,2017,4.3,Renewable energy consumption (% of total final energy consumption),BB,Barbados,Latin America & Caribbean ,High income,IBRD,-59.6105,13.0935
649,2016,2.8,Renewable energy consumption (% of total final energy consumption),BB,Barbados,Latin America & Caribbean ,High income,IBRD,-59.6105,13.0935
650,2025,,Renewable energy consumption (% of total final energy consumption),BY,Belarus,Europe & Central Asia,Upper middle income,IBRD,27.5766,53.9678
651,2024,,Renewable energy consumption (% of total final energy consumption),BY,Belarus,Europe & Central Asia,Upper middle income,IBRD,27.5766,53.9678
652,2023,,Renewable energy consumption (% of total final energy consumption),BY,Belarus,Europe & Central Asia,Upper middle income,IBRD,27.5766,53.9678
653,2022,,Renewable energy consumption (% of total final energy consumption),BY,Belarus,Europe & Central Asia,Upper middle income,IBRD,27.5766,53.9678
654,2021,8.2,Renewable energy consumption (% of total final energy consumption),BY,Belarus,Europe & Central Asia,Upper middle income,IBRD,27.5766,53.9678
655,2020,8.4,Renewable energy consumption (% of total final energy consumption),BY,Belarus,Europe & Central Asia,Upper middle income,IBRD,27.5766,53.9678
656,2019,7.8,Renewable energy consumption (% of total final energy consumption),BY,Belarus,Europe & Central Asia,Upper middle income,IBRD,27.5766,53.9678
657,2018,7.2,Renewable energy consumption (% of total final energy consumption),BY,Belarus,Europe & Central Asia,Upper middle income,IBRD,27.5766,53.9678
658,2017,7.3,Renewable energy consumption (% of total final energy consumption),BY,Belarus,Europe & Central Asia,Upper middle income,IBRD,27.5766,53.9678
659,2016,6.7,Renewable energy consumption (% of total final energy consumption),BY,Belarus,Europe & Central Asia,Upper middle income,IBRD,27.5766,53.9678
660,2025,,Renewable energy consumption (% of total final energy consumption),BE,Belgium,Europe & Central Asia,High income,Not classified,4.36761,50.8371
661,2024,,Renewable energy consumption (% of total final energy consumption),BE,Belgium,Europe & Central Asia,High income,Not classified,4.36761,50.8371
662,2023,,Renewable energy consumption (% of total final energy consumption),BE,Belgium,Europe & Central Asia,High income,Not classified,4.36761,50.8371
663,2022,,Renewable energy consumption (% of total final energy consumption),BE,Belgium,Europe & Central Asia,High income,Not classified,4.36761,50.8371
664,2021,11.7,Renewable energy consumption (% of total final energy consumption),BE,Belgium,Europe & Central Asia,High income,Not classified,4.36761,50.8371
665,2020,12.3,Renewable energy consumption (% of total final energy consumption),BE,Belgium,Europe & Central Asia,High income,Not classified,4.36761,50.8371
666,2019,10.2,Renewable energy consumption (% of total final energy consumption),BE,Belgium,Europe & Central Asia,High income,Not classified,4.36761,50.8371
667,2018,10.7,Renewable energy consumption (% of total final energy consumption),BE,Belgium,Europe & Central Asia,High income,Not classified,4.36761,50.8371
668,2017,9.7,Renewable energy consumption (% of total final energy consumption),BE,Belgium,Europe & Central Asia,High income,Not classified,4.36761,50.8371
669,2016,9.2,Renewable energy consumption (% of total final energy consumption),BE,Belgium,Europe & Central Asia,High income,Not classified,4.36761,50.8371
670,2025,,Renewable energy consumption (% of total final energy consumption),BZ,Belize,Latin America & Caribbean ,Upper middle income,Blend,-88.7713,17.2534
671,2024,,Renewable energy consumption (% of total final energy consumption),BZ,Belize,Latin America & Caribbean ,Upper middle income,Blend,-88.7713,17.2534
672,2023,,Renewable energy consumption (% of total final energy consumption),BZ,Belize,Latin America & Caribbean ,Upper middle income,Blend,-88.7713,17.2534
673,2022,30.8,Renewable energy consumption (% of total final energy consumption),BZ,Belize,Latin America & Caribbean ,Upper middle income,Blend,-88.7713,17.2534
674,2021,26.6,Renewable energy consumption (% of total final energy consumption),BZ,Belize,Latin America & Caribbean ,Upper middle income,Blend,-88.7713,17.2534
675,2020,31.4,Renewable energy consumption (% of total final energy consumption),BZ,Belize,Latin America & Caribbean ,Upper middle income,Blend,-88.7713,17.2534
676,2019,30.4,Renewable energy consumption (% of total final energy consumption),BZ,Belize,Latin America & Caribbean ,Upper middle income,Blend,-88.7713,17.2534
677,2018,35.5,Renewable energy consumption (% of total final energy consumption),BZ,Belize,Latin America & Caribbean ,Upper middle income,Blend,-88.7713,17.2534
678,2017,37.2,Renewable energy consumption (% of total final energy consumption),BZ,Belize,Latin America & Caribbean ,Upper middle income,Blend,-88.7713,17.2534
679,2016,33.3,Renewable energy consumption (% of total final energy consumption),BZ,Belize,Latin America & Caribbean ,Upper middle income,Blend,-88.7713,17.2534
680,2025,,Renewable energy consumption (% of total final energy consumption),BJ,Benin,Sub-Saharan Africa ,Lower middle income,IDA,2.6323,6.4779
681,2024,,Renewable energy consumption (% of total final energy consumption),BJ,Benin,Sub-Saharan Africa ,Lower middle income,IDA,2.6323,6.4779
682,2023,,Renewable energy consumption (% of total final energy consumption),BJ,Benin,Sub-Saharan Africa ,Lower middle income,IDA,2.6323,6.4779
683,2022,,Renewable energy consumption (% of total final energy consumption),BJ,Benin,Sub-Saharan Africa ,Lower middle income,IDA,2.6323,6.4779
684,2021,54.5,Renewable energy consumption (% of total final energy consumption),BJ,Benin,Sub-Saharan Africa ,Lower middle income,IDA,2.6323,6.4779
685,2020,46.2,Renewable energy consumption (% of total final energy consumption),BJ,Benin,Sub-Saharan Africa ,Lower middle income,IDA,2.6323,6.4779
686,2019,46.5,Renewable energy consumption (% of total final energy consumption),BJ,Benin,Sub-Saharan Africa ,Lower middle income,IDA,2.6323,6.4779
687,2018,44.0,Renewable energy consumption (% of total final energy consumption),BJ,Benin,Sub-Saharan Africa ,Lower middle income,IDA,2.6323,6.4779
688,2017,45.4,Renewable energy consumption (% of total final energy consumption),BJ,Benin,Sub-Saharan Africa ,Lower middle income,IDA,2.6323,6.4779
689,2016,45.4,Renewable energy consumption (% of total final energy consumption),BJ,Benin,Sub-Saharan Africa ,Lower middle income,IDA,2.6323,6.4779
690,2025,,Renewable energy consumption (% of total final energy consumption),BM,Bermuda,North America,High income,Not classified,-64.706,32.3293
691,2024,,Renewable energy consumption (% of total final energy consumption),BM,Bermuda,North America,High income,Not classified,-64.706,32.3293
692,2023,,Renewable energy consumption (% of total final energy consumption),BM,Bermuda,North America,High income,Not classified,-64.706,32.3293
693,2022,0.9,Renewable energy consumption (% of total final energy consumption),BM,Bermuda,North America,High income,Not classified,-64.706,32.3293
694,2021,0.9,Renewable energy consumption (% of total final energy consumption),BM,Bermuda,North America,High income,Not classified,-64.706,32.3293
695,2020,0.9,Renewable energy consumption (% of total final energy consumption),BM,Bermuda,North America,High income,Not classified,-64.706,32.3293
696,2019,0.8,Renewable energy consumption (% of total final energy consumption),BM,Bermuda,North America,High income,Not classified,-64.706,32.3293
697,2018,0.7,Renewable energy consumption (% of total final energy consumption),BM,Bermuda,North America,High income,Not classified,-64.706,32.3293
698,2017,0.6,Renewable energy consumption (% of total final energy consumption),BM,Bermuda,North America,High income,Not classified,-64.706,32.3293
699,2016,1.1,Renewable energy consumption (% of total final energy consumption),BM,Bermuda,North America,High income,Not classified,-64.706,32.3293
700,2025,,Renewable energy consumption (% of total final energy consumption),BT,Bhutan,South Asia,Lower middle income,IDA,89.6177,27.5768
701,2024,,Renewable energy consumption (% of total final energy consumption),BT,Bhutan,South Asia,Lower middle income,IDA,89.6177,27.5768
702,2023,,Renewable energy consumption (% of total final energy consumption),BT,Bhutan,South Asia,Lower middle income,IDA,89.6177,27.5768
703,2022,82.5,Renewable energy consumption (% of total final energy consumption),BT,Bhutan,South Asia,Lower middle income,IDA,89.6177,27.5768
704,2021,81.8,Renewable energy consumption (% of total final energy consumption),BT,Bhutan,South Asia,Lower middle income,IDA,89.6177,27.5768
705,2020,83.9,Renewable energy consumption (% of total final energy consumption),BT,Bhutan,South Asia,Lower middle income,IDA,89.6177,27.5768
706,2019,81.0,Renewable energy consumption (% of total final energy consumption),BT,Bhutan,South Asia,Lower middle income,IDA,89.6177,27.5768
707,2018,80.0,Renewable energy consumption (% of total final energy consumption),BT,Bhutan,South Asia,Lower middle income,IDA,89.6177,27.5768
708,2017,79.7,Renewable energy consumption (% of total final energy consumption),BT,Bhutan,South Asia,Lower middle income,IDA,89.6177,27.5768
709,2016,80.8,Renewable energy consumption (% of total final energy consumption),BT,Bhutan,South Asia,Lower middle income,IDA,89.6177,27.5768
710,2025,,Renewable energy consumption (% of total final energy consumption),BO,Bolivia,Latin America & Caribbean ,Lower middle income,IBRD,-66.1936,-13.9908
711,2024,,Renewable energy consumption (% of total final energy consumption),BO,Bolivia,Latin America & Caribbean ,Lower middle income,IBRD,-66.1936,-13.9908
712,2023,,Renewable energy consumption (% of total final energy consumption),BO,Bolivia,Latin America & Caribbean ,Lower middle income,IBRD,-66.1936,-13.9908
713,2022,,Renewable energy consumption (% of total final energy consumption),BO,Bolivia,Latin America & Caribbean ,Lower middle income,IBRD,-66.1936,-13.9908
714,2021,12.8,Renewable energy consumption (% of total final energy consumption),BO,Bolivia,Latin America & Caribbean ,Lower middle income,IBRD,-66.1936,-13.9908
715,2020,16.9,Renewable energy consumption (% of total final energy consumption),BO,Bolivia,Latin America & Caribbean ,Lower middle income,IBRD,-66.1936,-13.9908
716,2019,13.5,Renewable energy consumption (% of total final energy consumption),BO,Bolivia,Latin America & Caribbean ,Lower middle income,IBRD,-66.1936,-13.9908
717,2018,14.3,Renewable energy consumption (% of total final energy consumption),BO,Bolivia,Latin America & Caribbean ,Lower middle income,IBRD,-66.1936,-13.9908
718,2017,14.3,Renewable energy consumption (% of total final energy consumption),BO,Bolivia,Latin America & Caribbean ,Lower middle income,IBRD,-66.1936,-13.9908
719,2016,13.6,Renewable energy consumption (% of total final energy consumption),BO,Bolivia,Latin America & Caribbean ,Lower middle income,IBRD,-66.1936,-13.9908
720,2025,,Renewable energy consumption (% of total final energy consumption),BA,Bosnia and Herzegovina,Europe & Central Asia,Upper middle income,IBRD,18.4214,43.8607
721,2024,,Renewable energy consumption (% of total final energy consumption),BA,Bosnia and Herzegovina,Europe & Central Asia,Upper middle income,IBRD,18.4214,43.8607
722,2023,,Renewable energy consumption (% of total final energy consumption),BA,Bosnia and Herzegovina,Europe & Central Asia,Upper middle income,IBRD,18.4214,43.8607
723,2022,,Renewable energy consumption (% of total final energy consumption),BA,Bosnia and Herzegovina,Europe & Central Asia,Upper middle income,IBRD,18.4214,43.8607
724,2021,36.6,Renewable energy consumption (% of total final energy consumption),BA,Bosnia and Herzegovina,Europe & Central Asia,Upper middle income,IBRD,18.4214,43.8607
725,2020,37.7,Renewable energy consumption (% of total final energy consumption),BA,Bosnia and Herzegovina,Europe & Central Asia,Upper middle income,IBRD,18.4214,43.8607
726,2019,36.8,Renewable energy consumption (% of total final energy consumption),BA,Bosnia and Herzegovina,Europe & Central Asia,Upper middle income,IBRD,18.4214,43.8607
727,2018,35.4,Renewable energy consumption (% of total final energy consumption),BA,Bosnia and Herzegovina,Europe & Central Asia,Upper middle income,IBRD,18.4214,43.8607
728,2017,18.5,Renewable energy consumption (% of total final energy consumption),BA,Bosnia and Herzegovina,Europe & Central Asia,Upper middle income,IBRD,18.4214,43.8607
729,2016,23.0,Renewable energy consumption (% of total final energy consumption),BA,Bosnia and Herzegovina,Europe & Central Asia,Upper middle income,IBRD,18.4214,43.8607
730,2025,,Renewable energy consumption (% of total final energy consumption),BW,Botswana,Sub-Saharan Africa ,Upper middle income,IBRD,25.9201,-24.6544
731,2024,,Renewable energy consumption (% of total final energy consumption),BW,Botswana,Sub-Saharan Africa ,Upper middle income,IBRD,25.9201,-24.6544
732,2023,,Renewable energy consumption (% of total final energy consumption),BW,Botswana,Sub-Saharan Africa ,Upper middle income,IBRD,25.9201,-24.6544
733,2022,,Renewable energy consumption (% of total final energy consumption),BW,Botswana,Sub-Saharan Africa ,Upper middle income,IBRD,25.9201,-24.6544
734,2021,27.4,Renewable energy consumption (% of total final energy consumption),BW,Botswana,Sub-Saharan Africa ,Upper middle income,IBRD,25.9201,-24.6544
735,2020,27.7,Renewable energy consumption (% of total final energy consumption),BW,Botswana,Sub-Saharan Africa ,Upper middle income,IBRD,25.9201,-24.6544
736,2019,26.2,Renewable energy consumption (% of total final energy consumption),BW,Botswana,Sub-Saharan Africa ,Upper middle income,IBRD,25.9201,-24.6544
737,2018,25.6,Renewable energy consumption (% of total final energy consumption),BW,Botswana,Sub-Saharan Africa ,Upper middle income,IBRD,25.9201,-24.6544
738,2017,26.7,Renewable energy consumption (% of total final energy consumption),BW,Botswana,Sub-Saharan Africa ,Upper middle income,IBRD,25.9201,-24.6544
739,2016,26.7,Renewable energy consumption (% of total final energy consumption),BW,Botswana,Sub-Saharan Africa ,Upper middle income,IBRD,25.9201,-24.6544
740,2025,,Renewable energy consumption (% of total final energy consumption),BR,Brazil,Latin America & Caribbean ,Upper middle income,IBRD,-47.9292,-15.7801
741,2024,,Renewable energy consumption (% of total final energy consumption),BR,Brazil,Latin America & Caribbean ,Upper middle income,IBRD,-47.9292,-15.7801
742,2023,,Renewable energy consumption (% of total final energy consumption),BR,Brazil,Latin America & Caribbean ,Upper middle income,IBRD,-47.9292,-15.7801
743,2022,,Renewable energy consumption (% of total final energy consumption),BR,Brazil,Latin America & Caribbean ,Upper middle income,IBRD,-47.9292,-15.7801
744,2021,46.5,Renewable energy consumption (% of total final energy consumption),BR,Brazil,Latin America & Caribbean ,Upper middle income,IBRD,-47.9292,-15.7801
745,2020,50.0,Renewable energy consumption (% of total final energy consumption),BR,Brazil,Latin America & Caribbean ,Upper middle income,IBRD,-47.9292,-15.7801
746,2019,47.5,Renewable energy consumption (% of total final energy consumption),BR,Brazil,Latin America & Caribbean ,Upper middle income,IBRD,-47.9292,-15.7801
747,2018,46.9,Renewable energy consumption (% of total final energy consumption),BR,Brazil,Latin America & Caribbean ,Upper middle income,IBRD,-47.9292,-15.7801
748,2017,45.3,Renewable energy consumption (% of total final energy consumption),BR,Brazil,Latin America & Caribbean ,Upper middle income,IBRD,-47.9292,-15.7801
749,2016,45.4,Renewable energy consumption (% of total final energy consumption),BR,Brazil,Latin America & Caribbean ,Upper middle income,IBRD,-47.9292,-15.7801
750,2025,,Renewable energy consumption (% of total final energy consumption),VG,British Virgin Islands,Latin America & Caribbean ,High income,Not classified,-64.623056,18.431389
751,2024,,Renewable energy consumption (% of total final energy consumption),VG,British Virgin Islands,Latin America & Caribbean ,High income,Not classified,-64.623056,18.431389
752,2023,,Renewable energy consumption (% of total final energy consumption),VG,British Virgin Islands,Latin America & Caribbean ,High income,Not classified,-64.623056,18.431389
753,2022,1.3,Renewable energy consumption (% of total final energy consumption),VG,British Virgin Islands,Latin America & Caribbean ,High income,Not classified,-64.623056,18.431389
754,2021,1.3,Renewable energy consumption (% of total final energy consumption),VG,British Virgin Islands,Latin America & Caribbean ,High income,Not classified,-64.623056,18.431389
755,2020,1.3,Renewable energy consumption (% of total final energy consumption),VG,British Virgin Islands,Latin America & Caribbean ,High income,Not classified,-64.623056,18.431389
756,2019,1.2,Renewable energy consumption (% of total final energy consumption),VG,British Virgin Islands,Latin America & Caribbean ,High income,Not classified,-64.623056,18.431389
757,2018,1.2,Renewable energy consumption (% of total final energy consumption),VG,British Virgin Islands,Latin America & Caribbean ,High income,Not classified,-64.623056,18.431389
758,2017,1.1,Renewable energy consumption (% of total final energy consumption),VG,British Virgin Islands,Latin America & Caribbean ,High income,Not classified,-64.623056,18.431389
759,2016,1.0,Renewable energy consumption (% of total final energy consumption),VG,British Virgin Islands,Latin America & Caribbean ,High income,Not classified,-64.623056,18.431389
760,2025,,Renewable energy consumption (% of total final energy consumption),BN,Brunei Darussalam,East Asia & Pacific,High income,Not classified,114.946,4.94199
761,2024,,Renewable energy consumption (% of total final energy consumption),BN,Brunei Darussalam,East Asia & Pacific,High income,Not classified,114.946,4.94199
762,2023,,Renewable energy consumption (% of total final energy consumption),BN,Brunei Darussalam,East Asia & Pacific,High income,Not classified,114.946,4.94199
763,2022,,Renewable energy consumption (% of total final energy consumption),BN,Brunei Darussalam,East Asia & Pacific,High income,Not classified,114.946,4.94199
764,2021,0.0,Renewable energy consumption (% of total final energy consumption),BN,Brunei Darussalam,East Asia & Pacific,High income,Not classified,114.946,4.94199
765,2020,0.0,Renewable energy consumption (% of total final energy consumption),BN,Brunei Darussalam,East Asia & Pacific,High income,Not classified,114.946,4.94199
766,2019,0.0,Renewable energy consumption (% of total final energy consumption),BN,Brunei Darussalam,East Asia & Pacific,High income,Not classified,114.946,4.94199
767,2018,0.0,Renewable energy consumption (% of total final energy consumption),BN,Brunei Darussalam,East Asia & Pacific,High income,Not classified,114.946,4.94199
768,2017,0.0,Renewable energy consumption (% of total final energy consumption),BN,Brunei Darussalam,East Asia & Pacific,High income,Not classified,114.946,4.94199
769,2016,0.0,Renewable energy consumption (% of total final energy consumption),BN,Brunei Darussalam,East Asia & Pacific,High income,Not classified,114.946,4.94199
770,2025,,Renewable energy consumption (% of total final energy consumption),BG,Bulgaria,Europe & Central Asia,High income,IBRD,23.3238,42.7105
771,2024,,Renewable energy consumption (% of total final energy consumption),BG,Bulgaria,Europe & Central Asia,High income,IBRD,23.3238,42.7105
772,2023,,Renewable energy consumption (% of total final energy consumption),BG,Bulgaria,Europe & Central Asia,High income,IBRD,23.3238,42.7105
773,2022,,Renewable energy consumption (% of total final energy consumption),BG,Bulgaria,Europe & Central Asia,High income,IBRD,23.3238,42.7105
774,2021,20.4,Renewable energy consumption (% of total final energy consumption),BG,Bulgaria,Europe & Central Asia,High income,IBRD,23.3238,42.7105
775,2020,21.1,Renewable energy consumption (% of total final energy consumption),BG,Bulgaria,Europe & Central Asia,High income,IBRD,23.3238,42.7105
776,2019,19.3,Renewable energy consumption (% of total final energy consumption),BG,Bulgaria,Europe & Central Asia,High income,IBRD,23.3238,42.7105
777,2018,19.6,Renewable energy consumption (% of total final energy consumption),BG,Bulgaria,Europe & Central Asia,High income,IBRD,23.3238,42.7105
778,2017,17.1,Renewable energy consumption (% of total final energy consumption),BG,Bulgaria,Europe & Central Asia,High income,IBRD,23.3238,42.7105
779,2016,17.7,Renewable energy consumption (% of total final energy consumption),BG,Bulgaria,Europe & Central Asia,High income,IBRD,23.3238,42.7105
780,2025,,Renewable energy consumption (% of total final energy consumption),BF,Burkina Faso,Sub-Saharan Africa ,Low income,IDA,-1.53395,12.3605
781,2024,,Renewable energy consumption (% of total final energy consumption),BF,Burkina Faso,Sub-Saharan Africa ,Low income,IDA,-1.53395,12.3605
782,2023,,Renewable energy consumption (% of total final energy consumption),BF,Burkina Faso,Sub-Saharan Africa ,Low income,IDA,-1.53395,12.3605
783,2022,71.4,Renewable energy consumption (% of total final energy consumption),BF,Burkina Faso,Sub-Saharan Africa ,Low income,IDA,-1.53395,12.3605
784,2021,71.2,Renewable energy consumption (% of total final energy consumption),BF,Burkina Faso,Sub-Saharan Africa ,Low income,IDA,-1.53395,12.3605
785,2020,73.1,Renewable energy consumption (% of total final energy consumption),BF,Burkina Faso,Sub-Saharan Africa ,Low income,IDA,-1.53395,12.3605
786,2019,72.7,Renewable energy consumption (% of total final energy consumption),BF,Burkina Faso,Sub-Saharan Africa ,Low income,IDA,-1.53395,12.3605
787,2018,73.7,Renewable energy consumption (% of total final energy consumption),BF,Burkina Faso,Sub-Saharan Africa ,Low income,IDA,-1.53395,12.3605
788,2017,74.6,Renewable energy consumption (% of total final energy consumption),BF,Burkina Faso,Sub-Saharan Africa ,Low income,IDA,-1.53395,12.3605
789,2016,77.1,Renewable energy consumption (% of total final energy consumption),BF,Burkina Faso,Sub-Saharan Africa ,Low income,IDA,-1.53395,12.3605
790,2025,,Renewable energy consumption (% of total final energy consumption),BI,Burundi,Sub-Saharan Africa ,Low income,IDA,29.3639,-3.3784
791,2024,,Renewable energy consumption (% of total final energy consumption),BI,Burundi,Sub-Saharan Africa ,Low income,IDA,29.3639,-3.3784
792,2023,,Renewable energy consumption (% of total final energy consumption),BI,Burundi,Sub-Saharan Africa ,Low income,IDA,29.3639,-3.3784
793,2022,83.0,Renewable energy consumption (% of total final energy consumption),BI,Burundi,Sub-Saharan Africa ,Low income,IDA,29.3639,-3.3784
794,2021,83.1,Renewable energy consumption (% of total final energy consumption),BI,Burundi,Sub-Saharan Africa ,Low income,IDA,29.3639,-3.3784
795,2020,83.4,Renewable energy consumption (% of total final energy consumption),BI,Burundi,Sub-Saharan Africa ,Low income,IDA,29.3639,-3.3784
796,2019,84.8,Renewable energy consumption (% of total final energy consumption),BI,Burundi,Sub-Saharan Africa ,Low income,IDA,29.3639,-3.3784
797,2018,85.7,Renewable energy consumption (% of total final energy consumption),BI,Burundi,Sub-Saharan Africa ,Low income,IDA,29.3639,-3.3784
798,2017,88.2,Renewable energy consumption (% of total final energy consumption),BI,Burundi,Sub-Saharan Africa ,Low income,IDA,29.3639,-3.3784
799,2016,89.6,Renewable energy consumption (% of total final energy consumption),BI,Burundi,Sub-Saharan Africa ,Low income,IDA,29.3639,-3.3784
800,2025,,Renewable energy consumption (% of total final energy consumption),CV,Cabo Verde,Sub-Saharan Africa ,Upper middle income,Blend,-23.5087,14.9218
801,2024,,Renewable energy consumption (% of total final energy consumption),CV,Cabo Verde,Sub-Saharan Africa ,Upper middle income,Blend,-23.5087,14.9218
802,2023,,Renewable energy consumption (% of total final energy consumption),CV,Cabo Verde,Sub-Saharan Africa ,Upper middle income,Blend,-23.5087,14.9218
803,2022,21.8,Renewable energy consumption (% of total final energy consumption),CV,Cabo Verde,Sub-Saharan Africa ,Upper middle income,Blend,-23.5087,14.9218
804,2021,22.6,Renewable energy consumption (% of total final energy consumption),CV,Cabo Verde,Sub-Saharan Africa ,Upper middle income,Blend,-23.5087,14.9218
805,2020,23.4,Renewable energy consumption (% of total final energy consumption),CV,Cabo Verde,Sub-Saharan Africa ,Upper middle income,Blend,-23.5087,14.9218
806,2019,19.7,Renewable energy consumption (% of total final energy consumption),CV,Cabo Verde,Sub-Saharan Africa ,Upper middle income,Blend,-23.5087,14.9218
807,2018,21.9,Renewable energy consumption (% of total final energy consumption),CV,Cabo Verde,Sub-Saharan Africa ,Upper middle income,Blend,-23.5087,14.9218
808,2017,21.8,Renewable energy consumption (% of total final energy consumption),CV,Cabo Verde,Sub-Saharan Africa ,Upper middle income,Blend,-23.5087,14.9218
809,2016,23.9,Renewable energy consumption (% of total final energy consumption),CV,Cabo Verde,Sub-Saharan Africa ,Upper middle income,Blend,-23.5087,14.9218
810,2025,,Renewable energy consumption (% of total final energy consumption),KH,Cambodia,East Asia & Pacific,Lower middle income,IDA,104.874,11.5556
811,2024,,Renewable energy consumption (% of total final energy consumption),KH,Cambodia,East Asia & Pacific,Lower middle income,IDA,104.874,11.5556
812,2023,,Renewable energy consumption (% of total final energy consumption),KH,Cambodia,East Asia & Pacific,Lower middle income,IDA,104.874,11.5556
813,2022,,Renewable energy consumption (% of total final energy consumption),KH,Cambodia,East Asia & Pacific,Lower middle income,IDA,104.874,11.5556
814,2021,52.4,Renewable energy consumption (% of total final energy consumption),KH,Cambodia,East Asia & Pacific,Lower middle income,IDA,104.874,11.5556
815,2020,51.4,Renewable energy consumption (% of total final energy consumption),KH,Cambodia,East Asia & Pacific,Lower middle income,IDA,104.874,11.5556
816,2019,53.0,Renewable energy consumption (% of total final energy consumption),KH,Cambodia,East Asia & Pacific,Lower middle income,IDA,104.874,11.5556
817,2018,58.1,Renewable energy consumption (% of total final energy consumption),KH,Cambodia,East Asia & Pacific,Lower middle income,IDA,104.874,11.5556
818,2017,56.3,Renewable energy consumption (% of total final energy consumption),KH,Cambodia,East Asia & Pacific,Lower middle income,IDA,104.874,11.5556
819,2016,58.0,Renewable energy consumption (% of total final energy consumption),KH,Cambodia,East Asia & Pacific,Lower middle income,IDA,104.874,11.5556
820,2025,,Renewable energy consumption (% of total final energy consumption),CM,Cameroon,Sub-Saharan Africa ,Lower middle income,Blend,11.5174,3.8721
821,2024,,Renewable energy consumption (% of total final energy consumption),CM,Cameroon,Sub-Saharan Africa ,Lower middle income,Blend,11.5174,3.8721
822,2023,,Renewable energy consumption (% of total final energy consumption),CM,Cameroon,Sub-Saharan Africa ,Lower middle income,Blend,11.5174,3.8721
823,2022,,Renewable energy consumption (% of total final energy consumption),CM,Cameroon,Sub-Saharan Africa ,Lower middle income,Blend,11.5174,3.8721
824,2021,79.2,Renewable energy consumption (% of total final energy consumption),CM,Cameroon,Sub-Saharan Africa ,Lower middle income,Blend,11.5174,3.8721
825,2020,78.9,Renewable energy consumption (% of total final energy consumption),CM,Cameroon,Sub-Saharan Africa ,Lower middle income,Blend,11.5174,3.8721
826,2019,78.9,Renewable energy consumption (% of total final energy consumption),CM,Cameroon,Sub-Saharan Africa ,Lower middle income,Blend,11.5174,3.8721
827,2018,78.7,Renewable energy consumption (% of total final energy consumption),CM,Cameroon,Sub-Saharan Africa ,Lower middle income,Blend,11.5174,3.8721
828,2017,79.2,Renewable energy consumption (% of total final energy consumption),CM,Cameroon,Sub-Saharan Africa ,Lower middle income,Blend,11.5174,3.8721
829,2016,78.8,Renewable energy consumption (% of total final energy consumption),CM,Cameroon,Sub-Saharan Africa ,Lower middle income,Blend,11.5174,3.8721
830,2025,,Renewable energy consumption (% of total final energy consumption),CA,Canada,North America,High income,Not classified,-75.6919,45.4215
831,2024,,Renewable energy consumption (% of total final energy consumption),CA,Canada,North America,High income,Not classified,-75.6919,45.4215
832,2023,,Renewable energy consumption (% of total final energy consumption),CA,Canada,North America,High income,Not classified,-75.6919,45.4215
833,2022,,Renewable energy consumption (% of total final energy consumption),CA,Canada,North America,High income,Not classified,-75.6919,45.4215
834,2021,23.8,Renewable energy consumption (% of total final energy consumption),CA,Canada,North America,High income,Not classified,-75.6919,45.4215
835,2020,23.9,Renewable energy consumption (% of total final energy consumption),CA,Canada,North America,High income,Not classified,-75.6919,45.4215
836,2019,22.4,Renewable energy consumption (% of total final energy consumption),CA,Canada,North America,High income,Not classified,-75.6919,45.4215
837,2018,22.3,Renewable energy consumption (% of total final energy consumption),CA,Canada,North America,High income,Not classified,-75.6919,45.4215
838,2017,22.8,Renewable energy consumption (% of total final energy consumption),CA,Canada,North America,High income,Not classified,-75.6919,45.4215
839,2016,22.1,Renewable energy consumption (% of total final energy consumption),CA,Canada,North America,High income,Not classified,-75.6919,45.4215
840,2025,,Renewable energy consumption (% of total final energy consumption),KY,Cayman Islands,Latin America & Caribbean ,High income,Not classified,-81.3857,19.3022
841,2024,,Renewable energy consumption (% of total final energy consumption),KY,Cayman Islands,Latin America & Caribbean ,High income,Not classified,-81.3857,19.3022
842,2023,,Renewable energy consumption (% of total final energy consumption),KY,Cayman Islands,Latin America & Caribbean ,High income,Not classified,-81.3857,19.3022
843,2022,0.0,Renewable energy consumption (% of total final energy consumption),KY,Cayman Islands,Latin America & Caribbean ,High income,Not classified,-81.3857,19.3022
844,2021,0.0,Renewable energy consumption (% of total final energy consumption),KY,Cayman Islands,Latin America & Caribbean ,High income,Not classified,-81.3857,19.3022
845,2020,0.0,Renewable energy consumption (% of total final energy consumption),KY,Cayman Islands,Latin America & Caribbean ,High income,Not classified,-81.3857,19.3022
846,2019,0.0,Renewable energy consumption (% of total final energy consumption),KY,Cayman Islands,Latin America & Caribbean ,High income,Not classified,-81.3857,19.3022
847,2018,0.0,Renewable energy consumption (% of total final energy consumption),KY,Cayman Islands,Latin America & Caribbean ,High income,Not classified,-81.3857,19.3022
848,2017,0.0,Renewable energy consumption (% of total final energy consumption),KY,Cayman Islands,Latin America & Caribbean ,High income,Not classified,-81.3857,19.3022
849,2016,0.0,Renewable energy consumption (% of total final energy consumption),KY,Cayman Islands,Latin America & Caribbean ,High income,Not classified,-81.3857,19.3022
850,2025,,Renewable energy consumption (% of total final energy consumption),CF,Central African Republic,Sub-Saharan Africa ,Low income,IDA,21.6407,5.63056
851,2024,,Renewable energy consumption (% of total final energy consumption),CF,Central African Republic,Sub-Saharan Africa ,Low income,IDA,21.6407,5.63056
852,2023,,Renewable energy consumption (% of total final energy consumption),CF,Central African Republic,Sub-Saharan Africa ,Low income,IDA,21.6407,5.63056
853,2022,90.9,Renewable energy consumption (% of total final energy consumption),CF,Central African Republic,Sub-Saharan Africa ,Low income,IDA,21.6407,5.63056
854,2021,90.9,Renewable energy consumption (% of total final energy consumption),CF,Central African Republic,Sub-Saharan Africa ,Low income,IDA,21.6407,5.63056
855,2020,90.9,Renewable energy consumption (% of total final energy consumption),CF,Central African Republic,Sub-Saharan Africa ,Low income,IDA,21.6407,5.63056
856,2019,91.3,Renewable energy consumption (% of total final energy consumption),CF,Central African Republic,Sub-Saharan Africa ,Low income,IDA,21.6407,5.63056
857,2018,91.4,Renewable energy consumption (% of total final energy consumption),CF,Central African Republic,Sub-Saharan Africa ,Low income,IDA,21.6407,5.63056
858,2017,91.6,Renewable energy consumption (% of total final energy consumption),CF,Central African Republic,Sub-Saharan Africa ,Low income,IDA,21.6407,5.63056
859,2016,92.1,Renewable energy consumption (% of total final energy consumption),CF,Central African Republic,Sub-Saharan Africa ,Low income,IDA,21.6407,5.63056
860,2025,,Renewable energy consumption (% of total final energy consumption),TD,Chad,Sub-Saharan Africa ,Low income,IDA,15.0445,12.1048
861,2024,,Renewable energy consumption (% of total final energy consumption),TD,Chad,Sub-Saharan Africa ,Low income,IDA,15.0445,12.1048
862,2023,,Renewable energy consumption (% of total final energy consumption),TD,Chad,Sub-Saharan Africa ,Low income,IDA,15.0445,12.1048
863,2022,70.0,Renewable energy consumption (% of total final energy consumption),TD,Chad,Sub-Saharan Africa ,Low income,IDA,15.0445,12.1048
864,2021,69.9,Renewable energy consumption (% of total final energy consumption),TD,Chad,Sub-Saharan Africa ,Low income,IDA,15.0445,12.1048
865,2020,71.9,Renewable energy consumption (% of total final energy consumption),TD,Chad,Sub-Saharan Africa ,Low income,IDA,15.0445,12.1048
866,2019,72.8,Renewable energy consumption (% of total final energy consumption),TD,Chad,Sub-Saharan Africa ,Low income,IDA,15.0445,12.1048
867,2018,73.1,Renewable energy consumption (% of total final energy consumption),TD,Chad,Sub-Saharan Africa ,Low income,IDA,15.0445,12.1048
868,2017,72.8,Renewable energy consumption (% of total final energy consumption),TD,Chad,Sub-Saharan Africa ,Low income,IDA,15.0445,12.1048
869,2016,72.7,Renewable energy consumption (% of total final energy consumption),TD,Chad,Sub-Saharan Africa ,Low income,IDA,15.0445,12.1048
870,2025,,Renewable energy consumption (% of total final energy consumption),JG,Channel Islands,Europe & Central Asia,High income,Not classified,,
871,2024,,Renewable energy consumption (% of total final energy consumption),JG,Channel Islands,Europe & Central Asia,High income,Not classified,,
872,2023,,Renewable energy consumption (% of total final energy consumption),JG,Channel Islands,Europe & Central Asia,High income,Not classified,,
873,2022,,Renewable energy consumption (% of total final energy consumption),JG,Channel Islands,Europe & Central Asia,High income,Not classified,,
874,2021,,Renewable energy consumption (% of total final energy consumption),JG,Channel Islands,Europe & Central Asia,High income,Not classified,,
875,2020,,Renewable energy consumption (% of total final energy consumption),JG,Channel Islands,Europe & Central Asia,High income,Not classified,,
876,2019,,Renewable energy consumption (% of total final energy consumption),JG,Channel Islands,Europe & Central Asia,High income,Not classified,,
877,2018,,Renewable energy consumption (% of total final energy consumption),JG,Channel Islands,Europe & Central Asia,High income,Not classified,,
878,2017,,Renewable energy consumption (% of total final energy consumption),JG,Channel Islands,Europe & Central Asia,High income,Not classified,,
879,2016,,Renewable energy consumption (% of total final energy consumption),JG,Channel Islands,Europe & Central Asia,High income,Not classified,,
880,2025,,Renewable energy consumption (% of total final energy consumption),CL,Chile,Latin America & Caribbean ,High income,IBRD,-70.6475,-33.475
881,2024,,Renewable energy consumption (% of total final energy consumption),CL,Chile,Latin America & Caribbean ,High income,IBRD,-70.6475,-33.475
882,2023,,Renewable energy consumption (% of total final energy consumption),CL,Chile,Latin America & Caribbean ,High income,IBRD,-70.6475,-33.475
883,2022,,Renewable energy consumption (% of total final energy consumption),CL,Chile,Latin America & Caribbean ,High income,IBRD,-70.6475,-33.475
884,2021,24.2,Renewable energy consumption (% of total final energy consumption),CL,Chile,Latin America & Caribbean ,High income,IBRD,-70.6475,-33.475
885,2020,26.7,Renewable energy consumption (% of total final energy consumption),CL,Chile,Latin America & Caribbean ,High income,IBRD,-70.6475,-33.475
886,2019,25.3,Renewable energy consumption (% of total final energy consumption),CL,Chile,Latin America & Caribbean ,High income,IBRD,-70.6475,-33.475
887,2018,25.5,Renewable energy consumption (% of total final energy consumption),CL,Chile,Latin America & Caribbean ,High income,IBRD,-70.6475,-33.475
888,2017,24.1,Renewable energy consumption (% of total final energy consumption),CL,Chile,Latin America & Caribbean ,High income,IBRD,-70.6475,-33.475
889,2016,24.6,Renewable energy consumption (% of total final energy consumption),CL,Chile,Latin America & Caribbean ,High income,IBRD,-70.6475,-33.475
890,2025,,Renewable energy consumption (% of total final energy consumption),CN,China,East Asia & Pacific,Upper middle income,IBRD,116.286,40.0495
891,2024,,Renewable energy consumption (% of total final energy consumption),CN,China,East Asia & Pacific,Upper middle income,IBRD,116.286,40.0495
892,2023,,Renewable energy consumption (% of total final energy consumption),CN,China,East Asia & Pacific,Upper middle income,IBRD,116.286,40.0495
893,2022,,Renewable energy consumption (% of total final energy consumption),CN,China,East Asia & Pacific,Upper middle income,IBRD,116.286,40.0495
894,2021,15.2,Renewable energy consumption (% of total final energy consumption),CN,China,East Asia & Pacific,Upper middle income,IBRD,116.286,40.0495
895,2020,14.9,Renewable energy consumption (% of total final energy consumption),CN,China,East Asia & Pacific,Upper middle income,IBRD,116.286,40.0495
896,2019,14.3,Renewable energy consumption (% of total final energy consumption),CN,China,East Asia & Pacific,Upper middle income,IBRD,116.286,40.0495
897,2018,13.5,Renewable energy consumption (% of total final energy consumption),CN,China,East Asia & Pacific,Upper middle income,IBRD,116.286,40.0495
898,2017,13.1,Renewable energy consumption (% of total final energy consumption),CN,China,East Asia & Pacific,Upper middle income,IBRD,116.286,40.0495
899,2016,12.6,Renewable energy consumption (% of total final energy consumption),CN,China,East Asia & Pacific,Upper middle income,IBRD,116.286,40.0495
900,2025,,Renewable energy consumption (% of total final energy consumption),CO,Colombia,Latin America & Caribbean ,Upper middle income,IBRD,-74.082,4.60987
901,2024,,Renewable energy consumption (% of total final energy consumption),CO,Colombia,Latin America & Caribbean ,Upper middle income,IBRD,-74.082,4.60987
902,2023,,Renewable energy consumption (% of total final energy consumption),CO,Colombia,Latin America & Caribbean ,Upper middle income,IBRD,-74.082,4.60987
903,2022,,Renewable energy consumption (% of total final energy consumption),CO,Colombia,Latin America & Caribbean ,Upper middle income,IBRD,-74.082,4.60987
904,2021,29.7,Renewable energy consumption (% of total final energy consumption),CO,Colombia,Latin America & Caribbean ,Upper middle income,IBRD,-74.082,4.60987
905,2020,32.0,Renewable energy consumption (% of total final energy consumption),CO,Colombia,Latin America & Caribbean ,Upper middle income,IBRD,-74.082,4.60987
906,2019,31.5,Renewable energy consumption (% of total final energy consumption),CO,Colombia,Latin America & Caribbean ,Upper middle income,IBRD,-74.082,4.60987
907,2018,30.4,Renewable energy consumption (% of total final energy consumption),CO,Colombia,Latin America & Caribbean ,Upper middle income,IBRD,-74.082,4.60987
908,2017,32.2,Renewable energy consumption (% of total final energy consumption),CO,Colombia,Latin America & Caribbean ,Upper middle income,IBRD,-74.082,4.60987
909,2016,30.5,Renewable energy consumption (% of total final energy consumption),CO,Colombia,Latin America & Caribbean ,Upper middle income,IBRD,-74.082,4.60987
910,2025,,Renewable energy consumption (% of total final energy consumption),KM,Comoros,Sub-Saharan Africa ,Lower middle income,IDA,43.2418,-11.6986
911,2024,,Renewable energy consumption (% of total final energy consumption),KM,Comoros,Sub-Saharan Africa ,Lower middle income,IDA,43.2418,-11.6986
912,2023,,Renewable energy consumption (% of total final energy consumption),KM,Comoros,Sub-Saharan Africa ,Lower middle income,IDA,43.2418,-11.6986
913,2022,39.3,Renewable energy consumption (% of total final energy consumption),KM,Comoros,Sub-Saharan Africa ,Lower middle income,IDA,43.2418,-11.6986
914,2021,41.2,Renewable energy consumption (% of total final energy consumption),KM,Comoros,Sub-Saharan Africa ,Lower middle income,IDA,43.2418,-11.6986
915,2020,50.8,Renewable energy consumption (% of total final energy consumption),KM,Comoros,Sub-Saharan Africa ,Lower middle income,IDA,43.2418,-11.6986
916,2019,55.3,Renewable energy consumption (% of total final energy consumption),KM,Comoros,Sub-Saharan Africa ,Lower middle income,IDA,43.2418,-11.6986
917,2018,57.7,Renewable energy consumption (% of total final energy consumption),KM,Comoros,Sub-Saharan Africa ,Lower middle income,IDA,43.2418,-11.6986
918,2017,59.5,Renewable energy consumption (% of total final energy consumption),KM,Comoros,Sub-Saharan Africa ,Lower middle income,IDA,43.2418,-11.6986
919,2016,64.0,Renewable energy consumption (% of total final energy consumption),KM,Comoros,Sub-Saharan Africa ,Lower middle income,IDA,43.2418,-11.6986
920,2025,,Renewable energy consumption (% of total final energy consumption),CD,"Congo, Dem. Rep.",Sub-Saharan Africa ,Low income,IDA,15.3222,-4.325
921,2024,,Renewable energy consumption (% of total final energy consumption),CD,"Congo, Dem. Rep.",Sub-Saharan Africa ,Low income,IDA,15.3222,-4.325
922,2023,,Renewable energy consumption (% of total final energy consumption),CD,"Congo, Dem. Rep.",Sub-Saharan Africa ,Low income,IDA,15.3222,-4.325
923,2022,,Renewable energy consumption (% of total final energy consumption),CD,"Congo, Dem. Rep.",Sub-Saharan Africa ,Low income,IDA,15.3222,-4.325
924,2021,96.3,Renewable energy consumption (% of total final energy consumption),CD,"Congo, Dem. Rep.",Sub-Saharan Africa ,Low income,IDA,15.3222,-4.325
925,2020,96.2,Renewable energy consumption (% of total final energy consumption),CD,"Congo, Dem. Rep.",Sub-Saharan Africa ,Low income,IDA,15.3222,-4.325
926,2019,96.3,Renewable energy consumption (% of total final energy consumption),CD,"Congo, Dem. Rep.",Sub-Saharan Africa ,Low income,IDA,15.3222,-4.325
927,2018,96.4,Renewable energy consumption (% of total final energy consumption),CD,"Congo, Dem. Rep.",Sub-Saharan Africa ,Low income,IDA,15.3222,-4.325
928,2017,96.7,Renewable energy consumption (% of total final energy consumption),CD,"Congo, Dem. Rep.",Sub-Saharan Africa ,Low income,IDA,15.3222,-4.325
929,2016,97.0,Renewable energy consumption (% of total final energy consumption),CD,"Congo, Dem. Rep.",Sub-Saharan Africa ,Low income,IDA,15.3222,-4.325
930,2025,,Renewable energy consumption (% of total final energy consumption),CG,"Congo, Rep.",Sub-Saharan Africa ,Lower middle income,Blend,15.2662,-4.2767
931,2024,,Renewable energy consumption (% of total final energy consumption),CG,"Congo, Rep.",Sub-Saharan Africa ,Lower middle income,Blend,15.2662,-4.2767
932,2023,,Renewable energy consumption (% of total final energy consumption),CG,"Congo, Rep.",Sub-Saharan Africa ,Lower middle income,Blend,15.2662,-4.2767
933,2022,,Renewable energy consumption (% of total final energy consumption),CG,"Congo, Rep.",Sub-Saharan Africa ,Lower middle income,Blend,15.2662,-4.2767
934,2021,71.4,Renewable energy consumption (% of total final energy consumption),CG,"Congo, Rep.",Sub-Saharan Africa ,Lower middle income,Blend,15.2662,-4.2767
935,2020,71.4,Renewable energy consumption (% of total final energy consumption),CG,"Congo, Rep.",Sub-Saharan Africa ,Lower middle income,Blend,15.2662,-4.2767
936,2019,69.8,Renewable energy consumption (% of total final energy consumption),CG,"Congo, Rep.",Sub-Saharan Africa ,Lower middle income,Blend,15.2662,-4.2767
937,2018,70.6,Renewable energy consumption (% of total final energy consumption),CG,"Congo, Rep.",Sub-Saharan Africa ,Lower middle income,Blend,15.2662,-4.2767
938,2017,69.8,Renewable energy consumption (% of total final energy consumption),CG,"Congo, Rep.",Sub-Saharan Africa ,Lower middle income,Blend,15.2662,-4.2767
939,2016,67.7,Renewable energy consumption (% of total final energy consumption),CG,"Congo, Rep.",Sub-Saharan Africa ,Lower middle income,Blend,15.2662,-4.2767
940,2025,,Renewable energy consumption (% of total final energy consumption),CR,Costa Rica,Latin America & Caribbean ,High income,IBRD,-84.0089,9.63701
941,2024,,Renewable energy consumption (% of total final energy consumption),CR,Costa Rica,Latin America & Caribbean ,High income,IBRD,-84.0089,9.63701
942,2023,,Renewable energy consumption (% of total final energy consumption),CR,Costa Rica,Latin America & Caribbean ,High income,IBRD,-84.0089,9.63701
943,2022,,Renewable energy consumption (% of total final energy consumption),CR,Costa Rica,Latin America & Caribbean ,High income,IBRD,-84.0089,9.63701
944,2021,34.2,Renewable energy consumption (% of total final energy consumption),CR,Costa Rica,Latin America & Caribbean ,High income,IBRD,-84.0089,9.63701
945,2020,36.4,Renewable energy consumption (% of total final energy consumption),CR,Costa Rica,Latin America & Caribbean ,High income,IBRD,-84.0089,9.63701
946,2019,33.4,Renewable energy consumption (% of total final energy consumption),CR,Costa Rica,Latin America & Caribbean ,High income,IBRD,-84.0089,9.63701
947,2018,33.1,Renewable energy consumption (% of total final energy consumption),CR,Costa Rica,Latin America & Caribbean ,High income,IBRD,-84.0089,9.63701
948,2017,33.3,Renewable energy consumption (% of total final energy consumption),CR,Costa Rica,Latin America & Caribbean ,High income,IBRD,-84.0089,9.63701
949,2016,34.1,Renewable energy consumption (% of total final energy consumption),CR,Costa Rica,Latin America & Caribbean ,High income,IBRD,-84.0089,9.63701
950,2025,,Renewable energy consumption (% of total final energy consumption),CI,Cote d'Ivoire,Sub-Saharan Africa ,Lower middle income,Blend,-4.0305,5.332
951,2024,,Renewable energy consumption (% of total final energy consumption),CI,Cote d'Ivoire,Sub-Saharan Africa ,Lower middle income,Blend,-4.0305,5.332
952,2023,,Renewable energy consumption (% of total final energy consumption),CI,Cote d'Ivoire,Sub-Saharan Africa ,Lower middle income,Blend,-4.0305,5.332
953,2022,,Renewable energy consumption (% of total final energy consumption),CI,Cote d'Ivoire,Sub-Saharan Africa ,Lower middle income,Blend,-4.0305,5.332
954,2021,58.2,Renewable energy consumption (% of total final energy consumption),CI,Cote d'Ivoire,Sub-Saharan Africa ,Lower middle income,Blend,-4.0305,5.332
955,2020,61.8,Renewable energy consumption (% of total final energy consumption),CI,Cote d'Ivoire,Sub-Saharan Africa ,Lower middle income,Blend,-4.0305,5.332
956,2019,61.1,Renewable energy consumption (% of total final energy consumption),CI,Cote d'Ivoire,Sub-Saharan Africa ,Lower middle income,Blend,-4.0305,5.332
957,2018,60.5,Renewable energy consumption (% of total final energy consumption),CI,Cote d'Ivoire,Sub-Saharan Africa ,Lower middle income,Blend,-4.0305,5.332
958,2017,62.5,Renewable energy consumption (% of total final energy consumption),CI,Cote d'Ivoire,Sub-Saharan Africa ,Lower middle income,Blend,-4.0305,5.332
959,2016,64.0,Renewable energy consumption (% of total final energy consumption),CI,Cote d'Ivoire,Sub-Saharan Africa ,Lower middle income,Blend,-4.0305,5.332
960,2025,,Renewable energy consumption (% of total final energy consumption),HR,Croatia,Europe & Central Asia,High income,IBRD,15.9614,45.8069
961,2024,,Renewable energy consumption (% of total final energy consumption),HR,Croatia,Europe & Central Asia,High income,IBRD,15.9614,45.8069
962,2023,,Renewable energy consumption (% of total final energy consumption),HR,Croatia,Europe & Central Asia,High income,IBRD,15.9614,45.8069
963,2022,,Renewable energy consumption (% of total final energy consumption),HR,Croatia,Europe & Central Asia,High income,IBRD,15.9614,45.8069
964,2021,34.1,Renewable energy consumption (% of total final energy consumption),HR,Croatia,Europe & Central Asia,High income,IBRD,15.9614,45.8069
965,2020,32.4,Renewable energy consumption (% of total final energy consumption),HR,Croatia,Europe & Central Asia,High income,IBRD,15.9614,45.8069
966,2019,31.6,Renewable energy consumption (% of total final energy consumption),HR,Croatia,Europe & Central Asia,High income,IBRD,15.9614,45.8069
967,2018,32.8,Renewable energy consumption (% of total final energy consumption),HR,Croatia,Europe & Central Asia,High income,IBRD,15.9614,45.8069
968,2017,29.8,Renewable energy consumption (% of total final energy consumption),HR,Croatia,Europe & Central Asia,High income,IBRD,15.9614,45.8069
969,2016,31.8,Renewable energy consumption (% of total final energy consumption),HR,Croatia,Europe & Central Asia,High income,IBRD,15.9614,45.8069
970,2025,,Renewable energy consumption (% of total final energy consumption),CU,Cuba,Latin America & Caribbean ,Upper middle income,Not classified,-82.3667,23.1333
971,2024,,Renewable energy consumption (% of total final energy consumption),CU,Cuba,Latin America & Caribbean ,Upper middle income,Not classified,-82.3667,23.1333
972,2023,,Renewable energy consumption (% of total final energy consumption),CU,Cuba,Latin America & Caribbean ,Upper middle income,Not classified,-82.3667,23.1333
973,2022,,Renewable energy consumption (% of total final energy consumption),CU,Cuba,Latin America & Caribbean ,Upper middle income,Not classified,-82.3667,23.1333
974,2021,20.9,Renewable energy consumption (% of total final energy consumption),CU,Cuba,Latin America & Caribbean ,Upper middle income,Not classified,-82.3667,23.1333
975,2020,24.5,Renewable energy consumption (% of total final energy consumption),CU,Cuba,Latin America & Caribbean ,Upper middle income,Not classified,-82.3667,23.1333
976,2019,23.1,Renewable energy consumption (% of total final energy consumption),CU,Cuba,Latin America & Caribbean ,Upper middle income,Not classified,-82.3667,23.1333
977,2018,24.0,Renewable energy consumption (% of total final energy consumption),CU,Cuba,Latin America & Caribbean ,Upper middle income,Not classified,-82.3667,23.1333
978,2017,22.0,Renewable energy consumption (% of total final energy consumption),CU,Cuba,Latin America & Caribbean ,Upper middle income,Not classified,-82.3667,23.1333
979,2016,19.2,Renewable energy consumption (% of total final energy consumption),CU,Cuba,Latin America & Caribbean ,Upper middle income,Not classified,-82.3667,23.1333
980,2025,,Renewable energy consumption (% of total final energy consumption),CW,Curacao,Latin America & Caribbean ,High income,Not classified,,
981,2024,,Renewable energy consumption (% of total final energy consumption),CW,Curacao,Latin America & Caribbean ,High income,Not classified,,
982,2023,,Renewable energy consumption (% of total final energy consumption),CW,Curacao,Latin America & Caribbean ,High income,Not classified,,
983,2022,,Renewable energy consumption (% of total final energy consumption),CW,Curacao,Latin America & Caribbean ,High income,Not classified,,
984,2021,2.8,Renewable energy consumption (% of total final energy consumption),CW,Curacao,Latin America & Caribbean ,High income,Not classified,,
985,2020,2.8,Renewable energy consumption (% of total final energy consumption),CW,Curacao,Latin America & Caribbean ,High income,Not classified,,
986,2019,2.5,Renewable energy consumption (% of total final energy consumption),CW,Curacao,Latin America & Caribbean ,High income,Not classified,,
987,2018,2.5,Renewable energy consumption (% of total final energy consumption),CW,Curacao,Latin America & Caribbean ,High income,Not classified,,
988,2017,1.9,Renewable energy consumption (% of total final energy consumption),CW,Curacao,Latin America & Caribbean ,High income,Not classified,,
989,2016,1.4,Renewable energy consumption (% of total final energy consumption),CW,Curacao,Latin America & Caribbean ,High income,Not classified,,
990,2025,,Renewable energy consumption (% of total final energy consumption),CY,Cyprus,Europe & Central Asia,High income,Not classified,33.3736,35.1676
991,2024,,Renewable energy consumption (% of total final energy consumption),CY,Cyprus,Europe & Central Asia,High income,Not classified,33.3736,35.1676
992,2023,,Renewable energy consumption (% of total final energy consumption),CY,Cyprus,Europe & Central Asia,High income,Not classified,33.3736,35.1676
993,2022,,Renewable energy consumption (% of total final energy consumption),CY,Cyprus,Europe & Central Asia,High income,Not classified,33.3736,35.1676
994,2021,15.6,Renewable energy consumption (% of total final energy consumption),CY,Cyprus,Europe & Central Asia,High income,Not classified,33.3736,35.1676
995,2020,15.0,Renewable energy consumption (% of total final energy consumption),CY,Cyprus,Europe & Central Asia,High income,Not classified,33.3736,35.1676
996,2019,12.0,Renewable energy consumption (% of total final energy consumption),CY,Cyprus,Europe & Central Asia,High income,Not classified,33.3736,35.1676
997,2018,12.0,Renewable energy consumption (% of total final energy consumption),CY,Cyprus,Europe & Central Asia,High income,Not classified,33.3736,35.1676
998,2017,10.9,Renewable energy consumption (% of total final energy consumption),CY,Cyprus,Europe & Central Asia,High income,Not classified,33.3736,35.1676
999,2016,10.3,Renewable energy consumption (% of total final energy consumption),CY,Cyprus,Europe & Central Asia,High income,Not classified,33.3736,35.1676
1000,2025,,Renewable energy consumption (% of total final energy consumption),CZ,Czechia,Europe & Central Asia,High income,Not classified,14.4205,50.0878
1001,2024,,Renewable energy consumption (% of total final energy consumption),CZ,Czechia,Europe & Central Asia,High income,Not classified,14.4205,50.0878
1002,2023,,Renewable energy consumption (% of total final energy consumption),CZ,Czechia,Europe & Central Asia,High income,Not classified,14.4205,50.0878
1003,2022,,Renewable energy consumption (% of total final energy consumption),CZ,Czechia,Europe & Central Asia,High income,Not classified,14.4205,50.0878
1004,2021,17.2,Renewable energy consumption (% of total final energy consumption),CZ,Czechia,Europe & Central Asia,High income,Not classified,14.4205,50.0878
1005,2020,17.0,Renewable energy consumption (% of total final energy consumption),CZ,Czechia,Europe & Central Asia,High income,Not classified,14.4205,50.0878
1006,2019,15.9,Renewable energy consumption (% of total final energy consumption),CZ,Czechia,Europe & Central Asia,High income,Not classified,14.4205,50.0878
1007,2018,14.7,Renewable energy consumption (% of total final energy consumption),CZ,Czechia,Europe & Central Asia,High income,Not classified,14.4205,50.0878
1008,2017,14.5,Renewable energy consumption (% of total final energy consumption),CZ,Czechia,Europe & Central Asia,High income,Not classified,14.4205,50.0878
1009,2016,14.8,Renewable energy consumption (% of total final energy consumption),CZ,Czechia,Europe & Central Asia,High income,Not classified,14.4205,50.0878
1010,2025,,Renewable energy consumption (% of total final energy consumption),DK,Denmark,Europe & Central Asia,High income,Not classified,12.5681,55.6763
1011,2024,,Renewable energy consumption (% of total final energy consumption),DK,Denmark,Europe & Central Asia,High income,Not classified,12.5681,55.6763
1012,2023,,Renewable energy consumption (% of total final energy consumption),DK,Denmark,Europe & Central Asia,High income,Not classified,12.5681,55.6763
1013,2022,,Renewable energy consumption (% of total final energy consumption),DK,Denmark,Europe & Central Asia,High income,Not classified,12.5681,55.6763
1014,2021,39.5,Renewable energy consumption (% of total final energy consumption),DK,Denmark,Europe & Central Asia,High income,Not classified,12.5681,55.6763
1015,2020,39.5,Renewable energy consumption (% of total final energy consumption),DK,Denmark,Europe & Central Asia,High income,Not classified,12.5681,55.6763
1016,2019,37.2,Renewable energy consumption (% of total final energy consumption),DK,Denmark,Europe & Central Asia,High income,Not classified,12.5681,55.6763
1017,2018,34.6,Renewable energy consumption (% of total final energy consumption),DK,Denmark,Europe & Central Asia,High income,Not classified,12.5681,55.6763
1018,2017,35.0,Renewable energy consumption (% of total final energy consumption),DK,Denmark,Europe & Central Asia,High income,Not classified,12.5681,55.6763
1019,2016,32.0,Renewable energy consumption (% of total final energy consumption),DK,Denmark,Europe & Central Asia,High income,Not classified,12.5681,55.6763
1020,2025,,Renewable energy consumption (% of total final energy consumption),DJ,Djibouti,"Middle East, North Africa, Afghanistan & Pakistan",Lower middle income,IDA,43.1425,11.5806
1021,2024,,Renewable energy consumption (% of total final energy consumption),DJ,Djibouti,"Middle East, North Africa, Afghanistan & Pakistan",Lower middle income,IDA,43.1425,11.5806
1022,2023,,Renewable energy consumption (% of total final energy consumption),DJ,Djibouti,"Middle East, North Africa, Afghanistan & Pakistan",Lower middle income,IDA,43.1425,11.5806
1023,2022,26.9,Renewable energy consumption (% of total final energy consumption),DJ,Djibouti,"Middle East, North Africa, Afghanistan & Pakistan",Lower middle income,IDA,43.1425,11.5806
1024,2021,26.6,Renewable energy consumption (% of total final energy consumption),DJ,Djibouti,"Middle East, North Africa, Afghanistan & Pakistan",Lower middle income,IDA,43.1425,11.5806
1025,2020,27.5,Renewable energy consumption (% of total final energy consumption),DJ,Djibouti,"Middle East, North Africa, Afghanistan & Pakistan",Lower middle income,IDA,43.1425,11.5806
1026,2019,23.4,Renewable energy consumption (% of total final energy consumption),DJ,Djibouti,"Middle East, North Africa, Afghanistan & Pakistan",Lower middle income,IDA,43.1425,11.5806
1027,2018,24.7,Renewable energy consumption (% of total final energy consumption),DJ,Djibouti,"Middle East, North Africa, Afghanistan & Pakistan",Lower middle income,IDA,43.1425,11.5806
1028,2017,23.3,Renewable energy consumption (% of total final energy consumption),DJ,Djibouti,"Middle East, North Africa, Afghanistan & Pakistan",Lower middle income,IDA,43.1425,11.5806
1029,2016,23.6,Renewable energy consumption (% of total final energy consumption),DJ,Djibouti,"Middle East, North Africa, Afghanistan & Pakistan",Lower middle income,IDA,43.1425,11.5806
1030,2025,,Renewable energy consumption (% of total final energy consumption),DM,Dominica,Latin America & Caribbean ,Upper middle income,Blend,-61.39,15.2976
1031,2024,,Renewable energy consumption (% of total final energy consumption),DM,Dominica,Latin America & Caribbean ,Upper middle income,Blend,-61.39,15.2976
1032,2023,,Renewable energy consumption (% of total final energy consumption),DM,Dominica,Latin America & Caribbean ,Upper middle income,Blend,-61.39,15.2976
1033,2022,8.9,Renewable energy consumption (% of total final energy consumption),DM,Dominica,Latin America & Caribbean ,Upper middle income,Blend,-61.39,15.2976
1034,2021,8.8,Renewable energy consumption (% of total final energy consumption),DM,Dominica,Latin America & Caribbean ,Upper middle income,Blend,-61.39,15.2976
1035,2020,8.6,Renewable energy consumption (% of total final energy consumption),DM,Dominica,Latin America & Caribbean ,Upper middle income,Blend,-61.39,15.2976
1036,2019,7.6,Renewable energy consumption (% of total final energy consumption),DM,Dominica,Latin America & Caribbean ,Upper middle income,Blend,-61.39,15.2976
1037,2018,7.9,Renewable energy consumption (% of total final energy consumption),DM,Dominica,Latin America & Caribbean ,Upper middle income,Blend,-61.39,15.2976
1038,2017,9.7,Renewable energy consumption (% of total final energy consumption),DM,Dominica,Latin America & Caribbean ,Upper middle income,Blend,-61.39,15.2976
1039,2016,10.7,Renewable energy consumption (% of total final energy consumption),DM,Dominica,Latin America & Caribbean ,Upper middle income,Blend,-61.39,15.2976
1040,2025,,Renewable energy consumption (% of total final energy consumption),DO,Dominican Republic,Latin America & Caribbean ,Upper middle income,IBRD,-69.8908,18.479
1041,2024,,Renewable energy consumption (% of total final energy consumption),DO,Dominican Republic,Latin America & Caribbean ,Upper middle income,IBRD,-69.8908,18.479
1042,2023,,Renewable energy consumption (% of total final energy consumption),DO,Dominican Republic,Latin America & Caribbean ,Upper middle income,IBRD,-69.8908,18.479
1043,2022,,Renewable energy consumption (% of total final energy consumption),DO,Dominican Republic,Latin America & Caribbean ,Upper middle income,IBRD,-69.8908,18.479
1044,2021,14.8,Renewable energy consumption (% of total final energy consumption),DO,Dominican Republic,Latin America & Caribbean ,Upper middle income,IBRD,-69.8908,18.479
1045,2020,16.0,Renewable energy consumption (% of total final energy consumption),DO,Dominican Republic,Latin America & Caribbean ,Upper middle income,IBRD,-69.8908,18.479
1046,2019,14.4,Renewable energy consumption (% of total final energy consumption),DO,Dominican Republic,Latin America & Caribbean ,Upper middle income,IBRD,-69.8908,18.479
1047,2018,15.9,Renewable energy consumption (% of total final energy consumption),DO,Dominican Republic,Latin America & Caribbean ,Upper middle income,IBRD,-69.8908,18.479
1048,2017,16.9,Renewable energy consumption (% of total final energy consumption),DO,Dominican Republic,Latin America & Caribbean ,Upper middle income,IBRD,-69.8908,18.479
1049,2016,15.3,Renewable energy consumption (% of total final energy consumption),DO,Dominican Republic,Latin America & Caribbean ,Upper middle income,IBRD,-69.8908,18.479
1050,2025,,Renewable energy consumption (% of total final energy consumption),EC,Ecuador,Latin America & Caribbean ,Upper middle income,IBRD,-78.5243,-0.229498
1051,2024,,Renewable energy consumption (% of total final energy consumption),EC,Ecuador,Latin America & Caribbean ,Upper middle income,IBRD,-78.5243,-0.229498
1052,2023,,Renewable energy consumption (% of total final energy consumption),EC,Ecuador,Latin America & Caribbean ,Upper middle income,IBRD,-78.5243,-0.229498
1053,2022,,Renewable energy consumption (% of total final energy consumption),EC,Ecuador,Latin America & Caribbean ,Upper middle income,IBRD,-78.5243,-0.229498
1054,2021,18.9,Renewable energy consumption (% of total final energy consumption),EC,Ecuador,Latin America & Caribbean ,Upper middle income,IBRD,-78.5243,-0.229498
1055,2020,20.2,Renewable energy consumption (% of total final energy consumption),EC,Ecuador,Latin America & Caribbean ,Upper middle income,IBRD,-78.5243,-0.229498
1056,2019,17.7,Renewable energy consumption (% of total final energy consumption),EC,Ecuador,Latin America & Caribbean ,Upper middle income,IBRD,-78.5243,-0.229498
1057,2018,16.3,Renewable energy consumption (% of total final energy consumption),EC,Ecuador,Latin America & Caribbean ,Upper middle income,IBRD,-78.5243,-0.229498
1058,2017,17.0,Renewable energy consumption (% of total final energy consumption),EC,Ecuador,Latin America & Caribbean ,Upper middle income,IBRD,-78.5243,-0.229498
1059,2016,14.8,Renewable energy consumption (% of total final energy consumption),EC,Ecuador,Latin America & Caribbean ,Upper middle income,IBRD,-78.5243,-0.229498
1060,2025,,Renewable energy consumption (% of total final energy consumption),EG,"Egypt, Arab Rep.","Middle East, North Africa, Afghanistan & Pakistan",Lower middle income,IBRD,31.2461,30.0982
1061,2024,,Renewable energy consumption (% of total final energy consumption),EG,"Egypt, Arab Rep.","Middle East, North Africa, Afghanistan & Pakistan",Lower middle income,IBRD,31.2461,30.0982
1062,2023,,Renewable energy consumption (% of total final energy consumption),EG,"Egypt, Arab Rep.","Middle East, North Africa, Afghanistan & Pakistan",Lower middle income,IBRD,31.2461,30.0982
1063,2022,,Renewable energy consumption (% of total final energy consumption),EG,"Egypt, Arab Rep.","Middle East, North Africa, Afghanistan & Pakistan",Lower middle income,IBRD,31.2461,30.0982
1064,2021,6.1,Renewable energy consumption (% of total final energy consumption),EG,"Egypt, Arab Rep.","Middle East, North Africa, Afghanistan & Pakistan",Lower middle income,IBRD,31.2461,30.0982
1065,2020,6.7,Renewable energy consumption (% of total final energy consumption),EG,"Egypt, Arab Rep.","Middle East, North Africa, Afghanistan & Pakistan",Lower middle income,IBRD,31.2461,30.0982
1066,2019,6.2,Renewable energy consumption (% of total final energy consumption),EG,"Egypt, Arab Rep.","Middle East, North Africa, Afghanistan & Pakistan",Lower middle income,IBRD,31.2461,30.0982
1067,2018,5.0,Renewable energy consumption (% of total final energy consumption),EG,"Egypt, Arab Rep.","Middle East, North Africa, Afghanistan & Pakistan",Lower middle income,IBRD,31.2461,30.0982
1068,2017,4.9,Renewable energy consumption (% of total final energy consumption),EG,"Egypt, Arab Rep.","Middle East, North Africa, Afghanistan & Pakistan",Lower middle income,IBRD,31.2461,30.0982
1069,2016,5.1,Renewable energy consumption (% of total final energy consumption),EG,"Egypt, Arab Rep.","Middle East, North Africa, Afghanistan & Pakistan",Lower middle income,IBRD,31.2461,30.0982
1070,2025,,Renewable energy consumption (% of total final energy consumption),SV,El Salvador,Latin America & Caribbean ,Upper middle income,IBRD,-89.2073,13.7034
1071,2024,,Renewable energy consumption (% of total final energy consumption),SV,El Salvador,Latin America & Caribbean ,Upper middle income,IBRD,-89.2073,13.7034
1072,2023,,Renewable energy consumption (% of total final energy consumption),SV,El Salvador,Latin America & Caribbean ,Upper middle income,IBRD,-89.2073,13.7034
1073,2022,,Renewable energy consumption (% of total final energy consumption),SV,El Salvador,Latin America & Caribbean ,Upper middle income,IBRD,-89.2073,13.7034
1074,2021,21.9,Renewable energy consumption (% of total final energy consumption),SV,El Salvador,Latin America & Caribbean ,Upper middle income,IBRD,-89.2073,13.7034
1075,2020,23.7,Renewable energy consumption (% of total final energy consumption),SV,El Salvador,Latin America & Caribbean ,Upper middle income,IBRD,-89.2073,13.7034
1076,2019,19.4,Renewable energy consumption (% of total final energy consumption),SV,El Salvador,Latin America & Caribbean ,Upper middle income,IBRD,-89.2073,13.7034
1077,2018,23.2,Renewable energy consumption (% of total final energy consumption),SV,El Salvador,Latin America & Caribbean ,Upper middle income,IBRD,-89.2073,13.7034
1078,2017,25.0,Renewable energy consumption (% of total final energy consumption),SV,El Salvador,Latin America & Caribbean ,Upper middle income,IBRD,-89.2073,13.7034
1079,2016,20.7,Renewable energy consumption (% of total final energy consumption),SV,El Salvador,Latin America & Caribbean ,Upper middle income,IBRD,-89.2073,13.7034
1080,2025,,Renewable energy consumption (% of total final energy consumption),GQ,Equatorial Guinea,Sub-Saharan Africa ,Upper middle income,IBRD,8.7741,3.7523
1081,2024,,Renewable energy consumption (% of total final energy consumption),GQ,Equatorial Guinea,Sub-Saharan Africa ,Upper middle income,IBRD,8.7741,3.7523
1082,2023,,Renewable energy consumption (% of total final energy consumption),GQ,Equatorial Guinea,Sub-Saharan Africa ,Upper middle income,IBRD,8.7741,3.7523
1083,2022,4.2,Renewable energy consumption (% of total final energy consumption),GQ,Equatorial Guinea,Sub-Saharan Africa ,Upper middle income,IBRD,8.7741,3.7523
1084,2021,5.2,Renewable energy consumption (% of total final energy consumption),GQ,Equatorial Guinea,Sub-Saharan Africa ,Upper middle income,IBRD,8.7741,3.7523
1085,2020,6.5,Renewable energy consumption (% of total final energy consumption),GQ,Equatorial Guinea,Sub-Saharan Africa ,Upper middle income,IBRD,8.7741,3.7523
1086,2019,7.4,Renewable energy consumption (% of total final energy consumption),GQ,Equatorial Guinea,Sub-Saharan Africa ,Upper middle income,IBRD,8.7741,3.7523
1087,2018,4.8,Renewable energy consumption (% of total final energy consumption),GQ,Equatorial Guinea,Sub-Saharan Africa ,Upper middle income,IBRD,8.7741,3.7523
1088,2017,5.0,Renewable energy consumption (% of total final energy consumption),GQ,Equatorial Guinea,Sub-Saharan Africa ,Upper middle income,IBRD,8.7741,3.7523
1089,2016,4.8,Renewable energy consumption (% of total final energy consumption),GQ,Equatorial Guinea,Sub-Saharan Africa ,Upper middle income,IBRD,8.7741,3.7523
1090,2025,,Renewable energy consumption (% of total final energy consumption),ER,Eritrea,Sub-Saharan Africa ,Low income,IDA,38.9183,15.3315
1091,2024,,Renewable energy consumption (% of total final energy consumption),ER,Eritrea,Sub-Saharan Africa ,Low income,IDA,38.9183,15.3315
1092,2023,,Renewable energy consumption (% of total final energy consumption),ER,Eritrea,Sub-Saharan Africa ,Low income,IDA,38.9183,15.3315
1093,2022,,Renewable energy consumption (% of total final energy consumption),ER,Eritrea,Sub-Saharan Africa ,Low income,IDA,38.9183,15.3315
1094,2021,80.7,Renewable energy consumption (% of total final energy consumption),ER,Eritrea,Sub-Saharan Africa ,Low income,IDA,38.9183,15.3315
1095,2020,80.9,Renewable energy consumption (% of total final energy consumption),ER,Eritrea,Sub-Saharan Africa ,Low income,IDA,38.9183,15.3315
1096,2019,80.6,Renewable energy consumption (% of total final energy consumption),ER,Eritrea,Sub-Saharan Africa ,Low income,IDA,38.9183,15.3315
1097,2018,80.8,Renewable energy consumption (% of total final energy consumption),ER,Eritrea,Sub-Saharan Africa ,Low income,IDA,38.9183,15.3315
1098,2017,81.6,Renewable energy consumption (% of total final energy consumption),ER,Eritrea,Sub-Saharan Africa ,Low income,IDA,38.9183,15.3315
1099,2016,81.4,Renewable energy consumption (% of total final energy consumption),ER,Eritrea,Sub-Saharan Africa ,Low income,IDA,38.9183,15.3315
1100,2025,,Renewable energy consumption (% of total final energy consumption),EE,Estonia,Europe & Central Asia,High income,Not classified,24.7586,59.4392
1101,2024,,Renewable energy consumption (% of total final energy consumption),EE,Estonia,Europe & Central Asia,High income,Not classified,24.7586,59.4392
1102,2023,,Renewable energy consumption (% of total final energy consumption),EE,Estonia,Europe & Central Asia,High income,Not classified,24.7586,59.4392
1103,2022,,Renewable energy consumption (% of total final energy consumption),EE,Estonia,Europe & Central Asia,High income,Not classified,24.7586,59.4392
1104,2021,38.0,Renewable energy consumption (% of total final energy consumption),EE,Estonia,Europe & Central Asia,High income,Not classified,24.7586,59.4392
1105,2020,40.4,Renewable energy consumption (% of total final energy consumption),EE,Estonia,Europe & Central Asia,High income,Not classified,24.7586,59.4392
1106,2019,31.3,Renewable energy consumption (% of total final energy consumption),EE,Estonia,Europe & Central Asia,High income,Not classified,24.7586,59.4392
1107,2018,28.6,Renewable energy consumption (% of total final energy consumption),EE,Estonia,Europe & Central Asia,High income,Not classified,24.7586,59.4392
1108,2017,27.5,Renewable energy consumption (% of total final energy consumption),EE,Estonia,Europe & Central Asia,High income,Not classified,24.7586,59.4392
1109,2016,27.2,Renewable energy consumption (% of total final energy consumption),EE,Estonia,Europe & Central Asia,High income,Not classified,24.7586,59.4392
1110,2025,,Renewable energy consumption (% of total final energy consumption),SZ,Eswatini,Sub-Saharan Africa ,Lower middle income,Blend,31.4659,-26.5225
1111,2024,,Renewable energy consumption (% of total final energy consumption),SZ,Eswatini,Sub-Saharan Africa ,Lower middle income,Blend,31.4659,-26.5225
1112,2023,,Renewable energy consumption (% of total final energy consumption),SZ,Eswatini,Sub-Saharan Africa ,Lower middle income,Blend,31.4659,-26.5225
1113,2022,64.7,Renewable energy consumption (% of total final energy consumption),SZ,Eswatini,Sub-Saharan Africa ,Lower middle income,Blend,31.4659,-26.5225
1114,2021,65.4,Renewable energy consumption (% of total final energy consumption),SZ,Eswatini,Sub-Saharan Africa ,Lower middle income,Blend,31.4659,-26.5225
1115,2020,63.7,Renewable energy consumption (% of total final energy consumption),SZ,Eswatini,Sub-Saharan Africa ,Lower middle income,Blend,31.4659,-26.5225
1116,2019,64.4,Renewable energy consumption (% of total final energy consumption),SZ,Eswatini,Sub-Saharan Africa ,Lower middle income,Blend,31.4659,-26.5225
1117,2018,65.7,Renewable energy consumption (% of total final energy consumption),SZ,Eswatini,Sub-Saharan Africa ,Lower middle income,Blend,31.4659,-26.5225
1118,2017,65.3,Renewable energy consumption (% of total final energy consumption),SZ,Eswatini,Sub-Saharan Africa ,Lower middle income,Blend,31.4659,-26.5225
1119,2016,64.3,Renewable energy consumption (% of total final energy consumption),SZ,Eswatini,Sub-Saharan Africa ,Lower middle income,Blend,31.4659,-26.5225
1120,2025,,Renewable energy consumption (% of total final energy consumption),ET,Ethiopia,Sub-Saharan Africa ,Low income,IDA,38.7468,9.02274
1121,2024,,Renewable energy consumption (% of total final energy consumption),ET,Ethiopia,Sub-Saharan Africa ,Low income,IDA,38.7468,9.02274
1122,2023,,Renewable energy consumption (% of total final energy consumption),ET,Ethiopia,Sub-Saharan Africa ,Low income,IDA,38.7468,9.02274
1123,2022,,Renewable energy consumption (% of total final energy consumption),ET,Ethiopia,Sub-Saharan Africa ,Low income,IDA,38.7468,9.02274
1124,2021,90.6,Renewable energy consumption (% of total final energy consumption),ET,Ethiopia,Sub-Saharan Africa ,Low income,IDA,38.7468,9.02274
1125,2020,90.7,Renewable energy consumption (% of total final energy consumption),ET,Ethiopia,Sub-Saharan Africa ,Low income,IDA,38.7468,9.02274
1126,2019,89.3,Renewable energy consumption (% of total final energy consumption),ET,Ethiopia,Sub-Saharan Africa ,Low income,IDA,38.7468,9.02274
1127,2018,90.0,Renewable energy consumption (% of total final energy consumption),ET,Ethiopia,Sub-Saharan Africa ,Low income,IDA,38.7468,9.02274
1128,2017,90.8,Renewable energy consumption (% of total final energy consumption),ET,Ethiopia,Sub-Saharan Africa ,Low income,IDA,38.7468,9.02274
1129,2016,90.4,Renewable energy consumption (% of total final energy consumption),ET,Ethiopia,Sub-Saharan Africa ,Low income,IDA,38.7468,9.02274
1130,2025,,Renewable energy consumption (% of total final energy consumption),FO,Faroe Islands,Europe & Central Asia,High income,Not classified,-6.91181,61.8926
1131,2024,,Renewable energy consumption (% of total final energy consumption),FO,Faroe Islands,Europe & Central Asia,High income,Not classified,-6.91181,61.8926
1132,2023,,Renewable energy consumption (% of total final energy consumption),FO,Faroe Islands,Europe & Central Asia,High income,Not classified,-6.91181,61.8926
1133,2022,7.9,Renewable energy consumption (% of total final energy consumption),FO,Faroe Islands,Europe & Central Asia,High income,Not classified,-6.91181,61.8926
1134,2021,5.1,Renewable energy consumption (% of total final energy consumption),FO,Faroe Islands,Europe & Central Asia,High income,Not classified,-6.91181,61.8926
1135,2020,5.3,Renewable energy consumption (% of total final energy consumption),FO,Faroe Islands,Europe & Central Asia,High income,Not classified,-6.91181,61.8926
1136,2019,5.4,Renewable energy consumption (% of total final energy consumption),FO,Faroe Islands,Europe & Central Asia,High income,Not classified,-6.91181,61.8926
1137,2018,5.9,Renewable energy consumption (% of total final energy consumption),FO,Faroe Islands,Europe & Central Asia,High income,Not classified,-6.91181,61.8926
1138,2017,6.0,Renewable energy consumption (% of total final energy consumption),FO,Faroe Islands,Europe & Central Asia,High income,Not classified,-6.91181,61.8926
1139,2016,6.3,Renewable energy consumption (% of total final energy consumption),FO,Faroe Islands,Europe & Central Asia,High income,Not classified,-6.91181,61.8926
1140,2025,,Renewable energy consumption (% of total final energy consumption),FJ,Fiji,East Asia & Pacific,Upper middle income,Blend,178.399,-18.1149
1141,2024,,Renewable energy consumption (% of total final energy consumption),FJ,Fiji,East Asia & Pacific,Upper middle income,Blend,178.399,-18.1149
1142,2023,,Renewable energy consumption (% of total final energy consumption),FJ,Fiji,East Asia & Pacific,Upper middle income,Blend,178.399,-18.1149
1143,2022,28.4,Renewable energy consumption (% of total final energy consumption),FJ,Fiji,East Asia & Pacific,Upper middle income,Blend,178.399,-18.1149
1144,2021,29.7,Renewable energy consumption (% of total final energy consumption),FJ,Fiji,East Asia & Pacific,Upper middle income,Blend,178.399,-18.1149
1145,2020,31.8,Renewable energy consumption (% of total final energy consumption),FJ,Fiji,East Asia & Pacific,Upper middle income,Blend,178.399,-18.1149
1146,2019,26.5,Renewable energy consumption (% of total final energy consumption),FJ,Fiji,East Asia & Pacific,Upper middle income,Blend,178.399,-18.1149
1147,2018,25.8,Renewable energy consumption (% of total final energy consumption),FJ,Fiji,East Asia & Pacific,Upper middle income,Blend,178.399,-18.1149
1148,2017,28.6,Renewable energy consumption (% of total final energy consumption),FJ,Fiji,East Asia & Pacific,Upper middle income,Blend,178.399,-18.1149
1149,2016,27.7,Renewable energy consumption (% of total final energy consumption),FJ,Fiji,East Asia & Pacific,Upper middle income,Blend,178.399,-18.1149
1150,2025,,Renewable energy consumption (% of total final energy consumption),FI,Finland,Europe & Central Asia,High income,Not classified,24.9525,60.1608
1151,2024,,Renewable energy consumption (% of total final energy consumption),FI,Finland,Europe & Central Asia,High income,Not classified,24.9525,60.1608
1152,2023,,Renewable energy consumption (% of total final energy consumption),FI,Finland,Europe & Central Asia,High income,Not classified,24.9525,60.1608
1153,2022,,Renewable energy consumption (% of total final energy consumption),FI,Finland,Europe & Central Asia,High income,Not classified,24.9525,60.1608
1154,2021,50.2,Renewable energy consumption (% of total final energy consumption),FI,Finland,Europe & Central Asia,High income,Not classified,24.9525,60.1608
1155,2020,47.3,Renewable energy consumption (% of total final energy consumption),FI,Finland,Europe & Central Asia,High income,Not classified,24.9525,60.1608
1156,2019,45.4,Renewable energy consumption (% of total final energy consumption),FI,Finland,Europe & Central Asia,High income,Not classified,24.9525,60.1608
1157,2018,44.2,Renewable energy consumption (% of total final energy consumption),FI,Finland,Europe & Central Asia,High income,Not classified,24.9525,60.1608
1158,2017,44.4,Renewable energy consumption (% of total final energy consumption),FI,Finland,Europe & Central Asia,High income,Not classified,24.9525,60.1608
1159,2016,42.4,Renewable energy consumption (% of total final energy consumption),FI,Finland,Europe & Central Asia,High income,Not classified,24.9525,60.1608
1160,2025,,Renewable energy consumption (% of total final energy consumption),FR,France,Europe & Central Asia,High income,Not classified,2.35097,48.8566
1161,2024,,Renewable energy consumption (% of total final energy consumption),FR,France,Europe & Central Asia,High income,Not classified,2.35097,48.8566
1162,2023,,Renewable energy consumption (% of total final energy consumption),FR,France,Europe & Central Asia,High income,Not classified,2.35097,48.8566
1163,2022,,Renewable energy consumption (% of total final energy consumption),FR,France,Europe & Central Asia,High income,Not classified,2.35097,48.8566
1164,2021,16.2,Renewable energy consumption (% of total final energy consumption),FR,France,Europe & Central Asia,High income,Not classified,2.35097,48.8566
1165,2020,16.8,Renewable energy consumption (% of total final energy consumption),FR,France,Europe & Central Asia,High income,Not classified,2.35097,48.8566
1166,2019,15.5,Renewable energy consumption (% of total final energy consumption),FR,France,Europe & Central Asia,High income,Not classified,2.35097,48.8566
1167,2018,15.2,Renewable energy consumption (% of total final energy consumption),FR,France,Europe & Central Asia,High income,Not classified,2.35097,48.8566
1168,2017,14.1,Renewable energy consumption (% of total final energy consumption),FR,France,Europe & Central Asia,High income,Not classified,2.35097,48.8566
1169,2016,14.2,Renewable energy consumption (% of total final energy consumption),FR,France,Europe & Central Asia,High income,Not classified,2.35097,48.8566
1170,2025,,Renewable energy consumption (% of total final energy consumption),PF,French Polynesia,East Asia & Pacific,High income,Not classified,-149.57,-17.535
1171,2024,,Renewable energy consumption (% of total final energy consumption),PF,French Polynesia,East Asia & Pacific,High income,Not classified,-149.57,-17.535
1172,2023,,Renewable energy consumption (% of total final energy consumption),PF,French Polynesia,East Asia & Pacific,High income,Not classified,-149.57,-17.535
1173,2022,7.0,Renewable energy consumption (% of total final energy consumption),PF,French Polynesia,East Asia & Pacific,High income,Not classified,-149.57,-17.535
1174,2021,7.4,Renewable energy consumption (% of total final energy consumption),PF,French Polynesia,East Asia & Pacific,High income,Not classified,-149.57,-17.535
1175,2020,8.2,Renewable energy consumption (% of total final energy consumption),PF,French Polynesia,East Asia & Pacific,High income,Not classified,-149.57,-17.535
1176,2019,7.7,Renewable energy consumption (% of total final energy consumption),PF,French Polynesia,East Asia & Pacific,High income,Not classified,-149.57,-17.535
1177,2018,7.7,Renewable energy consumption (% of total final energy consumption),PF,French Polynesia,East Asia & Pacific,High income,Not classified,-149.57,-17.535
1178,2017,8.1,Renewable energy consumption (% of total final energy consumption),PF,French Polynesia,East Asia & Pacific,High income,Not classified,-149.57,-17.535
1179,2016,8.1,Renewable energy consumption (% of total final energy consumption),PF,French Polynesia,East Asia & Pacific,High income,Not classified,-149.57,-17.535
1180,2025,,Renewable energy consumption (% of total final energy consumption),GA,Gabon,Sub-Saharan Africa ,Upper middle income,IBRD,9.45162,0.38832
1181,2024,,Renewable energy consumption (% of total final energy consumption),GA,Gabon,Sub-Saharan Africa ,Upper middle income,IBRD,9.45162,0.38832
1182,2023,,Renewable energy consumption (% of total final energy consumption),GA,Gabon,Sub-Saharan Africa ,Upper middle income,IBRD,9.45162,0.38832
1183,2022,,Renewable energy consumption (% of total final energy consumption),GA,Gabon,Sub-Saharan Africa ,Upper middle income,IBRD,9.45162,0.38832
1184,2021,91.3,Renewable energy consumption (% of total final energy consumption),GA,Gabon,Sub-Saharan Africa ,Upper middle income,IBRD,9.45162,0.38832
1185,2020,91.3,Renewable energy consumption (% of total final energy consumption),GA,Gabon,Sub-Saharan Africa ,Upper middle income,IBRD,9.45162,0.38832
1186,2019,90.2,Renewable energy consumption (% of total final energy consumption),GA,Gabon,Sub-Saharan Africa ,Upper middle income,IBRD,9.45162,0.38832
1187,2018,90.3,Renewable energy consumption (% of total final energy consumption),GA,Gabon,Sub-Saharan Africa ,Upper middle income,IBRD,9.45162,0.38832
1188,2017,90.2,Renewable energy consumption (% of total final energy consumption),GA,Gabon,Sub-Saharan Africa ,Upper middle income,IBRD,9.45162,0.38832
1189,2016,81.5,Renewable energy consumption (% of total final energy consumption),GA,Gabon,Sub-Saharan Africa ,Upper middle income,IBRD,9.45162,0.38832
1190,2025,,Renewable energy consumption (% of total final energy consumption),GM,"Gambia, The",Sub-Saharan Africa ,Low income,IDA,-16.5885,13.4495
1191,2024,,Renewable energy consumption (% of total final energy consumption),GM,"Gambia, The",Sub-Saharan Africa ,Low income,IDA,-16.5885,13.4495
1192,2023,,Renewable energy consumption (% of total final energy consumption),GM,"Gambia, The",Sub-Saharan Africa ,Low income,IDA,-16.5885,13.4495
1193,2022,47.7,Renewable energy consumption (% of total final energy consumption),GM,"Gambia, The",Sub-Saharan Africa ,Low income,IDA,-16.5885,13.4495
1194,2021,48.6,Renewable energy consumption (% of total final energy consumption),GM,"Gambia, The",Sub-Saharan Africa ,Low income,IDA,-16.5885,13.4495
1195,2020,49.8,Renewable energy consumption (% of total final energy consumption),GM,"Gambia, The",Sub-Saharan Africa ,Low income,IDA,-16.5885,13.4495
1196,2019,47.4,Renewable energy consumption (% of total final energy consumption),GM,"Gambia, The",Sub-Saharan Africa ,Low income,IDA,-16.5885,13.4495
1197,2018,48.1,Renewable energy consumption (% of total final energy consumption),GM,"Gambia, The",Sub-Saharan Africa ,Low income,IDA,-16.5885,13.4495
1198,2017,48.0,Renewable energy consumption (% of total final energy consumption),GM,"Gambia, The",Sub-Saharan Africa ,Low income,IDA,-16.5885,13.4495
1199,2016,48.6,Renewable energy consumption (% of total final energy consumption),GM,"Gambia, The",Sub-Saharan Africa ,Low income,IDA,-16.5885,13.4495
1200,2025,,Renewable energy consumption (% of total final energy consumption),GE,Georgia,Europe & Central Asia,Upper middle income,IBRD,44.793,41.71
1201,2024,,Renewable energy consumption (% of total final energy consumption),GE,Georgia,Europe & Central Asia,Upper middle income,IBRD,44.793,41.71
1202,2023,,Renewable energy consumption (% of total final energy consumption),GE,Georgia,Europe & Central Asia,Upper middle income,IBRD,44.793,41.71
1203,2022,,Renewable energy consumption (% of total final energy consumption),GE,Georgia,Europe & Central Asia,Upper middle income,IBRD,44.793,41.71
1204,2021,25.2,Renewable energy consumption (% of total final energy consumption),GE,Georgia,Europe & Central Asia,Upper middle income,IBRD,44.793,41.71
1205,2020,23.4,Renewable energy consumption (% of total final energy consumption),GE,Georgia,Europe & Central Asia,Upper middle income,IBRD,44.793,41.71
1206,2019,24.7,Renewable energy consumption (% of total final energy consumption),GE,Georgia,Europe & Central Asia,Upper middle income,IBRD,44.793,41.71
1207,2018,27.4,Renewable energy consumption (% of total final energy consumption),GE,Georgia,Europe & Central Asia,Upper middle income,IBRD,44.793,41.71
1208,2017,27.5,Renewable energy consumption (% of total final energy consumption),GE,Georgia,Europe & Central Asia,Upper middle income,IBRD,44.793,41.71
1209,2016,27.2,Renewable energy consumption (% of total final energy consumption),GE,Georgia,Europe & Central Asia,Upper middle income,IBRD,44.793,41.71
1210,2025,,Renewable energy consumption (% of total final energy consumption),DE,Germany,Europe & Central Asia,High income,Not classified,13.4115,52.5235
1211,2024,,Renewable energy consumption (% of total final energy consumption),DE,Germany,Europe & Central Asia,High income,Not classified,13.4115,52.5235
1212,2023,,Renewable energy consumption (% of total final energy consumption),DE,Germany,Europe & Central Asia,High income,Not classified,13.4115,52.5235
1213,2022,,Renewable energy consumption (% of total final energy consumption),DE,Germany,Europe & Central Asia,High income,Not classified,13.4115,52.5235
1214,2021,17.6,Renewable energy consumption (% of total final energy consumption),DE,Germany,Europe & Central Asia,High income,Not classified,13.4115,52.5235
1215,2020,18.5,Renewable energy consumption (% of total final energy consumption),DE,Germany,Europe & Central Asia,High income,Not classified,13.4115,52.5235
1216,2019,17.1,Renewable energy consumption (% of total final energy consumption),DE,Germany,Europe & Central Asia,High income,Not classified,13.4115,52.5235
1217,2018,16.0,Renewable energy consumption (% of total final energy consumption),DE,Germany,Europe & Central Asia,High income,Not classified,13.4115,52.5235
1218,2017,15.2,Renewable energy consumption (% of total final energy consumption),DE,Germany,Europe & Central Asia,High income,Not classified,13.4115,52.5235
1219,2016,14.2,Renewable energy consumption (% of total final energy consumption),DE,Germany,Europe & Central Asia,High income,Not classified,13.4115,52.5235
1220,2025,,Renewable energy consumption (% of total final energy consumption),GH,Ghana,Sub-Saharan Africa ,Lower middle income,IDA,-0.20795,5.57045
1221,2024,,Renewable energy consumption (% of total final energy consumption),GH,Ghana,Sub-Saharan Africa ,Lower middle income,IDA,-0.20795,5.57045
1222,2023,,Renewable energy consumption (% of total final energy consumption),GH,Ghana,Sub-Saharan Africa ,Lower middle income,IDA,-0.20795,5.57045
1223,2022,,Renewable energy consumption (% of total final energy consumption),GH,Ghana,Sub-Saharan Africa ,Lower middle income,IDA,-0.20795,5.57045
1224,2021,39.0,Renewable energy consumption (% of total final energy consumption),GH,Ghana,Sub-Saharan Africa ,Lower middle income,IDA,-0.20795,5.57045
1225,2020,40.0,Renewable energy consumption (% of total final energy consumption),GH,Ghana,Sub-Saharan Africa ,Lower middle income,IDA,-0.20795,5.57045
1226,2019,42.6,Renewable energy consumption (% of total final energy consumption),GH,Ghana,Sub-Saharan Africa ,Lower middle income,IDA,-0.20795,5.57045
1227,2018,42.1,Renewable energy consumption (% of total final energy consumption),GH,Ghana,Sub-Saharan Africa ,Lower middle income,IDA,-0.20795,5.57045
1228,2017,45.3,Renewable energy consumption (% of total final energy consumption),GH,Ghana,Sub-Saharan Africa ,Lower middle income,IDA,-0.20795,5.57045
1229,2016,45.2,Renewable energy consumption (% of total final energy consumption),GH,Ghana,Sub-Saharan Africa ,Lower middle income,IDA,-0.20795,5.57045
1230,2025,,Renewable energy consumption (% of total final energy consumption),GI,Gibraltar,Europe & Central Asia,High income,Not classified,,
1231,2024,,Renewable energy consumption (% of total final energy consumption),GI,Gibraltar,Europe & Central Asia,High income,Not classified,,
1232,2023,,Renewable energy consumption (% of total final energy consumption),GI,Gibraltar,Europe & Central Asia,High income,Not classified,,
1233,2022,,Renewable energy consumption (% of total final energy consumption),GI,Gibraltar,Europe & Central Asia,High income,Not classified,,
1234,2021,0.0,Renewable energy consumption (% of total final energy consumption),GI,Gibraltar,Europe & Central Asia,High income,Not classified,,
1235,2020,0.0,Renewable energy consumption (% of total final energy consumption),GI,Gibraltar,Europe & Central Asia,High income,Not classified,,
1236,2019,0.0,Renewable energy consumption (% of total final energy consumption),GI,Gibraltar,Europe & Central Asia,High income,Not classified,,
1237,2018,0.0,Renewable energy consumption (% of total final energy consumption),GI,Gibraltar,Europe & Central Asia,High income,Not classified,,
1238,2017,0.0,Renewable energy consumption (% of total final energy consumption),GI,Gibraltar,Europe & Central Asia,High income,Not classified,,
1239,2016,0.0,Renewable energy consumption (% of total final energy consumption),GI,Gibraltar,Europe & Central Asia,High income,Not classified,,
1240,2025,,Renewable energy consumption (% of total final energy consumption),GR,Greece,Europe & Central Asia,High income,Not classified,23.7166,37.9792
1241,2024,,Renewable energy consumption (% of total final energy consumption),GR,Greece,Europe & Central Asia,High income,Not classified,23.7166,37.9792
1242,2023,,Renewable energy consumption (% of total final energy consumption),GR,Greece,Europe & Central Asia,High income,Not classified,23.7166,37.9792
1243,2022,,Renewable energy consumption (% of total final energy consumption),GR,Greece,Europe & Central Asia,High income,Not classified,23.7166,37.9792
1244,2021,21.5,Renewable energy consumption (% of total final energy consumption),GR,Greece,Europe & Central Asia,High income,Not classified,23.7166,37.9792
1245,2020,20.1,Renewable energy consumption (% of total final energy consumption),GR,Greece,Europe & Central Asia,High income,Not classified,23.7166,37.9792
1246,2019,18.5,Renewable energy consumption (% of total final energy consumption),GR,Greece,Europe & Central Asia,High income,Not classified,23.7166,37.9792
1247,2018,17.9,Renewable energy consumption (% of total final energy consumption),GR,Greece,Europe & Central Asia,High income,Not classified,23.7166,37.9792
1248,2017,16.4,Renewable energy consumption (% of total final energy consumption),GR,Greece,Europe & Central Asia,High income,Not classified,23.7166,37.9792
1249,2016,16.4,Renewable energy consumption (% of total final energy consumption),GR,Greece,Europe & Central Asia,High income,Not classified,23.7166,37.9792
1250,2025,,Renewable energy consumption (% of total final energy consumption),GL,Greenland,Europe & Central Asia,High income,Not classified,-51.7214,64.1836
1251,2024,,Renewable energy consumption (% of total final energy consumption),GL,Greenland,Europe & Central Asia,High income,Not classified,-51.7214,64.1836
1252,2023,,Renewable energy consumption (% of total final energy consumption),GL,Greenland,Europe & Central Asia,High income,Not classified,-51.7214,64.1836
1253,2022,11.7,Renewable energy consumption (% of total final energy consumption),GL,Greenland,Europe & Central Asia,High income,Not classified,-51.7214,64.1836
1254,2021,11.6,Renewable energy consumption (% of total final energy consumption),GL,Greenland,Europe & Central Asia,High income,Not classified,-51.7214,64.1836
1255,2020,11.8,Renewable energy consumption (% of total final energy consumption),GL,Greenland,Europe & Central Asia,High income,Not classified,-51.7214,64.1836
1256,2019,10.9,Renewable energy consumption (% of total final energy consumption),GL,Greenland,Europe & Central Asia,High income,Not classified,-51.7214,64.1836
1257,2018,11.4,Renewable energy consumption (% of total final energy consumption),GL,Greenland,Europe & Central Asia,High income,Not classified,-51.7214,64.1836
1258,2017,11.3,Renewable energy consumption (% of total final energy consumption),GL,Greenland,Europe & Central Asia,High income,Not classified,-51.7214,64.1836
1259,2016,12.4,Renewable energy consumption (% of total final energy consumption),GL,Greenland,Europe & Central Asia,High income,Not classified,-51.7214,64.1836
1260,2025,,Renewable energy consumption (% of total final energy consumption),GD,Grenada,Latin America & Caribbean ,Upper middle income,Blend,-61.7449,12.0653
1261,2024,,Renewable energy consumption (% of total final energy consumption),GD,Grenada,Latin America & Caribbean ,Upper middle income,Blend,-61.7449,12.0653
1262,2023,,Renewable energy consumption (% of total final energy consumption),GD,Grenada,Latin America & Caribbean ,Upper middle income,Blend,-61.7449,12.0653
1263,2022,10.0,Renewable energy consumption (% of total final energy consumption),GD,Grenada,Latin America & Caribbean ,Upper middle income,Blend,-61.7449,12.0653
1264,2021,10.2,Renewable energy consumption (% of total final energy consumption),GD,Grenada,Latin America & Caribbean ,Upper middle income,Blend,-61.7449,12.0653
1265,2020,10.3,Renewable energy consumption (% of total final energy consumption),GD,Grenada,Latin America & Caribbean ,Upper middle income,Blend,-61.7449,12.0653
1266,2019,10.4,Renewable energy consumption (% of total final energy consumption),GD,Grenada,Latin America & Caribbean ,Upper middle income,Blend,-61.7449,12.0653
1267,2018,10.7,Renewable energy consumption (% of total final energy consumption),GD,Grenada,Latin America & Caribbean ,Upper middle income,Blend,-61.7449,12.0653
1268,2017,10.2,Renewable energy consumption (% of total final energy consumption),GD,Grenada,Latin America & Caribbean ,Upper middle income,Blend,-61.7449,12.0653
1269,2016,10.4,Renewable energy consumption (% of total final energy consumption),GD,Grenada,Latin America & Caribbean ,Upper middle income,Blend,-61.7449,12.0653
1270,2025,,Renewable energy consumption (% of total final energy consumption),GU,Guam,East Asia & Pacific,High income,Not classified,144.794,13.4443
1271,2024,,Renewable energy consumption (% of total final energy consumption),GU,Guam,East Asia & Pacific,High income,Not classified,144.794,13.4443
1272,2023,,Renewable energy consumption (% of total final energy consumption),GU,Guam,East Asia & Pacific,High income,Not classified,144.794,13.4443
1273,2022,6.7,Renewable energy consumption (% of total final energy consumption),GU,Guam,East Asia & Pacific,High income,Not classified,144.794,13.4443
1274,2021,4.5,Renewable energy consumption (% of total final energy consumption),GU,Guam,East Asia & Pacific,High income,Not classified,144.794,13.4443
1275,2020,4.6,Renewable energy consumption (% of total final energy consumption),GU,Guam,East Asia & Pacific,High income,Not classified,144.794,13.4443
1276,2019,4.5,Renewable energy consumption (% of total final energy consumption),GU,Guam,East Asia & Pacific,High income,Not classified,144.794,13.4443
1277,2018,4.5,Renewable energy consumption (% of total final energy consumption),GU,Guam,East Asia & Pacific,High income,Not classified,144.794,13.4443
1278,2017,3.9,Renewable energy consumption (% of total final energy consumption),GU,Guam,East Asia & Pacific,High income,Not classified,144.794,13.4443
1279,2016,4.4,Renewable energy consumption (% of total final energy consumption),GU,Guam,East Asia & Pacific,High income,Not classified,144.794,13.4443
1280,2025,,Renewable energy consumption (% of total final energy consumption),GT,Guatemala,Latin America & Caribbean ,Upper middle income,IBRD,-90.5328,14.6248
1281,2024,,Renewable energy consumption (% of total final energy consumption),GT,Guatemala,Latin America & Caribbean ,Upper middle income,IBRD,-90.5328,14.6248
1282,2023,,Renewable energy consumption (% of total final energy consumption),GT,Guatemala,Latin America & Caribbean ,Upper middle income,IBRD,-90.5328,14.6248
1283,2022,,Renewable energy consumption (% of total final energy consumption),GT,Guatemala,Latin America & Caribbean ,Upper middle income,IBRD,-90.5328,14.6248
1284,2021,62.1,Renewable energy consumption (% of total final energy consumption),GT,Guatemala,Latin America & Caribbean ,Upper middle income,IBRD,-90.5328,14.6248
1285,2020,65.5,Renewable energy consumption (% of total final energy consumption),GT,Guatemala,Latin America & Caribbean ,Upper middle income,IBRD,-90.5328,14.6248
1286,2019,62.8,Renewable energy consumption (% of total final energy consumption),GT,Guatemala,Latin America & Caribbean ,Upper middle income,IBRD,-90.5328,14.6248
1287,2018,64.0,Renewable energy consumption (% of total final energy consumption),GT,Guatemala,Latin America & Caribbean ,Upper middle income,IBRD,-90.5328,14.6248
1288,2017,65.0,Renewable energy consumption (% of total final energy consumption),GT,Guatemala,Latin America & Caribbean ,Upper middle income,IBRD,-90.5328,14.6248
1289,2016,63.2,Renewable energy consumption (% of total final energy consumption),GT,Guatemala,Latin America & Caribbean ,Upper middle income,IBRD,-90.5328,14.6248
1290,2025,,Renewable energy consumption (% of total final energy consumption),GN,Guinea,Sub-Saharan Africa ,Lower middle income,IDA,-13.7,9.51667
1291,2024,,Renewable energy consumption (% of total final energy consumption),GN,Guinea,Sub-Saharan Africa ,Lower middle income,IDA,-13.7,9.51667
1292,2023,,Renewable energy consumption (% of total final energy consumption),GN,Guinea,Sub-Saharan Africa ,Lower middle income,IDA,-13.7,9.51667
1293,2022,66.6,Renewable energy consumption (% of total final energy consumption),GN,Guinea,Sub-Saharan Africa ,Lower middle income,IDA,-13.7,9.51667
1294,2021,66.8,Renewable energy consumption (% of total final energy consumption),GN,Guinea,Sub-Saharan Africa ,Lower middle income,IDA,-13.7,9.51667
1295,2020,65.8,Renewable energy consumption (% of total final energy consumption),GN,Guinea,Sub-Saharan Africa ,Lower middle income,IDA,-13.7,9.51667
1296,2019,68.3,Renewable energy consumption (% of total final energy consumption),GN,Guinea,Sub-Saharan Africa ,Lower middle income,IDA,-13.7,9.51667
1297,2018,73.2,Renewable energy consumption (% of total final energy consumption),GN,Guinea,Sub-Saharan Africa ,Lower middle income,IDA,-13.7,9.51667
1298,2017,72.0,Renewable energy consumption (% of total final energy consumption),GN,Guinea,Sub-Saharan Africa ,Lower middle income,IDA,-13.7,9.51667
1299,2016,75.3,Renewable energy consumption (% of total final energy consumption),GN,Guinea,Sub-Saharan Africa ,Lower middle income,IDA,-13.7,9.51667
1300,2025,,Renewable energy consumption (% of total final energy consumption),GW,Guinea-Bissau,Sub-Saharan Africa ,Low income,IDA,-15.1804,11.8037
1301,2024,,Renewable energy consumption (% of total final energy consumption),GW,Guinea-Bissau,Sub-Saharan Africa ,Low income,IDA,-15.1804,11.8037
1302,2023,,Renewable energy consumption (% of total final energy consumption),GW,Guinea-Bissau,Sub-Saharan Africa ,Low income,IDA,-15.1804,11.8037
1303,2022,87.4,Renewable energy consumption (% of total final energy consumption),GW,Guinea-Bissau,Sub-Saharan Africa ,Low income,IDA,-15.1804,11.8037
1304,2021,87.4,Renewable energy consumption (% of total final energy consumption),GW,Guinea-Bissau,Sub-Saharan Africa ,Low income,IDA,-15.1804,11.8037
1305,2020,87.2,Renewable energy consumption (% of total final energy consumption),GW,Guinea-Bissau,Sub-Saharan Africa ,Low income,IDA,-15.1804,11.8037
1306,2019,86.2,Renewable energy consumption (% of total final energy consumption),GW,Guinea-Bissau,Sub-Saharan Africa ,Low income,IDA,-15.1804,11.8037
1307,2018,86.6,Renewable energy consumption (% of total final energy consumption),GW,Guinea-Bissau,Sub-Saharan Africa ,Low income,IDA,-15.1804,11.8037
1308,2017,86.8,Renewable energy consumption (% of total final energy consumption),GW,Guinea-Bissau,Sub-Saharan Africa ,Low income,IDA,-15.1804,11.8037
1309,2016,86.8,Renewable energy consumption (% of total final energy consumption),GW,Guinea-Bissau,Sub-Saharan Africa ,Low income,IDA,-15.1804,11.8037
1310,2025,,Renewable energy consumption (% of total final energy consumption),GY,Guyana,Latin America & Caribbean ,High income,IDA,-58.1548,6.80461
1311,2024,,Renewable energy consumption (% of total final energy consumption),GY,Guyana,Latin America & Caribbean ,High income,IDA,-58.1548,6.80461
1312,2023,,Renewable energy consumption (% of total final energy consumption),GY,Guyana,Latin America & Caribbean ,High income,IDA,-58.1548,6.80461
1313,2022,12.1,Renewable energy consumption (% of total final energy consumption),GY,Guyana,Latin America & Caribbean ,High income,IDA,-58.1548,6.80461
1314,2021,13.2,Renewable energy consumption (% of total final energy consumption),GY,Guyana,Latin America & Caribbean ,High income,IDA,-58.1548,6.80461
1315,2020,12.0,Renewable energy consumption (% of total final energy consumption),GY,Guyana,Latin America & Caribbean ,High income,IDA,-58.1548,6.80461
1316,2019,11.3,Renewable energy consumption (% of total final energy consumption),GY,Guyana,Latin America & Caribbean ,High income,IDA,-58.1548,6.80461
1317,2018,16.8,Renewable energy consumption (% of total final energy consumption),GY,Guyana,Latin America & Caribbean ,High income,IDA,-58.1548,6.80461
1318,2017,22.1,Renewable energy consumption (% of total final energy consumption),GY,Guyana,Latin America & Caribbean ,High income,IDA,-58.1548,6.80461
1319,2016,21.3,Renewable energy consumption (% of total final energy consumption),GY,Guyana,Latin America & Caribbean ,High income,IDA,-58.1548,6.80461
1320,2025,,Renewable energy consumption (% of total final energy consumption),HT,Haiti,Latin America & Caribbean ,Lower middle income,IDA,-72.3288,18.5392
1321,2024,,Renewable energy consumption (% of total final energy consumption),HT,Haiti,Latin America & Caribbean ,Lower middle income,IDA,-72.3288,18.5392
1322,2023,,Renewable energy consumption (% of total final energy consumption),HT,Haiti,Latin America & Caribbean ,Lower middle income,IDA,-72.3288,18.5392
1323,2022,,Renewable energy consumption (% of total final energy consumption),HT,Haiti,Latin America & Caribbean ,Lower middle income,IDA,-72.3288,18.5392
1324,2021,76.7,Renewable energy consumption (% of total final energy consumption),HT,Haiti,Latin America & Caribbean ,Lower middle income,IDA,-72.3288,18.5392
1325,2020,76.3,Renewable energy consumption (% of total final energy consumption),HT,Haiti,Latin America & Caribbean ,Lower middle income,IDA,-72.3288,18.5392
1326,2019,76.4,Renewable energy consumption (% of total final energy consumption),HT,Haiti,Latin America & Caribbean ,Lower middle income,IDA,-72.3288,18.5392
1327,2018,76.2,Renewable energy consumption (% of total final energy consumption),HT,Haiti,Latin America & Caribbean ,Lower middle income,IDA,-72.3288,18.5392
1328,2017,76.2,Renewable energy consumption (% of total final energy consumption),HT,Haiti,Latin America & Caribbean ,Lower middle income,IDA,-72.3288,18.5392
1329,2016,76.1,Renewable energy consumption (% of total final energy consumption),HT,Haiti,Latin America & Caribbean ,Lower middle income,IDA,-72.3288,18.5392
1330,2025,,Renewable energy consumption (% of total final energy consumption),HN,Honduras,Latin America & Caribbean ,Lower middle income,IDA,-87.4667,15.1333
1331,2024,,Renewable energy consumption (% of total final energy consumption),HN,Honduras,Latin America & Caribbean ,Lower middle income,IDA,-87.4667,15.1333
1332,2023,,Renewable energy consumption (% of total final energy consumption),HN,Honduras,Latin America & Caribbean ,Lower middle income,IDA,-87.4667,15.1333
1333,2022,,Renewable energy consumption (% of total final energy consumption),HN,Honduras,Latin America & Caribbean ,Lower middle income,IDA,-87.4667,15.1333
1334,2021,45.9,Renewable energy consumption (% of total final energy consumption),HN,Honduras,Latin America & Caribbean ,Lower middle income,IDA,-87.4667,15.1333
1335,2020,50.2,Renewable energy consumption (% of total final energy consumption),HN,Honduras,Latin America & Caribbean ,Lower middle income,IDA,-87.4667,15.1333
1336,2019,46.2,Renewable energy consumption (% of total final energy consumption),HN,Honduras,Latin America & Caribbean ,Lower middle income,IDA,-87.4667,15.1333
1337,2018,48.9,Renewable energy consumption (% of total final energy consumption),HN,Honduras,Latin America & Caribbean ,Lower middle income,IDA,-87.4667,15.1333
1338,2017,45.6,Renewable energy consumption (% of total final energy consumption),HN,Honduras,Latin America & Caribbean ,Lower middle income,IDA,-87.4667,15.1333
1339,2016,52.7,Renewable energy consumption (% of total final energy consumption),HN,Honduras,Latin America & Caribbean ,Lower middle income,IDA,-87.4667,15.1333
1340,2025,,Renewable energy consumption (% of total final energy consumption),HK,"Hong Kong SAR, China",East Asia & Pacific,High income,Not classified,114.109,22.3964
1341,2024,,Renewable energy consumption (% of total final energy consumption),HK,"Hong Kong SAR, China",East Asia & Pacific,High income,Not classified,114.109,22.3964
1342,2023,,Renewable energy consumption (% of total final energy consumption),HK,"Hong Kong SAR, China",East Asia & Pacific,High income,Not classified,114.109,22.3964
1343,2022,,Renewable energy consumption (% of total final energy consumption),HK,"Hong Kong SAR, China",East Asia & Pacific,High income,Not classified,114.109,22.3964
1344,2021,0.4,Renewable energy consumption (% of total final energy consumption),HK,"Hong Kong SAR, China",East Asia & Pacific,High income,Not classified,114.109,22.3964
1345,2020,0.3,Renewable energy consumption (% of total final energy consumption),HK,"Hong Kong SAR, China",East Asia & Pacific,High income,Not classified,114.109,22.3964
1346,2019,0.2,Renewable energy consumption (% of total final energy consumption),HK,"Hong Kong SAR, China",East Asia & Pacific,High income,Not classified,114.109,22.3964
1347,2018,0.2,Renewable energy consumption (% of total final energy consumption),HK,"Hong Kong SAR, China",East Asia & Pacific,High income,Not classified,114.109,22.3964
1348,2017,0.2,Renewable energy consumption (% of total final energy consumption),HK,"Hong Kong SAR, China",East Asia & Pacific,High income,Not classified,114.109,22.3964
1349,2016,0.2,Renewable energy consumption (% of total final energy consumption),HK,"Hong Kong SAR, China",East Asia & Pacific,High income,Not classified,114.109,22.3964
1350,2025,,Renewable energy consumption (% of total final energy consumption),HU,Hungary,Europe & Central Asia,High income,Not classified,19.0408,47.4984
1351,2024,,Renewable energy consumption (% of total final energy consumption),HU,Hungary,Europe & Central Asia,High income,Not classified,19.0408,47.4984
1352,2023,,Renewable energy consumption (% of total final energy consumption),HU,Hungary,Europe & Central Asia,High income,Not classified,19.0408,47.4984
1353,2022,,Renewable energy consumption (% of total final energy consumption),HU,Hungary,Europe & Central Asia,High income,Not classified,19.0408,47.4984
1354,2021,15.3,Renewable energy consumption (% of total final energy consumption),HU,Hungary,Europe & Central Asia,High income,Not classified,19.0408,47.4984
1355,2020,14.8,Renewable energy consumption (% of total final energy consumption),HU,Hungary,Europe & Central Asia,High income,Not classified,19.0408,47.4984
1356,2019,13.6,Renewable energy consumption (% of total final energy consumption),HU,Hungary,Europe & Central Asia,High income,Not classified,19.0408,47.4984
1357,2018,13.6,Renewable energy consumption (% of total final energy consumption),HU,Hungary,Europe & Central Asia,High income,Not classified,19.0408,47.4984
1358,2017,14.6,Renewable energy consumption (% of total final energy consumption),HU,Hungary,Europe & Central Asia,High income,Not classified,19.0408,47.4984
1359,2016,15.3,Renewable energy consumption (% of total final energy consumption),HU,Hungary,Europe & Central Asia,High income,Not classified,19.0408,47.4984
1360,2025,,Renewable energy consumption (% of total final energy consumption),IS,Iceland,Europe & Central Asia,High income,Not classified,-21.8952,64.1353
1361,2024,,Renewable energy consumption (% of total final energy consumption),IS,Iceland,Europe & Central Asia,High income,Not classified,-21.8952,64.1353
1362,2023,,Renewable energy consumption (% of total final energy consumption),IS,Iceland,Europe & Central Asia,High income,Not classified,-21.8952,64.1353
1363,2022,,Renewable energy consumption (% of total final energy consumption),IS,Iceland,Europe & Central Asia,High income,Not classified,-21.8952,64.1353
1364,2021,82.4,Renewable energy consumption (% of total final energy consumption),IS,Iceland,Europe & Central Asia,High income,Not classified,-21.8952,64.1353
1365,2020,82.9,Renewable energy consumption (% of total final energy consumption),IS,Iceland,Europe & Central Asia,High income,Not classified,-21.8952,64.1353
1366,2019,81.7,Renewable energy consumption (% of total final energy consumption),IS,Iceland,Europe & Central Asia,High income,Not classified,-21.8952,64.1353
1367,2018,81.4,Renewable energy consumption (% of total final energy consumption),IS,Iceland,Europe & Central Asia,High income,Not classified,-21.8952,64.1353
1368,2017,80.8,Renewable energy consumption (% of total final energy consumption),IS,Iceland,Europe & Central Asia,High income,Not classified,-21.8952,64.1353
1369,2016,80.9,Renewable energy consumption (% of total final energy consumption),IS,Iceland,Europe & Central Asia,High income,Not classified,-21.8952,64.1353
1370,2025,,Renewable energy consumption (% of total final energy consumption),IN,India,South Asia,Lower middle income,IBRD,77.225,28.6353
1371,2024,,Renewable energy consumption (% of total final energy consumption),IN,India,South Asia,Lower middle income,IBRD,77.225,28.6353
1372,2023,,Renewable energy consumption (% of total final energy consumption),IN,India,South Asia,Lower middle income,IBRD,77.225,28.6353
1373,2022,,Renewable energy consumption (% of total final energy consumption),IN,India,South Asia,Lower middle income,IBRD,77.225,28.6353
1374,2021,34.9,Renewable energy consumption (% of total final energy consumption),IN,India,South Asia,Lower middle income,IBRD,77.225,28.6353
1375,2020,36.1,Renewable energy consumption (% of total final energy consumption),IN,India,South Asia,Lower middle income,IBRD,77.225,28.6353
1376,2019,33.5,Renewable energy consumption (% of total final energy consumption),IN,India,South Asia,Lower middle income,IBRD,77.225,28.6353
1377,2018,32.9,Renewable energy consumption (% of total final energy consumption),IN,India,South Asia,Lower middle income,IBRD,77.225,28.6353
1378,2017,32.5,Renewable energy consumption (% of total final energy consumption),IN,India,South Asia,Lower middle income,IBRD,77.225,28.6353
1379,2016,33.0,Renewable energy consumption (% of total final energy consumption),IN,India,South Asia,Lower middle income,IBRD,77.225,28.6353
1380,2025,,Renewable energy consumption (% of total final energy consumption),ID,Indonesia,East Asia & Pacific,Upper middle income,IBRD,106.83,-6.19752
1381,2024,,Renewable energy consumption (% of total final energy consumption),ID,Indonesia,East Asia & Pacific,Upper middle income,IBRD,106.83,-6.19752
1382,2023,,Renewable energy consumption (% of total final energy consumption),ID,Indonesia,East Asia & Pacific,Upper middle income,IBRD,106.83,-6.19752
1383,2022,,Renewable energy consumption (% of total final energy consumption),ID,Indonesia,East Asia & Pacific,Upper middle income,IBRD,106.83,-6.19752
1384,2021,20.2,Renewable energy consumption (% of total final energy consumption),ID,Indonesia,East Asia & Pacific,Upper middle income,IBRD,106.83,-6.19752
1385,2020,21.9,Renewable energy consumption (% of total final energy consumption),ID,Indonesia,East Asia & Pacific,Upper middle income,IBRD,106.83,-6.19752
1386,2019,19.8,Renewable energy consumption (% of total final energy consumption),ID,Indonesia,East Asia & Pacific,Upper middle income,IBRD,106.83,-6.19752
1387,2018,22.0,Renewable energy consumption (% of total final energy consumption),ID,Indonesia,East Asia & Pacific,Upper middle income,IBRD,106.83,-6.19752
1388,2017,25.2,Renewable energy consumption (% of total final energy consumption),ID,Indonesia,East Asia & Pacific,Upper middle income,IBRD,106.83,-6.19752
1389,2016,27.8,Renewable energy consumption (% of total final energy consumption),ID,Indonesia,East Asia & Pacific,Upper middle income,IBRD,106.83,-6.19752
1390,2025,,Renewable energy consumption (% of total final energy consumption),IR,"Iran, Islamic Rep.","Middle East, North Africa, Afghanistan & Pakistan",Upper middle income,IBRD,51.4447,35.6878
1391,2024,,Renewable energy consumption (% of total final energy consumption),IR,"Iran, Islamic Rep.","Middle East, North Africa, Afghanistan & Pakistan",Upper middle income,IBRD,51.4447,35.6878
1392,2023,,Renewable energy consumption (% of total final energy consumption),IR,"Iran, Islamic Rep.","Middle East, North Africa, Afghanistan & Pakistan",Upper middle income,IBRD,51.4447,35.6878
1393,2022,,Renewable energy consumption (% of total final energy consumption),IR,"Iran, Islamic Rep.","Middle East, North Africa, Afghanistan & Pakistan",Upper middle income,IBRD,51.4447,35.6878
1394,2021,0.9,Renewable energy consumption (% of total final energy consumption),IR,"Iran, Islamic Rep.","Middle East, North Africa, Afghanistan & Pakistan",Upper middle income,IBRD,51.4447,35.6878
1395,2020,0.9,Renewable energy consumption (% of total final energy consumption),IR,"Iran, Islamic Rep.","Middle East, North Africa, Afghanistan & Pakistan",Upper middle income,IBRD,51.4447,35.6878
1396,2019,1.0,Renewable energy consumption (% of total final energy consumption),IR,"Iran, Islamic Rep.","Middle East, North Africa, Afghanistan & Pakistan",Upper middle income,IBRD,51.4447,35.6878
1397,2018,1.0,Renewable energy consumption (% of total final energy consumption),IR,"Iran, Islamic Rep.","Middle East, North Africa, Afghanistan & Pakistan",Upper middle income,IBRD,51.4447,35.6878
1398,2017,1.0,Renewable energy consumption (% of total final energy consumption),IR,"Iran, Islamic Rep.","Middle East, North Africa, Afghanistan & Pakistan",Upper middle income,IBRD,51.4447,35.6878
1399,2016,1.0,Renewable energy consumption (% of total final energy consumption),IR,"Iran, Islamic Rep.","Middle East, North Africa, Afghanistan & Pakistan",Upper middle income,IBRD,51.4447,35.6878
1400,2025,,Renewable energy consumption (% of total final energy consumption),IQ,Iraq,"Middle East, North Africa, Afghanistan & Pakistan",Upper middle income,IBRD,44.394,33.3302
1401,2024,,Renewable energy consumption (% of total final energy consumption),IQ,Iraq,"Middle East, North Africa, Afghanistan & Pakistan",Upper middle income,IBRD,44.394,33.3302
1402,2023,,Renewable energy consumption (% of total final energy consumption),IQ,Iraq,"Middle East, North Africa, Afghanistan & Pakistan",Upper middle income,IBRD,44.394,33.3302
1403,2022,,Renewable energy consumption (% of total final energy consumption),IQ,Iraq,"Middle East, North Africa, Afghanistan & Pakistan",Upper middle income,IBRD,44.394,33.3302
1404,2021,1.1,Renewable energy consumption (% of total final energy consumption),IQ,Iraq,"Middle East, North Africa, Afghanistan & Pakistan",Upper middle income,IBRD,44.394,33.3302
1405,2020,1.1,Renewable energy consumption (% of total final energy consumption),IQ,Iraq,"Middle East, North Africa, Afghanistan & Pakistan",Upper middle income,IBRD,44.394,33.3302
1406,2019,0.9,Renewable energy consumption (% of total final energy consumption),IQ,Iraq,"Middle East, North Africa, Afghanistan & Pakistan",Upper middle income,IBRD,44.394,33.3302
1407,2018,0.5,Renewable energy consumption (% of total final energy consumption),IQ,Iraq,"Middle East, North Africa, Afghanistan & Pakistan",Upper middle income,IBRD,44.394,33.3302
1408,2017,0.5,Renewable energy consumption (% of total final energy consumption),IQ,Iraq,"Middle East, North Africa, Afghanistan & Pakistan",Upper middle income,IBRD,44.394,33.3302
1409,2016,0.9,Renewable energy consumption (% of total final energy consumption),IQ,Iraq,"Middle East, North Africa, Afghanistan & Pakistan",Upper middle income,IBRD,44.394,33.3302
1410,2025,,Renewable energy consumption (% of total final energy consumption),IE,Ireland,Europe & Central Asia,High income,Not classified,-6.26749,53.3441
1411,2024,,Renewable energy consumption (% of total final energy consumption),IE,Ireland,Europe & Central Asia,High income,Not classified,-6.26749,53.3441
1412,2023,,Renewable energy consumption (% of total final energy consumption),IE,Ireland,Europe & Central Asia,High income,Not classified,-6.26749,53.3441
1413,2022,,Renewable energy consumption (% of total final energy consumption),IE,Ireland,Europe & Central Asia,High income,Not classified,-6.26749,53.3441
1414,2021,12.7,Renewable energy consumption (% of total final energy consumption),IE,Ireland,Europe & Central Asia,High income,Not classified,-6.26749,53.3441
1415,2020,13.7,Renewable energy consumption (% of total final energy consumption),IE,Ireland,Europe & Central Asia,High income,Not classified,-6.26749,53.3441
1416,2019,12.3,Renewable energy consumption (% of total final energy consumption),IE,Ireland,Europe & Central Asia,High income,Not classified,-6.26749,53.3441
1417,2018,10.8,Renewable energy consumption (% of total final energy consumption),IE,Ireland,Europe & Central Asia,High income,Not classified,-6.26749,53.3441
1418,2017,10.1,Renewable energy consumption (% of total final energy consumption),IE,Ireland,Europe & Central Asia,High income,Not classified,-6.26749,53.3441
1419,2016,8.6,Renewable energy consumption (% of total final energy consumption),IE,Ireland,Europe & Central Asia,High income,Not classified,-6.26749,53.3441
1420,2025,,Renewable energy consumption (% of total final energy consumption),IM,Isle of Man,Europe & Central Asia,High income,Not classified,-4.47928,54.1509
1421,2024,,Renewable energy consumption (% of total final energy consumption),IM,Isle of Man,Europe & Central Asia,High income,Not classified,-4.47928,54.1509
1422,2023,,Renewable energy consumption (% of total final energy consumption),IM,Isle of Man,Europe & Central Asia,High income,Not classified,-4.47928,54.1509
1423,2022,2.7,Renewable energy consumption (% of total final energy consumption),IM,Isle of Man,Europe & Central Asia,High income,Not classified,-4.47928,54.1509
1424,2021,3.2,Renewable energy consumption (% of total final energy consumption),IM,Isle of Man,Europe & Central Asia,High income,Not classified,-4.47928,54.1509
1425,2020,2.0,Renewable energy consumption (% of total final energy consumption),IM,Isle of Man,Europe & Central Asia,High income,Not classified,-4.47928,54.1509
1426,2019,1.9,Renewable energy consumption (% of total final energy consumption),IM,Isle of Man,Europe & Central Asia,High income,Not classified,-4.47928,54.1509
1427,2018,2.0,Renewable energy consumption (% of total final energy consumption),IM,Isle of Man,Europe & Central Asia,High income,Not classified,-4.47928,54.1509
1428,2017,1.9,Renewable energy consumption (% of total final energy consumption),IM,Isle of Man,Europe & Central Asia,High income,Not classified,-4.47928,54.1509
1429,2016,1.9,Renewable energy consumption (% of total final energy consumption),IM,Isle of Man,Europe & Central Asia,High income,Not classified,-4.47928,54.1509
1430,2025,,Renewable energy consumption (% of total final energy consumption),IL,Israel,"Middle East, North Africa, Afghanistan & Pakistan",High income,Not classified,35.2035,31.7717
1431,2024,,Renewable energy consumption (% of total final energy consumption),IL,Israel,"Middle East, North Africa, Afghanistan & Pakistan",High income,Not classified,35.2035,31.7717
1432,2023,,Renewable energy consumption (% of total final energy consumption),IL,Israel,"Middle East, North Africa, Afghanistan & Pakistan",High income,Not classified,35.2035,31.7717
1433,2022,,Renewable energy consumption (% of total final energy consumption),IL,Israel,"Middle East, North Africa, Afghanistan & Pakistan",High income,Not classified,35.2035,31.7717
1434,2021,6.2,Renewable energy consumption (% of total final energy consumption),IL,Israel,"Middle East, North Africa, Afghanistan & Pakistan",High income,Not classified,35.2035,31.7717
1435,2020,5.6,Renewable energy consumption (% of total final energy consumption),IL,Israel,"Middle East, North Africa, Afghanistan & Pakistan",High income,Not classified,35.2035,31.7717
1436,2019,4.5,Renewable energy consumption (% of total final energy consumption),IL,Israel,"Middle East, North Africa, Afghanistan & Pakistan",High income,Not classified,35.2035,31.7717
1437,2018,3.8,Renewable energy consumption (% of total final energy consumption),IL,Israel,"Middle East, North Africa, Afghanistan & Pakistan",High income,Not classified,35.2035,31.7717
1438,2017,3.9,Renewable energy consumption (% of total final energy consumption),IL,Israel,"Middle East, North Africa, Afghanistan & Pakistan",High income,Not classified,35.2035,31.7717
1439,2016,4.0,Renewable energy consumption (% of total final energy consumption),IL,Israel,"Middle East, North Africa, Afghanistan & Pakistan",High income,Not classified,35.2035,31.7717
1440,2025,,Renewable energy consumption (% of total final energy consumption),IT,Italy,Europe & Central Asia,High income,Not classified,12.4823,41.8955
1441,2024,,Renewable energy consumption (% of total final energy consumption),IT,Italy,Europe & Central Asia,High income,Not classified,12.4823,41.8955
1442,2023,,Renewable energy consumption (% of total final energy consumption),IT,Italy,Europe & Central Asia,High income,Not classified,12.4823,41.8955
1443,2022,,Renewable energy consumption (% of total final energy consumption),IT,Italy,Europe & Central Asia,High income,Not classified,12.4823,41.8955
1444,2021,17.5,Renewable energy consumption (% of total final energy consumption),IT,Italy,Europe & Central Asia,High income,Not classified,12.4823,41.8955
1445,2020,18.7,Renewable energy consumption (% of total final energy consumption),IT,Italy,Europe & Central Asia,High income,Not classified,12.4823,41.8955
1446,2019,17.3,Renewable energy consumption (% of total final energy consumption),IT,Italy,Europe & Central Asia,High income,Not classified,12.4823,41.8955
1447,2018,17.1,Renewable energy consumption (% of total final energy consumption),IT,Italy,Europe & Central Asia,High income,Not classified,12.4823,41.8955
1448,2017,16.4,Renewable energy consumption (% of total final energy consumption),IT,Italy,Europe & Central Asia,High income,Not classified,12.4823,41.8955
1449,2016,16.1,Renewable energy consumption (% of total final energy consumption),IT,Italy,Europe & Central Asia,High income,Not classified,12.4823,41.8955
1450,2025,,Renewable energy consumption (% of total final energy consumption),JM,Jamaica,Latin America & Caribbean ,Upper middle income,IBRD,-76.792,17.9927
1451,2024,,Renewable energy consumption (% of total final energy consumption),JM,Jamaica,Latin America & Caribbean ,Upper middle income,IBRD,-76.792,17.9927
1452,2023,,Renewable energy consumption (% of total final energy consumption),JM,Jamaica,Latin America & Caribbean ,Upper middle income,IBRD,-76.792,17.9927
1453,2022,,Renewable energy consumption (% of total final energy consumption),JM,Jamaica,Latin America & Caribbean ,Upper middle income,IBRD,-76.792,17.9927
1454,2021,10.5,Renewable energy consumption (% of total final energy consumption),JM,Jamaica,Latin America & Caribbean ,Upper middle income,IBRD,-76.792,17.9927
1455,2020,11.7,Renewable energy consumption (% of total final energy consumption),JM,Jamaica,Latin America & Caribbean ,Upper middle income,IBRD,-76.792,17.9927
1456,2019,9.2,Renewable energy consumption (% of total final energy consumption),JM,Jamaica,Latin America & Caribbean ,Upper middle income,IBRD,-76.792,17.9927
1457,2018,8.9,Renewable energy consumption (% of total final energy consumption),JM,Jamaica,Latin America & Caribbean ,Upper middle income,IBRD,-76.792,17.9927
1458,2017,11.0,Renewable energy consumption (% of total final energy consumption),JM,Jamaica,Latin America & Caribbean ,Upper middle income,IBRD,-76.792,17.9927
1459,2016,11.1,Renewable energy consumption (% of total final energy consumption),JM,Jamaica,Latin America & Caribbean ,Upper middle income,IBRD,-76.792,17.9927
1460,2025,,Renewable energy consumption (% of total final energy consumption),JP,Japan,East Asia & Pacific,High income,Not classified,139.77,35.67
1461,2024,,Renewable energy consumption (% of total final energy consumption),JP,Japan,East Asia & Pacific,High income,Not classified,139.77,35.67
1462,2023,,Renewable energy consumption (% of total final energy consumption),JP,Japan,East Asia & Pacific,High income,Not classified,139.77,35.67
1463,2022,,Renewable energy consumption (% of total final energy consumption),JP,Japan,East Asia & Pacific,High income,Not classified,139.77,35.67
1464,2021,8.8,Renewable energy consumption (% of total final energy consumption),JP,Japan,East Asia & Pacific,High income,Not classified,139.77,35.67
1465,2020,8.5,Renewable energy consumption (% of total final energy consumption),JP,Japan,East Asia & Pacific,High income,Not classified,139.77,35.67
1466,2019,7.8,Renewable energy consumption (% of total final energy consumption),JP,Japan,East Asia & Pacific,High income,Not classified,139.77,35.67
1467,2018,7.3,Renewable energy consumption (% of total final energy consumption),JP,Japan,East Asia & Pacific,High income,Not classified,139.77,35.67
1468,2017,6.9,Renewable energy consumption (% of total final energy consumption),JP,Japan,East Asia & Pacific,High income,Not classified,139.77,35.67
1469,2016,6.4,Renewable energy consumption (% of total final energy consumption),JP,Japan,East Asia & Pacific,High income,Not classified,139.77,35.67
1470,2025,,Renewable energy consumption (% of total final energy consumption),JO,Jordan,"Middle East, North Africa, Afghanistan & Pakistan",Upper middle income,IBRD,35.9263,31.9497
1471,2024,,Renewable energy consumption (% of total final energy consumption),JO,Jordan,"Middle East, North Africa, Afghanistan & Pakistan",Upper middle income,IBRD,35.9263,31.9497
1472,2023,,Renewable energy consumption (% of total final energy consumption),JO,Jordan,"Middle East, North Africa, Afghanistan & Pakistan",Upper middle income,IBRD,35.9263,31.9497
1473,2022,,Renewable energy consumption (% of total final energy consumption),JO,Jordan,"Middle East, North Africa, Afghanistan & Pakistan",Upper middle income,IBRD,35.9263,31.9497
1474,2021,11.5,Renewable energy consumption (% of total final energy consumption),JO,Jordan,"Middle East, North Africa, Afghanistan & Pakistan",Upper middle income,IBRD,35.9263,31.9497
1475,2020,10.7,Renewable energy consumption (% of total final energy consumption),JO,Jordan,"Middle East, North Africa, Afghanistan & Pakistan",Upper middle income,IBRD,35.9263,31.9497
1476,2019,8.5,Renewable energy consumption (% of total final energy consumption),JO,Jordan,"Middle East, North Africa, Afghanistan & Pakistan",Upper middle income,IBRD,35.9263,31.9497
1477,2018,7.2,Renewable energy consumption (% of total final energy consumption),JO,Jordan,"Middle East, North Africa, Afghanistan & Pakistan",Upper middle income,IBRD,35.9263,31.9497
1478,2017,5.3,Renewable energy consumption (% of total final energy consumption),JO,Jordan,"Middle East, North Africa, Afghanistan & Pakistan",Upper middle income,IBRD,35.9263,31.9497
1479,2016,4.7,Renewable energy consumption (% of total final energy consumption),JO,Jordan,"Middle East, North Africa, Afghanistan & Pakistan",Upper middle income,IBRD,35.9263,31.9497
1480,2025,,Renewable energy consumption (% of total final energy consumption),KZ,Kazakhstan,Europe & Central Asia,Upper middle income,IBRD,71.4382,51.1879
1481,2024,,Renewable energy consumption (% of total final energy consumption),KZ,Kazakhstan,Europe & Central Asia,Upper middle income,IBRD,71.4382,51.1879
1482,2023,,Renewable energy consumption (% of total final energy consumption),KZ,Kazakhstan,Europe & Central Asia,Upper middle income,IBRD,71.4382,51.1879
1483,2022,,Renewable energy consumption (% of total final energy consumption),KZ,Kazakhstan,Europe & Central Asia,Upper middle income,IBRD,71.4382,51.1879
1484,2021,2.0,Renewable energy consumption (% of total final energy consumption),KZ,Kazakhstan,Europe & Central Asia,Upper middle income,IBRD,71.4382,51.1879
1485,2020,1.8,Renewable energy consumption (% of total final energy consumption),KZ,Kazakhstan,Europe & Central Asia,Upper middle income,IBRD,71.4382,51.1879
1486,2019,1.9,Renewable energy consumption (% of total final energy consumption),KZ,Kazakhstan,Europe & Central Asia,Upper middle income,IBRD,71.4382,51.1879
1487,2018,1.9,Renewable energy consumption (% of total final energy consumption),KZ,Kazakhstan,Europe & Central Asia,Upper middle income,IBRD,71.4382,51.1879
1488,2017,2.0,Renewable energy consumption (% of total final energy consumption),KZ,Kazakhstan,Europe & Central Asia,Upper middle income,IBRD,71.4382,51.1879
1489,2016,2.1,Renewable energy consumption (% of total final energy consumption),KZ,Kazakhstan,Europe & Central Asia,Upper middle income,IBRD,71.4382,51.1879
1490,2025,,Renewable energy consumption (% of total final energy consumption),KE,Kenya,Sub-Saharan Africa ,Lower middle income,Blend,36.8126,-1.27975
1491,2024,,Renewable energy consumption (% of total final energy consumption),KE,Kenya,Sub-Saharan Africa ,Lower middle income,Blend,36.8126,-1.27975
1492,2023,,Renewable energy consumption (% of total final energy consumption),KE,Kenya,Sub-Saharan Africa ,Lower middle income,Blend,36.8126,-1.27975
1493,2022,,Renewable energy consumption (% of total final energy consumption),KE,Kenya,Sub-Saharan Africa ,Lower middle income,Blend,36.8126,-1.27975
1494,2021,67.7,Renewable energy consumption (% of total final energy consumption),KE,Kenya,Sub-Saharan Africa ,Lower middle income,Blend,36.8126,-1.27975
1495,2020,69.0,Renewable energy consumption (% of total final energy consumption),KE,Kenya,Sub-Saharan Africa ,Lower middle income,Blend,36.8126,-1.27975
1496,2019,68.1,Renewable energy consumption (% of total final energy consumption),KE,Kenya,Sub-Saharan Africa ,Lower middle income,Blend,36.8126,-1.27975
1497,2018,68.7,Renewable energy consumption (% of total final energy consumption),KE,Kenya,Sub-Saharan Africa ,Lower middle income,Blend,36.8126,-1.27975
1498,2017,68.1,Renewable energy consumption (% of total final energy consumption),KE,Kenya,Sub-Saharan Africa ,Lower middle income,Blend,36.8126,-1.27975
1499,2016,68.3,Renewable energy consumption (% of total final energy consumption),KE,Kenya,Sub-Saharan Africa ,Lower middle income,Blend,36.8126,-1.27975
1500,2025,,Renewable energy consumption (% of total final energy consumption),KI,Kiribati,East Asia & Pacific,Lower middle income,IDA,172.979,1.32905
1501,2024,,Renewable energy consumption (% of total final energy consumption),KI,Kiribati,East Asia & Pacific,Lower middle income,IDA,172.979,1.32905
1502,2023,,Renewable energy consumption (% of total final energy consumption),KI,Kiribati,East Asia & Pacific,Lower middle income,IDA,172.979,1.32905
1503,2022,41.9,Renewable energy consumption (% of total final energy consumption),KI,Kiribati,East Asia & Pacific,Lower middle income,IDA,172.979,1.32905
1504,2021,42.2,Renewable energy consumption (% of total final energy consumption),KI,Kiribati,East Asia & Pacific,Lower middle income,IDA,172.979,1.32905
1505,2020,42.2,Renewable energy consumption (% of total final energy consumption),KI,Kiribati,East Asia & Pacific,Lower middle income,IDA,172.979,1.32905
1506,2019,42.2,Renewable energy consumption (% of total final energy consumption),KI,Kiribati,East Asia & Pacific,Lower middle income,IDA,172.979,1.32905
1507,2018,42.3,Renewable energy consumption (% of total final energy consumption),KI,Kiribati,East Asia & Pacific,Lower middle income,IDA,172.979,1.32905
1508,2017,42.5,Renewable energy consumption (% of total final energy consumption),KI,Kiribati,East Asia & Pacific,Lower middle income,IDA,172.979,1.32905
1509,2016,48.1,Renewable energy consumption (% of total final energy consumption),KI,Kiribati,East Asia & Pacific,Lower middle income,IDA,172.979,1.32905
1510,2025,,Renewable energy consumption (% of total final energy consumption),KP,"Korea, Dem. People's Rep.",East Asia & Pacific,Low income,Not classified,125.754,39.0319
1511,2024,,Renewable energy consumption (% of total final energy consumption),KP,"Korea, Dem. People's Rep.",East Asia & Pacific,Low income,Not classified,125.754,39.0319
1512,2023,,Renewable energy consumption (% of total final energy consumption),KP,"Korea, Dem. People's Rep.",East Asia & Pacific,Low income,Not classified,125.754,39.0319
1513,2022,,Renewable energy consumption (% of total final energy consumption),KP,"Korea, Dem. People's Rep.",East Asia & Pacific,Low income,Not classified,125.754,39.0319
1514,2021,14.7,Renewable energy consumption (% of total final energy consumption),KP,"Korea, Dem. People's Rep.",East Asia & Pacific,Low income,Not classified,125.754,39.0319
1515,2020,11.2,Renewable energy consumption (% of total final energy consumption),KP,"Korea, Dem. People's Rep.",East Asia & Pacific,Low income,Not classified,125.754,39.0319
1516,2019,10.0,Renewable energy consumption (% of total final energy consumption),KP,"Korea, Dem. People's Rep.",East Asia & Pacific,Low income,Not classified,125.754,39.0319
1517,2018,11.9,Renewable energy consumption (% of total final energy consumption),KP,"Korea, Dem. People's Rep.",East Asia & Pacific,Low income,Not classified,125.754,39.0319
1518,2017,10.2,Renewable energy consumption (% of total final energy consumption),KP,"Korea, Dem. People's Rep.",East Asia & Pacific,Low income,Not classified,125.754,39.0319
1519,2016,24.0,Renewable energy consumption (% of total final energy consumption),KP,"Korea, Dem. People's Rep.",East Asia & Pacific,Low income,Not classified,125.754,39.0319
1520,2025,,Renewable energy consumption (% of total final energy consumption),KR,"Korea, Rep.",East Asia & Pacific,High income,Not classified,126.957,37.5323
1521,2024,,Renewable energy consumption (% of total final energy consumption),KR,"Korea, Rep.",East Asia & Pacific,High income,Not classified,126.957,37.5323
1522,2023,,Renewable energy consumption (% of total final energy consumption),KR,"Korea, Rep.",East Asia & Pacific,High income,Not classified,126.957,37.5323
1523,2022,,Renewable energy consumption (% of total final energy consumption),KR,"Korea, Rep.",East Asia & Pacific,High income,Not classified,126.957,37.5323
1524,2021,3.6,Renewable energy consumption (% of total final energy consumption),KR,"Korea, Rep.",East Asia & Pacific,High income,Not classified,126.957,37.5323
1525,2020,3.6,Renewable energy consumption (% of total final energy consumption),KR,"Korea, Rep.",East Asia & Pacific,High income,Not classified,126.957,37.5323
1526,2019,3.2,Renewable energy consumption (% of total final energy consumption),KR,"Korea, Rep.",East Asia & Pacific,High income,Not classified,126.957,37.5323
1527,2018,3.2,Renewable energy consumption (% of total final energy consumption),KR,"Korea, Rep.",East Asia & Pacific,High income,Not classified,126.957,37.5323
1528,2017,2.8,Renewable energy consumption (% of total final energy consumption),KR,"Korea, Rep.",East Asia & Pacific,High income,Not classified,126.957,37.5323
1529,2016,2.6,Renewable energy consumption (% of total final energy consumption),KR,"Korea, Rep.",East Asia & Pacific,High income,Not classified,126.957,37.5323
1530,2025,,Renewable energy consumption (% of total final energy consumption),XK,Kosovo,Europe & Central Asia,Upper middle income,IDA,20.926,42.565
1531,2024,,Renewable energy consumption (% of total final energy consumption),XK,Kosovo,Europe & Central Asia,Upper middle income,IDA,20.926,42.565
1532,2023,,Renewable energy consumption (% of total final energy consumption),XK,Kosovo,Europe & Central Asia,Upper middle income,IDA,20.926,42.565
1533,2022,,Renewable energy consumption (% of total final energy consumption),XK,Kosovo,Europe & Central Asia,Upper middle income,IDA,20.926,42.565
1534,2021,,Renewable energy consumption (% of total final energy consumption),XK,Kosovo,Europe & Central Asia,Upper middle income,IDA,20.926,42.565
1535,2020,,Renewable energy consumption (% of total final energy consumption),XK,Kosovo,Europe & Central Asia,Upper middle income,IDA,20.926,42.565
1536,2019,,Renewable energy consumption (% of total final energy consumption),XK,Kosovo,Europe & Central Asia,Upper middle income,IDA,20.926,42.565
1537,2018,,Renewable energy consumption (% of total final energy consumption),XK,Kosovo,Europe & Central Asia,Upper middle income,IDA,20.926,42.565
1538,2017,,Renewable energy consumption (% of total final energy consumption),XK,Kosovo,Europe & Central Asia,Upper middle income,IDA,20.926,42.565
1539,2016,,Renewable energy consumption (% of total final energy consumption),XK,Kosovo,Europe & Central Asia,Upper middle income,IDA,20.926,42.565
1540,2025,,Renewable energy consumption (% of total final energy consumption),KW,Kuwait,"Middle East, North Africa, Afghanistan & Pakistan",High income,Not classified,47.9824,29.3721
1541,2024,,Renewable energy consumption (% of total final energy consumption),KW,Kuwait,"Middle East, North Africa, Afghanistan & Pakistan",High income,Not classified,47.9824,29.3721
1542,2023,,Renewable energy consumption (% of total final energy consumption),KW,Kuwait,"Middle East, North Africa, Afghanistan & Pakistan",High income,Not classified,47.9824,29.3721
1543,2022,,Renewable energy consumption (% of total final energy consumption),KW,Kuwait,"Middle East, North Africa, Afghanistan & Pakistan",High income,Not classified,47.9824,29.3721
1544,2021,0.1,Renewable energy consumption (% of total final energy consumption),KW,Kuwait,"Middle East, North Africa, Afghanistan & Pakistan",High income,Not classified,47.9824,29.3721
1545,2020,0.1,Renewable energy consumption (% of total final energy consumption),KW,Kuwait,"Middle East, North Africa, Afghanistan & Pakistan",High income,Not classified,47.9824,29.3721
1546,2019,0.1,Renewable energy consumption (% of total final energy consumption),KW,Kuwait,"Middle East, North Africa, Afghanistan & Pakistan",High income,Not classified,47.9824,29.3721
1547,2018,0.0,Renewable energy consumption (% of total final energy consumption),KW,Kuwait,"Middle East, North Africa, Afghanistan & Pakistan",High income,Not classified,47.9824,29.3721
1548,2017,0.0,Renewable energy consumption (% of total final energy consumption),KW,Kuwait,"Middle East, North Africa, Afghanistan & Pakistan",High income,Not classified,47.9824,29.3721
1549,2016,0.0,Renewable energy consumption (% of total final energy consumption),KW,Kuwait,"Middle East, North Africa, Afghanistan & Pakistan",High income,Not classified,47.9824,29.3721
1550,2025,,Renewable energy consumption (% of total final energy consumption),KG,Kyrgyz Republic,Europe & Central Asia,Lower middle income,IDA,74.6057,42.8851
1551,2024,,Renewable energy consumption (% of total final energy consumption),KG,Kyrgyz Republic,Europe & Central Asia,Lower middle income,IDA,74.6057,42.8851
1552,2023,,Renewable energy consumption (% of total final energy consumption),KG,Kyrgyz Republic,Europe & Central Asia,Lower middle income,IDA,74.6057,42.8851
1553,2022,,Renewable energy consumption (% of total final energy consumption),KG,Kyrgyz Republic,Europe & Central Asia,Lower middle income,IDA,74.6057,42.8851
1554,2021,27.6,Renewable energy consumption (% of total final energy consumption),KG,Kyrgyz Republic,Europe & Central Asia,Lower middle income,IDA,74.6057,42.8851
1555,2020,30.0,Renewable energy consumption (% of total final energy consumption),KG,Kyrgyz Republic,Europe & Central Asia,Lower middle income,IDA,74.6057,42.8851
1556,2019,28.3,Renewable energy consumption (% of total final energy consumption),KG,Kyrgyz Republic,Europe & Central Asia,Lower middle income,IDA,74.6057,42.8851
1557,2018,23.4,Renewable energy consumption (% of total final energy consumption),KG,Kyrgyz Republic,Europe & Central Asia,Lower middle income,IDA,74.6057,42.8851
1558,2017,24.7,Renewable energy consumption (% of total final energy consumption),KG,Kyrgyz Republic,Europe & Central Asia,Lower middle income,IDA,74.6057,42.8851
1559,2016,22.2,Renewable energy consumption (% of total final energy consumption),KG,Kyrgyz Republic,Europe & Central Asia,Lower middle income,IDA,74.6057,42.8851
1560,2025,,Renewable energy consumption (% of total final energy consumption),LA,Lao PDR,East Asia & Pacific,Lower middle income,IDA,102.177,18.5826
1561,2024,,Renewable energy consumption (% of total final energy consumption),LA,Lao PDR,East Asia & Pacific,Lower middle income,IDA,102.177,18.5826
1562,2023,,Renewable energy consumption (% of total final energy consumption),LA,Lao PDR,East Asia & Pacific,Lower middle income,IDA,102.177,18.5826
1563,2022,49.2,Renewable energy consumption (% of total final energy consumption),LA,Lao PDR,East Asia & Pacific,Lower middle income,IDA,102.177,18.5826
1564,2021,51.5,Renewable energy consumption (% of total final energy consumption),LA,Lao PDR,East Asia & Pacific,Lower middle income,IDA,102.177,18.5826
1565,2020,50.6,Renewable energy consumption (% of total final energy consumption),LA,Lao PDR,East Asia & Pacific,Lower middle income,IDA,102.177,18.5826
1566,2019,50.5,Renewable energy consumption (% of total final energy consumption),LA,Lao PDR,East Asia & Pacific,Lower middle income,IDA,102.177,18.5826
1567,2018,50.2,Renewable energy consumption (% of total final energy consumption),LA,Lao PDR,East Asia & Pacific,Lower middle income,IDA,102.177,18.5826
1568,2017,50.6,Renewable energy consumption (% of total final energy consumption),LA,Lao PDR,East Asia & Pacific,Lower middle income,IDA,102.177,18.5826
1569,2016,51.7,Renewable energy consumption (% of total final energy consumption),LA,Lao PDR,East Asia & Pacific,Lower middle income,IDA,102.177,18.5826
1570,2025,,Renewable energy consumption (% of total final energy consumption),LV,Latvia,Europe & Central Asia,High income,Not classified,24.1048,56.9465
1571,2024,,Renewable energy consumption (% of total final energy consumption),LV,Latvia,Europe & Central Asia,High income,Not classified,24.1048,56.9465
1572,2023,,Renewable energy consumption (% of total final energy consumption),LV,Latvia,Europe & Central Asia,High income,Not classified,24.1048,56.9465
1573,2022,,Renewable energy consumption (% of total final energy consumption),LV,Latvia,Europe & Central Asia,High income,Not classified,24.1048,56.9465
1574,2021,44.0,Renewable energy consumption (% of total final energy consumption),LV,Latvia,Europe & Central Asia,High income,Not classified,24.1048,56.9465
1575,2020,43.8,Renewable energy consumption (% of total final energy consumption),LV,Latvia,Europe & Central Asia,High income,Not classified,24.1048,56.9465
1576,2019,41.5,Renewable energy consumption (% of total final energy consumption),LV,Latvia,Europe & Central Asia,High income,Not classified,24.1048,56.9465
1577,2018,41.0,Renewable energy consumption (% of total final energy consumption),LV,Latvia,Europe & Central Asia,High income,Not classified,24.1048,56.9465
1578,2017,42.6,Renewable energy consumption (% of total final energy consumption),LV,Latvia,Europe & Central Asia,High income,Not classified,24.1048,56.9465
1579,2016,38.5,Renewable energy consumption (% of total final energy consumption),LV,Latvia,Europe & Central Asia,High income,Not classified,24.1048,56.9465
1580,2025,,Renewable energy consumption (% of total final energy consumption),LB,Lebanon,"Middle East, North Africa, Afghanistan & Pakistan",Lower middle income,IBRD,35.5134,33.8872
1581,2024,,Renewable energy consumption (% of total final energy consumption),LB,Lebanon,"Middle East, North Africa, Afghanistan & Pakistan",Lower middle income,IBRD,35.5134,33.8872
1582,2023,,Renewable energy consumption (% of total final energy consumption),LB,Lebanon,"Middle East, North Africa, Afghanistan & Pakistan",Lower middle income,IBRD,35.5134,33.8872
1583,2022,,Renewable energy consumption (% of total final energy consumption),LB,Lebanon,"Middle East, North Africa, Afghanistan & Pakistan",Lower middle income,IBRD,35.5134,33.8872
1584,2021,6.8,Renewable energy consumption (% of total final energy consumption),LB,Lebanon,"Middle East, North Africa, Afghanistan & Pakistan",Lower middle income,IBRD,35.5134,33.8872
1585,2020,6.3,Renewable energy consumption (% of total final energy consumption),LB,Lebanon,"Middle East, North Africa, Afghanistan & Pakistan",Lower middle income,IBRD,35.5134,33.8872
1586,2019,5.1,Renewable energy consumption (% of total final energy consumption),LB,Lebanon,"Middle East, North Africa, Afghanistan & Pakistan",Lower middle income,IBRD,35.5134,33.8872
1587,2018,4.7,Renewable energy consumption (% of total final energy consumption),LB,Lebanon,"Middle East, North Africa, Afghanistan & Pakistan",Lower middle income,IBRD,35.5134,33.8872
1588,2017,4.0,Renewable energy consumption (% of total final energy consumption),LB,Lebanon,"Middle East, North Africa, Afghanistan & Pakistan",Lower middle income,IBRD,35.5134,33.8872
1589,2016,4.0,Renewable energy consumption (% of total final energy consumption),LB,Lebanon,"Middle East, North Africa, Afghanistan & Pakistan",Lower middle income,IBRD,35.5134,33.8872
1590,2025,,Renewable energy consumption (% of total final energy consumption),LS,Lesotho,Sub-Saharan Africa ,Lower middle income,IDA,27.7167,-29.5208
1591,2024,,Renewable energy consumption (% of total final energy consumption),LS,Lesotho,Sub-Saharan Africa ,Lower middle income,IDA,27.7167,-29.5208
1592,2023,,Renewable energy consumption (% of total final energy consumption),LS,Lesotho,Sub-Saharan Africa ,Lower middle income,IDA,27.7167,-29.5208
1593,2022,34.9,Renewable energy consumption (% of total final energy consumption),LS,Lesotho,Sub-Saharan Africa ,Lower middle income,IDA,27.7167,-29.5208
1594,2021,33.6,Renewable energy consumption (% of total final energy consumption),LS,Lesotho,Sub-Saharan Africa ,Lower middle income,IDA,27.7167,-29.5208
1595,2020,43.2,Renewable energy consumption (% of total final energy consumption),LS,Lesotho,Sub-Saharan Africa ,Lower middle income,IDA,27.7167,-29.5208
1596,2019,41.6,Renewable energy consumption (% of total final energy consumption),LS,Lesotho,Sub-Saharan Africa ,Lower middle income,IDA,27.7167,-29.5208
1597,2018,42.5,Renewable energy consumption (% of total final energy consumption),LS,Lesotho,Sub-Saharan Africa ,Lower middle income,IDA,27.7167,-29.5208
1598,2017,41.5,Renewable energy consumption (% of total final energy consumption),LS,Lesotho,Sub-Saharan Africa ,Lower middle income,IDA,27.7167,-29.5208
1599,2016,45.1,Renewable energy consumption (% of total final energy consumption),LS,Lesotho,Sub-Saharan Africa ,Lower middle income,IDA,27.7167,-29.5208
1600,2025,,Renewable energy consumption (% of total final energy consumption),LR,Liberia,Sub-Saharan Africa ,Low income,IDA,-10.7957,6.30039
1601,2024,,Renewable energy consumption (% of total final energy consumption),LR,Liberia,Sub-Saharan Africa ,Low income,IDA,-10.7957,6.30039
1602,2023,,Renewable energy consumption (% of total final energy consumption),LR,Liberia,Sub-Saharan Africa ,Low income,IDA,-10.7957,6.30039
1603,2022,92.8,Renewable energy consumption (% of total final energy consumption),LR,Liberia,Sub-Saharan Africa ,Low income,IDA,-10.7957,6.30039
1604,2021,93.2,Renewable energy consumption (% of total final energy consumption),LR,Liberia,Sub-Saharan Africa ,Low income,IDA,-10.7957,6.30039
1605,2020,93.0,Renewable energy consumption (% of total final energy consumption),LR,Liberia,Sub-Saharan Africa ,Low income,IDA,-10.7957,6.30039
1606,2019,89.7,Renewable energy consumption (% of total final energy consumption),LR,Liberia,Sub-Saharan Africa ,Low income,IDA,-10.7957,6.30039
1607,2018,94.4,Renewable energy consumption (% of total final energy consumption),LR,Liberia,Sub-Saharan Africa ,Low income,IDA,-10.7957,6.30039
1608,2017,93.6,Renewable energy consumption (% of total final energy consumption),LR,Liberia,Sub-Saharan Africa ,Low income,IDA,-10.7957,6.30039
1609,2016,92.8,Renewable energy consumption (% of total final energy consumption),LR,Liberia,Sub-Saharan Africa ,Low income,IDA,-10.7957,6.30039
1610,2025,,Renewable energy consumption (% of total final energy consumption),LY,Libya,"Middle East, North Africa, Afghanistan & Pakistan",Upper middle income,IBRD,13.1072,32.8578
1611,2024,,Renewable energy consumption (% of total final energy consumption),LY,Libya,"Middle East, North Africa, Afghanistan & Pakistan",Upper middle income,IBRD,13.1072,32.8578
1612,2023,,Renewable energy consumption (% of total final energy consumption),LY,Libya,"Middle East, North Africa, Afghanistan & Pakistan",Upper middle income,IBRD,13.1072,32.8578
1613,2022,,Renewable energy consumption (% of total final energy consumption),LY,Libya,"Middle East, North Africa, Afghanistan & Pakistan",Upper middle income,IBRD,13.1072,32.8578
1614,2021,3.1,Renewable energy consumption (% of total final energy consumption),LY,Libya,"Middle East, North Africa, Afghanistan & Pakistan",Upper middle income,IBRD,13.1072,32.8578
1615,2020,3.2,Renewable energy consumption (% of total final energy consumption),LY,Libya,"Middle East, North Africa, Afghanistan & Pakistan",Upper middle income,IBRD,13.1072,32.8578
1616,2019,3.0,Renewable energy consumption (% of total final energy consumption),LY,Libya,"Middle East, North Africa, Afghanistan & Pakistan",Upper middle income,IBRD,13.1072,32.8578
1617,2018,2.9,Renewable energy consumption (% of total final energy consumption),LY,Libya,"Middle East, North Africa, Afghanistan & Pakistan",Upper middle income,IBRD,13.1072,32.8578
1618,2017,2.9,Renewable energy consumption (% of total final energy consumption),LY,Libya,"Middle East, North Africa, Afghanistan & Pakistan",Upper middle income,IBRD,13.1072,32.8578
1619,2016,2.8,Renewable energy consumption (% of total final energy consumption),LY,Libya,"Middle East, North Africa, Afghanistan & Pakistan",Upper middle income,IBRD,13.1072,32.8578
1620,2025,,Renewable energy consumption (% of total final energy consumption),LI,Liechtenstein,Europe & Central Asia,High income,Not classified,9.52148,47.1411
1621,2024,,Renewable energy consumption (% of total final energy consumption),LI,Liechtenstein,Europe & Central Asia,High income,Not classified,9.52148,47.1411
1622,2023,,Renewable energy consumption (% of total final energy consumption),LI,Liechtenstein,Europe & Central Asia,High income,Not classified,9.52148,47.1411
1623,2022,56.9,Renewable energy consumption (% of total final energy consumption),LI,Liechtenstein,Europe & Central Asia,High income,Not classified,9.52148,47.1411
1624,2021,53.6,Renewable energy consumption (% of total final energy consumption),LI,Liechtenstein,Europe & Central Asia,High income,Not classified,9.52148,47.1411
1625,2020,55.2,Renewable energy consumption (% of total final energy consumption),LI,Liechtenstein,Europe & Central Asia,High income,Not classified,9.52148,47.1411
1626,2019,56.1,Renewable energy consumption (% of total final energy consumption),LI,Liechtenstein,Europe & Central Asia,High income,Not classified,9.52148,47.1411
1627,2018,56.8,Renewable energy consumption (% of total final energy consumption),LI,Liechtenstein,Europe & Central Asia,High income,Not classified,9.52148,47.1411
1628,2017,55.3,Renewable energy consumption (% of total final energy consumption),LI,Liechtenstein,Europe & Central Asia,High income,Not classified,9.52148,47.1411
1629,2016,55.8,Renewable energy consumption (% of total final energy consumption),LI,Liechtenstein,Europe & Central Asia,High income,Not classified,9.52148,47.1411
1630,2025,,Renewable energy consumption (% of total final energy consumption),LT,Lithuania,Europe & Central Asia,High income,Not classified,25.2799,54.6896
1631,2024,,Renewable energy consumption (% of total final energy consumption),LT,Lithuania,Europe & Central Asia,High income,Not classified,25.2799,54.6896
1632,2023,,Renewable energy consumption (% of total final energy consumption),LT,Lithuania,Europe & Central Asia,High income,Not classified,25.2799,54.6896
1633,2022,,Renewable energy consumption (% of total final energy consumption),LT,Lithuania,Europe & Central Asia,High income,Not classified,25.2799,54.6896
1634,2021,33.2,Renewable energy consumption (% of total final energy consumption),LT,Lithuania,Europe & Central Asia,High income,Not classified,25.2799,54.6896
1635,2020,31.7,Renewable energy consumption (% of total final energy consumption),LT,Lithuania,Europe & Central Asia,High income,Not classified,25.2799,54.6896
1636,2019,33.5,Renewable energy consumption (% of total final energy consumption),LT,Lithuania,Europe & Central Asia,High income,Not classified,25.2799,54.6896
1637,2018,33.7,Renewable energy consumption (% of total final energy consumption),LT,Lithuania,Europe & Central Asia,High income,Not classified,25.2799,54.6896
1638,2017,33.8,Renewable energy consumption (% of total final energy consumption),LT,Lithuania,Europe & Central Asia,High income,Not classified,25.2799,54.6896
1639,2016,31.5,Renewable energy consumption (% of total final energy consumption),LT,Lithuania,Europe & Central Asia,High income,Not classified,25.2799,54.6896
1640,2025,,Renewable energy consumption (% of total final energy consumption),LU,Luxembourg,Europe & Central Asia,High income,Not classified,6.1296,49.61
1641,2024,,Renewable energy consumption (% of total final energy consumption),LU,Luxembourg,Europe & Central Asia,High income,Not classified,6.1296,49.61
1642,2023,,Renewable energy consumption (% of total final energy consumption),LU,Luxembourg,Europe & Central Asia,High income,Not classified,6.1296,49.61
1643,2022,,Renewable energy consumption (% of total final energy consumption),LU,Luxembourg,Europe & Central Asia,High income,Not classified,6.1296,49.61
1644,2021,20.5,Renewable energy consumption (% of total final energy consumption),LU,Luxembourg,Europe & Central Asia,High income,Not classified,6.1296,49.61
1645,2020,20.8,Renewable energy consumption (% of total final energy consumption),LU,Luxembourg,Europe & Central Asia,High income,Not classified,6.1296,49.61
1646,2019,16.4,Renewable energy consumption (% of total final energy consumption),LU,Luxembourg,Europe & Central Asia,High income,Not classified,6.1296,49.61
1647,2018,16.0,Renewable energy consumption (% of total final energy consumption),LU,Luxembourg,Europe & Central Asia,High income,Not classified,6.1296,49.61
1648,2017,15.3,Renewable energy consumption (% of total final energy consumption),LU,Luxembourg,Europe & Central Asia,High income,Not classified,6.1296,49.61
1649,2016,13.5,Renewable energy consumption (% of total final energy consumption),LU,Luxembourg,Europe & Central Asia,High income,Not classified,6.1296,49.61
1650,2025,,Renewable energy consumption (% of total final energy consumption),MO,"Macao SAR, China",East Asia & Pacific,High income,Not classified,113.55,22.1667
1651,2024,,Renewable energy consumption (% of total final energy consumption),MO,"Macao SAR, China",East Asia & Pacific,High income,Not classified,113.55,22.1667
1652,2023,,Renewable energy consumption (% of total final energy consumption),MO,"Macao SAR, China",East Asia & Pacific,High income,Not classified,113.55,22.1667
1653,2022,11.0,Renewable energy consumption (% of total final energy consumption),MO,"Macao SAR, China",East Asia & Pacific,High income,Not classified,113.55,22.1667
1654,2021,13.6,Renewable energy consumption (% of total final energy consumption),MO,"Macao SAR, China",East Asia & Pacific,High income,Not classified,113.55,22.1667
1655,2020,11.0,Renewable energy consumption (% of total final energy consumption),MO,"Macao SAR, China",East Asia & Pacific,High income,Not classified,113.55,22.1667
1656,2019,8.4,Renewable energy consumption (% of total final energy consumption),MO,"Macao SAR, China",East Asia & Pacific,High income,Not classified,113.55,22.1667
1657,2018,8.4,Renewable energy consumption (% of total final energy consumption),MO,"Macao SAR, China",East Asia & Pacific,High income,Not classified,113.55,22.1667
1658,2017,3.9,Renewable energy consumption (% of total final energy consumption),MO,"Macao SAR, China",East Asia & Pacific,High income,Not classified,113.55,22.1667
1659,2016,5.4,Renewable energy consumption (% of total final energy consumption),MO,"Macao SAR, China",East Asia & Pacific,High income,Not classified,113.55,22.1667
1660,2025,,Renewable energy consumption (% of total final energy consumption),MG,Madagascar,Sub-Saharan Africa ,Low income,IDA,45.7167,-20.4667
1661,2024,,Renewable energy consumption (% of total final energy consumption),MG,Madagascar,Sub-Saharan Africa ,Low income,IDA,45.7167,-20.4667
1662,2023,,Renewable energy consumption (% of total final energy consumption),MG,Madagascar,Sub-Saharan Africa ,Low income,IDA,45.7167,-20.4667
1663,2022,83.1,Renewable energy consumption (% of total final energy consumption),MG,Madagascar,Sub-Saharan Africa ,Low income,IDA,45.7167,-20.4667
1664,2021,83.6,Renewable energy consumption (% of total final energy consumption),MG,Madagascar,Sub-Saharan Africa ,Low income,IDA,45.7167,-20.4667
1665,2020,84.7,Renewable energy consumption (% of total final energy consumption),MG,Madagascar,Sub-Saharan Africa ,Low income,IDA,45.7167,-20.4667
1666,2019,82.5,Renewable energy consumption (% of total final energy consumption),MG,Madagascar,Sub-Saharan Africa ,Low income,IDA,45.7167,-20.4667
1667,2018,84.2,Renewable energy consumption (% of total final energy consumption),MG,Madagascar,Sub-Saharan Africa ,Low income,IDA,45.7167,-20.4667
1668,2017,81.9,Renewable energy consumption (% of total final energy consumption),MG,Madagascar,Sub-Saharan Africa ,Low income,IDA,45.7167,-20.4667
1669,2016,83.8,Renewable energy consumption (% of total final energy consumption),MG,Madagascar,Sub-Saharan Africa ,Low income,IDA,45.7167,-20.4667
1670,2025,,Renewable energy consumption (% of total final energy consumption),MW,Malawi,Sub-Saharan Africa ,Low income,IDA,33.7703,-13.9899
1671,2024,,Renewable energy consumption (% of total final energy consumption),MW,Malawi,Sub-Saharan Africa ,Low income,IDA,33.7703,-13.9899
1672,2023,,Renewable energy consumption (% of total final energy consumption),MW,Malawi,Sub-Saharan Africa ,Low income,IDA,33.7703,-13.9899
1673,2022,62.9,Renewable energy consumption (% of total final energy consumption),MW,Malawi,Sub-Saharan Africa ,Low income,IDA,33.7703,-13.9899
1674,2021,71.1,Renewable energy consumption (% of total final energy consumption),MW,Malawi,Sub-Saharan Africa ,Low income,IDA,33.7703,-13.9899
1675,2020,71.5,Renewable energy consumption (% of total final energy consumption),MW,Malawi,Sub-Saharan Africa ,Low income,IDA,33.7703,-13.9899
1676,2019,70.9,Renewable energy consumption (% of total final energy consumption),MW,Malawi,Sub-Saharan Africa ,Low income,IDA,33.7703,-13.9899
1677,2018,73.2,Renewable energy consumption (% of total final energy consumption),MW,Malawi,Sub-Saharan Africa ,Low income,IDA,33.7703,-13.9899
1678,2017,76.9,Renewable energy consumption (% of total final energy consumption),MW,Malawi,Sub-Saharan Africa ,Low income,IDA,33.7703,-13.9899
1679,2016,78.9,Renewable energy consumption (% of total final energy consumption),MW,Malawi,Sub-Saharan Africa ,Low income,IDA,33.7703,-13.9899
1680,2025,,Renewable energy consumption (% of total final energy consumption),MY,Malaysia,East Asia & Pacific,Upper middle income,IBRD,101.684,3.12433
1681,2024,,Renewable energy consumption (% of total final energy consumption),MY,Malaysia,East Asia & Pacific,Upper middle income,IBRD,101.684,3.12433
1682,2023,,Renewable energy consumption (% of total final energy consumption),MY,Malaysia,East Asia & Pacific,Upper middle income,IBRD,101.684,3.12433
1683,2022,,Renewable energy consumption (% of total final energy consumption),MY,Malaysia,East Asia & Pacific,Upper middle income,IBRD,101.684,3.12433
1684,2021,7.5,Renewable energy consumption (% of total final energy consumption),MY,Malaysia,East Asia & Pacific,Upper middle income,IBRD,101.684,3.12433
1685,2020,7.0,Renewable energy consumption (% of total final energy consumption),MY,Malaysia,East Asia & Pacific,Upper middle income,IBRD,101.684,3.12433
1686,2019,5.7,Renewable energy consumption (% of total final energy consumption),MY,Malaysia,East Asia & Pacific,Upper middle income,IBRD,101.684,3.12433
1687,2018,5.3,Renewable energy consumption (% of total final energy consumption),MY,Malaysia,East Asia & Pacific,Upper middle income,IBRD,101.684,3.12433
1688,2017,5.2,Renewable energy consumption (% of total final energy consumption),MY,Malaysia,East Asia & Pacific,Upper middle income,IBRD,101.684,3.12433
1689,2016,4.4,Renewable energy consumption (% of total final energy consumption),MY,Malaysia,East Asia & Pacific,Upper middle income,IBRD,101.684,3.12433
1690,2025,,Renewable energy consumption (% of total final energy consumption),MV,Maldives,South Asia,Upper middle income,IDA,73.5109,4.1742
1691,2024,,Renewable energy consumption (% of total final energy consumption),MV,Maldives,South Asia,Upper middle income,IDA,73.5109,4.1742
1692,2023,,Renewable energy consumption (% of total final energy consumption),MV,Maldives,South Asia,Upper middle income,IDA,73.5109,4.1742
1693,2022,1.2,Renewable energy consumption (% of total final energy consumption),MV,Maldives,South Asia,Upper middle income,IDA,73.5109,4.1742
1694,2021,1.4,Renewable energy consumption (% of total final energy consumption),MV,Maldives,South Asia,Upper middle income,IDA,73.5109,4.1742
1695,2020,1.6,Renewable energy consumption (% of total final energy consumption),MV,Maldives,South Asia,Upper middle income,IDA,73.5109,4.1742
1696,2019,1.3,Renewable energy consumption (% of total final energy consumption),MV,Maldives,South Asia,Upper middle income,IDA,73.5109,4.1742
1697,2018,1.3,Renewable energy consumption (% of total final energy consumption),MV,Maldives,South Asia,Upper middle income,IDA,73.5109,4.1742
1698,2017,1.3,Renewable energy consumption (% of total final energy consumption),MV,Maldives,South Asia,Upper middle income,IDA,73.5109,4.1742
1699,2016,1.2,Renewable energy consumption (% of total final energy consumption),MV,Maldives,South Asia,Upper middle income,IDA,73.5109,4.1742
1700,2025,,Renewable energy consumption (% of total final energy consumption),ML,Mali,Sub-Saharan Africa ,Low income,IDA,-7.50034,13.5667
1701,2024,,Renewable energy consumption (% of total final energy consumption),ML,Mali,Sub-Saharan Africa ,Low income,IDA,-7.50034,13.5667
1702,2023,,Renewable energy consumption (% of total final energy consumption),ML,Mali,Sub-Saharan Africa ,Low income,IDA,-7.50034,13.5667
1703,2022,71.1,Renewable energy consumption (% of total final energy consumption),ML,Mali,Sub-Saharan Africa ,Low income,IDA,-7.50034,13.5667
1704,2021,71.2,Renewable energy consumption (% of total final energy consumption),ML,Mali,Sub-Saharan Africa ,Low income,IDA,-7.50034,13.5667
1705,2020,72.8,Renewable energy consumption (% of total final energy consumption),ML,Mali,Sub-Saharan Africa ,Low income,IDA,-7.50034,13.5667
1706,2019,74.9,Renewable energy consumption (% of total final energy consumption),ML,Mali,Sub-Saharan Africa ,Low income,IDA,-7.50034,13.5667
1707,2018,77.2,Renewable energy consumption (% of total final energy consumption),ML,Mali,Sub-Saharan Africa ,Low income,IDA,-7.50034,13.5667
1708,2017,77.0,Renewable energy consumption (% of total final energy consumption),ML,Mali,Sub-Saharan Africa ,Low income,IDA,-7.50034,13.5667
1709,2016,77.9,Renewable energy consumption (% of total final energy consumption),ML,Mali,Sub-Saharan Africa ,Low income,IDA,-7.50034,13.5667
1710,2025,,Renewable energy consumption (% of total final energy consumption),MT,Malta,"Middle East, North Africa, Afghanistan & Pakistan",High income,Not classified,14.5189,35.9042
1711,2024,,Renewable energy consumption (% of total final energy consumption),MT,Malta,"Middle East, North Africa, Afghanistan & Pakistan",High income,Not classified,14.5189,35.9042
1712,2023,,Renewable energy consumption (% of total final energy consumption),MT,Malta,"Middle East, North Africa, Afghanistan & Pakistan",High income,Not classified,14.5189,35.9042
1713,2022,,Renewable energy consumption (% of total final energy consumption),MT,Malta,"Middle East, North Africa, Afghanistan & Pakistan",High income,Not classified,14.5189,35.9042
1714,2021,8.6,Renewable energy consumption (% of total final energy consumption),MT,Malta,"Middle East, North Africa, Afghanistan & Pakistan",High income,Not classified,14.5189,35.9042
1715,2020,9.2,Renewable energy consumption (% of total final energy consumption),MT,Malta,"Middle East, North Africa, Afghanistan & Pakistan",High income,Not classified,14.5189,35.9042
1716,2019,7.4,Renewable energy consumption (% of total final energy consumption),MT,Malta,"Middle East, North Africa, Afghanistan & Pakistan",High income,Not classified,14.5189,35.9042
1717,2018,7.6,Renewable energy consumption (% of total final energy consumption),MT,Malta,"Middle East, North Africa, Afghanistan & Pakistan",High income,Not classified,14.5189,35.9042
1718,2017,7.3,Renewable energy consumption (% of total final energy consumption),MT,Malta,"Middle East, North Africa, Afghanistan & Pakistan",High income,Not classified,14.5189,35.9042
1719,2016,9.2,Renewable energy consumption (% of total final energy consumption),MT,Malta,"Middle East, North Africa, Afghanistan & Pakistan",High income,Not classified,14.5189,35.9042
1720,2025,,Renewable energy consumption (% of total final energy consumption),MH,Marshall Islands,East Asia & Pacific,Upper middle income,IDA,171.135,7.11046
1721,2024,,Renewable energy consumption (% of total final energy consumption),MH,Marshall Islands,East Asia & Pacific,Upper middle income,IDA,171.135,7.11046
1722,2023,,Renewable energy consumption (% of total final energy consumption),MH,Marshall Islands,East Asia & Pacific,Upper middle income,IDA,171.135,7.11046
1723,2022,12.2,Renewable energy consumption (% of total final energy consumption),MH,Marshall Islands,East Asia & Pacific,Upper middle income,IDA,171.135,7.11046
1724,2021,12.1,Renewable energy consumption (% of total final energy consumption),MH,Marshall Islands,East Asia & Pacific,Upper middle income,IDA,171.135,7.11046
1725,2020,12.0,Renewable energy consumption (% of total final energy consumption),MH,Marshall Islands,East Asia & Pacific,Upper middle income,IDA,171.135,7.11046
1726,2019,12.1,Renewable energy consumption (% of total final energy consumption),MH,Marshall Islands,East Asia & Pacific,Upper middle income,IDA,171.135,7.11046
1727,2018,12.0,Renewable energy consumption (% of total final energy consumption),MH,Marshall Islands,East Asia & Pacific,Upper middle income,IDA,171.135,7.11046
1728,2017,12.0,Renewable energy consumption (% of total final energy consumption),MH,Marshall Islands,East Asia & Pacific,Upper middle income,IDA,171.135,7.11046
1729,2016,12.1,Renewable energy consumption (% of total final energy consumption),MH,Marshall Islands,East Asia & Pacific,Upper middle income,IDA,171.135,7.11046
1730,2025,,Renewable energy consumption (% of total final energy consumption),MR,Mauritania,Sub-Saharan Africa ,Lower middle income,IDA,-15.9824,18.2367
1731,2024,,Renewable energy consumption (% of total final energy consumption),MR,Mauritania,Sub-Saharan Africa ,Lower middle income,IDA,-15.9824,18.2367
1732,2023,,Renewable energy consumption (% of total final energy consumption),MR,Mauritania,Sub-Saharan Africa ,Lower middle income,IDA,-15.9824,18.2367
1733,2022,19.6,Renewable energy consumption (% of total final energy consumption),MR,Mauritania,Sub-Saharan Africa ,Lower middle income,IDA,-15.9824,18.2367
1734,2021,22.1,Renewable energy consumption (% of total final energy consumption),MR,Mauritania,Sub-Saharan Africa ,Lower middle income,IDA,-15.9824,18.2367
1735,2020,20.9,Renewable energy consumption (% of total final energy consumption),MR,Mauritania,Sub-Saharan Africa ,Lower middle income,IDA,-15.9824,18.2367
1736,2019,21.2,Renewable energy consumption (% of total final energy consumption),MR,Mauritania,Sub-Saharan Africa ,Lower middle income,IDA,-15.9824,18.2367
1737,2018,21.6,Renewable energy consumption (% of total final energy consumption),MR,Mauritania,Sub-Saharan Africa ,Lower middle income,IDA,-15.9824,18.2367
1738,2017,25.5,Renewable energy consumption (% of total final energy consumption),MR,Mauritania,Sub-Saharan Africa ,Lower middle income,IDA,-15.9824,18.2367
1739,2016,31.7,Renewable energy consumption (% of total final energy consumption),MR,Mauritania,Sub-Saharan Africa ,Lower middle income,IDA,-15.9824,18.2367
1740,2025,,Renewable energy consumption (% of total final energy consumption),MU,Mauritius,Sub-Saharan Africa ,Upper middle income,IBRD,57.4977,-20.1605
1741,2024,,Renewable energy consumption (% of total final energy consumption),MU,Mauritius,Sub-Saharan Africa ,Upper middle income,IBRD,57.4977,-20.1605
1742,2023,,Renewable energy consumption (% of total final energy consumption),MU,Mauritius,Sub-Saharan Africa ,Upper middle income,IBRD,57.4977,-20.1605
1743,2022,,Renewable energy consumption (% of total final energy consumption),MU,Mauritius,Sub-Saharan Africa ,Upper middle income,IBRD,57.4977,-20.1605
1744,2021,8.6,Renewable energy consumption (% of total final energy consumption),MU,Mauritius,Sub-Saharan Africa ,Upper middle income,IBRD,57.4977,-20.1605
1745,2020,9.4,Renewable energy consumption (% of total final energy consumption),MU,Mauritius,Sub-Saharan Africa ,Upper middle income,IBRD,57.4977,-20.1605
1746,2019,8.9,Renewable energy consumption (% of total final energy consumption),MU,Mauritius,Sub-Saharan Africa ,Upper middle income,IBRD,57.4977,-20.1605
1747,2018,9.2,Renewable energy consumption (% of total final energy consumption),MU,Mauritius,Sub-Saharan Africa ,Upper middle income,IBRD,57.4977,-20.1605
1748,2017,9.4,Renewable energy consumption (% of total final energy consumption),MU,Mauritius,Sub-Saharan Africa ,Upper middle income,IBRD,57.4977,-20.1605
1749,2016,10.3,Renewable energy consumption (% of total final energy consumption),MU,Mauritius,Sub-Saharan Africa ,Upper middle income,IBRD,57.4977,-20.1605
1750,2025,,Renewable energy consumption (% of total final energy consumption),MX,Mexico,Latin America & Caribbean ,Upper middle income,IBRD,-99.1276,19.427
1751,2024,,Renewable energy consumption (% of total final energy consumption),MX,Mexico,Latin America & Caribbean ,Upper middle income,IBRD,-99.1276,19.427
1752,2023,,Renewable energy consumption (% of total final energy consumption),MX,Mexico,Latin America & Caribbean ,Upper middle income,IBRD,-99.1276,19.427
1753,2022,,Renewable energy consumption (% of total final energy consumption),MX,Mexico,Latin America & Caribbean ,Upper middle income,IBRD,-99.1276,19.427
1754,2021,13.0,Renewable energy consumption (% of total final energy consumption),MX,Mexico,Latin America & Caribbean ,Upper middle income,IBRD,-99.1276,19.427
1755,2020,12.3,Renewable energy consumption (% of total final energy consumption),MX,Mexico,Latin America & Caribbean ,Upper middle income,IBRD,-99.1276,19.427
1756,2019,10.3,Renewable energy consumption (% of total final energy consumption),MX,Mexico,Latin America & Caribbean ,Upper middle income,IBRD,-99.1276,19.427
1757,2018,10.3,Renewable energy consumption (% of total final energy consumption),MX,Mexico,Latin America & Caribbean ,Upper middle income,IBRD,-99.1276,19.427
1758,2017,10.1,Renewable energy consumption (% of total final energy consumption),MX,Mexico,Latin America & Caribbean ,Upper middle income,IBRD,-99.1276,19.427
1759,2016,9.2,Renewable energy consumption (% of total final energy consumption),MX,Mexico,Latin America & Caribbean ,Upper middle income,IBRD,-99.1276,19.427
1760,2025,,Renewable energy consumption (% of total final energy consumption),FM,"Micronesia, Fed. Sts.",East Asia & Pacific,Upper middle income,IDA,158.185,6.91771
1761,2024,,Renewable energy consumption (% of total final energy consumption),FM,"Micronesia, Fed. Sts.",East Asia & Pacific,Upper middle income,IDA,158.185,6.91771
1762,2023,,Renewable energy consumption (% of total final energy consumption),FM,"Micronesia, Fed. Sts.",East Asia & Pacific,Upper middle income,IDA,158.185,6.91771
1763,2022,2.0,Renewable energy consumption (% of total final energy consumption),FM,"Micronesia, Fed. Sts.",East Asia & Pacific,Upper middle income,IDA,158.185,6.91771
1764,2021,2.1,Renewable energy consumption (% of total final energy consumption),FM,"Micronesia, Fed. Sts.",East Asia & Pacific,Upper middle income,IDA,158.185,6.91771
1765,2020,2.0,Renewable energy consumption (% of total final energy consumption),FM,"Micronesia, Fed. Sts.",East Asia & Pacific,Upper middle income,IDA,158.185,6.91771
1766,2019,2.0,Renewable energy consumption (% of total final energy consumption),FM,"Micronesia, Fed. Sts.",East Asia & Pacific,Upper middle income,IDA,158.185,6.91771
1767,2018,2.0,Renewable energy consumption (% of total final energy consumption),FM,"Micronesia, Fed. Sts.",East Asia & Pacific,Upper middle income,IDA,158.185,6.91771
1768,2017,1.7,Renewable energy consumption (% of total final energy consumption),FM,"Micronesia, Fed. Sts.",East Asia & Pacific,Upper middle income,IDA,158.185,6.91771
1769,2016,1.9,Renewable energy consumption (% of total final energy consumption),FM,"Micronesia, Fed. Sts.",East Asia & Pacific,Upper middle income,IDA,158.185,6.91771
1770,2025,,Renewable energy consumption (% of total final energy consumption),MD,Moldova,Europe & Central Asia,Upper middle income,IBRD,28.8497,47.0167
1771,2024,,Renewable energy consumption (% of total final energy consumption),MD,Moldova,Europe & Central Asia,Upper middle income,IBRD,28.8497,47.0167
1772,2023,,Renewable energy consumption (% of total final energy consumption),MD,Moldova,Europe & Central Asia,Upper middle income,IBRD,28.8497,47.0167
1773,2022,,Renewable energy consumption (% of total final energy consumption),MD,Moldova,Europe & Central Asia,Upper middle income,IBRD,28.8497,47.0167
1774,2021,21.4,Renewable energy consumption (% of total final energy consumption),MD,Moldova,Europe & Central Asia,Upper middle income,IBRD,28.8497,47.0167
1775,2020,22.3,Renewable energy consumption (% of total final energy consumption),MD,Moldova,Europe & Central Asia,Upper middle income,IBRD,28.8497,47.0167
1776,2019,22.0,Renewable energy consumption (% of total final energy consumption),MD,Moldova,Europe & Central Asia,Upper middle income,IBRD,28.8497,47.0167
1777,2018,25.3,Renewable energy consumption (% of total final energy consumption),MD,Moldova,Europe & Central Asia,Upper middle income,IBRD,28.8497,47.0167
1778,2017,26.1,Renewable energy consumption (% of total final energy consumption),MD,Moldova,Europe & Central Asia,Upper middle income,IBRD,28.8497,47.0167
1779,2016,25.3,Renewable energy consumption (% of total final energy consumption),MD,Moldova,Europe & Central Asia,Upper middle income,IBRD,28.8497,47.0167
1780,2025,,Renewable energy consumption (% of total final energy consumption),MC,Monaco,Europe & Central Asia,High income,Not classified,7.41891,43.7325
1781,2024,,Renewable energy consumption (% of total final energy consumption),MC,Monaco,Europe & Central Asia,High income,Not classified,7.41891,43.7325
1782,2023,,Renewable energy consumption (% of total final energy consumption),MC,Monaco,Europe & Central Asia,High income,Not classified,7.41891,43.7325
1783,2022,,Renewable energy consumption (% of total final energy consumption),MC,Monaco,Europe & Central Asia,High income,Not classified,7.41891,43.7325
1784,2021,,Renewable energy consumption (% of total final energy consumption),MC,Monaco,Europe & Central Asia,High income,Not classified,7.41891,43.7325
1785,2020,,Renewable energy consumption (% of total final energy consumption),MC,Monaco,Europe & Central Asia,High income,Not classified,7.41891,43.7325
1786,2019,,Renewable energy consumption (% of total final energy consumption),MC,Monaco,Europe & Central Asia,High income,Not classified,7.41891,43.7325
1787,2018,,Renewable energy consumption (% of total final energy consumption),MC,Monaco,Europe & Central Asia,High income,Not classified,7.41891,43.7325
1788,2017,,Renewable energy consumption (% of total final energy consumption),MC,Monaco,Europe & Central Asia,High income,Not classified,7.41891,43.7325
1789,2016,,Renewable energy consumption (% of total final energy consumption),MC,Monaco,Europe & Central Asia,High income,Not classified,7.41891,43.7325
1790,2025,,Renewable energy consumption (% of total final energy consumption),MN,Mongolia,East Asia & Pacific,Upper middle income,IBRD,106.937,47.9129
1791,2024,,Renewable energy consumption (% of total final energy consumption),MN,Mongolia,East Asia & Pacific,Upper middle income,IBRD,106.937,47.9129
1792,2023,,Renewable energy consumption (% of total final energy consumption),MN,Mongolia,East Asia & Pacific,Upper middle income,IBRD,106.937,47.9129
1793,2022,,Renewable energy consumption (% of total final energy consumption),MN,Mongolia,East Asia & Pacific,Upper middle income,IBRD,106.937,47.9129
1794,2021,3.0,Renewable energy consumption (% of total final energy consumption),MN,Mongolia,East Asia & Pacific,Upper middle income,IBRD,106.937,47.9129
1795,2020,2.9,Renewable energy consumption (% of total final energy consumption),MN,Mongolia,East Asia & Pacific,Upper middle income,IBRD,106.937,47.9129
1796,2019,2.3,Renewable energy consumption (% of total final energy consumption),MN,Mongolia,East Asia & Pacific,Upper middle income,IBRD,106.937,47.9129
1797,2018,2.1,Renewable energy consumption (% of total final energy consumption),MN,Mongolia,East Asia & Pacific,Upper middle income,IBRD,106.937,47.9129
1798,2017,1.8,Renewable energy consumption (% of total final energy consumption),MN,Mongolia,East Asia & Pacific,Upper middle income,IBRD,106.937,47.9129
1799,2016,3.4,Renewable energy consumption (% of total final energy consumption),MN,Mongolia,East Asia & Pacific,Upper middle income,IBRD,106.937,47.9129
1800,2025,,Renewable energy consumption (% of total final energy consumption),ME,Montenegro,Europe & Central Asia,Upper middle income,IBRD,19.2595,42.4602
1801,2024,,Renewable energy consumption (% of total final energy consumption),ME,Montenegro,Europe & Central Asia,Upper middle income,IBRD,19.2595,42.4602
1802,2023,,Renewable energy consumption (% of total final energy consumption),ME,Montenegro,Europe & Central Asia,Upper middle income,IBRD,19.2595,42.4602
1803,2022,,Renewable energy consumption (% of total final energy consumption),ME,Montenegro,Europe & Central Asia,Upper middle income,IBRD,19.2595,42.4602
1804,2021,39.6,Renewable energy consumption (% of total final energy consumption),ME,Montenegro,Europe & Central Asia,Upper middle income,IBRD,19.2595,42.4602
1805,2020,39.6,Renewable energy consumption (% of total final energy consumption),ME,Montenegro,Europe & Central Asia,Upper middle income,IBRD,19.2595,42.4602
1806,2019,38.7,Renewable energy consumption (% of total final energy consumption),ME,Montenegro,Europe & Central Asia,Upper middle income,IBRD,19.2595,42.4602
1807,2018,40.6,Renewable energy consumption (% of total final energy consumption),ME,Montenegro,Europe & Central Asia,Upper middle income,IBRD,19.2595,42.4602
1808,2017,37.8,Renewable energy consumption (% of total final energy consumption),ME,Montenegro,Europe & Central Asia,Upper middle income,IBRD,19.2595,42.4602
1809,2016,43.9,Renewable energy consumption (% of total final energy consumption),ME,Montenegro,Europe & Central Asia,Upper middle income,IBRD,19.2595,42.4602
1810,2025,,Renewable energy consumption (% of total final energy consumption),MA,Morocco,"Middle East, North Africa, Afghanistan & Pakistan",Lower middle income,IBRD,-6.8704,33.9905
1811,2024,,Renewable energy consumption (% of total final energy consumption),MA,Morocco,"Middle East, North Africa, Afghanistan & Pakistan",Lower middle income,IBRD,-6.8704,33.9905
1812,2023,,Renewable energy consumption (% of total final energy consumption),MA,Morocco,"Middle East, North Africa, Afghanistan & Pakistan",Lower middle income,IBRD,-6.8704,33.9905
1813,2022,,Renewable energy consumption (% of total final energy consumption),MA,Morocco,"Middle East, North Africa, Afghanistan & Pakistan",Lower middle income,IBRD,-6.8704,33.9905
1814,2021,10.9,Renewable energy consumption (% of total final energy consumption),MA,Morocco,"Middle East, North Africa, Afghanistan & Pakistan",Lower middle income,IBRD,-6.8704,33.9905
1815,2020,11.1,Renewable energy consumption (% of total final energy consumption),MA,Morocco,"Middle East, North Africa, Afghanistan & Pakistan",Lower middle income,IBRD,-6.8704,33.9905
1816,2019,10.7,Renewable energy consumption (% of total final energy consumption),MA,Morocco,"Middle East, North Africa, Afghanistan & Pakistan",Lower middle income,IBRD,-6.8704,33.9905
1817,2018,10.9,Renewable energy consumption (% of total final energy consumption),MA,Morocco,"Middle East, North Africa, Afghanistan & Pakistan",Lower middle income,IBRD,-6.8704,33.9905
1818,2017,10.4,Renewable energy consumption (% of total final energy consumption),MA,Morocco,"Middle East, North Africa, Afghanistan & Pakistan",Lower middle income,IBRD,-6.8704,33.9905
1819,2016,11.1,Renewable energy consumption (% of total final energy consumption),MA,Morocco,"Middle East, North Africa, Afghanistan & Pakistan",Lower middle income,IBRD,-6.8704,33.9905
1820,2025,,Renewable energy consumption (% of total final energy consumption),MZ,Mozambique,Sub-Saharan Africa ,Low income,IDA,32.5713,-25.9664
1821,2024,,Renewable energy consumption (% of total final energy consumption),MZ,Mozambique,Sub-Saharan Africa ,Low income,IDA,32.5713,-25.9664
1822,2023,,Renewable energy consumption (% of total final energy consumption),MZ,Mozambique,Sub-Saharan Africa ,Low income,IDA,32.5713,-25.9664
1823,2022,,Renewable energy consumption (% of total final energy consumption),MZ,Mozambique,Sub-Saharan Africa ,Low income,IDA,32.5713,-25.9664
1824,2021,76.9,Renewable energy consumption (% of total final energy consumption),MZ,Mozambique,Sub-Saharan Africa ,Low income,IDA,32.5713,-25.9664
1825,2020,80.2,Renewable energy consumption (% of total final energy consumption),MZ,Mozambique,Sub-Saharan Africa ,Low income,IDA,32.5713,-25.9664
1826,2019,77.5,Renewable energy consumption (% of total final energy consumption),MZ,Mozambique,Sub-Saharan Africa ,Low income,IDA,32.5713,-25.9664
1827,2018,79.0,Renewable energy consumption (% of total final energy consumption),MZ,Mozambique,Sub-Saharan Africa ,Low income,IDA,32.5713,-25.9664
1828,2017,78.2,Renewable energy consumption (% of total final energy consumption),MZ,Mozambique,Sub-Saharan Africa ,Low income,IDA,32.5713,-25.9664
1829,2016,77.4,Renewable energy consumption (% of total final energy consumption),MZ,Mozambique,Sub-Saharan Africa ,Low income,IDA,32.5713,-25.9664
1830,2025,,Renewable energy consumption (% of total final energy consumption),MM,Myanmar,East Asia & Pacific,Lower middle income,IDA,95.9562,21.914
1831,2024,,Renewable energy consumption (% of total final energy consumption),MM,Myanmar,East Asia & Pacific,Lower middle income,IDA,95.9562,21.914
1832,2023,,Renewable energy consumption (% of total final energy consumption),MM,Myanmar,East Asia & Pacific,Lower middle income,IDA,95.9562,21.914
1833,2022,,Renewable energy consumption (% of total final energy consumption),MM,Myanmar,East Asia & Pacific,Lower middle income,IDA,95.9562,21.914
1834,2021,62.9,Renewable energy consumption (% of total final energy consumption),MM,Myanmar,East Asia & Pacific,Lower middle income,IDA,95.9562,21.914
1835,2020,59.2,Renewable energy consumption (% of total final energy consumption),MM,Myanmar,East Asia & Pacific,Lower middle income,IDA,95.9562,21.914
1836,2019,58.5,Renewable energy consumption (% of total final energy consumption),MM,Myanmar,East Asia & Pacific,Lower middle income,IDA,95.9562,21.914
1837,2018,59.4,Renewable energy consumption (% of total final energy consumption),MM,Myanmar,East Asia & Pacific,Lower middle income,IDA,95.9562,21.914
1838,2017,59.5,Renewable energy consumption (% of total final energy consumption),MM,Myanmar,East Asia & Pacific,Lower middle income,IDA,95.9562,21.914
1839,2016,68.8,Renewable energy consumption (% of total final energy consumption),MM,Myanmar,East Asia & Pacific,Lower middle income,IDA,95.9562,21.914
1840,2025,,Renewable energy consumption (% of total final energy consumption),NA,Namibia,Sub-Saharan Africa ,Lower middle income,IBRD,17.0931,-22.5648
1841,2024,,Renewable energy consumption (% of total final energy consumption),NA,Namibia,Sub-Saharan Africa ,Lower middle income,IBRD,17.0931,-22.5648
1842,2023,,Renewable energy consumption (% of total final energy consumption),NA,Namibia,Sub-Saharan Africa ,Lower middle income,IBRD,17.0931,-22.5648
1843,2022,,Renewable energy consumption (% of total final energy consumption),NA,Namibia,Sub-Saharan Africa ,Lower middle income,IBRD,17.0931,-22.5648
1844,2021,30.0,Renewable energy consumption (% of total final energy consumption),NA,Namibia,Sub-Saharan Africa ,Lower middle income,IBRD,17.0931,-22.5648
1845,2020,31.2,Renewable energy consumption (% of total final energy consumption),NA,Namibia,Sub-Saharan Africa ,Lower middle income,IBRD,17.0931,-22.5648
1846,2019,30.2,Renewable energy consumption (% of total final energy consumption),NA,Namibia,Sub-Saharan Africa ,Lower middle income,IBRD,17.0931,-22.5648
1847,2018,30.9,Renewable energy consumption (% of total final energy consumption),NA,Namibia,Sub-Saharan Africa ,Lower middle income,IBRD,17.0931,-22.5648
1848,2017,30.2,Renewable energy consumption (% of total final energy consumption),NA,Namibia,Sub-Saharan Africa ,Lower middle income,IBRD,17.0931,-22.5648
1849,2016,29.2,Renewable energy consumption (% of total final energy consumption),NA,Namibia,Sub-Saharan Africa ,Lower middle income,IBRD,17.0931,-22.5648
1850,2025,,Renewable energy consumption (% of total final energy consumption),NR,Naoero,East Asia & Pacific,High income,IBRD,166.920867,-0.5477
1851,2024,,Renewable energy consumption (% of total final energy consumption),NR,Naoero,East Asia & Pacific,High income,IBRD,166.920867,-0.5477
1852,2023,,Renewable energy consumption (% of total final energy consumption),NR,Naoero,East Asia & Pacific,High income,IBRD,166.920867,-0.5477
1853,2022,1.9,Renewable energy consumption (% of total final energy consumption),NR,Naoero,East Asia & Pacific,High income,IBRD,166.920867,-0.5477
1854,2021,1.6,Renewable energy consumption (% of total final energy consumption),NR,Naoero,East Asia & Pacific,High income,IBRD,166.920867,-0.5477
1855,2020,1.3,Renewable energy consumption (% of total final energy consumption),NR,Naoero,East Asia & Pacific,High income,IBRD,166.920867,-0.5477
1856,2019,0.6,Renewable energy consumption (% of total final energy consumption),NR,Naoero,East Asia & Pacific,High income,IBRD,166.920867,-0.5477
1857,2018,0.7,Renewable energy consumption (% of total final energy consumption),NR,Naoero,East Asia & Pacific,High income,IBRD,166.920867,-0.5477
1858,2017,0.6,Renewable energy consumption (% of total final energy consumption),NR,Naoero,East Asia & Pacific,High income,IBRD,166.920867,-0.5477
1859,2016,0.2,Renewable energy consumption (% of total final energy consumption),NR,Naoero,East Asia & Pacific,High income,IBRD,166.920867,-0.5477
1860,2025,,Renewable energy consumption (% of total final energy consumption),NP,Nepal,South Asia,Lower middle income,IDA,85.3157,27.6939
1861,2024,,Renewable energy consumption (% of total final energy consumption),NP,Nepal,South Asia,Lower middle income,IDA,85.3157,27.6939
1862,2023,,Renewable energy consumption (% of total final energy consumption),NP,Nepal,South Asia,Lower middle income,IDA,85.3157,27.6939
1863,2022,,Renewable energy consumption (% of total final energy consumption),NP,Nepal,South Asia,Lower middle income,IDA,85.3157,27.6939
1864,2021,73.7,Renewable energy consumption (% of total final energy consumption),NP,Nepal,South Asia,Lower middle income,IDA,85.3157,27.6939
1865,2020,73.1,Renewable energy consumption (% of total final energy consumption),NP,Nepal,South Asia,Lower middle income,IDA,85.3157,27.6939
1866,2019,78.2,Renewable energy consumption (% of total final energy consumption),NP,Nepal,South Asia,Lower middle income,IDA,85.3157,27.6939
1867,2018,75.0,Renewable energy consumption (% of total final energy consumption),NP,Nepal,South Asia,Lower middle income,IDA,85.3157,27.6939
1868,2017,76.8,Renewable energy consumption (% of total final energy consumption),NP,Nepal,South Asia,Lower middle income,IDA,85.3157,27.6939
1869,2016,79.4,Renewable energy consumption (% of total final energy consumption),NP,Nepal,South Asia,Lower middle income,IDA,85.3157,27.6939
1870,2025,,Renewable energy consumption (% of total final energy consumption),NL,Netherlands,Europe & Central Asia,High income,Not classified,4.89095,52.3738
1871,2024,,Renewable energy consumption (% of total final energy consumption),NL,Netherlands,Europe & Central Asia,High income,Not classified,4.89095,52.3738
1872,2023,,Renewable energy consumption (% of total final energy consumption),NL,Netherlands,Europe & Central Asia,High income,Not classified,4.89095,52.3738
1873,2022,,Renewable energy consumption (% of total final energy consumption),NL,Netherlands,Europe & Central Asia,High income,Not classified,4.89095,52.3738
1874,2021,12.2,Renewable energy consumption (% of total final energy consumption),NL,Netherlands,Europe & Central Asia,High income,Not classified,4.89095,52.3738
1875,2020,10.7,Renewable energy consumption (% of total final energy consumption),NL,Netherlands,Europe & Central Asia,High income,Not classified,4.89095,52.3738
1876,2019,8.6,Renewable energy consumption (% of total final energy consumption),NL,Netherlands,Europe & Central Asia,High income,Not classified,4.89095,52.3738
1877,2018,7.4,Renewable energy consumption (% of total final energy consumption),NL,Netherlands,Europe & Central Asia,High income,Not classified,4.89095,52.3738
1878,2017,6.4,Renewable energy consumption (% of total final energy consumption),NL,Netherlands,Europe & Central Asia,High income,Not classified,4.89095,52.3738
1879,2016,5.6,Renewable energy consumption (% of total final energy consumption),NL,Netherlands,Europe & Central Asia,High income,Not classified,4.89095,52.3738
1880,2025,,Renewable energy consumption (% of total final energy consumption),NC,New Caledonia,East Asia & Pacific,High income,Not classified,166.464,-22.2677
1881,2024,,Renewable energy consumption (% of total final energy consumption),NC,New Caledonia,East Asia & Pacific,High income,Not classified,166.464,-22.2677
1882,2023,,Renewable energy consumption (% of total final energy consumption),NC,New Caledonia,East Asia & Pacific,High income,Not classified,166.464,-22.2677
1883,2022,9.6,Renewable energy consumption (% of total final energy consumption),NC,New Caledonia,East Asia & Pacific,High income,Not classified,166.464,-22.2677
1884,2021,8.3,Renewable energy consumption (% of total final energy consumption),NC,New Caledonia,East Asia & Pacific,High income,Not classified,166.464,-22.2677
1885,2020,6.1,Renewable energy consumption (% of total final energy consumption),NC,New Caledonia,East Asia & Pacific,High income,Not classified,166.464,-22.2677
1886,2019,5.2,Renewable energy consumption (% of total final energy consumption),NC,New Caledonia,East Asia & Pacific,High income,Not classified,166.464,-22.2677
1887,2018,4.6,Renewable energy consumption (% of total final energy consumption),NC,New Caledonia,East Asia & Pacific,High income,Not classified,166.464,-22.2677
1888,2017,5.1,Renewable energy consumption (% of total final energy consumption),NC,New Caledonia,East Asia & Pacific,High income,Not classified,166.464,-22.2677
1889,2016,3.7,Renewable energy consumption (% of total final energy consumption),NC,New Caledonia,East Asia & Pacific,High income,Not classified,166.464,-22.2677
1890,2025,,Renewable energy consumption (% of total final energy consumption),NZ,New Zealand,East Asia & Pacific,High income,Not classified,174.776,-41.2865
1891,2024,,Renewable energy consumption (% of total final energy consumption),NZ,New Zealand,East Asia & Pacific,High income,Not classified,174.776,-41.2865
1892,2023,,Renewable energy consumption (% of total final energy consumption),NZ,New Zealand,East Asia & Pacific,High income,Not classified,174.776,-41.2865
1893,2022,,Renewable energy consumption (% of total final energy consumption),NZ,New Zealand,East Asia & Pacific,High income,Not classified,174.776,-41.2865
1894,2021,28.9,Renewable energy consumption (% of total final energy consumption),NZ,New Zealand,East Asia & Pacific,High income,Not classified,174.776,-41.2865
1895,2020,28.7,Renewable energy consumption (% of total final energy consumption),NZ,New Zealand,East Asia & Pacific,High income,Not classified,174.776,-41.2865
1896,2019,28.0,Renewable energy consumption (% of total final energy consumption),NZ,New Zealand,East Asia & Pacific,High income,Not classified,174.776,-41.2865
1897,2018,28.9,Renewable energy consumption (% of total final energy consumption),NZ,New Zealand,East Asia & Pacific,High income,Not classified,174.776,-41.2865
1898,2017,28.4,Renewable energy consumption (% of total final energy consumption),NZ,New Zealand,East Asia & Pacific,High income,Not classified,174.776,-41.2865
1899,2016,30.1,Renewable energy consumption (% of total final energy consumption),NZ,New Zealand,East Asia & Pacific,High income,Not classified,174.776,-41.2865
1900,2025,,Renewable energy consumption (% of total final energy consumption),NI,Nicaragua,Latin America & Caribbean ,Lower middle income,IDA,-86.2734,12.1475
1901,2024,,Renewable energy consumption (% of total final energy consumption),NI,Nicaragua,Latin America & Caribbean ,Lower middle income,IDA,-86.2734,12.1475
1902,2023,,Renewable energy consumption (% of total final energy consumption),NI,Nicaragua,Latin America & Caribbean ,Lower middle income,IDA,-86.2734,12.1475
1903,2022,,Renewable energy consumption (% of total final energy consumption),NI,Nicaragua,Latin America & Caribbean ,Lower middle income,IDA,-86.2734,12.1475
1904,2021,50.4,Renewable energy consumption (% of total final energy consumption),NI,Nicaragua,Latin America & Caribbean ,Lower middle income,IDA,-86.2734,12.1475
1905,2020,52.2,Renewable energy consumption (% of total final energy consumption),NI,Nicaragua,Latin America & Caribbean ,Lower middle income,IDA,-86.2734,12.1475
1906,2019,50.5,Renewable energy consumption (% of total final energy consumption),NI,Nicaragua,Latin America & Caribbean ,Lower middle income,IDA,-86.2734,12.1475
1907,2018,51.3,Renewable energy consumption (% of total final energy consumption),NI,Nicaragua,Latin America & Caribbean ,Lower middle income,IDA,-86.2734,12.1475
1908,2017,48.9,Renewable energy consumption (% of total final energy consumption),NI,Nicaragua,Latin America & Caribbean ,Lower middle income,IDA,-86.2734,12.1475
1909,2016,49.5,Renewable energy consumption (% of total final energy consumption),NI,Nicaragua,Latin America & Caribbean ,Lower middle income,IDA,-86.2734,12.1475
1910,2025,,Renewable energy consumption (% of total final energy consumption),NE,Niger,Sub-Saharan Africa ,Low income,IDA,2.1073,13.514
1911,2024,,Renewable energy consumption (% of total final energy consumption),NE,Niger,Sub-Saharan Africa ,Low income,IDA,2.1073,13.514
1912,2023,,Renewable energy consumption (% of total final energy consumption),NE,Niger,Sub-Saharan Africa ,Low income,IDA,2.1073,13.514
1913,2022,,Renewable energy consumption (% of total final energy consumption),NE,Niger,Sub-Saharan Africa ,Low income,IDA,2.1073,13.514
1914,2021,79.6,Renewable energy consumption (% of total final energy consumption),NE,Niger,Sub-Saharan Africa ,Low income,IDA,2.1073,13.514
1915,2020,81.9,Renewable energy consumption (% of total final energy consumption),NE,Niger,Sub-Saharan Africa ,Low income,IDA,2.1073,13.514
1916,2019,80.7,Renewable energy consumption (% of total final energy consumption),NE,Niger,Sub-Saharan Africa ,Low income,IDA,2.1073,13.514
1917,2018,82.0,Renewable energy consumption (% of total final energy consumption),NE,Niger,Sub-Saharan Africa ,Low income,IDA,2.1073,13.514
1918,2017,82.0,Renewable energy consumption (% of total final energy consumption),NE,Niger,Sub-Saharan Africa ,Low income,IDA,2.1073,13.514
1919,2016,80.2,Renewable energy consumption (% of total final energy consumption),NE,Niger,Sub-Saharan Africa ,Low income,IDA,2.1073,13.514
1920,2025,,Renewable energy consumption (% of total final energy consumption),NG,Nigeria,Sub-Saharan Africa ,Lower middle income,Blend,7.48906,9.05804
1921,2024,,Renewable energy consumption (% of total final energy consumption),NG,Nigeria,Sub-Saharan Africa ,Lower middle income,Blend,7.48906,9.05804
1922,2023,,Renewable energy consumption (% of total final energy consumption),NG,Nigeria,Sub-Saharan Africa ,Lower middle income,Blend,7.48906,9.05804
1923,2022,,Renewable energy consumption (% of total final energy consumption),NG,Nigeria,Sub-Saharan Africa ,Lower middle income,Blend,7.48906,9.05804
1924,2021,80.3,Renewable energy consumption (% of total final energy consumption),NG,Nigeria,Sub-Saharan Africa ,Lower middle income,Blend,7.48906,9.05804
1925,2020,81.8,Renewable energy consumption (% of total final energy consumption),NG,Nigeria,Sub-Saharan Africa ,Lower middle income,Blend,7.48906,9.05804
1926,2019,80.1,Renewable energy consumption (% of total final energy consumption),NG,Nigeria,Sub-Saharan Africa ,Lower middle income,Blend,7.48906,9.05804
1927,2018,80.8,Renewable energy consumption (% of total final energy consumption),NG,Nigeria,Sub-Saharan Africa ,Lower middle income,Blend,7.48906,9.05804
1928,2017,81.6,Renewable energy consumption (% of total final energy consumption),NG,Nigeria,Sub-Saharan Africa ,Lower middle income,Blend,7.48906,9.05804
1929,2016,81.1,Renewable energy consumption (% of total final energy consumption),NG,Nigeria,Sub-Saharan Africa ,Lower middle income,Blend,7.48906,9.05804
1930,2025,,Renewable energy consumption (% of total final energy consumption),MK,North Macedonia,Europe & Central Asia,Upper middle income,IBRD,21.4361,42.0024
1931,2024,,Renewable energy consumption (% of total final energy consumption),MK,North Macedonia,Europe & Central Asia,Upper middle income,IBRD,21.4361,42.0024
1932,2023,,Renewable energy consumption (% of total final energy consumption),MK,North Macedonia,Europe & Central Asia,Upper middle income,IBRD,21.4361,42.0024
1933,2022,,Renewable energy consumption (% of total final energy consumption),MK,North Macedonia,Europe & Central Asia,Upper middle income,IBRD,21.4361,42.0024
1934,2021,19.5,Renewable energy consumption (% of total final energy consumption),MK,North Macedonia,Europe & Central Asia,Upper middle income,IBRD,21.4361,42.0024
1935,2020,20.0,Renewable energy consumption (% of total final energy consumption),MK,North Macedonia,Europe & Central Asia,Upper middle income,IBRD,21.4361,42.0024
1936,2019,17.0,Renewable energy consumption (% of total final energy consumption),MK,North Macedonia,Europe & Central Asia,Upper middle income,IBRD,21.4361,42.0024
1937,2018,20.9,Renewable energy consumption (% of total final energy consumption),MK,North Macedonia,Europe & Central Asia,Upper middle income,IBRD,21.4361,42.0024
1938,2017,19.0,Renewable energy consumption (% of total final energy consumption),MK,North Macedonia,Europe & Central Asia,Upper middle income,IBRD,21.4361,42.0024
1939,2016,21.4,Renewable energy consumption (% of total final energy consumption),MK,North Macedonia,Europe & Central Asia,Upper middle income,IBRD,21.4361,42.0024
1940,2025,,Renewable energy consumption (% of total final energy consumption),MP,Northern Mariana Islands,East Asia & Pacific,High income,Not classified,145.765,15.1935
1941,2024,,Renewable energy consumption (% of total final energy consumption),MP,Northern Mariana Islands,East Asia & Pacific,High income,Not classified,145.765,15.1935
1942,2023,,Renewable energy consumption (% of total final energy consumption),MP,Northern Mariana Islands,East Asia & Pacific,High income,Not classified,145.765,15.1935
1943,2022,0.5,Renewable energy consumption (% of total final energy consumption),MP,Northern Mariana Islands,East Asia & Pacific,High income,Not classified,145.765,15.1935
1944,2021,0.5,Renewable energy consumption (% of total final energy consumption),MP,Northern Mariana Islands,East Asia & Pacific,High income,Not classified,145.765,15.1935
1945,2020,0.3,Renewable energy consumption (% of total final energy consumption),MP,Northern Mariana Islands,East Asia & Pacific,High income,Not classified,145.765,15.1935
1946,2019,0.0,Renewable energy consumption (% of total final energy consumption),MP,Northern Mariana Islands,East Asia & Pacific,High income,Not classified,145.765,15.1935
1947,2018,0.0,Renewable energy consumption (% of total final energy consumption),MP,Northern Mariana Islands,East Asia & Pacific,High income,Not classified,145.765,15.1935
1948,2017,0.0,Renewable energy consumption (% of total final energy consumption),MP,Northern Mariana Islands,East Asia & Pacific,High income,Not classified,145.765,15.1935
1949,2016,0.0,Renewable energy consumption (% of total final energy consumption),MP,Northern Mariana Islands,East Asia & Pacific,High income,Not classified,145.765,15.1935
1950,2025,,Renewable energy consumption (% of total final energy consumption),NO,Norway,Europe & Central Asia,High income,Not classified,10.7387,59.9138
1951,2024,,Renewable energy consumption (% of total final energy consumption),NO,Norway,Europe & Central Asia,High income,Not classified,10.7387,59.9138
1952,2023,,Renewable energy consumption (% of total final energy consumption),NO,Norway,Europe & Central Asia,High income,Not classified,10.7387,59.9138
1953,2022,,Renewable energy consumption (% of total final energy consumption),NO,Norway,Europe & Central Asia,High income,Not classified,10.7387,59.9138
1954,2021,61.4,Renewable energy consumption (% of total final energy consumption),NO,Norway,Europe & Central Asia,High income,Not classified,10.7387,59.9138
1955,2020,60.9,Renewable energy consumption (% of total final energy consumption),NO,Norway,Europe & Central Asia,High income,Not classified,10.7387,59.9138
1956,2019,59.8,Renewable energy consumption (% of total final energy consumption),NO,Norway,Europe & Central Asia,High income,Not classified,10.7387,59.9138
1957,2018,58.9,Renewable energy consumption (% of total final energy consumption),NO,Norway,Europe & Central Asia,High income,Not classified,10.7387,59.9138
1958,2017,58.9,Renewable energy consumption (% of total final energy consumption),NO,Norway,Europe & Central Asia,High income,Not classified,10.7387,59.9138
1959,2016,57.7,Renewable energy consumption (% of total final energy consumption),NO,Norway,Europe & Central Asia,High income,Not classified,10.7387,59.9138
1960,2025,,Renewable energy consumption (% of total final energy consumption),OM,Oman,"Middle East, North Africa, Afghanistan & Pakistan",High income,Not classified,58.5874,23.6105
1961,2024,,Renewable energy consumption (% of total final energy consumption),OM,Oman,"Middle East, North Africa, Afghanistan & Pakistan",High income,Not classified,58.5874,23.6105
1962,2023,,Renewable energy consumption (% of total final energy consumption),OM,Oman,"Middle East, North Africa, Afghanistan & Pakistan",High income,Not classified,58.5874,23.6105
1963,2022,,Renewable energy consumption (% of total final energy consumption),OM,Oman,"Middle East, North Africa, Afghanistan & Pakistan",High income,Not classified,58.5874,23.6105
1964,2021,0.1,Renewable energy consumption (% of total final energy consumption),OM,Oman,"Middle East, North Africa, Afghanistan & Pakistan",High income,Not classified,58.5874,23.6105
1965,2020,0.1,Renewable energy consumption (% of total final energy consumption),OM,Oman,"Middle East, North Africa, Afghanistan & Pakistan",High income,Not classified,58.5874,23.6105
1966,2019,0.0,Renewable energy consumption (% of total final energy consumption),OM,Oman,"Middle East, North Africa, Afghanistan & Pakistan",High income,Not classified,58.5874,23.6105
1967,2018,0.0,Renewable energy consumption (% of total final energy consumption),OM,Oman,"Middle East, North Africa, Afghanistan & Pakistan",High income,Not classified,58.5874,23.6105
1968,2017,0.0,Renewable energy consumption (% of total final energy consumption),OM,Oman,"Middle East, North Africa, Afghanistan & Pakistan",High income,Not classified,58.5874,23.6105
1969,2016,0.0,Renewable energy consumption (% of total final energy consumption),OM,Oman,"Middle East, North Africa, Afghanistan & Pakistan",High income,Not classified,58.5874,23.6105
1970,2025,,Renewable energy consumption (% of total final energy consumption),PK,Pakistan,"Middle East, North Africa, Afghanistan & Pakistan",Lower middle income,Blend,72.8,30.5167
1971,2024,,Renewable energy consumption (% of total final energy consumption),PK,Pakistan,"Middle East, North Africa, Afghanistan & Pakistan",Lower middle income,Blend,72.8,30.5167
1972,2023,,Renewable energy consumption (% of total final energy consumption),PK,Pakistan,"Middle East, North Africa, Afghanistan & Pakistan",Lower middle income,Blend,72.8,30.5167
1973,2022,,Renewable energy consumption (% of total final energy consumption),PK,Pakistan,"Middle East, North Africa, Afghanistan & Pakistan",Lower middle income,Blend,72.8,30.5167
1974,2021,41.6,Renewable energy consumption (% of total final energy consumption),PK,Pakistan,"Middle East, North Africa, Afghanistan & Pakistan",Lower middle income,Blend,72.8,30.5167
1975,2020,42.7,Renewable energy consumption (% of total final energy consumption),PK,Pakistan,"Middle East, North Africa, Afghanistan & Pakistan",Lower middle income,Blend,72.8,30.5167
1976,2019,45.9,Renewable energy consumption (% of total final energy consumption),PK,Pakistan,"Middle East, North Africa, Afghanistan & Pakistan",Lower middle income,Blend,72.8,30.5167
1977,2018,43.4,Renewable energy consumption (% of total final energy consumption),PK,Pakistan,"Middle East, North Africa, Afghanistan & Pakistan",Lower middle income,Blend,72.8,30.5167
1978,2017,42.1,Renewable energy consumption (% of total final energy consumption),PK,Pakistan,"Middle East, North Africa, Afghanistan & Pakistan",Lower middle income,Blend,72.8,30.5167
1979,2016,43.7,Renewable energy consumption (% of total final energy consumption),PK,Pakistan,"Middle East, North Africa, Afghanistan & Pakistan",Lower middle income,Blend,72.8,30.5167
1980,2025,,Renewable energy consumption (% of total final energy consumption),PW,Palau,East Asia & Pacific,High income,IBRD,134.479,7.34194
1981,2024,,Renewable energy consumption (% of total final energy consumption),PW,Palau,East Asia & Pacific,High income,IBRD,134.479,7.34194
1982,2023,,Renewable energy consumption (% of total final energy consumption),PW,Palau,East Asia & Pacific,High income,IBRD,134.479,7.34194
1983,2022,0.9,Renewable energy consumption (% of total final energy consumption),PW,Palau,East Asia & Pacific,High income,IBRD,134.479,7.34194
1984,2021,0.9,Renewable energy consumption (% of total final energy consumption),PW,Palau,East Asia & Pacific,High income,IBRD,134.479,7.34194
1985,2020,0.9,Renewable energy consumption (% of total final energy consumption),PW,Palau,East Asia & Pacific,High income,IBRD,134.479,7.34194
1986,2019,0.9,Renewable energy consumption (% of total final energy consumption),PW,Palau,East Asia & Pacific,High income,IBRD,134.479,7.34194
1987,2018,0.6,Renewable energy consumption (% of total final energy consumption),PW,Palau,East Asia & Pacific,High income,IBRD,134.479,7.34194
1988,2017,0.6,Renewable energy consumption (% of total final energy consumption),PW,Palau,East Asia & Pacific,High income,IBRD,134.479,7.34194
1989,2016,0.6,Renewable energy consumption (% of total final energy consumption),PW,Palau,East Asia & Pacific,High income,IBRD,134.479,7.34194
1990,2025,,Renewable energy consumption (% of total final energy consumption),PA,Panama,Latin America & Caribbean ,High income,IBRD,-79.5188,8.99427
1991,2024,,Renewable energy consumption (% of total final energy consumption),PA,Panama,Latin America & Caribbean ,High income,IBRD,-79.5188,8.99427
1992,2023,,Renewable energy consumption (% of total final energy consumption),PA,Panama,Latin America & Caribbean ,High income,IBRD,-79.5188,8.99427
1993,2022,,Renewable energy consumption (% of total final energy consumption),PA,Panama,Latin America & Caribbean ,High income,IBRD,-79.5188,8.99427
1994,2021,28.0,Renewable energy consumption (% of total final energy consumption),PA,Panama,Latin America & Caribbean ,High income,IBRD,-79.5188,8.99427
1995,2020,28.5,Renewable energy consumption (% of total final energy consumption),PA,Panama,Latin America & Caribbean ,High income,IBRD,-79.5188,8.99427
1996,2019,19.0,Renewable energy consumption (% of total final energy consumption),PA,Panama,Latin America & Caribbean ,High income,IBRD,-79.5188,8.99427
1997,2018,24.5,Renewable energy consumption (% of total final energy consumption),PA,Panama,Latin America & Caribbean ,High income,IBRD,-79.5188,8.99427
1998,2017,23.6,Renewable energy consumption (% of total final energy consumption),PA,Panama,Latin America & Caribbean ,High income,IBRD,-79.5188,8.99427
1999,2016,22.1,Renewable energy consumption (% of total final energy consumption),PA,Panama,Latin America & Caribbean ,High income,IBRD,-79.5188,8.99427
2000,2025,,Renewable energy consumption (% of total final energy consumption),PG,Papua New Guinea,East Asia & Pacific,Lower middle income,Blend,147.194,-9.47357
2001,2024,,Renewable energy consumption (% of total final energy consumption),PG,Papua New Guinea,East Asia & Pacific,Lower middle income,Blend,147.194,-9.47357
2002,2023,,Renewable energy consumption (% of total final energy consumption),PG,Papua New Guinea,East Asia & Pacific,Lower middle income,Blend,147.194,-9.47357
2003,2022,54.6,Renewable energy consumption (% of total final energy consumption),PG,Papua New Guinea,East Asia & Pacific,Lower middle income,Blend,147.194,-9.47357
2004,2021,54.5,Renewable energy consumption (% of total final energy consumption),PG,Papua New Guinea,East Asia & Pacific,Lower middle income,Blend,147.194,-9.47357
2005,2020,53.6,Renewable energy consumption (% of total final energy consumption),PG,Papua New Guinea,East Asia & Pacific,Lower middle income,Blend,147.194,-9.47357
2006,2019,53.2,Renewable energy consumption (% of total final energy consumption),PG,Papua New Guinea,East Asia & Pacific,Lower middle income,Blend,147.194,-9.47357
2007,2018,53.4,Renewable energy consumption (% of total final energy consumption),PG,Papua New Guinea,East Asia & Pacific,Lower middle income,Blend,147.194,-9.47357
2008,2017,54.7,Renewable energy consumption (% of total final energy consumption),PG,Papua New Guinea,East Asia & Pacific,Lower middle income,Blend,147.194,-9.47357
2009,2016,54.8,Renewable energy consumption (% of total final energy consumption),PG,Papua New Guinea,East Asia & Pacific,Lower middle income,Blend,147.194,-9.47357
2010,2025,,Renewable energy consumption (% of total final energy consumption),PY,Paraguay,Latin America & Caribbean ,Upper middle income,IBRD,-57.6362,-25.3005
2011,2024,,Renewable energy consumption (% of total final energy consumption),PY,Paraguay,Latin America & Caribbean ,Upper middle income,IBRD,-57.6362,-25.3005
2012,2023,,Renewable energy consumption (% of total final energy consumption),PY,Paraguay,Latin America & Caribbean ,Upper middle income,IBRD,-57.6362,-25.3005
2013,2022,,Renewable energy consumption (% of total final energy consumption),PY,Paraguay,Latin America & Caribbean ,Upper middle income,IBRD,-57.6362,-25.3005
2014,2021,58.8,Renewable energy consumption (% of total final energy consumption),PY,Paraguay,Latin America & Caribbean ,Upper middle income,IBRD,-57.6362,-25.3005
2015,2020,61.5,Renewable energy consumption (% of total final energy consumption),PY,Paraguay,Latin America & Caribbean ,Upper middle income,IBRD,-57.6362,-25.3005
2016,2019,60.1,Renewable energy consumption (% of total final energy consumption),PY,Paraguay,Latin America & Caribbean ,Upper middle income,IBRD,-57.6362,-25.3005
2017,2018,59.2,Renewable energy consumption (% of total final energy consumption),PY,Paraguay,Latin America & Caribbean ,Upper middle income,IBRD,-57.6362,-25.3005
2018,2017,60.1,Renewable energy consumption (% of total final energy consumption),PY,Paraguay,Latin America & Caribbean ,Upper middle income,IBRD,-57.6362,-25.3005
2019,2016,62.5,Renewable energy consumption (% of total final energy consumption),PY,Paraguay,Latin America & Caribbean ,Upper middle income,IBRD,-57.6362,-25.3005
2020,2025,,Renewable energy consumption (% of total final energy consumption),PE,Peru,Latin America & Caribbean ,Upper middle income,IBRD,-77.0465,-12.0931
2021,2024,,Renewable energy consumption (% of total final energy consumption),PE,Peru,Latin America & Caribbean ,Upper middle income,IBRD,-77.0465,-12.0931
2022,2023,,Renewable energy consumption (% of total final energy consumption),PE,Peru,Latin America & Caribbean ,Upper middle income,IBRD,-77.0465,-12.0931
2023,2022,,Renewable energy consumption (% of total final energy consumption),PE,Peru,Latin America & Caribbean ,Upper middle income,IBRD,-77.0465,-12.0931
2024,2021,30.6,Renewable energy consumption (% of total final energy consumption),PE,Peru,Latin America & Caribbean ,Upper middle income,IBRD,-77.0465,-12.0931
2025,2020,31.6,Renewable energy consumption (% of total final energy consumption),PE,Peru,Latin America & Caribbean ,Upper middle income,IBRD,-77.0465,-12.0931
2026,2019,27.1,Renewable energy consumption (% of total final energy consumption),PE,Peru,Latin America & Caribbean ,Upper middle income,IBRD,-77.0465,-12.0931
2027,2018,27.9,Renewable energy consumption (% of total final energy consumption),PE,Peru,Latin America & Caribbean ,Upper middle income,IBRD,-77.0465,-12.0931
2028,2017,27.6,Renewable energy consumption (% of total final energy consumption),PE,Peru,Latin America & Caribbean ,Upper middle income,IBRD,-77.0465,-12.0931
2029,2016,27.2,Renewable energy consumption (% of total final energy consumption),PE,Peru,Latin America & Caribbean ,Upper middle income,IBRD,-77.0465,-12.0931
2030,2025,,Renewable energy consumption (% of total final energy consumption),PH,Philippines,East Asia & Pacific,Upper middle income,IBRD,121.035,14.5515
2031,2024,,Renewable energy consumption (% of total final energy consumption),PH,Philippines,East Asia & Pacific,Upper middle income,IBRD,121.035,14.5515
2032,2023,,Renewable energy consumption (% of total final energy consumption),PH,Philippines,East Asia & Pacific,Upper middle income,IBRD,121.035,14.5515
2033,2022,,Renewable energy consumption (% of total final energy consumption),PH,Philippines,East Asia & Pacific,Upper middle income,IBRD,121.035,14.5515
2034,2021,28.0,Renewable energy consumption (% of total final energy consumption),PH,Philippines,East Asia & Pacific,Upper middle income,IBRD,121.035,14.5515
2035,2020,29.1,Renewable energy consumption (% of total final energy consumption),PH,Philippines,East Asia & Pacific,Upper middle income,IBRD,121.035,14.5515
2036,2019,26.9,Renewable energy consumption (% of total final energy consumption),PH,Philippines,East Asia & Pacific,Upper middle income,IBRD,121.035,14.5515
2037,2018,27.6,Renewable energy consumption (% of total final energy consumption),PH,Philippines,East Asia & Pacific,Upper middle income,IBRD,121.035,14.5515
2038,2017,27.8,Renewable energy consumption (% of total final energy consumption),PH,Philippines,East Asia & Pacific,Upper middle income,IBRD,121.035,14.5515
2039,2016,28.6,Renewable energy consumption (% of total final energy consumption),PH,Philippines,East Asia & Pacific,Upper middle income,IBRD,121.035,14.5515
2040,2025,,Renewable energy consumption (% of total final energy consumption),PL,Poland,Europe & Central Asia,High income,IBRD,21.02,52.26
2041,2024,,Renewable energy consumption (% of total final energy consumption),PL,Poland,Europe & Central Asia,High income,IBRD,21.02,52.26
2042,2023,,Renewable energy consumption (% of total final energy consumption),PL,Poland,Europe & Central Asia,High income,IBRD,21.02,52.26
2043,2022,,Renewable energy consumption (% of total final energy consumption),PL,Poland,Europe & Central Asia,High income,IBRD,21.02,52.26
2044,2021,15.2,Renewable energy consumption (% of total final energy consumption),PL,Poland,Europe & Central Asia,High income,IBRD,21.02,52.26
2045,2020,16.1,Renewable energy consumption (% of total final energy consumption),PL,Poland,Europe & Central Asia,High income,IBRD,21.02,52.26
2046,2019,15.6,Renewable energy consumption (% of total final energy consumption),PL,Poland,Europe & Central Asia,High income,IBRD,21.02,52.26
2047,2018,15.1,Renewable energy consumption (% of total final energy consumption),PL,Poland,Europe & Central Asia,High income,IBRD,21.02,52.26
2048,2017,11.1,Renewable energy consumption (% of total final energy consumption),PL,Poland,Europe & Central Asia,High income,IBRD,21.02,52.26
2049,2016,11.3,Renewable energy consumption (% of total final energy consumption),PL,Poland,Europe & Central Asia,High income,IBRD,21.02,52.26
2050,2025,,Renewable energy consumption (% of total final energy consumption),PT,Portugal,Europe & Central Asia,High income,Not classified,-9.13552,38.7072
2051,2024,,Renewable energy consumption (% of total final energy consumption),PT,Portugal,Europe & Central Asia,High income,Not classified,-9.13552,38.7072
2052,2023,,Renewable energy consumption (% of total final energy consumption),PT,Portugal,Europe & Central Asia,High income,Not classified,-9.13552,38.7072
2053,2022,,Renewable energy consumption (% of total final energy consumption),PT,Portugal,Europe & Central Asia,High income,Not classified,-9.13552,38.7072
2054,2021,32.3,Renewable energy consumption (% of total final energy consumption),PT,Portugal,Europe & Central Asia,High income,Not classified,-9.13552,38.7072
2055,2020,31.3,Renewable energy consumption (% of total final energy consumption),PT,Portugal,Europe & Central Asia,High income,Not classified,-9.13552,38.7072
2056,2019,28.2,Renewable energy consumption (% of total final energy consumption),PT,Portugal,Europe & Central Asia,High income,Not classified,-9.13552,38.7072
2057,2018,27.5,Renewable energy consumption (% of total final energy consumption),PT,Portugal,Europe & Central Asia,High income,Not classified,-9.13552,38.7072
2058,2017,24.4,Renewable energy consumption (% of total final energy consumption),PT,Portugal,Europe & Central Asia,High income,Not classified,-9.13552,38.7072
2059,2016,29.0,Renewable energy consumption (% of total final energy consumption),PT,Portugal,Europe & Central Asia,High income,Not classified,-9.13552,38.7072
2060,2025,,Renewable energy consumption (% of total final energy consumption),PR,Puerto Rico (US),Latin America & Caribbean ,High income,Not classified,-66,18.23
2061,2024,,Renewable energy consumption (% of total final energy consumption),PR,Puerto Rico (US),Latin America & Caribbean ,High income,Not classified,-66,18.23
2062,2023,,Renewable energy consumption (% of total final energy consumption),PR,Puerto Rico (US),Latin America & Caribbean ,High income,Not classified,-66,18.23
2063,2022,2.5,Renewable energy consumption (% of total final energy consumption),PR,Puerto Rico (US),Latin America & Caribbean ,High income,Not classified,-66,18.23
2064,2021,2.6,Renewable energy consumption (% of total final energy consumption),PR,Puerto Rico (US),Latin America & Caribbean ,High income,Not classified,-66,18.23
2065,2020,2.5,Renewable energy consumption (% of total final energy consumption),PR,Puerto Rico (US),Latin America & Caribbean ,High income,Not classified,-66,18.23
2066,2019,2.4,Renewable energy consumption (% of total final energy consumption),PR,Puerto Rico (US),Latin America & Caribbean ,High income,Not classified,-66,18.23
2067,2018,1.4,Renewable energy consumption (% of total final energy consumption),PR,Puerto Rico (US),Latin America & Caribbean ,High income,Not classified,-66,18.23
2068,2017,2.3,Renewable energy consumption (% of total final energy consumption),PR,Puerto Rico (US),Latin America & Caribbean ,High income,Not classified,-66,18.23
2069,2016,1.9,Renewable energy consumption (% of total final energy consumption),PR,Puerto Rico (US),Latin America & Caribbean ,High income,Not classified,-66,18.23
2070,2025,,Renewable energy consumption (% of total final energy consumption),QA,Qatar,"Middle East, North Africa, Afghanistan & Pakistan",High income,Not classified,51.5082,25.2948
2071,2024,,Renewable energy consumption (% of total final energy consumption),QA,Qatar,"Middle East, North Africa, Afghanistan & Pakistan",High income,Not classified,51.5082,25.2948
2072,2023,,Renewable energy consumption (% of total final energy consumption),QA,Qatar,"Middle East, North Africa, Afghanistan & Pakistan",High income,Not classified,51.5082,25.2948
2073,2022,,Renewable energy consumption (% of total final energy consumption),QA,Qatar,"Middle East, North Africa, Afghanistan & Pakistan",High income,Not classified,51.5082,25.2948
2074,2021,0.0,Renewable energy consumption (% of total final energy consumption),QA,Qatar,"Middle East, North Africa, Afghanistan & Pakistan",High income,Not classified,51.5082,25.2948
2075,2020,0.0,Renewable energy consumption (% of total final energy consumption),QA,Qatar,"Middle East, North Africa, Afghanistan & Pakistan",High income,Not classified,51.5082,25.2948
2076,2019,0.1,Renewable energy consumption (% of total final energy consumption),QA,Qatar,"Middle East, North Africa, Afghanistan & Pakistan",High income,Not classified,51.5082,25.2948
2077,2018,0.0,Renewable energy consumption (% of total final energy consumption),QA,Qatar,"Middle East, North Africa, Afghanistan & Pakistan",High income,Not classified,51.5082,25.2948
2078,2017,0.1,Renewable energy consumption (% of total final energy consumption),QA,Qatar,"Middle East, North Africa, Afghanistan & Pakistan",High income,Not classified,51.5082,25.2948
2079,2016,0.1,Renewable energy consumption (% of total final energy consumption),QA,Qatar,"Middle East, North Africa, Afghanistan & Pakistan",High income,Not classified,51.5082,25.2948
2080,2025,,Renewable energy consumption (% of total final energy consumption),RO,Romania,Europe & Central Asia,High income,IBRD,26.0979,44.4479
2081,2024,,Renewable energy consumption (% of total final energy consumption),RO,Romania,Europe & Central Asia,High income,IBRD,26.0979,44.4479
2082,2023,,Renewable energy consumption (% of total final energy consumption),RO,Romania,Europe & Central Asia,High income,IBRD,26.0979,44.4479
2083,2022,,Renewable energy consumption (% of total final energy consumption),RO,Romania,Europe & Central Asia,High income,IBRD,26.0979,44.4479
2084,2021,23.6,Renewable energy consumption (% of total final energy consumption),RO,Romania,Europe & Central Asia,High income,IBRD,26.0979,44.4479
2085,2020,24.1,Renewable energy consumption (% of total final energy consumption),RO,Romania,Europe & Central Asia,High income,IBRD,26.0979,44.4479
2086,2019,23.5,Renewable energy consumption (% of total final energy consumption),RO,Romania,Europe & Central Asia,High income,IBRD,26.0979,44.4479
2087,2018,23.0,Renewable energy consumption (% of total final energy consumption),RO,Romania,Europe & Central Asia,High income,IBRD,26.0979,44.4479
2088,2017,23.4,Renewable energy consumption (% of total final energy consumption),RO,Romania,Europe & Central Asia,High income,IBRD,26.0979,44.4479
2089,2016,24.4,Renewable energy consumption (% of total final energy consumption),RO,Romania,Europe & Central Asia,High income,IBRD,26.0979,44.4479
2090,2025,,Renewable energy consumption (% of total final energy consumption),RU,Russian Federation,Europe & Central Asia,High income,IBRD,37.6176,55.7558
2091,2024,,Renewable energy consumption (% of total final energy consumption),RU,Russian Federation,Europe & Central Asia,High income,IBRD,37.6176,55.7558
2092,2023,,Renewable energy consumption (% of total final energy consumption),RU,Russian Federation,Europe & Central Asia,High income,IBRD,37.6176,55.7558
2093,2022,,Renewable energy consumption (% of total final energy consumption),RU,Russian Federation,Europe & Central Asia,High income,IBRD,37.6176,55.7558
2094,2021,3.5,Renewable energy consumption (% of total final energy consumption),RU,Russian Federation,Europe & Central Asia,High income,IBRD,37.6176,55.7558
2095,2020,3.7,Renewable energy consumption (% of total final energy consumption),RU,Russian Federation,Europe & Central Asia,High income,IBRD,37.6176,55.7558
2096,2019,3.2,Renewable energy consumption (% of total final energy consumption),RU,Russian Federation,Europe & Central Asia,High income,IBRD,37.6176,55.7558
2097,2018,3.2,Renewable energy consumption (% of total final energy consumption),RU,Russian Federation,Europe & Central Asia,High income,IBRD,37.6176,55.7558
2098,2017,3.2,Renewable energy consumption (% of total final energy consumption),RU,Russian Federation,Europe & Central Asia,High income,IBRD,37.6176,55.7558
2099,2016,3.4,Renewable energy consumption (% of total final energy consumption),RU,Russian Federation,Europe & Central Asia,High income,IBRD,37.6176,55.7558
2100,2025,,Renewable energy consumption (% of total final energy consumption),RW,Rwanda,Sub-Saharan Africa ,Low income,IDA,30.0587,-1.95325
2101,2024,,Renewable energy consumption (% of total final energy consumption),RW,Rwanda,Sub-Saharan Africa ,Low income,IDA,30.0587,-1.95325
2102,2023,,Renewable energy consumption (% of total final energy consumption),RW,Rwanda,Sub-Saharan Africa ,Low income,IDA,30.0587,-1.95325
2103,2022,79.9,Renewable energy consumption (% of total final energy consumption),RW,Rwanda,Sub-Saharan Africa ,Low income,IDA,30.0587,-1.95325
2104,2021,79.4,Renewable energy consumption (% of total final energy consumption),RW,Rwanda,Sub-Saharan Africa ,Low income,IDA,30.0587,-1.95325
2105,2020,81.7,Renewable energy consumption (% of total final energy consumption),RW,Rwanda,Sub-Saharan Africa ,Low income,IDA,30.0587,-1.95325
2106,2019,81.8,Renewable energy consumption (% of total final energy consumption),RW,Rwanda,Sub-Saharan Africa ,Low income,IDA,30.0587,-1.95325
2107,2018,82.8,Renewable energy consumption (% of total final energy consumption),RW,Rwanda,Sub-Saharan Africa ,Low income,IDA,30.0587,-1.95325
2108,2017,84.5,Renewable energy consumption (% of total final energy consumption),RW,Rwanda,Sub-Saharan Africa ,Low income,IDA,30.0587,-1.95325
2109,2016,85.5,Renewable energy consumption (% of total final energy consumption),RW,Rwanda,Sub-Saharan Africa ,Low income,IDA,30.0587,-1.95325
2110,2025,,Renewable energy consumption (% of total final energy consumption),WS,Samoa,East Asia & Pacific,Upper middle income,IDA,-171.752,-13.8314
2111,2024,,Renewable energy consumption (% of total final energy consumption),WS,Samoa,East Asia & Pacific,Upper middle income,IDA,-171.752,-13.8314
2112,2023,,Renewable energy consumption (% of total final energy consumption),WS,Samoa,East Asia & Pacific,Upper middle income,IDA,-171.752,-13.8314
2113,2022,35.9,Renewable energy consumption (% of total final energy consumption),WS,Samoa,East Asia & Pacific,Upper middle income,IDA,-171.752,-13.8314
2114,2021,36.0,Renewable energy consumption (% of total final energy consumption),WS,Samoa,East Asia & Pacific,Upper middle income,IDA,-171.752,-13.8314
2115,2020,35.6,Renewable energy consumption (% of total final energy consumption),WS,Samoa,East Asia & Pacific,Upper middle income,IDA,-171.752,-13.8314
2116,2019,34.2,Renewable energy consumption (% of total final energy consumption),WS,Samoa,East Asia & Pacific,Upper middle income,IDA,-171.752,-13.8314
2117,2018,36.6,Renewable energy consumption (% of total final energy consumption),WS,Samoa,East Asia & Pacific,Upper middle income,IDA,-171.752,-13.8314
2118,2017,35.8,Renewable energy consumption (% of total final energy consumption),WS,Samoa,East Asia & Pacific,Upper middle income,IDA,-171.752,-13.8314
2119,2016,36.8,Renewable energy consumption (% of total final energy consumption),WS,Samoa,East Asia & Pacific,Upper middle income,IDA,-171.752,-13.8314
2120,2025,,Renewable energy consumption (% of total final energy consumption),SM,San Marino,Europe & Central Asia,High income,Not classified,12.4486,43.9322
2121,2024,,Renewable energy consumption (% of total final energy consumption),SM,San Marino,Europe & Central Asia,High income,Not classified,12.4486,43.9322
2122,2023,,Renewable energy consumption (% of total final energy consumption),SM,San Marino,Europe & Central Asia,High income,Not classified,12.4486,43.9322
2123,2022,,Renewable energy consumption (% of total final energy consumption),SM,San Marino,Europe & Central Asia,High income,Not classified,12.4486,43.9322
2124,2021,,Renewable energy consumption (% of total final energy consumption),SM,San Marino,Europe & Central Asia,High income,Not classified,12.4486,43.9322
2125,2020,,Renewable energy consumption (% of total final energy consumption),SM,San Marino,Europe & Central Asia,High income,Not classified,12.4486,43.9322
2126,2019,,Renewable energy consumption (% of total final energy consumption),SM,San Marino,Europe & Central Asia,High income,Not classified,12.4486,43.9322
2127,2018,,Renewable energy consumption (% of total final energy consumption),SM,San Marino,Europe & Central Asia,High income,Not classified,12.4486,43.9322
2128,2017,,Renewable energy consumption (% of total final energy consumption),SM,San Marino,Europe & Central Asia,High income,Not classified,12.4486,43.9322
2129,2016,,Renewable energy consumption (% of total final energy consumption),SM,San Marino,Europe & Central Asia,High income,Not classified,12.4486,43.9322
2130,2025,,Renewable energy consumption (% of total final energy consumption),ST,Sao Tome and Principe,Sub-Saharan Africa ,Lower middle income,IDA,6.6071,0.20618
2131,2024,,Renewable energy consumption (% of total final energy consumption),ST,Sao Tome and Principe,Sub-Saharan Africa ,Lower middle income,IDA,6.6071,0.20618
2132,2023,,Renewable energy consumption (% of total final energy consumption),ST,Sao Tome and Principe,Sub-Saharan Africa ,Lower middle income,IDA,6.6071,0.20618
2133,2022,42.5,Renewable energy consumption (% of total final energy consumption),ST,Sao Tome and Principe,Sub-Saharan Africa ,Lower middle income,IDA,6.6071,0.20618
2134,2021,40.8,Renewable energy consumption (% of total final energy consumption),ST,Sao Tome and Principe,Sub-Saharan Africa ,Lower middle income,IDA,6.6071,0.20618
2135,2020,41.6,Renewable energy consumption (% of total final energy consumption),ST,Sao Tome and Principe,Sub-Saharan Africa ,Lower middle income,IDA,6.6071,0.20618
2136,2019,38.6,Renewable energy consumption (% of total final energy consumption),ST,Sao Tome and Principe,Sub-Saharan Africa ,Lower middle income,IDA,6.6071,0.20618
2137,2018,40.6,Renewable energy consumption (% of total final energy consumption),ST,Sao Tome and Principe,Sub-Saharan Africa ,Lower middle income,IDA,6.6071,0.20618
2138,2017,39.2,Renewable energy consumption (% of total final energy consumption),ST,Sao Tome and Principe,Sub-Saharan Africa ,Lower middle income,IDA,6.6071,0.20618
2139,2016,38.1,Renewable energy consumption (% of total final energy consumption),ST,Sao Tome and Principe,Sub-Saharan Africa ,Lower middle income,IDA,6.6071,0.20618
2140,2025,,Renewable energy consumption (% of total final energy consumption),SA,Saudi Arabia,"Middle East, North Africa, Afghanistan & Pakistan",High income,Not classified,46.6977,24.6748
2141,2024,,Renewable energy consumption (% of total final energy consumption),SA,Saudi Arabia,"Middle East, North Africa, Afghanistan & Pakistan",High income,Not classified,46.6977,24.6748
2142,2023,,Renewable energy consumption (% of total final energy consumption),SA,Saudi Arabia,"Middle East, North Africa, Afghanistan & Pakistan",High income,Not classified,46.6977,24.6748
2143,2022,,Renewable energy consumption (% of total final energy consumption),SA,Saudi Arabia,"Middle East, North Africa, Afghanistan & Pakistan",High income,Not classified,46.6977,24.6748
2144,2021,0.1,Renewable energy consumption (% of total final energy consumption),SA,Saudi Arabia,"Middle East, North Africa, Afghanistan & Pakistan",High income,Not classified,46.6977,24.6748
2145,2020,0.1,Renewable energy consumption (% of total final energy consumption),SA,Saudi Arabia,"Middle East, North Africa, Afghanistan & Pakistan",High income,Not classified,46.6977,24.6748
2146,2019,0.0,Renewable energy consumption (% of total final energy consumption),SA,Saudi Arabia,"Middle East, North Africa, Afghanistan & Pakistan",High income,Not classified,46.6977,24.6748
2147,2018,0.0,Renewable energy consumption (% of total final energy consumption),SA,Saudi Arabia,"Middle East, North Africa, Afghanistan & Pakistan",High income,Not classified,46.6977,24.6748
2148,2017,0.0,Renewable energy consumption (% of total final energy consumption),SA,Saudi Arabia,"Middle East, North Africa, Afghanistan & Pakistan",High income,Not classified,46.6977,24.6748
2149,2016,0.0,Renewable energy consumption (% of total final energy consumption),SA,Saudi Arabia,"Middle East, North Africa, Afghanistan & Pakistan",High income,Not classified,46.6977,24.6748
2150,2025,,Renewable energy consumption (% of total final energy consumption),SN,Senegal,Sub-Saharan Africa ,Lower middle income,IDA,-17.4734,14.7247
2151,2024,,Renewable energy consumption (% of total final energy consumption),SN,Senegal,Sub-Saharan Africa ,Lower middle income,IDA,-17.4734,14.7247
2152,2023,,Renewable energy consumption (% of total final energy consumption),SN,Senegal,Sub-Saharan Africa ,Lower middle income,IDA,-17.4734,14.7247
2153,2022,,Renewable energy consumption (% of total final energy consumption),SN,Senegal,Sub-Saharan Africa ,Lower middle income,IDA,-17.4734,14.7247
2154,2021,35.4,Renewable energy consumption (% of total final energy consumption),SN,Senegal,Sub-Saharan Africa ,Lower middle income,IDA,-17.4734,14.7247
2155,2020,38.7,Renewable energy consumption (% of total final energy consumption),SN,Senegal,Sub-Saharan Africa ,Lower middle income,IDA,-17.4734,14.7247
2156,2019,36.2,Renewable energy consumption (% of total final energy consumption),SN,Senegal,Sub-Saharan Africa ,Lower middle income,IDA,-17.4734,14.7247
2157,2018,34.2,Renewable energy consumption (% of total final energy consumption),SN,Senegal,Sub-Saharan Africa ,Lower middle income,IDA,-17.4734,14.7247
2158,2017,36.8,Renewable energy consumption (% of total final energy consumption),SN,Senegal,Sub-Saharan Africa ,Lower middle income,IDA,-17.4734,14.7247
2159,2016,36.7,Renewable energy consumption (% of total final energy consumption),SN,Senegal,Sub-Saharan Africa ,Lower middle income,IDA,-17.4734,14.7247
2160,2025,,Renewable energy consumption (% of total final energy consumption),RS,Serbia,Europe & Central Asia,Upper middle income,IBRD,20.4656,44.8024
2161,2024,,Renewable energy consumption (% of total final energy consumption),RS,Serbia,Europe & Central Asia,Upper middle income,IBRD,20.4656,44.8024
2162,2023,,Renewable energy consumption (% of total final energy consumption),RS,Serbia,Europe & Central Asia,Upper middle income,IBRD,20.4656,44.8024
2163,2022,,Renewable energy consumption (% of total final energy consumption),RS,Serbia,Europe & Central Asia,Upper middle income,IBRD,20.4656,44.8024
2164,2021,27.2,Renewable energy consumption (% of total final energy consumption),RS,Serbia,Europe & Central Asia,Upper middle income,IBRD,20.4656,44.8024
2165,2020,26.0,Renewable energy consumption (% of total final energy consumption),RS,Serbia,Europe & Central Asia,Upper middle income,IBRD,20.4656,44.8024
2166,2019,21.4,Renewable energy consumption (% of total final energy consumption),RS,Serbia,Europe & Central Asia,Upper middle income,IBRD,20.4656,44.8024
2167,2018,21.0,Renewable energy consumption (% of total final energy consumption),RS,Serbia,Europe & Central Asia,Upper middle income,IBRD,20.4656,44.8024
2168,2017,20.0,Renewable energy consumption (% of total final energy consumption),RS,Serbia,Europe & Central Asia,Upper middle income,IBRD,20.4656,44.8024
2169,2016,20.9,Renewable energy consumption (% of total final energy consumption),RS,Serbia,Europe & Central Asia,Upper middle income,IBRD,20.4656,44.8024
2170,2025,,Renewable energy consumption (% of total final energy consumption),SC,Seychelles,Sub-Saharan Africa ,High income,IBRD,55.4466,-4.6309
2171,2024,,Renewable energy consumption (% of total final energy consumption),SC,Seychelles,Sub-Saharan Africa ,High income,IBRD,55.4466,-4.6309
2172,2023,,Renewable energy consumption (% of total final energy consumption),SC,Seychelles,Sub-Saharan Africa ,High income,IBRD,55.4466,-4.6309
2173,2022,1.9,Renewable energy consumption (% of total final energy consumption),SC,Seychelles,Sub-Saharan Africa ,High income,IBRD,55.4466,-4.6309
2174,2021,1.7,Renewable energy consumption (% of total final energy consumption),SC,Seychelles,Sub-Saharan Africa ,High income,IBRD,55.4466,-4.6309
2175,2020,1.3,Renewable energy consumption (% of total final energy consumption),SC,Seychelles,Sub-Saharan Africa ,High income,IBRD,55.4466,-4.6309
2176,2019,1.2,Renewable energy consumption (% of total final energy consumption),SC,Seychelles,Sub-Saharan Africa ,High income,IBRD,55.4466,-4.6309
2177,2018,1.2,Renewable energy consumption (% of total final energy consumption),SC,Seychelles,Sub-Saharan Africa ,High income,IBRD,55.4466,-4.6309
2178,2017,1.2,Renewable energy consumption (% of total final energy consumption),SC,Seychelles,Sub-Saharan Africa ,High income,IBRD,55.4466,-4.6309
2179,2016,1.2,Renewable energy consumption (% of total final energy consumption),SC,Seychelles,Sub-Saharan Africa ,High income,IBRD,55.4466,-4.6309
2180,2025,,Renewable energy consumption (% of total final energy consumption),SL,Sierra Leone,Sub-Saharan Africa ,Low income,IDA,-13.2134,8.4821
2181,2024,,Renewable energy consumption (% of total final energy consumption),SL,Sierra Leone,Sub-Saharan Africa ,Low income,IDA,-13.2134,8.4821
2182,2023,,Renewable energy consumption (% of total final energy consumption),SL,Sierra Leone,Sub-Saharan Africa ,Low income,IDA,-13.2134,8.4821
2183,2022,71.6,Renewable energy consumption (% of total final energy consumption),SL,Sierra Leone,Sub-Saharan Africa ,Low income,IDA,-13.2134,8.4821
2184,2021,71.1,Renewable energy consumption (% of total final energy consumption),SL,Sierra Leone,Sub-Saharan Africa ,Low income,IDA,-13.2134,8.4821
2185,2020,75.1,Renewable energy consumption (% of total final energy consumption),SL,Sierra Leone,Sub-Saharan Africa ,Low income,IDA,-13.2134,8.4821
2186,2019,75.4,Renewable energy consumption (% of total final energy consumption),SL,Sierra Leone,Sub-Saharan Africa ,Low income,IDA,-13.2134,8.4821
2187,2018,75.9,Renewable energy consumption (% of total final energy consumption),SL,Sierra Leone,Sub-Saharan Africa ,Low income,IDA,-13.2134,8.4821
2188,2017,74.6,Renewable energy consumption (% of total final energy consumption),SL,Sierra Leone,Sub-Saharan Africa ,Low income,IDA,-13.2134,8.4821
2189,2016,73.6,Renewable energy consumption (% of total final energy consumption),SL,Sierra Leone,Sub-Saharan Africa ,Low income,IDA,-13.2134,8.4821
2190,2025,,Renewable energy consumption (% of total final energy consumption),SG,Singapore,East Asia & Pacific,High income,Not classified,103.85,1.28941
2191,2024,,Renewable energy consumption (% of total final energy consumption),SG,Singapore,East Asia & Pacific,High income,Not classified,103.85,1.28941
2192,2023,,Renewable energy consumption (% of total final energy consumption),SG,Singapore,East Asia & Pacific,High income,Not classified,103.85,1.28941
2193,2022,,Renewable energy consumption (% of total final energy consumption),SG,Singapore,East Asia & Pacific,High income,Not classified,103.85,1.28941
2194,2021,1.1,Renewable energy consumption (% of total final energy consumption),SG,Singapore,East Asia & Pacific,High income,Not classified,103.85,1.28941
2195,2020,0.9,Renewable energy consumption (% of total final energy consumption),SG,Singapore,East Asia & Pacific,High income,Not classified,103.85,1.28941
2196,2019,0.9,Renewable energy consumption (% of total final energy consumption),SG,Singapore,East Asia & Pacific,High income,Not classified,103.85,1.28941
2197,2018,0.8,Renewable energy consumption (% of total final energy consumption),SG,Singapore,East Asia & Pacific,High income,Not classified,103.85,1.28941
2198,2017,0.7,Renewable energy consumption (% of total final energy consumption),SG,Singapore,East Asia & Pacific,High income,Not classified,103.85,1.28941
2199,2016,0.7,Renewable energy consumption (% of total final energy consumption),SG,Singapore,East Asia & Pacific,High income,Not classified,103.85,1.28941
2200,2025,,Renewable energy consumption (% of total final energy consumption),SX,Sint Maarten (Dutch part),Latin America & Caribbean ,High income,Not classified,,
2201,2024,,Renewable energy consumption (% of total final energy consumption),SX,Sint Maarten (Dutch part),Latin America & Caribbean ,High income,Not classified,,
2202,2023,,Renewable energy consumption (% of total final energy consumption),SX,Sint Maarten (Dutch part),Latin America & Caribbean ,High income,Not classified,,
2203,2022,0.0,Renewable energy consumption (% of total final energy consumption),SX,Sint Maarten (Dutch part),Latin America & Caribbean ,High income,Not classified,,
2204,2021,0.0,Renewable energy consumption (% of total final energy consumption),SX,Sint Maarten (Dutch part),Latin America & Caribbean ,High income,Not classified,,
2205,2020,0.0,Renewable energy consumption (% of total final energy consumption),SX,Sint Maarten (Dutch part),Latin America & Caribbean ,High income,Not classified,,
2206,2019,0.0,Renewable energy consumption (% of total final energy consumption),SX,Sint Maarten (Dutch part),Latin America & Caribbean ,High income,Not classified,,
2207,2018,0.0,Renewable energy consumption (% of total final energy consumption),SX,Sint Maarten (Dutch part),Latin America & Caribbean ,High income,Not classified,,
2208,2017,0.0,Renewable energy consumption (% of total final energy consumption),SX,Sint Maarten (Dutch part),Latin America & Caribbean ,High income,Not classified,,
2209,2016,0.0,Renewable energy consumption (% of total final energy consumption),SX,Sint Maarten (Dutch part),Latin America & Caribbean ,High income,Not classified,,
2210,2025,,Renewable energy consumption (% of total final energy consumption),SK,Slovak Republic,Europe & Central Asia,High income,Not classified,17.1073,48.1484
2211,2024,,Renewable energy consumption (% of total final energy consumption),SK,Slovak Republic,Europe & Central Asia,High income,Not classified,17.1073,48.1484
2212,2023,,Renewable energy consumption (% of total final energy consumption),SK,Slovak Republic,Europe & Central Asia,High income,Not classified,17.1073,48.1484
2213,2022,,Renewable energy consumption (% of total final energy consumption),SK,Slovak Republic,Europe & Central Asia,High income,Not classified,17.1073,48.1484
2214,2021,17.9,Renewable energy consumption (% of total final energy consumption),SK,Slovak Republic,Europe & Central Asia,High income,Not classified,17.1073,48.1484
2215,2020,17.6,Renewable energy consumption (% of total final energy consumption),SK,Slovak Republic,Europe & Central Asia,High income,Not classified,17.1073,48.1484
2216,2019,17.6,Renewable energy consumption (% of total final energy consumption),SK,Slovak Republic,Europe & Central Asia,High income,Not classified,17.1073,48.1484
2217,2018,12.4,Renewable energy consumption (% of total final energy consumption),SK,Slovak Republic,Europe & Central Asia,High income,Not classified,17.1073,48.1484
2218,2017,12.4,Renewable energy consumption (% of total final energy consumption),SK,Slovak Republic,Europe & Central Asia,High income,Not classified,17.1073,48.1484
2219,2016,13.1,Renewable energy consumption (% of total final energy consumption),SK,Slovak Republic,Europe & Central Asia,High income,Not classified,17.1073,48.1484
2220,2025,,Renewable energy consumption (% of total final energy consumption),SI,Slovenia,Europe & Central Asia,High income,Not classified,14.5044,46.0546
2221,2024,,Renewable energy consumption (% of total final energy consumption),SI,Slovenia,Europe & Central Asia,High income,Not classified,14.5044,46.0546
2222,2023,,Renewable energy consumption (% of total final energy consumption),SI,Slovenia,Europe & Central Asia,High income,Not classified,14.5044,46.0546
2223,2022,,Renewable energy consumption (% of total final energy consumption),SI,Slovenia,Europe & Central Asia,High income,Not classified,14.5044,46.0546
2224,2021,23.4,Renewable energy consumption (% of total final energy consumption),SI,Slovenia,Europe & Central Asia,High income,Not classified,14.5044,46.0546
2225,2020,22.7,Renewable energy consumption (% of total final energy consumption),SI,Slovenia,Europe & Central Asia,High income,Not classified,14.5044,46.0546
2226,2019,20.9,Renewable energy consumption (% of total final energy consumption),SI,Slovenia,Europe & Central Asia,High income,Not classified,14.5044,46.0546
2227,2018,20.6,Renewable energy consumption (% of total final energy consumption),SI,Slovenia,Europe & Central Asia,High income,Not classified,14.5044,46.0546
2228,2017,19.7,Renewable energy consumption (% of total final energy consumption),SI,Slovenia,Europe & Central Asia,High income,Not classified,14.5044,46.0546
2229,2016,21.0,Renewable energy consumption (% of total final energy consumption),SI,Slovenia,Europe & Central Asia,High income,Not classified,14.5044,46.0546
2230,2025,,Renewable energy consumption (% of total final energy consumption),SB,Solomon Islands,East Asia & Pacific,Lower middle income,IDA,159.949,-9.42676
2231,2024,,Renewable energy consumption (% of total final energy consumption),SB,Solomon Islands,East Asia & Pacific,Lower middle income,IDA,159.949,-9.42676
2232,2023,,Renewable energy consumption (% of total final energy consumption),SB,Solomon Islands,East Asia & Pacific,Lower middle income,IDA,159.949,-9.42676
2233,2022,50.1,Renewable energy consumption (% of total final energy consumption),SB,Solomon Islands,East Asia & Pacific,Lower middle income,IDA,159.949,-9.42676
2234,2021,49.1,Renewable energy consumption (% of total final energy consumption),SB,Solomon Islands,East Asia & Pacific,Lower middle income,IDA,159.949,-9.42676
2235,2020,49.0,Renewable energy consumption (% of total final energy consumption),SB,Solomon Islands,East Asia & Pacific,Lower middle income,IDA,159.949,-9.42676
2236,2019,48.4,Renewable energy consumption (% of total final energy consumption),SB,Solomon Islands,East Asia & Pacific,Lower middle income,IDA,159.949,-9.42676
2237,2018,48.6,Renewable energy consumption (% of total final energy consumption),SB,Solomon Islands,East Asia & Pacific,Lower middle income,IDA,159.949,-9.42676
2238,2017,49.0,Renewable energy consumption (% of total final energy consumption),SB,Solomon Islands,East Asia & Pacific,Lower middle income,IDA,159.949,-9.42676
2239,2016,48.7,Renewable energy consumption (% of total final energy consumption),SB,Solomon Islands,East Asia & Pacific,Lower middle income,IDA,159.949,-9.42676
2240,2025,,Renewable energy consumption (% of total final energy consumption),SO,"Somalia, Fed. Rep.",Sub-Saharan Africa ,Low income,IDA,45.3254,2.07515
2241,2024,,Renewable energy consumption (% of total final energy consumption),SO,"Somalia, Fed. Rep.",Sub-Saharan Africa ,Low income,IDA,45.3254,2.07515
2242,2023,,Renewable energy consumption (% of total final energy consumption),SO,"Somalia, Fed. Rep.",Sub-Saharan Africa ,Low income,IDA,45.3254,2.07515
2243,2022,95.4,Renewable energy consumption (% of total final energy consumption),SO,"Somalia, Fed. Rep.",Sub-Saharan Africa ,Low income,IDA,45.3254,2.07515
2244,2021,95.4,Renewable energy consumption (% of total final energy consumption),SO,"Somalia, Fed. Rep.",Sub-Saharan Africa ,Low income,IDA,45.3254,2.07515
2245,2020,95.5,Renewable energy consumption (% of total final energy consumption),SO,"Somalia, Fed. Rep.",Sub-Saharan Africa ,Low income,IDA,45.3254,2.07515
2246,2019,95.0,Renewable energy consumption (% of total final energy consumption),SO,"Somalia, Fed. Rep.",Sub-Saharan Africa ,Low income,IDA,45.3254,2.07515
2247,2018,94.9,Renewable energy consumption (% of total final energy consumption),SO,"Somalia, Fed. Rep.",Sub-Saharan Africa ,Low income,IDA,45.3254,2.07515
2248,2017,94.9,Renewable energy consumption (% of total final energy consumption),SO,"Somalia, Fed. Rep.",Sub-Saharan Africa ,Low income,IDA,45.3254,2.07515
2249,2016,94.8,Renewable energy consumption (% of total final energy consumption),SO,"Somalia, Fed. Rep.",Sub-Saharan Africa ,Low income,IDA,45.3254,2.07515
2250,2025,,Renewable energy consumption (% of total final energy consumption),ZA,South Africa,Sub-Saharan Africa ,Upper middle income,IBRD,28.1871,-25.746
2251,2024,,Renewable energy consumption (% of total final energy consumption),ZA,South Africa,Sub-Saharan Africa ,Upper middle income,IBRD,28.1871,-25.746
2252,2023,,Renewable energy consumption (% of total final energy consumption),ZA,South Africa,Sub-Saharan Africa ,Upper middle income,IBRD,28.1871,-25.746
2253,2022,,Renewable energy consumption (% of total final energy consumption),ZA,South Africa,Sub-Saharan Africa ,Upper middle income,IBRD,28.1871,-25.746
2254,2021,9.7,Renewable energy consumption (% of total final energy consumption),ZA,South Africa,Sub-Saharan Africa ,Upper middle income,IBRD,28.1871,-25.746
2255,2020,9.8,Renewable energy consumption (% of total final energy consumption),ZA,South Africa,Sub-Saharan Africa ,Upper middle income,IBRD,28.1871,-25.746
2256,2019,8.7,Renewable energy consumption (% of total final energy consumption),ZA,South Africa,Sub-Saharan Africa ,Upper middle income,IBRD,28.1871,-25.746
2257,2018,8.0,Renewable energy consumption (% of total final energy consumption),ZA,South Africa,Sub-Saharan Africa ,Upper middle income,IBRD,28.1871,-25.746
2258,2017,7.9,Renewable energy consumption (% of total final energy consumption),ZA,South Africa,Sub-Saharan Africa ,Upper middle income,IBRD,28.1871,-25.746
2259,2016,7.8,Renewable energy consumption (% of total final energy consumption),ZA,South Africa,Sub-Saharan Africa ,Upper middle income,IBRD,28.1871,-25.746
2260,2025,,Renewable energy consumption (% of total final energy consumption),SS,South Sudan,Sub-Saharan Africa ,Low income,IDA,31.6,4.85
2261,2024,,Renewable energy consumption (% of total final energy consumption),SS,South Sudan,Sub-Saharan Africa ,Low income,IDA,31.6,4.85
2262,2023,,Renewable energy consumption (% of total final energy consumption),SS,South Sudan,Sub-Saharan Africa ,Low income,IDA,31.6,4.85
2263,2022,,Renewable energy consumption (% of total final energy consumption),SS,South Sudan,Sub-Saharan Africa ,Low income,IDA,31.6,4.85
2264,2021,32.4,Renewable energy consumption (% of total final energy consumption),SS,South Sudan,Sub-Saharan Africa ,Low income,IDA,31.6,4.85
2265,2020,32.8,Renewable energy consumption (% of total final energy consumption),SS,South Sudan,Sub-Saharan Africa ,Low income,IDA,31.6,4.85
2266,2019,31.4,Renewable energy consumption (% of total final energy consumption),SS,South Sudan,Sub-Saharan Africa ,Low income,IDA,31.6,4.85
2267,2018,31.5,Renewable energy consumption (% of total final energy consumption),SS,South Sudan,Sub-Saharan Africa ,Low income,IDA,31.6,4.85
2268,2017,35.1,Renewable energy consumption (% of total final energy consumption),SS,South Sudan,Sub-Saharan Africa ,Low income,IDA,31.6,4.85
2269,2016,28.7,Renewable energy consumption (% of total final energy consumption),SS,South Sudan,Sub-Saharan Africa ,Low income,IDA,31.6,4.85
2270,2025,,Renewable energy consumption (% of total final energy consumption),ES,Spain,Europe & Central Asia,High income,Not classified,-3.70327,40.4167
2271,2024,,Renewable energy consumption (% of total final energy consumption),ES,Spain,Europe & Central Asia,High income,Not classified,-3.70327,40.4167
2272,2023,,Renewable energy consumption (% of total final energy consumption),ES,Spain,Europe & Central Asia,High income,Not classified,-3.70327,40.4167
2273,2022,,Renewable energy consumption (% of total final energy consumption),ES,Spain,Europe & Central Asia,High income,Not classified,-3.70327,40.4167
2274,2021,19.0,Renewable energy consumption (% of total final energy consumption),ES,Spain,Europe & Central Asia,High income,Not classified,-3.70327,40.4167
2275,2020,19.3,Renewable energy consumption (% of total final energy consumption),ES,Spain,Europe & Central Asia,High income,Not classified,-3.70327,40.4167
2276,2019,16.7,Renewable energy consumption (% of total final energy consumption),ES,Spain,Europe & Central Asia,High income,Not classified,-3.70327,40.4167
2277,2018,16.9,Renewable energy consumption (% of total final energy consumption),ES,Spain,Europe & Central Asia,High income,Not classified,-3.70327,40.4167
2278,2017,15.2,Renewable energy consumption (% of total final energy consumption),ES,Spain,Europe & Central Asia,High income,Not classified,-3.70327,40.4167
2279,2016,16.7,Renewable energy consumption (% of total final energy consumption),ES,Spain,Europe & Central Asia,High income,Not classified,-3.70327,40.4167
2280,2025,,Renewable energy consumption (% of total final energy consumption),LK,Sri Lanka,South Asia,Upper middle income,IDA,79.8528,6.92148
2281,2024,,Renewable energy consumption (% of total final energy consumption),LK,Sri Lanka,South Asia,Upper middle income,IDA,79.8528,6.92148
2282,2023,,Renewable energy consumption (% of total final energy consumption),LK,Sri Lanka,South Asia,Upper middle income,IDA,79.8528,6.92148
2283,2022,,Renewable energy consumption (% of total final energy consumption),LK,Sri Lanka,South Asia,Upper middle income,IDA,79.8528,6.92148
2284,2021,48.8,Renewable energy consumption (% of total final energy consumption),LK,Sri Lanka,South Asia,Upper middle income,IDA,79.8528,6.92148
2285,2020,49.3,Renewable energy consumption (% of total final energy consumption),LK,Sri Lanka,South Asia,Upper middle income,IDA,79.8528,6.92148
2286,2019,46.1,Renewable energy consumption (% of total final energy consumption),LK,Sri Lanka,South Asia,Upper middle income,IDA,79.8528,6.92148
2287,2018,47.9,Renewable energy consumption (% of total final energy consumption),LK,Sri Lanka,South Asia,Upper middle income,IDA,79.8528,6.92148
2288,2017,45.8,Renewable energy consumption (% of total final energy consumption),LK,Sri Lanka,South Asia,Upper middle income,IDA,79.8528,6.92148
2289,2016,45.1,Renewable energy consumption (% of total final energy consumption),LK,Sri Lanka,South Asia,Upper middle income,IDA,79.8528,6.92148
2290,2025,,Renewable energy consumption (% of total final energy consumption),KN,St. Kitts and Nevis,Latin America & Caribbean ,High income,IBRD,-62.7309,17.3
2291,2024,,Renewable energy consumption (% of total final energy consumption),KN,St. Kitts and Nevis,Latin America & Caribbean ,High income,IBRD,-62.7309,17.3
2292,2023,,Renewable energy consumption (% of total final energy consumption),KN,St. Kitts and Nevis,Latin America & Caribbean ,High income,IBRD,-62.7309,17.3
2293,2022,1.5,Renewable energy consumption (% of total final energy consumption),KN,St. Kitts and Nevis,Latin America & Caribbean ,High income,IBRD,-62.7309,17.3
2294,2021,1.6,Renewable energy consumption (% of total final energy consumption),KN,St. Kitts and Nevis,Latin America & Caribbean ,High income,IBRD,-62.7309,17.3
2295,2020,1.6,Renewable energy consumption (% of total final energy consumption),KN,St. Kitts and Nevis,Latin America & Caribbean ,High income,IBRD,-62.7309,17.3
2296,2019,1.3,Renewable energy consumption (% of total final energy consumption),KN,St. Kitts and Nevis,Latin America & Caribbean ,High income,IBRD,-62.7309,17.3
2297,2018,1.3,Renewable energy consumption (% of total final energy consumption),KN,St. Kitts and Nevis,Latin America & Caribbean ,High income,IBRD,-62.7309,17.3
2298,2017,1.3,Renewable energy consumption (% of total final energy consumption),KN,St. Kitts and Nevis,Latin America & Caribbean ,High income,IBRD,-62.7309,17.3
2299,2016,1.7,Renewable energy consumption (% of total final energy consumption),KN,St. Kitts and Nevis,Latin America & Caribbean ,High income,IBRD,-62.7309,17.3
2300,2025,,Renewable energy consumption (% of total final energy consumption),LC,St. Lucia,Latin America & Caribbean ,Upper middle income,Blend,-60.9832,14
2301,2024,,Renewable energy consumption (% of total final energy consumption),LC,St. Lucia,Latin America & Caribbean ,Upper middle income,Blend,-60.9832,14
2302,2023,,Renewable energy consumption (% of total final energy consumption),LC,St. Lucia,Latin America & Caribbean ,Upper middle income,Blend,-60.9832,14
2303,2022,9.7,Renewable energy consumption (% of total final energy consumption),LC,St. Lucia,Latin America & Caribbean ,Upper middle income,Blend,-60.9832,14
2304,2021,9.7,Renewable energy consumption (% of total final energy consumption),LC,St. Lucia,Latin America & Caribbean ,Upper middle income,Blend,-60.9832,14
2305,2020,10.0,Renewable energy consumption (% of total final energy consumption),LC,St. Lucia,Latin America & Caribbean ,Upper middle income,Blend,-60.9832,14
2306,2019,10.0,Renewable energy consumption (% of total final energy consumption),LC,St. Lucia,Latin America & Caribbean ,Upper middle income,Blend,-60.9832,14
2307,2018,10.2,Renewable energy consumption (% of total final energy consumption),LC,St. Lucia,Latin America & Caribbean ,Upper middle income,Blend,-60.9832,14
2308,2017,10.2,Renewable energy consumption (% of total final energy consumption),LC,St. Lucia,Latin America & Caribbean ,Upper middle income,Blend,-60.9832,14
2309,2016,11.2,Renewable energy consumption (% of total final energy consumption),LC,St. Lucia,Latin America & Caribbean ,Upper middle income,Blend,-60.9832,14
2310,2025,,Renewable energy consumption (% of total final energy consumption),MF,St. Martin (French part),Latin America & Caribbean ,High income,Not classified,,
2311,2024,,Renewable energy consumption (% of total final energy consumption),MF,St. Martin (French part),Latin America & Caribbean ,High income,Not classified,,
2312,2023,,Renewable energy consumption (% of total final energy consumption),MF,St. Martin (French part),Latin America & Caribbean ,High income,Not classified,,
2313,2022,,Renewable energy consumption (% of total final energy consumption),MF,St. Martin (French part),Latin America & Caribbean ,High income,Not classified,,
2314,2021,,Renewable energy consumption (% of total final energy consumption),MF,St. Martin (French part),Latin America & Caribbean ,High income,Not classified,,
2315,2020,,Renewable energy consumption (% of total final energy consumption),MF,St. Martin (French part),Latin America & Caribbean ,High income,Not classified,,
2316,2019,,Renewable energy consumption (% of total final energy consumption),MF,St. Martin (French part),Latin America & Caribbean ,High income,Not classified,,
2317,2018,,Renewable energy consumption (% of total final energy consumption),MF,St. Martin (French part),Latin America & Caribbean ,High income,Not classified,,
2318,2017,,Renewable energy consumption (% of total final energy consumption),MF,St. Martin (French part),Latin America & Caribbean ,High income,Not classified,,
2319,2016,,Renewable energy consumption (% of total final energy consumption),MF,St. Martin (French part),Latin America & Caribbean ,High income,Not classified,,
2320,2025,,Renewable energy consumption (% of total final energy consumption),VC,St. Vincent and the Grenadines,Latin America & Caribbean ,Upper middle income,Blend,-61.2653,13.2035
2321,2024,,Renewable energy consumption (% of total final energy consumption),VC,St. Vincent and the Grenadines,Latin America & Caribbean ,Upper middle income,Blend,-61.2653,13.2035
2322,2023,,Renewable energy consumption (% of total final energy consumption),VC,St. Vincent and the Grenadines,Latin America & Caribbean ,Upper middle income,Blend,-61.2653,13.2035
2323,2022,5.1,Renewable energy consumption (% of total final energy consumption),VC,St. Vincent and the Grenadines,Latin America & Caribbean ,Upper middle income,Blend,-61.2653,13.2035
2324,2021,5.0,Renewable energy consumption (% of total final energy consumption),VC,St. Vincent and the Grenadines,Latin America & Caribbean ,Upper middle income,Blend,-61.2653,13.2035
2325,2020,5.2,Renewable energy consumption (% of total final energy consumption),VC,St. Vincent and the Grenadines,Latin America & Caribbean ,Upper middle income,Blend,-61.2653,13.2035
2326,2019,5.4,Renewable energy consumption (% of total final energy consumption),VC,St. Vincent and the Grenadines,Latin America & Caribbean ,Upper middle income,Blend,-61.2653,13.2035
2327,2018,4.9,Renewable energy consumption (% of total final energy consumption),VC,St. Vincent and the Grenadines,Latin America & Caribbean ,Upper middle income,Blend,-61.2653,13.2035
2328,2017,5.3,Renewable energy consumption (% of total final energy consumption),VC,St. Vincent and the Grenadines,Latin America & Caribbean ,Upper middle income,Blend,-61.2653,13.2035
2329,2016,4.1,Renewable energy consumption (% of total final energy consumption),VC,St. Vincent and the Grenadines,Latin America & Caribbean ,Upper middle income,Blend,-61.2653,13.2035
2330,2025,,Renewable energy consumption (% of total final energy consumption),SD,Sudan,Sub-Saharan Africa ,Low income,IDA,32.5363,15.5932
2331,2024,,Renewable energy consumption (% of total final energy consumption),SD,Sudan,Sub-Saharan Africa ,Low income,IDA,32.5363,15.5932
2332,2023,,Renewable energy consumption (% of total final energy consumption),SD,Sudan,Sub-Saharan Africa ,Low income,IDA,32.5363,15.5932
2333,2022,,Renewable energy consumption (% of total final energy consumption),SD,Sudan,Sub-Saharan Africa ,Low income,IDA,32.5363,15.5932
2334,2021,61.0,Renewable energy consumption (% of total final energy consumption),SD,Sudan,Sub-Saharan Africa ,Low income,IDA,32.5363,15.5932
2335,2020,62.6,Renewable energy consumption (% of total final energy consumption),SD,Sudan,Sub-Saharan Africa ,Low income,IDA,32.5363,15.5932
2336,2019,59.4,Renewable energy consumption (% of total final energy consumption),SD,Sudan,Sub-Saharan Africa ,Low income,IDA,32.5363,15.5932
2337,2018,59.8,Renewable energy consumption (% of total final energy consumption),SD,Sudan,Sub-Saharan Africa ,Low income,IDA,32.5363,15.5932
2338,2017,59.4,Renewable energy consumption (% of total final energy consumption),SD,Sudan,Sub-Saharan Africa ,Low income,IDA,32.5363,15.5932
2339,2016,58.9,Renewable energy consumption (% of total final energy consumption),SD,Sudan,Sub-Saharan Africa ,Low income,IDA,32.5363,15.5932
2340,2025,,Renewable energy consumption (% of total final energy consumption),SR,Suriname,Latin America & Caribbean ,Upper middle income,Blend,-55.1679,5.8232
2341,2024,,Renewable energy consumption (% of total final energy consumption),SR,Suriname,Latin America & Caribbean ,Upper middle income,Blend,-55.1679,5.8232
2342,2023,,Renewable energy consumption (% of total final energy consumption),SR,Suriname,Latin America & Caribbean ,Upper middle income,Blend,-55.1679,5.8232
2343,2022,,Renewable energy consumption (% of total final energy consumption),SR,Suriname,Latin America & Caribbean ,Upper middle income,Blend,-55.1679,5.8232
2344,2021,14.5,Renewable energy consumption (% of total final energy consumption),SR,Suriname,Latin America & Caribbean ,Upper middle income,Blend,-55.1679,5.8232
2345,2020,14.6,Renewable energy consumption (% of total final energy consumption),SR,Suriname,Latin America & Caribbean ,Upper middle income,Blend,-55.1679,5.8232
2346,2019,14.9,Renewable energy consumption (% of total final energy consumption),SR,Suriname,Latin America & Caribbean ,Upper middle income,Blend,-55.1679,5.8232
2347,2018,18.3,Renewable energy consumption (% of total final energy consumption),SR,Suriname,Latin America & Caribbean ,Upper middle income,Blend,-55.1679,5.8232
2348,2017,15.5,Renewable energy consumption (% of total final energy consumption),SR,Suriname,Latin America & Caribbean ,Upper middle income,Blend,-55.1679,5.8232
2349,2016,11.1,Renewable energy consumption (% of total final energy consumption),SR,Suriname,Latin America & Caribbean ,Upper middle income,Blend,-55.1679,5.8232
2350,2025,,Renewable energy consumption (% of total final energy consumption),SE,Sweden,Europe & Central Asia,High income,Not classified,18.0645,59.3327
2351,2024,,Renewable energy consumption (% of total final energy consumption),SE,Sweden,Europe & Central Asia,High income,Not classified,18.0645,59.3327
2352,2023,,Renewable energy consumption (% of total final energy consumption),SE,Sweden,Europe & Central Asia,High income,Not classified,18.0645,59.3327
2353,2022,,Renewable energy consumption (% of total final energy consumption),SE,Sweden,Europe & Central Asia,High income,Not classified,18.0645,59.3327
2354,2021,57.9,Renewable energy consumption (% of total final energy consumption),SE,Sweden,Europe & Central Asia,High income,Not classified,18.0645,59.3327
2355,2020,57.8,Renewable energy consumption (% of total final energy consumption),SE,Sweden,Europe & Central Asia,High income,Not classified,18.0645,59.3327
2356,2019,52.9,Renewable energy consumption (% of total final energy consumption),SE,Sweden,Europe & Central Asia,High income,Not classified,18.0645,59.3327
2357,2018,51.6,Renewable energy consumption (% of total final energy consumption),SE,Sweden,Europe & Central Asia,High income,Not classified,18.0645,59.3327
2358,2017,51.8,Renewable energy consumption (% of total final energy consumption),SE,Sweden,Europe & Central Asia,High income,Not classified,18.0645,59.3327
2359,2016,50.9,Renewable energy consumption (% of total final energy consumption),SE,Sweden,Europe & Central Asia,High income,Not classified,18.0645,59.3327
2360,2025,,Renewable energy consumption (% of total final energy consumption),CH,Switzerland,Europe & Central Asia,High income,Not classified,7.44821,46.948
2361,2024,,Renewable energy consumption (% of total final energy consumption),CH,Switzerland,Europe & Central Asia,High income,Not classified,7.44821,46.948
2362,2023,,Renewable energy consumption (% of total final energy consumption),CH,Switzerland,Europe & Central Asia,High income,Not classified,7.44821,46.948
2363,2022,,Renewable energy consumption (% of total final energy consumption),CH,Switzerland,Europe & Central Asia,High income,Not classified,7.44821,46.948
2364,2021,27.7,Renewable energy consumption (% of total final energy consumption),CH,Switzerland,Europe & Central Asia,High income,Not classified,7.44821,46.948
2365,2020,26.4,Renewable energy consumption (% of total final energy consumption),CH,Switzerland,Europe & Central Asia,High income,Not classified,7.44821,46.948
2366,2019,24.8,Renewable energy consumption (% of total final energy consumption),CH,Switzerland,Europe & Central Asia,High income,Not classified,7.44821,46.948
2367,2018,24.2,Renewable energy consumption (% of total final energy consumption),CH,Switzerland,Europe & Central Asia,High income,Not classified,7.44821,46.948
2368,2017,25.0,Renewable energy consumption (% of total final energy consumption),CH,Switzerland,Europe & Central Asia,High income,Not classified,7.44821,46.948
2369,2016,24.1,Renewable energy consumption (% of total final energy consumption),CH,Switzerland,Europe & Central Asia,High income,Not classified,7.44821,46.948
2370,2025,,Renewable energy consumption (% of total final energy consumption),SY,Syrian Arab Republic,"Middle East, North Africa, Afghanistan & Pakistan",Low income,IDA,36.3119,33.5146
2371,2024,,Renewable energy consumption (% of total final energy consumption),SY,Syrian Arab Republic,"Middle East, North Africa, Afghanistan & Pakistan",Low income,IDA,36.3119,33.5146
2372,2023,,Renewable energy consumption (% of total final energy consumption),SY,Syrian Arab Republic,"Middle East, North Africa, Afghanistan & Pakistan",Low income,IDA,36.3119,33.5146
2373,2022,,Renewable energy consumption (% of total final energy consumption),SY,Syrian Arab Republic,"Middle East, North Africa, Afghanistan & Pakistan",Low income,IDA,36.3119,33.5146
2374,2021,1.1,Renewable energy consumption (% of total final energy consumption),SY,Syrian Arab Republic,"Middle East, North Africa, Afghanistan & Pakistan",Low income,IDA,36.3119,33.5146
2375,2020,1.1,Renewable energy consumption (% of total final energy consumption),SY,Syrian Arab Republic,"Middle East, North Africa, Afghanistan & Pakistan",Low income,IDA,36.3119,33.5146
2376,2019,1.0,Renewable energy consumption (% of total final energy consumption),SY,Syrian Arab Republic,"Middle East, North Africa, Afghanistan & Pakistan",Low income,IDA,36.3119,33.5146
2377,2018,0.9,Renewable energy consumption (% of total final energy consumption),SY,Syrian Arab Republic,"Middle East, North Africa, Afghanistan & Pakistan",Low income,IDA,36.3119,33.5146
2378,2017,1.1,Renewable energy consumption (% of total final energy consumption),SY,Syrian Arab Republic,"Middle East, North Africa, Afghanistan & Pakistan",Low income,IDA,36.3119,33.5146
2379,2016,1.3,Renewable energy consumption (% of total final energy consumption),SY,Syrian Arab Republic,"Middle East, North Africa, Afghanistan & Pakistan",Low income,IDA,36.3119,33.5146
2380,2025,,Renewable energy consumption (% of total final energy consumption),TJ,Tajikistan,Europe & Central Asia,Lower middle income,IDA,68.7864,38.5878
2381,2024,,Renewable energy consumption (% of total final energy consumption),TJ,Tajikistan,Europe & Central Asia,Lower middle income,IDA,68.7864,38.5878
2382,2023,,Renewable energy consumption (% of total final energy consumption),TJ,Tajikistan,Europe & Central Asia,Lower middle income,IDA,68.7864,38.5878
2383,2022,,Renewable energy consumption (% of total final energy consumption),TJ,Tajikistan,Europe & Central Asia,Lower middle income,IDA,68.7864,38.5878
2384,2021,34.9,Renewable energy consumption (% of total final energy consumption),TJ,Tajikistan,Europe & Central Asia,Lower middle income,IDA,68.7864,38.5878
2385,2020,38.8,Renewable energy consumption (% of total final energy consumption),TJ,Tajikistan,Europe & Central Asia,Lower middle income,IDA,68.7864,38.5878
2386,2019,40.1,Renewable energy consumption (% of total final energy consumption),TJ,Tajikistan,Europe & Central Asia,Lower middle income,IDA,68.7864,38.5878
2387,2018,41.6,Renewable energy consumption (% of total final energy consumption),TJ,Tajikistan,Europe & Central Asia,Lower middle income,IDA,68.7864,38.5878
2388,2017,44.2,Renewable energy consumption (% of total final energy consumption),TJ,Tajikistan,Europe & Central Asia,Lower middle income,IDA,68.7864,38.5878
2389,2016,43.7,Renewable energy consumption (% of total final energy consumption),TJ,Tajikistan,Europe & Central Asia,Lower middle income,IDA,68.7864,38.5878
2390,2025,,Renewable energy consumption (% of total final energy consumption),TZ,Tanzania,Sub-Saharan Africa ,Lower middle income,IDA,35.7382,-6.17486
2391,2024,,Renewable energy consumption (% of total final energy consumption),TZ,Tanzania,Sub-Saharan Africa ,Lower middle income,IDA,35.7382,-6.17486
2392,2023,,Renewable energy consumption (% of total final energy consumption),TZ,Tanzania,Sub-Saharan Africa ,Lower middle income,IDA,35.7382,-6.17486
2393,2022,,Renewable energy consumption (% of total final energy consumption),TZ,Tanzania,Sub-Saharan Africa ,Lower middle income,IDA,35.7382,-6.17486
2394,2021,78.3,Renewable energy consumption (% of total final energy consumption),TZ,Tanzania,Sub-Saharan Africa ,Lower middle income,IDA,35.7382,-6.17486
2395,2020,80.8,Renewable energy consumption (% of total final energy consumption),TZ,Tanzania,Sub-Saharan Africa ,Lower middle income,IDA,35.7382,-6.17486
2396,2019,80.4,Renewable energy consumption (% of total final energy consumption),TZ,Tanzania,Sub-Saharan Africa ,Lower middle income,IDA,35.7382,-6.17486
2397,2018,81.3,Renewable energy consumption (% of total final energy consumption),TZ,Tanzania,Sub-Saharan Africa ,Lower middle income,IDA,35.7382,-6.17486
2398,2017,82.0,Renewable energy consumption (% of total final energy consumption),TZ,Tanzania,Sub-Saharan Africa ,Lower middle income,IDA,35.7382,-6.17486
2399,2016,81.7,Renewable energy consumption (% of total final energy consumption),TZ,Tanzania,Sub-Saharan Africa ,Lower middle income,IDA,35.7382,-6.17486
2400,2025,,Renewable energy consumption (% of total final energy consumption),TH,Thailand,East Asia & Pacific,Upper middle income,IBRD,100.521,13.7308
2401,2024,,Renewable energy consumption (% of total final energy consumption),TH,Thailand,East Asia & Pacific,Upper middle income,IBRD,100.521,13.7308
2402,2023,,Renewable energy consumption (% of total final energy consumption),TH,Thailand,East Asia & Pacific,Upper middle income,IBRD,100.521,13.7308
2403,2022,,Renewable energy consumption (% of total final energy consumption),TH,Thailand,East Asia & Pacific,Upper middle income,IBRD,100.521,13.7308
2404,2021,19.0,Renewable energy consumption (% of total final energy consumption),TH,Thailand,East Asia & Pacific,Upper middle income,IBRD,100.521,13.7308
2405,2020,20.9,Renewable energy consumption (% of total final energy consumption),TH,Thailand,East Asia & Pacific,Upper middle income,IBRD,100.521,13.7308
2406,2019,23.9,Renewable energy consumption (% of total final energy consumption),TH,Thailand,East Asia & Pacific,Upper middle income,IBRD,100.521,13.7308
2407,2018,23.7,Renewable energy consumption (% of total final energy consumption),TH,Thailand,East Asia & Pacific,Upper middle income,IBRD,100.521,13.7308
2408,2017,22.2,Renewable energy consumption (% of total final energy consumption),TH,Thailand,East Asia & Pacific,Upper middle income,IBRD,100.521,13.7308
2409,2016,22.4,Renewable energy consumption (% of total final energy consumption),TH,Thailand,East Asia & Pacific,Upper middle income,IBRD,100.521,13.7308
2410,2025,,Renewable energy consumption (% of total final energy consumption),TL,Timor-Leste,East Asia & Pacific,Lower middle income,Blend,125.567,-8.56667
2411,2024,,Renewable energy consumption (% of total final energy consumption),TL,Timor-Leste,East Asia & Pacific,Lower middle income,Blend,125.567,-8.56667
2412,2023,,Renewable energy consumption (% of total final energy consumption),TL,Timor-Leste,East Asia & Pacific,Lower middle income,Blend,125.567,-8.56667
2413,2022,11.4,Renewable energy consumption (% of total final energy consumption),TL,Timor-Leste,East Asia & Pacific,Lower middle income,Blend,125.567,-8.56667
2414,2021,12.1,Renewable energy consumption (% of total final energy consumption),TL,Timor-Leste,East Asia & Pacific,Lower middle income,Blend,125.567,-8.56667
2415,2020,11.4,Renewable energy consumption (% of total final energy consumption),TL,Timor-Leste,East Asia & Pacific,Lower middle income,Blend,125.567,-8.56667
2416,2019,11.7,Renewable energy consumption (% of total final energy consumption),TL,Timor-Leste,East Asia & Pacific,Lower middle income,Blend,125.567,-8.56667
2417,2018,12.7,Renewable energy consumption (% of total final energy consumption),TL,Timor-Leste,East Asia & Pacific,Lower middle income,Blend,125.567,-8.56667
2418,2017,13.2,Renewable energy consumption (% of total final energy consumption),TL,Timor-Leste,East Asia & Pacific,Lower middle income,Blend,125.567,-8.56667
2419,2016,12.7,Renewable energy consumption (% of total final energy consumption),TL,Timor-Leste,East Asia & Pacific,Lower middle income,Blend,125.567,-8.56667
2420,2025,,Renewable energy consumption (% of total final energy consumption),TG,Togo,Sub-Saharan Africa ,Lower middle income,IDA,1.2255,6.1228
2421,2024,,Renewable energy consumption (% of total final energy consumption),TG,Togo,Sub-Saharan Africa ,Lower middle income,IDA,1.2255,6.1228
2422,2023,,Renewable energy consumption (% of total final energy consumption),TG,Togo,Sub-Saharan Africa ,Lower middle income,IDA,1.2255,6.1228
2423,2022,,Renewable energy consumption (% of total final energy consumption),TG,Togo,Sub-Saharan Africa ,Lower middle income,IDA,1.2255,6.1228
2424,2021,75.1,Renewable energy consumption (% of total final energy consumption),TG,Togo,Sub-Saharan Africa ,Lower middle income,IDA,1.2255,6.1228
2425,2020,76.2,Renewable energy consumption (% of total final energy consumption),TG,Togo,Sub-Saharan Africa ,Lower middle income,IDA,1.2255,6.1228
2426,2019,78.6,Renewable energy consumption (% of total final energy consumption),TG,Togo,Sub-Saharan Africa ,Lower middle income,IDA,1.2255,6.1228
2427,2018,76.7,Renewable energy consumption (% of total final energy consumption),TG,Togo,Sub-Saharan Africa ,Lower middle income,IDA,1.2255,6.1228
2428,2017,78.4,Renewable energy consumption (% of total final energy consumption),TG,Togo,Sub-Saharan Africa ,Lower middle income,IDA,1.2255,6.1228
2429,2016,80.7,Renewable energy consumption (% of total final energy consumption),TG,Togo,Sub-Saharan Africa ,Lower middle income,IDA,1.2255,6.1228
2430,2025,,Renewable energy consumption (% of total final energy consumption),TO,Tonga,East Asia & Pacific,Upper middle income,IDA,-175.216,-21.136
2431,2024,,Renewable energy consumption (% of total final energy consumption),TO,Tonga,East Asia & Pacific,Upper middle income,IDA,-175.216,-21.136
2432,2023,,Renewable energy consumption (% of total final energy consumption),TO,Tonga,East Asia & Pacific,Upper middle income,IDA,-175.216,-21.136
2433,2022,2.3,Renewable energy consumption (% of total final energy consumption),TO,Tonga,East Asia & Pacific,Upper middle income,IDA,-175.216,-21.136
2434,2021,1.8,Renewable energy consumption (% of total final energy consumption),TO,Tonga,East Asia & Pacific,Upper middle income,IDA,-175.216,-21.136
2435,2020,1.9,Renewable energy consumption (% of total final energy consumption),TO,Tonga,East Asia & Pacific,Upper middle income,IDA,-175.216,-21.136
2436,2019,1.8,Renewable energy consumption (% of total final energy consumption),TO,Tonga,East Asia & Pacific,Upper middle income,IDA,-175.216,-21.136
2437,2018,1.8,Renewable energy consumption (% of total final energy consumption),TO,Tonga,East Asia & Pacific,Upper middle income,IDA,-175.216,-21.136
2438,2017,2.0,Renewable energy consumption (% of total final energy consumption),TO,Tonga,East Asia & Pacific,Upper middle income,IDA,-175.216,-21.136
2439,2016,2.0,Renewable energy consumption (% of total final energy consumption),TO,Tonga,East Asia & Pacific,Upper middle income,IDA,-175.216,-21.136
2440,2025,,Renewable energy consumption (% of total final energy consumption),TT,Trinidad and Tobago,Latin America & Caribbean ,High income,IBRD,-61.4789,10.6596
2441,2024,,Renewable energy consumption (% of total final energy consumption),TT,Trinidad and Tobago,Latin America & Caribbean ,High income,IBRD,-61.4789,10.6596
2442,2023,,Renewable energy consumption (% of total final energy consumption),TT,Trinidad and Tobago,Latin America & Caribbean ,High income,IBRD,-61.4789,10.6596
2443,2022,,Renewable energy consumption (% of total final energy consumption),TT,Trinidad and Tobago,Latin America & Caribbean ,High income,IBRD,-61.4789,10.6596
2444,2021,0.5,Renewable energy consumption (% of total final energy consumption),TT,Trinidad and Tobago,Latin America & Caribbean ,High income,IBRD,-61.4789,10.6596
2445,2020,0.5,Renewable energy consumption (% of total final energy consumption),TT,Trinidad and Tobago,Latin America & Caribbean ,High income,IBRD,-61.4789,10.6596
2446,2019,0.4,Renewable energy consumption (% of total final energy consumption),TT,Trinidad and Tobago,Latin America & Caribbean ,High income,IBRD,-61.4789,10.6596
2447,2018,0.5,Renewable energy consumption (% of total final energy consumption),TT,Trinidad and Tobago,Latin America & Caribbean ,High income,IBRD,-61.4789,10.6596
2448,2017,0.4,Renewable energy consumption (% of total final energy consumption),TT,Trinidad and Tobago,Latin America & Caribbean ,High income,IBRD,-61.4789,10.6596
2449,2016,0.4,Renewable energy consumption (% of total final energy consumption),TT,Trinidad and Tobago,Latin America & Caribbean ,High income,IBRD,-61.4789,10.6596
2450,2025,,Renewable energy consumption (% of total final energy consumption),TN,Tunisia,"Middle East, North Africa, Afghanistan & Pakistan",Lower middle income,IBRD,10.21,36.7899
2451,2024,,Renewable energy consumption (% of total final energy consumption),TN,Tunisia,"Middle East, North Africa, Afghanistan & Pakistan",Lower middle income,IBRD,10.21,36.7899
2452,2023,,Renewable energy consumption (% of total final energy consumption),TN,Tunisia,"Middle East, North Africa, Afghanistan & Pakistan",Lower middle income,IBRD,10.21,36.7899
2453,2022,,Renewable energy consumption (% of total final energy consumption),TN,Tunisia,"Middle East, North Africa, Afghanistan & Pakistan",Lower middle income,IBRD,10.21,36.7899
2454,2021,11.6,Renewable energy consumption (% of total final energy consumption),TN,Tunisia,"Middle East, North Africa, Afghanistan & Pakistan",Lower middle income,IBRD,10.21,36.7899
2455,2020,12.9,Renewable energy consumption (% of total final energy consumption),TN,Tunisia,"Middle East, North Africa, Afghanistan & Pakistan",Lower middle income,IBRD,10.21,36.7899
2456,2019,12.2,Renewable energy consumption (% of total final energy consumption),TN,Tunisia,"Middle East, North Africa, Afghanistan & Pakistan",Lower middle income,IBRD,10.21,36.7899
2457,2018,11.9,Renewable energy consumption (% of total final energy consumption),TN,Tunisia,"Middle East, North Africa, Afghanistan & Pakistan",Lower middle income,IBRD,10.21,36.7899
2458,2017,11.8,Renewable energy consumption (% of total final energy consumption),TN,Tunisia,"Middle East, North Africa, Afghanistan & Pakistan",Lower middle income,IBRD,10.21,36.7899
2459,2016,12.4,Renewable energy consumption (% of total final energy consumption),TN,Tunisia,"Middle East, North Africa, Afghanistan & Pakistan",Lower middle income,IBRD,10.21,36.7899
2460,2025,,Renewable energy consumption (% of total final energy consumption),TR,Turkiye,Europe & Central Asia,Upper middle income,IBRD,32.3606,39.7153
2461,2024,,Renewable energy consumption (% of total final energy consumption),TR,Turkiye,Europe & Central Asia,Upper middle income,IBRD,32.3606,39.7153
2462,2023,,Renewable energy consumption (% of total final energy consumption),TR,Turkiye,Europe & Central Asia,Upper middle income,IBRD,32.3606,39.7153
2463,2022,,Renewable energy consumption (% of total final energy consumption),TR,Turkiye,Europe & Central Asia,Upper middle income,IBRD,32.3606,39.7153
2464,2021,12.0,Renewable energy consumption (% of total final energy consumption),TR,Turkiye,Europe & Central Asia,Upper middle income,IBRD,32.3606,39.7153
2465,2020,13.7,Renewable energy consumption (% of total final energy consumption),TR,Turkiye,Europe & Central Asia,Upper middle income,IBRD,32.3606,39.7153
2466,2019,14.1,Renewable energy consumption (% of total final energy consumption),TR,Turkiye,Europe & Central Asia,Upper middle income,IBRD,32.3606,39.7153
2467,2018,11.8,Renewable energy consumption (% of total final energy consumption),TR,Turkiye,Europe & Central Asia,Upper middle income,IBRD,32.3606,39.7153
2468,2017,11.4,Renewable energy consumption (% of total final energy consumption),TR,Turkiye,Europe & Central Asia,Upper middle income,IBRD,32.3606,39.7153
2469,2016,13.2,Renewable energy consumption (% of total final energy consumption),TR,Turkiye,Europe & Central Asia,Upper middle income,IBRD,32.3606,39.7153
2470,2025,,Renewable energy consumption (% of total final energy consumption),TM,Turkmenistan,Europe & Central Asia,Upper middle income,IBRD,58.3794,37.9509
2471,2024,,Renewable energy consumption (% of total final energy consumption),TM,Turkmenistan,Europe & Central Asia,Upper middle income,IBRD,58.3794,37.9509
2472,2023,,Renewable energy consumption (% of total final energy consumption),TM,Turkmenistan,Europe & Central Asia,Upper middle income,IBRD,58.3794,37.9509
2473,2022,,Renewable energy consumption (% of total final energy consumption),TM,Turkmenistan,Europe & Central Asia,Upper middle income,IBRD,58.3794,37.9509
2474,2021,0.1,Renewable energy consumption (% of total final energy consumption),TM,Turkmenistan,Europe & Central Asia,Upper middle income,IBRD,58.3794,37.9509
2475,2020,0.1,Renewable energy consumption (% of total final energy consumption),TM,Turkmenistan,Europe & Central Asia,Upper middle income,IBRD,58.3794,37.9509
2476,2019,0.1,Renewable energy consumption (% of total final energy consumption),TM,Turkmenistan,Europe & Central Asia,Upper middle income,IBRD,58.3794,37.9509
2477,2018,0.1,Renewable energy consumption (% of total final energy consumption),TM,Turkmenistan,Europe & Central Asia,Upper middle income,IBRD,58.3794,37.9509
2478,2017,0.1,Renewable energy consumption (% of total final energy consumption),TM,Turkmenistan,Europe & Central Asia,Upper middle income,IBRD,58.3794,37.9509
2479,2016,0.1,Renewable energy consumption (% of total final energy consumption),TM,Turkmenistan,Europe & Central Asia,Upper middle income,IBRD,58.3794,37.9509
2480,2025,,Renewable energy consumption (% of total final energy consumption),TC,Turks and Caicos Islands,Latin America & Caribbean ,High income,Not classified,-71.141389,21.4602778
2481,2024,,Renewable energy consumption (% of total final energy consumption),TC,Turks and Caicos Islands,Latin America & Caribbean ,High income,Not classified,-71.141389,21.4602778
2482,2023,,Renewable energy consumption (% of total final energy consumption),TC,Turks and Caicos Islands,Latin America & Caribbean ,High income,Not classified,-71.141389,21.4602778
2483,2022,0.8,Renewable energy consumption (% of total final energy consumption),TC,Turks and Caicos Islands,Latin America & Caribbean ,High income,Not classified,-71.141389,21.4602778
2484,2021,0.8,Renewable energy consumption (% of total final energy consumption),TC,Turks and Caicos Islands,Latin America & Caribbean ,High income,Not classified,-71.141389,21.4602778
2485,2020,0.5,Renewable energy consumption (% of total final energy consumption),TC,Turks and Caicos Islands,Latin America & Caribbean ,High income,Not classified,-71.141389,21.4602778
2486,2019,0.5,Renewable energy consumption (% of total final energy consumption),TC,Turks and Caicos Islands,Latin America & Caribbean ,High income,Not classified,-71.141389,21.4602778
2487,2018,0.4,Renewable energy consumption (% of total final energy consumption),TC,Turks and Caicos Islands,Latin America & Caribbean ,High income,Not classified,-71.141389,21.4602778
2488,2017,0.3,Renewable energy consumption (% of total final energy consumption),TC,Turks and Caicos Islands,Latin America & Caribbean ,High income,Not classified,-71.141389,21.4602778
2489,2016,0.4,Renewable energy consumption (% of total final energy consumption),TC,Turks and Caicos Islands,Latin America & Caribbean ,High income,Not classified,-71.141389,21.4602778
2490,2025,,Renewable energy consumption (% of total final energy consumption),TV,Tuvalu,East Asia & Pacific,Upper middle income,IDA,179.089567,-8.6314877
2491,2024,,Renewable energy consumption (% of total final energy consumption),TV,Tuvalu,East Asia & Pacific,Upper middle income,IDA,179.089567,-8.6314877
2492,2023,,Renewable energy consumption (% of total final energy consumption),TV,Tuvalu,East Asia & Pacific,Upper middle income,IDA,179.089567,-8.6314877
2493,2022,5.2,Renewable energy consumption (% of total final energy consumption),TV,Tuvalu,East Asia & Pacific,Upper middle income,IDA,179.089567,-8.6314877
2494,2021,5.0,Renewable energy consumption (% of total final energy consumption),TV,Tuvalu,East Asia & Pacific,Upper middle income,IDA,179.089567,-8.6314877
2495,2020,5.0,Renewable energy consumption (% of total final energy consumption),TV,Tuvalu,East Asia & Pacific,Upper middle income,IDA,179.089567,-8.6314877
2496,2019,6.3,Renewable energy consumption (% of total final energy consumption),TV,Tuvalu,East Asia & Pacific,Upper middle income,IDA,179.089567,-8.6314877
2497,2018,6.4,Renewable energy consumption (% of total final energy consumption),TV,Tuvalu,East Asia & Pacific,Upper middle income,IDA,179.089567,-8.6314877
2498,2017,7.0,Renewable energy consumption (% of total final energy consumption),TV,Tuvalu,East Asia & Pacific,Upper middle income,IDA,179.089567,-8.6314877
2499,2016,7.3,Renewable energy consumption (% of total final energy consumption),TV,Tuvalu,East Asia & Pacific,Upper middle income,IDA,179.089567,-8.6314877
2500,2025,,Renewable energy consumption (% of total final energy consumption),UG,Uganda,Sub-Saharan Africa ,Low income,IDA,32.5729,0.314269
2501,2024,,Renewable energy consumption (% of total final energy consumption),UG,Uganda,Sub-Saharan Africa ,Low income,IDA,32.5729,0.314269
2502,2023,,Renewable energy consumption (% of total final energy consumption),UG,Uganda,Sub-Saharan Africa ,Low income,IDA,32.5729,0.314269
2503,2022,90.9,Renewable energy consumption (% of total final energy consumption),UG,Uganda,Sub-Saharan Africa ,Low income,IDA,32.5729,0.314269
2504,2021,91.0,Renewable energy consumption (% of total final energy consumption),UG,Uganda,Sub-Saharan Africa ,Low income,IDA,32.5729,0.314269
2505,2020,91.6,Renewable energy consumption (% of total final energy consumption),UG,Uganda,Sub-Saharan Africa ,Low income,IDA,32.5729,0.314269
2506,2019,90.5,Renewable energy consumption (% of total final energy consumption),UG,Uganda,Sub-Saharan Africa ,Low income,IDA,32.5729,0.314269
2507,2018,90.5,Renewable energy consumption (% of total final energy consumption),UG,Uganda,Sub-Saharan Africa ,Low income,IDA,32.5729,0.314269
2508,2017,91.3,Renewable energy consumption (% of total final energy consumption),UG,Uganda,Sub-Saharan Africa ,Low income,IDA,32.5729,0.314269
2509,2016,91.4,Renewable energy consumption (% of total final energy consumption),UG,Uganda,Sub-Saharan Africa ,Low income,IDA,32.5729,0.314269
2510,2025,,Renewable energy consumption (% of total final energy consumption),UA,Ukraine,Europe & Central Asia,Upper middle income,IBRD,30.5038,50.4536
2511,2024,,Renewable energy consumption (% of total final energy consumption),UA,Ukraine,Europe & Central Asia,Upper middle income,IBRD,30.5038,50.4536
2512,2023,,Renewable energy consumption (% of total final energy consumption),UA,Ukraine,Europe & Central Asia,Upper middle income,IBRD,30.5038,50.4536
2513,2022,,Renewable energy consumption (% of total final energy consumption),UA,Ukraine,Europe & Central Asia,Upper middle income,IBRD,30.5038,50.4536
2514,2021,8.9,Renewable energy consumption (% of total final energy consumption),UA,Ukraine,Europe & Central Asia,Upper middle income,IBRD,30.5038,50.4536
2515,2020,8.7,Renewable energy consumption (% of total final energy consumption),UA,Ukraine,Europe & Central Asia,Upper middle income,IBRD,30.5038,50.4536
2516,2019,7.4,Renewable energy consumption (% of total final energy consumption),UA,Ukraine,Europe & Central Asia,Upper middle income,IBRD,30.5038,50.4536
2517,2018,6.9,Renewable energy consumption (% of total final energy consumption),UA,Ukraine,Europe & Central Asia,Upper middle income,IBRD,30.5038,50.4536
2518,2017,6.5,Renewable energy consumption (% of total final energy consumption),UA,Ukraine,Europe & Central Asia,Upper middle income,IBRD,30.5038,50.4536
2519,2016,5.5,Renewable energy consumption (% of total final energy consumption),UA,Ukraine,Europe & Central Asia,Upper middle income,IBRD,30.5038,50.4536
2520,2025,,Renewable energy consumption (% of total final energy consumption),AE,United Arab Emirates,"Middle East, North Africa, Afghanistan & Pakistan",High income,Not classified,54.3705,24.4764
2521,2024,,Renewable energy consumption (% of total final energy consumption),AE,United Arab Emirates,"Middle East, North Africa, Afghanistan & Pakistan",High income,Not classified,54.3705,24.4764
2522,2023,,Renewable energy consumption (% of total final energy consumption),AE,United Arab Emirates,"Middle East, North Africa, Afghanistan & Pakistan",High income,Not classified,54.3705,24.4764
2523,2022,,Renewable energy consumption (% of total final energy consumption),AE,United Arab Emirates,"Middle East, North Africa, Afghanistan & Pakistan",High income,Not classified,54.3705,24.4764
2524,2021,1.0,Renewable energy consumption (% of total final energy consumption),AE,United Arab Emirates,"Middle East, North Africa, Afghanistan & Pakistan",High income,Not classified,54.3705,24.4764
2525,2020,0.9,Renewable energy consumption (% of total final energy consumption),AE,United Arab Emirates,"Middle East, North Africa, Afghanistan & Pakistan",High income,Not classified,54.3705,24.4764
2526,2019,0.7,Renewable energy consumption (% of total final energy consumption),AE,United Arab Emirates,"Middle East, North Africa, Afghanistan & Pakistan",High income,Not classified,54.3705,24.4764
2527,2018,0.3,Renewable energy consumption (% of total final energy consumption),AE,United Arab Emirates,"Middle East, North Africa, Afghanistan & Pakistan",High income,Not classified,54.3705,24.4764
2528,2017,0.2,Renewable energy consumption (% of total final energy consumption),AE,United Arab Emirates,"Middle East, North Africa, Afghanistan & Pakistan",High income,Not classified,54.3705,24.4764
2529,2016,0.1,Renewable energy consumption (% of total final energy consumption),AE,United Arab Emirates,"Middle East, North Africa, Afghanistan & Pakistan",High income,Not classified,54.3705,24.4764
2530,2025,,Renewable energy consumption (% of total final energy consumption),GB,United Kingdom,Europe & Central Asia,High income,Not classified,-0.126236,51.5002
2531,2024,,Renewable energy consumption (% of total final energy consumption),GB,United Kingdom,Europe & Central Asia,High income,Not classified,-0.126236,51.5002
2532,2023,,Renewable energy consumption (% of total final energy consumption),GB,United Kingdom,Europe & Central Asia,High income,Not classified,-0.126236,51.5002
2533,2022,,Renewable energy consumption (% of total final energy consumption),GB,United Kingdom,Europe & Central Asia,High income,Not classified,-0.126236,51.5002
2534,2021,12.2,Renewable energy consumption (% of total final energy consumption),GB,United Kingdom,Europe & Central Asia,High income,Not classified,-0.126236,51.5002
2535,2020,13.6,Renewable energy consumption (% of total final energy consumption),GB,United Kingdom,Europe & Central Asia,High income,Not classified,-0.126236,51.5002
2536,2019,11.4,Renewable energy consumption (% of total final energy consumption),GB,United Kingdom,Europe & Central Asia,High income,Not classified,-0.126236,51.5002
2537,2018,10.2,Renewable energy consumption (% of total final energy consumption),GB,United Kingdom,Europe & Central Asia,High income,Not classified,-0.126236,51.5002
2538,2017,8.8,Renewable energy consumption (% of total final energy consumption),GB,United Kingdom,Europe & Central Asia,High income,Not classified,-0.126236,51.5002
2539,2016,7.7,Renewable energy consumption (% of total final energy consumption),GB,United Kingdom,Europe & Central Asia,High income,Not classified,-0.126236,51.5002
2540,2025,,Renewable energy consumption (% of total final energy consumption),US,United States,North America,High income,Not classified,-77.032,38.8895
2541,2024,,Renewable energy consumption (% of total final energy consumption),US,United States,North America,High income,Not classified,-77.032,38.8895
2542,2023,,Renewable energy consumption (% of total final energy consumption),US,United States,North America,High income,Not classified,-77.032,38.8895
2543,2022,,Renewable energy consumption (% of total final energy consumption),US,United States,North America,High income,Not classified,-77.032,38.8895
2544,2021,10.9,Renewable energy consumption (% of total final energy consumption),US,United States,North America,High income,Not classified,-77.032,38.8895
2545,2020,11.0,Renewable energy consumption (% of total final energy consumption),US,United States,North America,High income,Not classified,-77.032,38.8895
2546,2019,10.2,Renewable energy consumption (% of total final energy consumption),US,United States,North America,High income,Not classified,-77.032,38.8895
2547,2018,9.9,Renewable energy consumption (% of total final energy consumption),US,United States,North America,High income,Not classified,-77.032,38.8895
2548,2017,9.7,Renewable energy consumption (% of total final energy consumption),US,United States,North America,High income,Not classified,-77.032,38.8895
2549,2016,9.3,Renewable energy consumption (% of total final energy consumption),US,United States,North America,High income,Not classified,-77.032,38.8895
2550,2025,,Renewable energy consumption (% of total final energy consumption),UY,Uruguay,Latin America & Caribbean ,High income,IBRD,-56.0675,-34.8941
2551,2024,,Renewable energy consumption (% of total final energy consumption),UY,Uruguay,Latin America & Caribbean ,High income,IBRD,-56.0675,-34.8941
2552,2023,,Renewable energy consumption (% of total final energy consumption),UY,Uruguay,Latin America & Caribbean ,High income,IBRD,-56.0675,-34.8941
2553,2022,,Renewable energy consumption (% of total final energy consumption),UY,Uruguay,Latin America & Caribbean ,High income,IBRD,-56.0675,-34.8941
2554,2021,57.8,Renewable energy consumption (% of total final energy consumption),UY,Uruguay,Latin America & Caribbean ,High income,IBRD,-56.0675,-34.8941
2555,2020,61.2,Renewable energy consumption (% of total final energy consumption),UY,Uruguay,Latin America & Caribbean ,High income,IBRD,-56.0675,-34.8941
2556,2019,59.3,Renewable energy consumption (% of total final energy consumption),UY,Uruguay,Latin America & Caribbean ,High income,IBRD,-56.0675,-34.8941
2557,2018,60.8,Renewable energy consumption (% of total final energy consumption),UY,Uruguay,Latin America & Caribbean ,High income,IBRD,-56.0675,-34.8941
2558,2017,60.8,Renewable energy consumption (% of total final energy consumption),UY,Uruguay,Latin America & Caribbean ,High income,IBRD,-56.0675,-34.8941
2559,2016,60.3,Renewable energy consumption (% of total final energy consumption),UY,Uruguay,Latin America & Caribbean ,High income,IBRD,-56.0675,-34.8941
2560,2025,,Renewable energy consumption (% of total final energy consumption),UZ,Uzbekistan,Europe & Central Asia,Lower middle income,Blend,69.269,41.3052
2561,2024,,Renewable energy consumption (% of total final energy consumption),UZ,Uzbekistan,Europe & Central Asia,Lower middle income,Blend,69.269,41.3052
2562,2023,,Renewable energy consumption (% of total final energy consumption),UZ,Uzbekistan,Europe & Central Asia,Lower middle income,Blend,69.269,41.3052
2563,2022,,Renewable energy consumption (% of total final energy consumption),UZ,Uzbekistan,Europe & Central Asia,Lower middle income,Blend,69.269,41.3052
2564,2021,1.0,Renewable energy consumption (% of total final energy consumption),UZ,Uzbekistan,Europe & Central Asia,Lower middle income,Blend,69.269,41.3052
2565,2020,1.0,Renewable energy consumption (% of total final energy consumption),UZ,Uzbekistan,Europe & Central Asia,Lower middle income,Blend,69.269,41.3052
2566,2019,1.6,Renewable energy consumption (% of total final energy consumption),UZ,Uzbekistan,Europe & Central Asia,Lower middle income,Blend,69.269,41.3052
2567,2018,1.5,Renewable energy consumption (% of total final energy consumption),UZ,Uzbekistan,Europe & Central Asia,Lower middle income,Blend,69.269,41.3052
2568,2017,1.7,Renewable energy consumption (% of total final energy consumption),UZ,Uzbekistan,Europe & Central Asia,Lower middle income,Blend,69.269,41.3052
2569,2016,1.6,Renewable energy consumption (% of total final energy consumption),UZ,Uzbekistan,Europe & Central Asia,Lower middle income,Blend,69.269,41.3052
2570,2025,,Renewable energy consumption (% of total final energy consumption),VU,Vanuatu,East Asia & Pacific,Lower middle income,IDA,168.321,-17.7404
2571,2024,,Renewable energy consumption (% of total final energy consumption),VU,Vanuatu,East Asia & Pacific,Lower middle income,IDA,168.321,-17.7404
2572,2023,,Renewable energy consumption (% of total final energy consumption),VU,Vanuatu,East Asia & Pacific,Lower middle income,IDA,168.321,-17.7404
2573,2022,25.0,Renewable energy consumption (% of total final energy consumption),VU,Vanuatu,East Asia & Pacific,Lower middle income,IDA,168.321,-17.7404
2574,2021,24.6,Renewable energy consumption (% of total final energy consumption),VU,Vanuatu,East Asia & Pacific,Lower middle income,IDA,168.321,-17.7404
2575,2020,26.0,Renewable energy consumption (% of total final energy consumption),VU,Vanuatu,East Asia & Pacific,Lower middle income,IDA,168.321,-17.7404
2576,2019,31.6,Renewable energy consumption (% of total final energy consumption),VU,Vanuatu,East Asia & Pacific,Lower middle income,IDA,168.321,-17.7404
2577,2018,29.7,Renewable energy consumption (% of total final energy consumption),VU,Vanuatu,East Asia & Pacific,Lower middle income,IDA,168.321,-17.7404
2578,2017,35.7,Renewable energy consumption (% of total final energy consumption),VU,Vanuatu,East Asia & Pacific,Lower middle income,IDA,168.321,-17.7404
2579,2016,33.1,Renewable energy consumption (% of total final energy consumption),VU,Vanuatu,East Asia & Pacific,Lower middle income,IDA,168.321,-17.7404
2580,2025,,Renewable energy consumption (% of total final energy consumption),VE,"Venezuela, RB",Latin America & Caribbean ,Lower middle income,IBRD,-69.8371,9.08165
2581,2024,,Renewable energy consumption (% of total final energy consumption),VE,"Venezuela, RB",Latin America & Caribbean ,Lower middle income,IBRD,-69.8371,9.08165
2582,2023,,Renewable energy consumption (% of total final energy consumption),VE,"Venezuela, RB",Latin America & Caribbean ,Lower middle income,IBRD,-69.8371,9.08165
2583,2022,,Renewable energy consumption (% of total final energy consumption),VE,"Venezuela, RB",Latin America & Caribbean ,Lower middle income,IBRD,-69.8371,9.08165
2584,2021,33.7,Renewable energy consumption (% of total final energy consumption),VE,"Venezuela, RB",Latin America & Caribbean ,Lower middle income,IBRD,-69.8371,9.08165
2585,2020,31.2,Renewable energy consumption (% of total final energy consumption),VE,"Venezuela, RB",Latin America & Caribbean ,Lower middle income,IBRD,-69.8371,9.08165
2586,2019,15.8,Renewable energy consumption (% of total final energy consumption),VE,"Venezuela, RB",Latin America & Caribbean ,Lower middle income,IBRD,-69.8371,9.08165
2587,2018,14.6,Renewable energy consumption (% of total final energy consumption),VE,"Venezuela, RB",Latin America & Caribbean ,Lower middle income,IBRD,-69.8371,9.08165
2588,2017,14.3,Renewable energy consumption (% of total final energy consumption),VE,"Venezuela, RB",Latin America & Caribbean ,Lower middle income,IBRD,-69.8371,9.08165
2589,2016,14.6,Renewable energy consumption (% of total final energy consumption),VE,"Venezuela, RB",Latin America & Caribbean ,Lower middle income,IBRD,-69.8371,9.08165
2590,2025,,Renewable energy consumption (% of total final energy consumption),VN,Viet Nam,East Asia & Pacific,Upper middle income,IBRD,105.825,21.0069
2591,2024,,Renewable energy consumption (% of total final energy consumption),VN,Viet Nam,East Asia & Pacific,Upper middle income,IBRD,105.825,21.0069
2592,2023,,Renewable energy consumption (% of total final energy consumption),VN,Viet Nam,East Asia & Pacific,Upper middle income,IBRD,105.825,21.0069
2593,2022,,Renewable energy consumption (% of total final energy consumption),VN,Viet Nam,East Asia & Pacific,Upper middle income,IBRD,105.825,21.0069
2594,2021,24.2,Renewable energy consumption (% of total final energy consumption),VN,Viet Nam,East Asia & Pacific,Upper middle income,IBRD,105.825,21.0069
2595,2020,18.9,Renewable energy consumption (% of total final energy consumption),VN,Viet Nam,East Asia & Pacific,Upper middle income,IBRD,105.825,21.0069
2596,2019,20.4,Renewable energy consumption (% of total final energy consumption),VN,Viet Nam,East Asia & Pacific,Upper middle income,IBRD,105.825,21.0069
2597,2018,24.3,Renewable energy consumption (% of total final energy consumption),VN,Viet Nam,East Asia & Pacific,Upper middle income,IBRD,105.825,21.0069
2598,2017,28.3,Renewable energy consumption (% of total final energy consumption),VN,Viet Nam,East Asia & Pacific,Upper middle income,IBRD,105.825,21.0069
2599,2016,26.8,Renewable energy consumption (% of total final energy consumption),VN,Viet Nam,East Asia & Pacific,Upper middle income,IBRD,105.825,21.0069
2600,2025,,Renewable energy consumption (% of total final energy consumption),VI,Virgin Islands (U.S.),Latin America & Caribbean ,High income,Not classified,-64.8963,18.3358
2601,2024,,Renewable energy consumption (% of total final energy consumption),VI,Virgin Islands (U.S.),Latin America & Caribbean ,High income,Not classified,-64.8963,18.3358
2602,2023,,Renewable energy consumption (% of total final energy consumption),VI,Virgin Islands (U.S.),Latin America & Caribbean ,High income,Not classified,-64.8963,18.3358
2603,2022,5.9,Renewable energy consumption (% of total final energy consumption),VI,Virgin Islands (U.S.),Latin America & Caribbean ,High income,Not classified,-64.8963,18.3358
2604,2021,5.9,Renewable energy consumption (% of total final energy consumption),VI,Virgin Islands (U.S.),Latin America & Caribbean ,High income,Not classified,-64.8963,18.3358
2605,2020,5.9,Renewable energy consumption (% of total final energy consumption),VI,Virgin Islands (U.S.),Latin America & Caribbean ,High income,Not classified,-64.8963,18.3358
2606,2019,6.2,Renewable energy consumption (% of total final energy consumption),VI,Virgin Islands (U.S.),Latin America & Caribbean ,High income,Not classified,-64.8963,18.3358
2607,2018,5.8,Renewable energy consumption (% of total final energy consumption),VI,Virgin Islands (U.S.),Latin America & Caribbean ,High income,Not classified,-64.8963,18.3358
2608,2017,5.3,Renewable energy consumption (% of total final energy consumption),VI,Virgin Islands (U.S.),Latin America & Caribbean ,High income,Not classified,-64.8963,18.3358
2609,2016,5.7,Renewable energy consumption (% of total final energy consumption),VI,Virgin Islands (U.S.),Latin America & Caribbean ,High income,Not classified,-64.8963,18.3358
2610,2025,,Renewable energy consumption (% of total final energy consumption),PS,West Bank and Gaza,"Middle East, North Africa, Afghanistan & Pakistan",Lower middle income,Not classified,,
2611,2024,,Renewable energy consumption (% of total final energy consumption),PS,West Bank and Gaza,"Middle East, North Africa, Afghanistan & Pakistan",Lower middle income,Not classified,,
2612,2023,,Renewable energy consumption (% of total final energy consumption),PS,West Bank and Gaza,"Middle East, North Africa, Afghanistan & Pakistan",Lower middle income,Not classified,,
2613,2022,15.4,Renewable energy consumption (% of total final energy consumption),PS,West Bank and Gaza,"Middle East, North Africa, Afghanistan & Pakistan",Lower middle income,Not classified,,
2614,2021,15.4,Renewable energy consumption (% of total final energy consumption),PS,West Bank and Gaza,"Middle East, North Africa, Afghanistan & Pakistan",Lower middle income,Not classified,,
2615,2020,15.0,Renewable energy consumption (% of total final energy consumption),PS,West Bank and Gaza,"Middle East, North Africa, Afghanistan & Pakistan",Lower middle income,Not classified,,
2616,2019,13.9,Renewable energy consumption (% of total final energy consumption),PS,West Bank and Gaza,"Middle East, North Africa, Afghanistan & Pakistan",Lower middle income,Not classified,,
2617,2018,12.7,Renewable energy consumption (% of total final energy consumption),PS,West Bank and Gaza,"Middle East, North Africa, Afghanistan & Pakistan",Lower middle income,Not classified,,
2618,2017,10.5,Renewable energy consumption (% of total final energy consumption),PS,West Bank and Gaza,"Middle East, North Africa, Afghanistan & Pakistan",Lower middle income,Not classified,,
2619,2016,12.3,Renewable energy consumption (% of total final energy consumption),PS,West Bank and Gaza,"Middle East, North Africa, Afghanistan & Pakistan",Lower middle income,Not classified,,
2620,2025,,Renewable energy consumption (% of total final energy consumption),YE,"Yemen, Rep.","Middle East, North Africa, Afghanistan & Pakistan",Low income,IDA,44.2075,15.352
2621,2024,,Renewable energy consumption (% of total final energy consumption),YE,"Yemen, Rep.","Middle East, North Africa, Afghanistan & Pakistan",Low income,IDA,44.2075,15.352
2622,2023,,Renewable energy consumption (% of total final energy consumption),YE,"Yemen, Rep.","Middle East, North Africa, Afghanistan & Pakistan",Low income,IDA,44.2075,15.352
2623,2022,,Renewable energy consumption (% of total final energy consumption),YE,"Yemen, Rep.","Middle East, North Africa, Afghanistan & Pakistan",Low income,IDA,44.2075,15.352
2624,2021,3.7,Renewable energy consumption (% of total final energy consumption),YE,"Yemen, Rep.","Middle East, North Africa, Afghanistan & Pakistan",Low income,IDA,44.2075,15.352
2625,2020,3.5,Renewable energy consumption (% of total final energy consumption),YE,"Yemen, Rep.","Middle East, North Africa, Afghanistan & Pakistan",Low income,IDA,44.2075,15.352
2626,2019,3.0,Renewable energy consumption (% of total final energy consumption),YE,"Yemen, Rep.","Middle East, North Africa, Afghanistan & Pakistan",Low income,IDA,44.2075,15.352
2627,2018,2.9,Renewable energy consumption (% of total final energy consumption),YE,"Yemen, Rep.","Middle East, North Africa, Afghanistan & Pakistan",Low income,IDA,44.2075,15.352
2628,2017,3.0,Renewable energy consumption (% of total final energy consumption),YE,"Yemen, Rep.","Middle East, North Africa, Afghanistan & Pakistan",Low income,IDA,44.2075,15.352
2629,2016,2.6,Renewable energy consumption (% of total final energy consumption),YE,"Yemen, Rep.","Middle East, North Africa, Afghanistan & Pakistan",Low income,IDA,44.2075,15.352
2630,2025,,Renewable energy consumption (% of total final energy consumption),ZM,Zambia,Sub-Saharan Africa ,Lower middle income,IDA,28.2937,-15.3982
2631,2024,,Renewable energy consumption (% of total final energy consumption),ZM,Zambia,Sub-Saharan Africa ,Lower middle income,IDA,28.2937,-15.3982
2632,2023,,Renewable energy consumption (% of total final energy consumption),ZM,Zambia,Sub-Saharan Africa ,Lower middle income,IDA,28.2937,-15.3982
2633,2022,,Renewable energy consumption (% of total final energy consumption),ZM,Zambia,Sub-Saharan Africa ,Lower middle income,IDA,28.2937,-15.3982
2634,2021,83.0,Renewable energy consumption (% of total final energy consumption),ZM,Zambia,Sub-Saharan Africa ,Lower middle income,IDA,28.2937,-15.3982
2635,2020,85.4,Renewable energy consumption (% of total final energy consumption),ZM,Zambia,Sub-Saharan Africa ,Lower middle income,IDA,28.2937,-15.3982
2636,2019,86.1,Renewable energy consumption (% of total final energy consumption),ZM,Zambia,Sub-Saharan Africa ,Lower middle income,IDA,28.2937,-15.3982
2637,2018,83.8,Renewable energy consumption (% of total final energy consumption),ZM,Zambia,Sub-Saharan Africa ,Lower middle income,IDA,28.2937,-15.3982
2638,2017,83.5,Renewable energy consumption (% of total final energy consumption),ZM,Zambia,Sub-Saharan Africa ,Lower middle income,IDA,28.2937,-15.3982
2639,2016,84.0,Renewable energy consumption (% of total final energy consumption),ZM,Zambia,Sub-Saharan Africa ,Lower middle income,IDA,28.2937,-15.3982
2640,2025,,Renewable energy consumption (% of total final energy consumption),ZW,Zimbabwe,Sub-Saharan Africa ,Lower middle income,Blend,31.0672,-17.8312
2641,2024,,Renewable energy consumption (% of total final energy consumption),ZW,Zimbabwe,Sub-Saharan Africa ,Lower middle income,Blend,31.0672,-17.8312
2642,2023,,Renewable energy consumption (% of total final energy consumption),ZW,Zimbabwe,Sub-Saharan Africa ,Lower middle income,Blend,31.0672,-17.8312
2643,2022,,Renewable energy consumption (% of total final energy consumption),ZW,Zimbabwe,Sub-Saharan Africa ,Lower middle income,Blend,31.0672,-17.8312
2644,2021,82.4,Renewable energy consumption (% of total final energy consumption),ZW,Zimbabwe,Sub-Saharan Africa ,Lower middle income,Blend,31.0672,-17.8312
2645,2020,84.1,Renewable energy consumption (% of total final energy consumption),ZW,Zimbabwe,Sub-Saharan Africa ,Lower middle income,Blend,31.0672,-17.8312
2646,2019,81.0,Renewable energy consumption (% of total final energy consumption),ZW,Zimbabwe,Sub-Saharan Africa ,Lower middle income,Blend,31.0672,-17.8312
2647,2018,79.7,Renewable energy consumption (% of total final energy consumption),ZW,Zimbabwe,Sub-Saharan Africa ,Lower middle income,Blend,31.0672,-17.8312
2648,2017,82.0,Renewable energy consumption (% of total final energy consumption),ZW,Zimbabwe,Sub-Saharan Africa ,Lower middle income,Blend,31.0672,-17.8312
2649,2016,81.7,Renewable energy consumption (% of total final energy consumption),ZW,Zimbabwe,Sub-Saharan Africa ,Lower middle income,Blend,31.0672,-17.8312
2650,2025,,Forest area (% of land area),ZH,Africa Eastern and Southern,Aggregates,Aggregates,Aggregates,,
2651,2024,,Forest area (% of land area),ZH,Africa Eastern and Southern,Aggregates,Aggregates,Aggregates,,
2652,2023,29.4950560821563,Forest area (% of land area),ZH,Africa Eastern and Southern,Aggregates,Aggregates,Aggregates,,
2653,2022,29.7135358188964,Forest area (% of land area),ZH,Africa Eastern and Southern,Aggregates,Aggregates,Aggregates,,
2654,2021,29.9313691395649,Forest area (% of land area),ZH,Africa Eastern and Southern,Aggregates,Aggregates,Aggregates,,
2655,2020,30.1504301154515,Forest area (% of land area),ZH,Africa Eastern and Southern,Aggregates,Aggregates,Aggregates,,
2656,2019,30.3716622472291,Forest area (% of land area),ZH,Africa Eastern and Southern,Aggregates,Aggregates,Aggregates,,
2657,2018,30.5953957800711,Forest area (% of land area),ZH,Africa Eastern and Southern,Aggregates,Aggregates,Aggregates,,
2658,2017,30.8121364706399,Forest area (% of land area),ZH,Africa Eastern and Southern,Aggregates,Aggregates,Aggregates,,
2659,2016,31.0315038958879,Forest area (% of land area),ZH,Africa Eastern and Southern,Aggregates,Aggregates,Aggregates,,
2660,2025,,Forest area (% of land area),ZI,Africa Western and Central,Aggregates,Aggregates,Aggregates,,
2661,2024,,Forest area (% of land area),ZI,Africa Western and Central,Aggregates,Aggregates,Aggregates,,
2662,2023,19.5628109394299,Forest area (% of land area),ZI,Africa Western and Central,Aggregates,Aggregates,Aggregates,,
2663,2022,19.6474877713602,Forest area (% of land area),ZI,Africa Western and Central,Aggregates,Aggregates,Aggregates,,
2664,2021,19.7320365324224,Forest area (% of land area),ZI,Africa Western and Central,Aggregates,Aggregates,Aggregates,,
2665,2020,19.8167839774834,Forest area (% of land area),ZI,Africa Western and Central,Aggregates,Aggregates,Aggregates,,
2666,2019,19.9012301104615,Forest area (% of land area),ZI,Africa Western and Central,Aggregates,Aggregates,Aggregates,,
2667,2018,19.9860995956125,Forest area (% of land area),ZI,Africa Western and Central,Aggregates,Aggregates,Aggregates,,
2668,2017,20.0713271823989,Forest area (% of land area),ZI,Africa Western and Central,Aggregates,Aggregates,Aggregates,,
2669,2016,20.1526101563381,Forest area (% of land area),ZI,Africa Western and Central,Aggregates,Aggregates,Aggregates,,
2670,2025,,Forest area (% of land area),1A,Arab World,Aggregates,Aggregates,Aggregates,,
2671,2024,,Forest area (% of land area),1A,Arab World,Aggregates,Aggregates,Aggregates,,
2672,2023,2.75561651134264,Forest area (% of land area),1A,Arab World,Aggregates,Aggregates,Aggregates,,
2673,2022,2.77334810878314,Forest area (% of land area),1A,Arab World,Aggregates,Aggregates,Aggregates,,
2674,2021,2.79106542010418,Forest area (% of land area),1A,Arab World,Aggregates,Aggregates,Aggregates,,
2675,2020,2.80892939609406,Forest area (% of land area),1A,Arab World,Aggregates,Aggregates,Aggregates,,
2676,2019,2.82664270837587,Forest area (% of land area),1A,Arab World,Aggregates,Aggregates,Aggregates,,
2677,2018,2.84443039242388,Forest area (% of land area),1A,Arab World,Aggregates,Aggregates,Aggregates,,
2678,2017,2.86394290918001,Forest area (% of land area),1A,Arab World,Aggregates,Aggregates,Aggregates,,
2679,2016,2.88332326122098,Forest area (% of land area),1A,Arab World,Aggregates,Aggregates,Aggregates,,
2680,2025,,Forest area (% of land area),S3,Caribbean small states,Aggregates,Aggregates,Aggregates,,
2681,2024,,Forest area (% of land area),S3,Caribbean small states,Aggregates,Aggregates,Aggregates,,
2682,2023,86.4007417222342,Forest area (% of land area),S3,Caribbean small states,Aggregates,Aggregates,Aggregates,,
2683,2022,86.4809117518025,Forest area (% of land area),S3,Caribbean small states,Aggregates,Aggregates,Aggregates,,
2684,2021,86.5610599799752,Forest area (% of land area),S3,Caribbean small states,Aggregates,Aggregates,Aggregates,,
2685,2020,86.6412409102412,Forest area (% of land area),S3,Caribbean small states,Aggregates,Aggregates,Aggregates,,
2686,2019,89.8309404460082,Forest area (% of land area),S3,Caribbean small states,Aggregates,Aggregates,Aggregates,,
2687,2018,89.9140212644238,Forest area (% of land area),S3,Caribbean small states,Aggregates,Aggregates,Aggregates,,
2688,2017,89.9970268057463,Forest area (% of land area),S3,Caribbean small states,Aggregates,Aggregates,Aggregates,,
2689,2016,90.0676618114364,Forest area (% of land area),S3,Caribbean small states,Aggregates,Aggregates,Aggregates,,
2690,2025,,Forest area (% of land area),B8,Central Europe and the Baltics,Aggregates,Aggregates,Aggregates,,
2691,2024,,Forest area (% of land area),B8,Central Europe and the Baltics,Aggregates,Aggregates,Aggregates,,
2692,2023,34.6417826005353,Forest area (% of land area),B8,Central Europe and the Baltics,Aggregates,Aggregates,Aggregates,,
2693,2022,34.6188570565974,Forest area (% of land area),B8,Central Europe and the Baltics,Aggregates,Aggregates,Aggregates,,
2694,2021,34.5892800367668,Forest area (% of land area),B8,Central Europe and the Baltics,Aggregates,Aggregates,Aggregates,,
2695,2020,34.5592847264491,Forest area (% of land area),B8,Central Europe and the Baltics,Aggregates,Aggregates,Aggregates,,
2696,2019,34.5318870374642,Forest area (% of land area),B8,Central Europe and the Baltics,Aggregates,Aggregates,Aggregates,,
2697,2018,34.5008820276483,Forest area (% of land area),B8,Central Europe and the Baltics,Aggregates,Aggregates,Aggregates,,
2698,2017,34.4710840221623,Forest area (% of land area),B8,Central Europe and the Baltics,Aggregates,Aggregates,Aggregates,,
2699,2016,34.3939142269346,Forest area (% of land area),B8,Central Europe and the Baltics,Aggregates,Aggregates,Aggregates,,
2700,2025,,Forest area (% of land area),V2,Early-demographic dividend,Aggregates,Aggregates,Aggregates,,
2701,2024,,Forest area (% of land area),V2,Early-demographic dividend,Aggregates,Aggregates,Aggregates,,
2702,2023,22.5747804219108,Forest area (% of land area),V2,Early-demographic dividend,Aggregates,Aggregates,Aggregates,,
2703,2022,22.6401432355622,Forest area (% of land area),V2,Early-demographic dividend,Aggregates,Aggregates,Aggregates,,
2704,2021,22.704486950728,Forest area (% of land area),V2,Early-demographic dividend,Aggregates,Aggregates,Aggregates,,
2705,2020,22.7804500734304,Forest area (% of land area),V2,Early-demographic dividend,Aggregates,Aggregates,Aggregates,,
2706,2019,22.8454510982226,Forest area (% of land area),V2,Early-demographic dividend,Aggregates,Aggregates,Aggregates,,
2707,2018,22.9114998341559,Forest area (% of land area),V2,Early-demographic dividend,Aggregates,Aggregates,Aggregates,,
2708,2017,22.9791875279388,Forest area (% of land area),V2,Early-demographic dividend,Aggregates,Aggregates,Aggregates,,
2709,2016,23.0686314115612,Forest area (% of land area),V2,Early-demographic dividend,Aggregates,Aggregates,Aggregates,,
2710,2025,,Forest area (% of land area),Z4,East Asia & Pacific,Aggregates,Aggregates,Aggregates,,
2711,2024,,Forest area (% of land area),Z4,East Asia & Pacific,Aggregates,Aggregates,Aggregates,,
2712,2023,27.2571703670899,Forest area (% of land area),Z4,East Asia & Pacific,Aggregates,Aggregates,Aggregates,,
2713,2022,27.2266635835251,Forest area (% of land area),Z4,East Asia & Pacific,Aggregates,Aggregates,Aggregates,,
2714,2021,27.1947527408613,Forest area (% of land area),Z4,East Asia & Pacific,Aggregates,Aggregates,Aggregates,,
2715,2020,27.1798363288171,Forest area (% of land area),Z4,East Asia & Pacific,Aggregates,Aggregates,Aggregates,,
2716,2019,27.1480138730455,Forest area (% of land area),Z4,East Asia & Pacific,Aggregates,Aggregates,Aggregates,,
2717,2018,27.1167240448813,Forest area (% of land area),Z4,East Asia & Pacific,Aggregates,Aggregates,Aggregates,,
2718,2017,27.0860488275548,Forest area (% of land area),Z4,East Asia & Pacific,Aggregates,Aggregates,Aggregates,,
2719,2016,27.0866845361283,Forest area (% of land area),Z4,East Asia & Pacific,Aggregates,Aggregates,Aggregates,,
2720,2025,,Forest area (% of land area),4E,East Asia & Pacific (excluding high income),Aggregates,Aggregates,Aggregates,,
2721,2024,,Forest area (% of land area),4E,East Asia & Pacific (excluding high income),Aggregates,Aggregates,Aggregates,,
2722,2023,30.6066319819383,Forest area (% of land area),4E,East Asia & Pacific (excluding high income),Aggregates,Aggregates,Aggregates,,
2723,2022,30.5606213877676,Forest area (% of land area),4E,East Asia & Pacific (excluding high income),Aggregates,Aggregates,Aggregates,,
2724,2021,30.5126862102911,Forest area (% of land area),4E,East Asia & Pacific (excluding high income),Aggregates,Aggregates,Aggregates,,
2725,2020,30.4933660080535,Forest area (% of land area),4E,East Asia & Pacific (excluding high income),Aggregates,Aggregates,Aggregates,,
2726,2019,30.4458241085119,Forest area (% of land area),4E,East Asia & Pacific (excluding high income),Aggregates,Aggregates,Aggregates,,
2727,2018,30.3978711677131,Forest area (% of land area),4E,East Asia & Pacific (excluding high income),Aggregates,Aggregates,Aggregates,,
2728,2017,30.3498224001142,Forest area (% of land area),4E,East Asia & Pacific (excluding high income),Aggregates,Aggregates,Aggregates,,
2729,2016,30.3489308424464,Forest area (% of land area),4E,East Asia & Pacific (excluding high income),Aggregates,Aggregates,Aggregates,,
2730,2025,,Forest area (% of land area),T4,East Asia & Pacific (IDA & IBRD countries),Aggregates,Aggregates,Aggregates,,
2731,2024,,Forest area (% of land area),T4,East Asia & Pacific (IDA & IBRD countries),Aggregates,Aggregates,Aggregates,,
2732,2023,30.4647057827874,Forest area (% of land area),T4,East Asia & Pacific (IDA & IBRD countries),Aggregates,Aggregates,Aggregates,,
2733,2022,30.4169737472988,Forest area (% of land area),T4,East Asia & Pacific (IDA & IBRD countries),Aggregates,Aggregates,Aggregates,,
2734,2021,30.3673491931958,Forest area (% of land area),T4,East Asia & Pacific (IDA & IBRD countries),Aggregates,Aggregates,Aggregates,,
2735,2020,30.3464165982502,Forest area (% of land area),T4,East Asia & Pacific (IDA & IBRD countries),Aggregates,Aggregates,Aggregates,,
2736,2019,30.2971846710996,Forest area (% of land area),T4,East Asia & Pacific (IDA & IBRD countries),Aggregates,Aggregates,Aggregates,,
2737,2018,30.2474775655977,Forest area (% of land area),T4,East Asia & Pacific (IDA & IBRD countries),Aggregates,Aggregates,Aggregates,,
2738,2017,30.1977365688229,Forest area (% of land area),T4,East Asia & Pacific (IDA & IBRD countries),Aggregates,Aggregates,Aggregates,,
2739,2016,30.1955102591191,Forest area (% of land area),T4,East Asia & Pacific (IDA & IBRD countries),Aggregates,Aggregates,Aggregates,,
2740,2025,,Forest area (% of land area),XC,Euro area,Aggregates,Aggregates,Aggregates,,
2741,2024,,Forest area (% of land area),XC,Euro area,Aggregates,Aggregates,Aggregates,,
2742,2023,38.7747713546581,Forest area (% of land area),XC,Euro area,Aggregates,Aggregates,Aggregates,,
2743,2022,38.7163291580006,Forest area (% of land area),XC,Euro area,Aggregates,Aggregates,Aggregates,,
2744,2021,38.6561828857757,Forest area (% of land area),XC,Euro area,Aggregates,Aggregates,Aggregates,,
2745,2020,38.5992389373168,Forest area (% of land area),XC,Euro area,Aggregates,Aggregates,Aggregates,,
2746,2019,38.5400946946001,Forest area (% of land area),XC,Euro area,Aggregates,Aggregates,Aggregates,,
2747,2018,38.4830862412145,Forest area (% of land area),XC,Euro area,Aggregates,Aggregates,Aggregates,,
2748,2017,38.4262552029395,Forest area (% of land area),XC,Euro area,Aggregates,Aggregates,Aggregates,,
2749,2016,38.3454502154919,Forest area (% of land area),XC,Euro area,Aggregates,Aggregates,Aggregates,,
2750,2025,,Forest area (% of land area),Z7,Europe & Central Asia,Aggregates,Aggregates,Aggregates,,
2751,2024,,Forest area (% of land area),Z7,Europe & Central Asia,Aggregates,Aggregates,Aggregates,,
2752,2023,38.5873827255494,Forest area (% of land area),Z7,Europe & Central Asia,Aggregates,Aggregates,Aggregates,,
2753,2022,38.5708431486841,Forest area (% of land area),Z7,Europe & Central Asia,Aggregates,Aggregates,Aggregates,,
2754,2021,38.5536024266168,Forest area (% of land area),Z7,Europe & Central Asia,Aggregates,Aggregates,Aggregates,,
2755,2020,38.5368147968266,Forest area (% of land area),Z7,Europe & Central Asia,Aggregates,Aggregates,Aggregates,,
2756,2019,38.5137860635035,Forest area (% of land area),Z7,Europe & Central Asia,Aggregates,Aggregates,Aggregates,,
2757,2018,38.4968663428376,Forest area (% of land area),Z7,Europe & Central Asia,Aggregates,Aggregates,Aggregates,,
2758,2017,38.4810610167034,Forest area (% of land area),Z7,Europe & Central Asia,Aggregates,Aggregates,Aggregates,,
2759,2016,38.4564117893918,Forest area (% of land area),Z7,Europe & Central Asia,Aggregates,Aggregates,Aggregates,,
2760,2025,,Forest area (% of land area),7E,Europe & Central Asia (excluding high income),Aggregates,Aggregates,Aggregates,,
2761,2024,,Forest area (% of land area),7E,Europe & Central Asia (excluding high income),Aggregates,Aggregates,Aggregates,,
2762,2023,11.286098231221,Forest area (% of land area),7E,Europe & Central Asia (excluding high income),Aggregates,Aggregates,Aggregates,,
2763,2022,11.2417861119275,Forest area (% of land area),7E,Europe & Central Asia (excluding high income),Aggregates,Aggregates,Aggregates,,
2764,2021,11.1974044412188,Forest area (% of land area),7E,Europe & Central Asia (excluding high income),Aggregates,Aggregates,Aggregates,,
2765,2020,11.152947661832,Forest area (% of land area),7E,Europe & Central Asia (excluding high income),Aggregates,Aggregates,Aggregates,,
2766,2019,11.1018442074411,Forest area (% of land area),7E,Europe & Central Asia (excluding high income),Aggregates,Aggregates,Aggregates,,
2767,2018,11.0573734128931,Forest area (% of land area),7E,Europe & Central Asia (excluding high income),Aggregates,Aggregates,Aggregates,,
2768,2017,11.0131652717457,Forest area (% of land area),7E,Europe & Central Asia (excluding high income),Aggregates,Aggregates,Aggregates,,
2769,2016,10.9750677005203,Forest area (% of land area),7E,Europe & Central Asia (excluding high income),Aggregates,Aggregates,Aggregates,,
2770,2025,,Forest area (% of land area),T7,Europe & Central Asia (IDA & IBRD countries),Aggregates,Aggregates,Aggregates,,
2771,2024,,Forest area (% of land area),T7,Europe & Central Asia (IDA & IBRD countries),Aggregates,Aggregates,Aggregates,,
2772,2023,39.3431148107069,Forest area (% of land area),T7,Europe & Central Asia (IDA & IBRD countries),Aggregates,Aggregates,Aggregates,,
2773,2022,39.330889070587,Forest area (% of land area),T7,Europe & Central Asia (IDA & IBRD countries),Aggregates,Aggregates,Aggregates,,
2774,2021,39.3183058158927,Forest area (% of land area),T7,Europe & Central Asia (IDA & IBRD countries),Aggregates,Aggregates,Aggregates,,
2775,2020,39.3056101753993,Forest area (% of land area),T7,Europe & Central Asia (IDA & IBRD countries),Aggregates,Aggregates,Aggregates,,
2776,2019,39.286963648074,Forest area (% of land area),T7,Europe & Central Asia (IDA & IBRD countries),Aggregates,Aggregates,Aggregates,,
2777,2018,39.2741732746732,Forest area (% of land area),T7,Europe & Central Asia (IDA & IBRD countries),Aggregates,Aggregates,Aggregates,,
2778,2017,39.2616718515482,Forest area (% of land area),T7,Europe & Central Asia (IDA & IBRD countries),Aggregates,Aggregates,Aggregates,,
2779,2016,39.2421653702355,Forest area (% of land area),T7,Europe & Central Asia (IDA & IBRD countries),Aggregates,Aggregates,Aggregates,,
2780,2025,,Forest area (% of land area),EU,European Union,Aggregates,Aggregates,Aggregates,,
2781,2024,,Forest area (% of land area),EU,European Union,Aggregates,Aggregates,Aggregates,,
2782,2023,40.0585479083994,Forest area (% of land area),EU,European Union,Aggregates,Aggregates,Aggregates,,
2783,2022,40.0153344075102,Forest area (% of land area),EU,European Union,Aggregates,Aggregates,Aggregates,,
2784,2021,39.968951803205,Forest area (% of land area),EU,European Union,Aggregates,Aggregates,Aggregates,,
2785,2020,39.9247614243186,Forest area (% of land area),EU,European Union,Aggregates,Aggregates,Aggregates,,
2786,2019,39.879497357481,Forest area (% of land area),EU,European Union,Aggregates,Aggregates,Aggregates,,
2787,2018,39.8346624173568,Forest area (% of land area),EU,European Union,Aggregates,Aggregates,Aggregates,,
2788,2017,39.7907562549725,Forest area (% of land area),EU,European Union,Aggregates,Aggregates,Aggregates,,
2789,2016,39.7297113561601,Forest area (% of land area),EU,European Union,Aggregates,Aggregates,Aggregates,,
2790,2025,,Forest area (% of land area),XE,Heavily indebted poor countries (HIPC),Aggregates,Aggregates,Aggregates,,
2791,2024,,Forest area (% of land area),XE,Heavily indebted poor countries (HIPC),Aggregates,Aggregates,Aggregates,,
2792,2023,26.5708340269505,Forest area (% of land area),XE,Heavily indebted poor countries (HIPC),Aggregates,Aggregates,Aggregates,,
2793,2022,26.7432492486393,Forest area (% of land area),XE,Heavily indebted poor countries (HIPC),Aggregates,Aggregates,Aggregates,,
2794,2021,26.9148136527804,Forest area (% of land area),XE,Heavily indebted poor countries (HIPC),Aggregates,Aggregates,Aggregates,,
2795,2020,27.0878452337104,Forest area (% of land area),XE,Heavily indebted poor countries (HIPC),Aggregates,Aggregates,Aggregates,,
2796,2019,27.27876757893,Forest area (% of land area),XE,Heavily indebted poor countries (HIPC),Aggregates,Aggregates,Aggregates,,
2797,2018,27.4527948146091,Forest area (% of land area),XE,Heavily indebted poor countries (HIPC),Aggregates,Aggregates,Aggregates,,
2798,2017,27.6241210762792,Forest area (% of land area),XE,Heavily indebted poor countries (HIPC),Aggregates,Aggregates,Aggregates,,
2799,2016,27.7966008687619,Forest area (% of land area),XE,Heavily indebted poor countries (HIPC),Aggregates,Aggregates,Aggregates,,
2800,2025,,Forest area (% of land area),XD,High income,Aggregates,Aggregates,Aggregates,,
2801,2024,,Forest area (% of land area),XD,High income,Aggregates,Aggregates,Aggregates,,
2802,2023,36.2013922699973,Forest area (% of land area),XD,High income,Aggregates,Aggregates,Aggregates,,
2803,2022,36.1955649171786,Forest area (% of land area),XD,High income,Aggregates,Aggregates,Aggregates,,
2804,2021,36.1892519809124,Forest area (% of land area),XD,High income,Aggregates,Aggregates,Aggregates,,
2805,2020,36.0601354292146,Forest area (% of land area),XD,High income,Aggregates,Aggregates,Aggregates,,
2806,2019,36.0633153195411,Forest area (% of land area),XD,High income,Aggregates,Aggregates,Aggregates,,
2807,2018,36.0579264201789,Forest area (% of land area),XD,High income,Aggregates,Aggregates,Aggregates,,
2808,2017,36.0529495289012,Forest area (% of land area),XD,High income,Aggregates,Aggregates,Aggregates,,
2809,2016,36.0486652155667,Forest area (% of land area),XD,High income,Aggregates,Aggregates,Aggregates,,
2810,2025,,Forest area (% of land area),XF,IBRD only,Aggregates,Aggregates,Aggregates,,
2811,2024,,Forest area (% of land area),XF,IBRD only,Aggregates,Aggregates,Aggregates,,
2812,2023,33.7403698832084,Forest area (% of land area),XF,IBRD only,Aggregates,Aggregates,Aggregates,,
2813,2022,33.7585763697967,Forest area (% of land area),XF,IBRD only,Aggregates,Aggregates,Aggregates,,
2814,2021,33.7751008654681,Forest area (% of land area),XF,IBRD only,Aggregates,Aggregates,Aggregates,,
2815,2020,33.8001144649958,Forest area (% of land area),XF,IBRD only,Aggregates,Aggregates,Aggregates,,
2816,2019,33.8153090645657,Forest area (% of land area),XF,IBRD only,Aggregates,Aggregates,Aggregates,,
2817,2018,33.833860629786,Forest area (% of land area),XF,IBRD only,Aggregates,Aggregates,Aggregates,,
2818,2017,33.8500281662032,Forest area (% of land area),XF,IBRD only,Aggregates,Aggregates,Aggregates,,
2819,2016,33.8876412704908,Forest area (% of land area),XF,IBRD only,Aggregates,Aggregates,Aggregates,,
2820,2025,,Forest area (% of land area),ZT,IDA & IBRD total,Aggregates,Aggregates,Aggregates,,
2821,2024,,Forest area (% of land area),ZT,IDA & IBRD total,Aggregates,Aggregates,Aggregates,,
2822,2023,31.5906332489337,Forest area (% of land area),ZT,IDA & IBRD total,Aggregates,Aggregates,Aggregates,,
2823,2022,31.6442375411496,Forest area (% of land area),ZT,IDA & IBRD total,Aggregates,Aggregates,Aggregates,,
2824,2021,31.6966697367295,Forest area (% of land area),ZT,IDA & IBRD total,Aggregates,Aggregates,Aggregates,,
2825,2020,31.7551893634375,Forest area (% of land area),ZT,IDA & IBRD total,Aggregates,Aggregates,Aggregates,,
2826,2019,31.8119553464431,Forest area (% of land area),ZT,IDA & IBRD total,Aggregates,Aggregates,Aggregates,,
2827,2018,31.8667829191482,Forest area (% of land area),ZT,IDA & IBRD total,Aggregates,Aggregates,Aggregates,,
2828,2017,31.9188009397588,Forest area (% of land area),ZT,IDA & IBRD total,Aggregates,Aggregates,Aggregates,,
2829,2016,31.9866224675895,Forest area (% of land area),ZT,IDA & IBRD total,Aggregates,Aggregates,Aggregates,,
2830,2025,,Forest area (% of land area),XH,IDA blend,Aggregates,Aggregates,Aggregates,,
2831,2024,,Forest area (% of land area),XH,IDA blend,Aggregates,Aggregates,Aggregates,,
2832,2023,30.2943783963727,Forest area (% of land area),XH,IDA blend,Aggregates,Aggregates,Aggregates,,
2833,2022,30.3877356692002,Forest area (% of land area),XH,IDA blend,Aggregates,Aggregates,Aggregates,,
2834,2021,30.4810990678503,Forest area (% of land area),XH,IDA blend,Aggregates,Aggregates,Aggregates,,
2835,2020,30.5744873117203,Forest area (% of land area),XH,IDA blend,Aggregates,Aggregates,Aggregates,,
2836,2019,30.6806604462022,Forest area (% of land area),XH,IDA blend,Aggregates,Aggregates,Aggregates,,
2837,2018,30.7861260940948,Forest area (% of land area),XH,IDA blend,Aggregates,Aggregates,Aggregates,,
2838,2017,30.8859060956119,Forest area (% of land area),XH,IDA blend,Aggregates,Aggregates,Aggregates,,
2839,2016,30.9793245767119,Forest area (% of land area),XH,IDA blend,Aggregates,Aggregates,Aggregates,,
2840,2025,,Forest area (% of land area),XI,IDA only,Aggregates,Aggregates,Aggregates,,
2841,2024,,Forest area (% of land area),XI,IDA only,Aggregates,Aggregates,Aggregates,,
2842,2023,24.4438408985284,Forest area (% of land area),XI,IDA only,Aggregates,Aggregates,Aggregates,,
2843,2022,24.6109131798321,Forest area (% of land area),XI,IDA only,Aggregates,Aggregates,Aggregates,,
2844,2021,24.7779149280931,Forest area (% of land area),XI,IDA only,Aggregates,Aggregates,Aggregates,,
2845,2020,24.94576821986,Forest area (% of land area),XI,IDA only,Aggregates,Aggregates,Aggregates,,
2846,2019,25.129742282078,Forest area (% of land area),XI,IDA only,Aggregates,Aggregates,Aggregates,,
2847,2018,25.2982349287955,Forest area (% of land area),XI,IDA only,Aggregates,Aggregates,Aggregates,,
2848,2017,25.4631414704528,Forest area (% of land area),XI,IDA only,Aggregates,Aggregates,Aggregates,,
2849,2016,25.629020817101,Forest area (% of land area),XI,IDA only,Aggregates,Aggregates,Aggregates,,
2850,2025,,Forest area (% of land area),XG,IDA total,Aggregates,Aggregates,Aggregates,,
2851,2024,,Forest area (% of land area),XG,IDA total,Aggregates,Aggregates,Aggregates,,
2852,2023,25.5797077388826,Forest area (% of land area),XG,IDA total,Aggregates,Aggregates,Aggregates,,
2853,2022,25.7324563147521,Forest area (% of land area),XG,IDA total,Aggregates,Aggregates,Aggregates,,
2854,2021,25.8851653415504,Forest area (% of land area),XG,IDA total,Aggregates,Aggregates,Aggregates,,
2855,2020,26.0385642232948,Forest area (% of land area),XG,IDA total,Aggregates,Aggregates,Aggregates,,
2856,2019,26.2076763150308,Forest area (% of land area),XG,IDA total,Aggregates,Aggregates,Aggregates,,
2857,2018,26.3635936351909,Forest area (% of land area),XG,IDA total,Aggregates,Aggregates,Aggregates,,
2858,2017,26.5155166433004,Forest area (% of land area),XG,IDA total,Aggregates,Aggregates,Aggregates,,
2859,2016,26.6669970589804,Forest area (% of land area),XG,IDA total,Aggregates,Aggregates,Aggregates,,
2860,2025,,Forest area (% of land area),V3,Late-demographic dividend,Aggregates,Aggregates,Aggregates,,
2861,2024,,Forest area (% of land area),V3,Late-demographic dividend,Aggregates,Aggregates,Aggregates,,
2862,2023,39.5665785785562,Forest area (% of land area),V3,Late-demographic dividend,Aggregates,Aggregates,Aggregates,,
2863,2022,39.5523821398128,Forest area (% of land area),V3,Late-demographic dividend,Aggregates,Aggregates,Aggregates,,
2864,2021,39.5365502560065,Forest area (% of land area),V3,Late-demographic dividend,Aggregates,Aggregates,Aggregates,,
2865,2020,39.5214758208134,Forest area (% of land area),V3,Late-demographic dividend,Aggregates,Aggregates,Aggregates,,
2866,2019,39.5150105254441,Forest area (% of land area),V3,Late-demographic dividend,Aggregates,Aggregates,Aggregates,,
2867,2018,39.5009340757473,Forest area (% of land area),V3,Late-demographic dividend,Aggregates,Aggregates,Aggregates,,
2868,2017,39.482157245881,Forest area (% of land area),V3,Late-demographic dividend,Aggregates,Aggregates,Aggregates,,
2869,2016,39.480392504129,Forest area (% of land area),V3,Late-demographic dividend,Aggregates,Aggregates,Aggregates,,
2870,2025,,Forest area (% of land area),ZJ,Latin America & Caribbean,Aggregates,Aggregates,Aggregates,,
2871,2024,,Forest area (% of land area),ZJ,Latin America & Caribbean,Aggregates,Aggregates,Aggregates,,
2872,2023,46.1073492142796,Forest area (% of land area),ZJ,Latin America & Caribbean,Aggregates,Aggregates,Aggregates,,
2873,2022,46.2293001117069,Forest area (% of land area),ZJ,Latin America & Caribbean,Aggregates,Aggregates,Aggregates,,
2874,2021,46.346460393507,Forest area (% of land area),ZJ,Latin America & Caribbean,Aggregates,Aggregates,Aggregates,,
2875,2020,46.4692947040238,Forest area (% of land area),ZJ,Latin America & Caribbean,Aggregates,Aggregates,Aggregates,,
2876,2019,46.6213720180679,Forest area (% of land area),ZJ,Latin America & Caribbean,Aggregates,Aggregates,Aggregates,,
2877,2018,46.7472567541852,Forest area (% of land area),ZJ,Latin America & Caribbean,Aggregates,Aggregates,Aggregates,,
2878,2017,46.8631061558393,Forest area (% of land area),ZJ,Latin America & Caribbean,Aggregates,Aggregates,Aggregates,,
2879,2016,47.0352017633885,Forest area (% of land area),ZJ,Latin America & Caribbean,Aggregates,Aggregates,Aggregates,,
2880,2025,,Forest area (% of land area),XJ,Latin America & Caribbean (excluding high income),Aggregates,Aggregates,Aggregates,,
2881,2024,,Forest area (% of land area),XJ,Latin America & Caribbean (excluding high income),Aggregates,Aggregates,Aggregates,,
2882,2023,46.7180503805674,Forest area (% of land area),XJ,Latin America & Caribbean (excluding high income),Aggregates,Aggregates,Aggregates,,
2883,2022,46.8557724299434,Forest area (% of land area),XJ,Latin America & Caribbean (excluding high income),Aggregates,Aggregates,Aggregates,,
2884,2021,46.9883341822734,Forest area (% of land area),XJ,Latin America & Caribbean (excluding high income),Aggregates,Aggregates,Aggregates,,
2885,2020,47.1269981648655,Forest area (% of land area),XJ,Latin America & Caribbean (excluding high income),Aggregates,Aggregates,Aggregates,,
2886,2019,47.2614207322643,Forest area (% of land area),XJ,Latin America & Caribbean (excluding high income),Aggregates,Aggregates,Aggregates,,
2887,2018,47.4018854170986,Forest area (% of land area),XJ,Latin America & Caribbean (excluding high income),Aggregates,Aggregates,Aggregates,,
2888,2017,47.5328547759543,Forest area (% of land area),XJ,Latin America & Caribbean (excluding high income),Aggregates,Aggregates,Aggregates,,
2889,2016,47.7240013773425,Forest area (% of land area),XJ,Latin America & Caribbean (excluding high income),Aggregates,Aggregates,Aggregates,,
2890,2025,,Forest area (% of land area),T2,Latin America & the Caribbean (IDA & IBRD countries),Aggregates,Aggregates,Aggregates,,
2891,2024,,Forest area (% of land area),T2,Latin America & the Caribbean (IDA & IBRD countries),Aggregates,Aggregates,Aggregates,,
2892,2023,46.1810129161545,Forest area (% of land area),T2,Latin America & the Caribbean (IDA & IBRD countries),Aggregates,Aggregates,Aggregates,,
2893,2022,46.303758906254,Forest area (% of land area),T2,Latin America & the Caribbean (IDA & IBRD countries),Aggregates,Aggregates,Aggregates,,
2894,2021,46.4216806951668,Forest area (% of land area),T2,Latin America & the Caribbean (IDA & IBRD countries),Aggregates,Aggregates,Aggregates,,
2895,2020,46.5453149234072,Forest area (% of land area),T2,Latin America & the Caribbean (IDA & IBRD countries),Aggregates,Aggregates,Aggregates,,
2896,2019,46.6984339220953,Forest area (% of land area),T2,Latin America & the Caribbean (IDA & IBRD countries),Aggregates,Aggregates,Aggregates,,
2897,2018,46.8251384923425,Forest area (% of land area),T2,Latin America & the Caribbean (IDA & IBRD countries),Aggregates,Aggregates,Aggregates,,
2898,2017,46.9417523065377,Forest area (% of land area),T2,Latin America & the Caribbean (IDA & IBRD countries),Aggregates,Aggregates,Aggregates,,
2899,2016,47.1155777751242,Forest area (% of land area),T2,Latin America & the Caribbean (IDA & IBRD countries),Aggregates,Aggregates,Aggregates,,
2900,2025,,Forest area (% of land area),XL,Least developed countries: UN classification,Aggregates,Aggregates,Aggregates,,
2901,2024,,Forest area (% of land area),XL,Least developed countries: UN classification,Aggregates,Aggregates,Aggregates,,
2902,2023,25.5824950287118,Forest area (% of land area),XL,Least developed countries: UN classification,Aggregates,Aggregates,Aggregates,,
2903,2022,25.7720283638031,Forest area (% of land area),XL,Least developed countries: UN classification,Aggregates,Aggregates,Aggregates,,
2904,2021,25.9615004241247,Forest area (% of land area),XL,Least developed countries: UN classification,Aggregates,Aggregates,Aggregates,,
2905,2020,26.1518252861632,Forest area (% of land area),XL,Least developed countries: UN classification,Aggregates,Aggregates,Aggregates,,
2906,2019,26.3406700478273,Forest area (% of land area),XL,Least developed countries: UN classification,Aggregates,Aggregates,Aggregates,,
2907,2018,26.5315195804629,Forest area (% of land area),XL,Least developed countries: UN classification,Aggregates,Aggregates,Aggregates,,
2908,2017,26.7187788826033,Forest area (% of land area),XL,Least developed countries: UN classification,Aggregates,Aggregates,Aggregates,,
2909,2016,26.908023845142,Forest area (% of land area),XL,Least developed countries: UN classification,Aggregates,Aggregates,Aggregates,,
2910,2025,,Forest area (% of land area),XO,Low & middle income,Aggregates,Aggregates,Aggregates,,
2911,2024,,Forest area (% of land area),XO,Low & middle income,Aggregates,Aggregates,Aggregates,,
2912,2023,27.7055501695387,Forest area (% of land area),XO,Low & middle income,Aggregates,Aggregates,Aggregates,,
2913,2022,27.7739059795262,Forest area (% of land area),XO,Low & middle income,Aggregates,Aggregates,Aggregates,,
2914,2021,27.8409820968805,Forest area (% of land area),XO,Low & middle income,Aggregates,Aggregates,Aggregates,,
2915,2020,27.9147676747574,Forest area (% of land area),XO,Low & middle income,Aggregates,Aggregates,Aggregates,,
2916,2019,27.9813576956848,Forest area (% of land area),XO,Low & middle income,Aggregates,Aggregates,Aggregates,,
2917,2018,28.0510413392518,Forest area (% of land area),XO,Low & middle income,Aggregates,Aggregates,Aggregates,,
2918,2017,28.1174247457212,Forest area (% of land area),XO,Low & middle income,Aggregates,Aggregates,Aggregates,,
2919,2016,28.2060184015113,Forest area (% of land area),XO,Low & middle income,Aggregates,Aggregates,Aggregates,,
2920,2025,,Forest area (% of land area),XM,Low income,Aggregates,Aggregates,Aggregates,,
2921,2024,,Forest area (% of land area),XM,Low income,Aggregates,Aggregates,Aggregates,,
2922,2023,19.8644342374234,Forest area (% of land area),XM,Low income,Aggregates,Aggregates,Aggregates,,
2923,2022,20.0040599818514,Forest area (% of land area),XM,Low income,Aggregates,Aggregates,Aggregates,,
2924,2021,20.1429261190799,Forest area (% of land area),XM,Low income,Aggregates,Aggregates,Aggregates,,
2925,2020,20.2830964718304,Forest area (% of land area),XM,Low income,Aggregates,Aggregates,Aggregates,,
2926,2019,20.4213117920069,Forest area (% of land area),XM,Low income,Aggregates,Aggregates,Aggregates,,
2927,2018,20.5623020867419,Forest area (% of land area),XM,Low income,Aggregates,Aggregates,Aggregates,,
2928,2017,20.6983113735362,Forest area (% of land area),XM,Low income,Aggregates,Aggregates,Aggregates,,
2929,2016,20.8370998862374,Forest area (% of land area),XM,Low income,Aggregates,Aggregates,Aggregates,,
2930,2025,,Forest area (% of land area),XN,Lower middle income,Aggregates,Aggregates,Aggregates,,
2931,2024,,Forest area (% of land area),XN,Lower middle income,Aggregates,Aggregates,Aggregates,,
2932,2023,30.2164969333076,Forest area (% of land area),XN,Lower middle income,Aggregates,Aggregates,Aggregates,,
2933,2022,30.3445620829388,Forest area (% of land area),XN,Lower middle income,Aggregates,Aggregates,Aggregates,,
2934,2021,30.472490378202,Forest area (% of land area),XN,Lower middle income,Aggregates,Aggregates,Aggregates,,
2935,2020,30.6013821441859,Forest area (% of land area),XN,Lower middle income,Aggregates,Aggregates,Aggregates,,
2936,2019,30.7319872542004,Forest area (% of land area),XN,Lower middle income,Aggregates,Aggregates,Aggregates,,
2937,2018,30.864739385547,Forest area (% of land area),XN,Lower middle income,Aggregates,Aggregates,Aggregates,,
2938,2017,30.9984145810702,Forest area (% of land area),XN,Lower middle income,Aggregates,Aggregates,Aggregates,,
2939,2016,31.131823829733,Forest area (% of land area),XN,Lower middle income,Aggregates,Aggregates,Aggregates,,
2940,2025,,Forest area (% of land area),ZQ,"Middle East, North Africa, Afghanistan & Pakistan",Aggregates,Aggregates,Aggregates,,
2941,2024,,Forest area (% of land area),ZQ,"Middle East, North Africa, Afghanistan & Pakistan",Aggregates,Aggregates,Aggregates,,
2942,2023,2.20869651277954,Forest area (% of land area),ZQ,"Middle East, North Africa, Afghanistan & Pakistan",Aggregates,Aggregates,Aggregates,,
2943,2022,2.20922456389042,Forest area (% of land area),ZQ,"Middle East, North Africa, Afghanistan & Pakistan",Aggregates,Aggregates,Aggregates,,
2944,2021,2.20991908453557,Forest area (% of land area),ZQ,"Middle East, North Africa, Afghanistan & Pakistan",Aggregates,Aggregates,Aggregates,,
2945,2020,2.21037309559273,Forest area (% of land area),ZQ,"Middle East, North Africa, Afghanistan & Pakistan",Aggregates,Aggregates,Aggregates,,
2946,2019,2.21114057087958,Forest area (% of land area),ZQ,"Middle East, North Africa, Afghanistan & Pakistan",Aggregates,Aggregates,Aggregates,,
2947,2018,2.21143863501494,Forest area (% of land area),ZQ,"Middle East, North Africa, Afghanistan & Pakistan",Aggregates,Aggregates,Aggregates,,
2948,2017,2.21351261954025,Forest area (% of land area),ZQ,"Middle East, North Africa, Afghanistan & Pakistan",Aggregates,Aggregates,Aggregates,,
2949,2016,2.21308290431993,Forest area (% of land area),ZQ,"Middle East, North Africa, Afghanistan & Pakistan",Aggregates,Aggregates,Aggregates,,
2950,2025,,Forest area (% of land area),XQ,"Middle East, North Africa, Afghanistan & Pakistan (excluding high income)",Aggregates,Aggregates,Aggregates,,
2951,2024,,Forest area (% of land area),XQ,"Middle East, North Africa, Afghanistan & Pakistan (excluding high income)",Aggregates,Aggregates,Aggregates,,
2952,2023,2.63217642863726,Forest area (% of land area),XQ,"Middle East, North Africa, Afghanistan & Pakistan (excluding high income)",Aggregates,Aggregates,Aggregates,,
2953,2022,2.63283468345814,Forest area (% of land area),XQ,"Middle East, North Africa, Afghanistan & Pakistan (excluding high income)",Aggregates,Aggregates,Aggregates,,
2954,2021,2.63370729588379,Forest area (% of land area),XQ,"Middle East, North Africa, Afghanistan & Pakistan (excluding high income)",Aggregates,Aggregates,Aggregates,,
2955,2020,2.63427233809182,Forest area (% of land area),XQ,"Middle East, North Africa, Afghanistan & Pakistan (excluding high income)",Aggregates,Aggregates,Aggregates,,
2956,2019,2.63523774318316,Forest area (% of land area),XQ,"Middle East, North Africa, Afghanistan & Pakistan (excluding high income)",Aggregates,Aggregates,Aggregates,,
2957,2018,2.63560457067795,Forest area (% of land area),XQ,"Middle East, North Africa, Afghanistan & Pakistan (excluding high income)",Aggregates,Aggregates,Aggregates,,
2958,2017,2.63820748962586,Forest area (% of land area),XQ,"Middle East, North Africa, Afghanistan & Pakistan (excluding high income)",Aggregates,Aggregates,Aggregates,,
2959,2016,2.63739916112549,Forest area (% of land area),XQ,"Middle East, North Africa, Afghanistan & Pakistan (excluding high income)",Aggregates,Aggregates,Aggregates,,
2960,2025,,Forest area (% of land area),T3,"Middle East, North Africa, Afghanistan & Pakistan (IDA & IBRD)",Aggregates,Aggregates,Aggregates,,
2961,2024,,Forest area (% of land area),T3,"Middle East, North Africa, Afghanistan & Pakistan (IDA & IBRD)",Aggregates,Aggregates,Aggregates,,
2962,2023,2.6327453602461,Forest area (% of land area),T3,"Middle East, North Africa, Afghanistan & Pakistan (IDA & IBRD)",Aggregates,Aggregates,Aggregates,,
2963,2022,2.63340400961646,Forest area (% of land area),T3,"Middle East, North Africa, Afghanistan & Pakistan (IDA & IBRD)",Aggregates,Aggregates,Aggregates,,
2964,2021,2.63427714507477,Forest area (% of land area),T3,"Middle East, North Africa, Afghanistan & Pakistan (IDA & IBRD)",Aggregates,Aggregates,Aggregates,,
2965,2020,2.63484121563074,Forest area (% of land area),T3,"Middle East, North Africa, Afghanistan & Pakistan (IDA & IBRD)",Aggregates,Aggregates,Aggregates,,
2966,2019,2.63580719889327,Forest area (% of land area),T3,"Middle East, North Africa, Afghanistan & Pakistan (IDA & IBRD)",Aggregates,Aggregates,Aggregates,,
2967,2018,2.63617424692738,Forest area (% of land area),T3,"Middle East, North Africa, Afghanistan & Pakistan (IDA & IBRD)",Aggregates,Aggregates,Aggregates,,
2968,2017,2.63877872473903,Forest area (% of land area),T3,"Middle East, North Africa, Afghanistan & Pakistan (IDA & IBRD)",Aggregates,Aggregates,Aggregates,,
2969,2016,2.63796955691483,Forest area (% of land area),T3,"Middle East, North Africa, Afghanistan & Pakistan (IDA & IBRD)",Aggregates,Aggregates,Aggregates,,
2970,2025,,Forest area (% of land area),XP,Middle income,Aggregates,Aggregates,Aggregates,,
2971,2024,,Forest area (% of land area),XP,Middle income,Aggregates,Aggregates,Aggregates,,
2972,2023,29.52536867781,Forest area (% of land area),XP,Middle income,Aggregates,Aggregates,Aggregates,,
2973,2022,29.5772050490796,Forest area (% of land area),XP,Middle income,Aggregates,Aggregates,Aggregates,,
2974,2021,29.6275874147704,Forest area (% of land area),XP,Middle income,Aggregates,Aggregates,Aggregates,,
2975,2020,29.6863779979264,Forest area (% of land area),XP,Middle income,Aggregates,Aggregates,Aggregates,,
2976,2019,29.7363075451194,Forest area (% of land area),XP,Middle income,Aggregates,Aggregates,Aggregates,,
2977,2018,29.7894866694675,Forest area (% of land area),XP,Middle income,Aggregates,Aggregates,Aggregates,,
2978,2017,29.8397590728376,Forest area (% of land area),XP,Middle income,Aggregates,Aggregates,Aggregates,,
2979,2016,29.9165771562114,Forest area (% of land area),XP,Middle income,Aggregates,Aggregates,Aggregates,,
2980,2025,,Forest area (% of land area),XU,North America,Aggregates,Aggregates,Aggregates,,
2981,2024,,Forest area (% of land area),XU,North America,Aggregates,Aggregates,Aggregates,,
2982,2023,36.6083171305095,Forest area (% of land area),XU,North America,Aggregates,Aggregates,Aggregates,,
2983,2022,36.6103791756258,Forest area (% of land area),XU,North America,Aggregates,Aggregates,Aggregates,,
2984,2021,36.6124410534822,Forest area (% of land area),XU,North America,Aggregates,Aggregates,Aggregates,,
2985,2020,36.2569303570064,Forest area (% of land area),XU,North America,Aggregates,Aggregates,Aggregates,,
2986,2019,36.2589719773529,Forest area (% of land area),XU,North America,Aggregates,Aggregates,Aggregates,,
2987,2018,36.2610141497871,Forest area (% of land area),XU,North America,Aggregates,Aggregates,Aggregates,,
2988,2017,36.2630557701336,Forest area (% of land area),XU,North America,Aggregates,Aggregates,Aggregates,,
2989,2016,36.2816605738267,Forest area (% of land area),XU,North America,Aggregates,Aggregates,Aggregates,,
2990,2025,,Forest area (% of land area),XY,Not classified,Aggregates,Aggregates,Aggregates,,
2991,2024,,Forest area (% of land area),XY,Not classified,Aggregates,Aggregates,Aggregates,,
2992,2023,,Forest area (% of land area),XY,Not classified,Aggregates,Aggregates,Aggregates,,
2993,2022,,Forest area (% of land area),XY,Not classified,Aggregates,Aggregates,Aggregates,,
2994,2021,,Forest area (% of land area),XY,Not classified,Aggregates,Aggregates,Aggregates,,
2995,2020,,Forest area (% of land area),XY,Not classified,Aggregates,Aggregates,Aggregates,,
2996,2019,,Forest area (% of land area),XY,Not classified,Aggregates,Aggregates,Aggregates,,
2997,2018,,Forest area (% of land area),XY,Not classified,Aggregates,Aggregates,Aggregates,,
2998,2017,,Forest area (% of land area),XY,Not classified,Aggregates,Aggregates,Aggregates,,
2999,2016,,Forest area (% of land area),XY,Not classified,Aggregates,Aggregates,Aggregates,,
3000,2025,,Forest area (% of land area),OE,OECD members,Aggregates,Aggregates,Aggregates,,
3001,2024,,Forest area (% of land area),OE,OECD members,Aggregates,Aggregates,Aggregates,,
3002,2023,32.9429461320688,Forest area (% of land area),OE,OECD members,Aggregates,Aggregates,Aggregates,,
3003,2022,32.9396675212767,Forest area (% of land area),OE,OECD members,Aggregates,Aggregates,Aggregates,,
3004,2021,32.9358651481294,Forest area (% of land area),OE,OECD members,Aggregates,Aggregates,Aggregates,,
3005,2020,32.7683777484577,Forest area (% of land area),OE,OECD members,Aggregates,Aggregates,Aggregates,,
3006,2019,32.76388636446,Forest area (% of land area),OE,OECD members,Aggregates,Aggregates,Aggregates,,
3007,2018,32.7612170415593,Forest area (% of land area),OE,OECD members,Aggregates,Aggregates,Aggregates,,
3008,2017,32.7590607764174,Forest area (% of land area),OE,OECD members,Aggregates,Aggregates,Aggregates,,
3009,2016,32.7651677484035,Forest area (% of land area),OE,OECD members,Aggregates,Aggregates,Aggregates,,
3010,2025,,Forest area (% of land area),S4,Other small states,Aggregates,Aggregates,Aggregates,,
3011,2024,,Forest area (% of land area),S4,Other small states,Aggregates,Aggregates,Aggregates,,
3012,2023,29.9366556806938,Forest area (% of land area),S4,Other small states,Aggregates,Aggregates,Aggregates,,
3013,2022,29.9298081470218,Forest area (% of land area),S4,Other small states,Aggregates,Aggregates,Aggregates,,
3014,2021,29.9210066274307,Forest area (% of land area),S4,Other small states,Aggregates,Aggregates,Aggregates,,
3015,2020,29.9144835914709,Forest area (% of land area),S4,Other small states,Aggregates,Aggregates,Aggregates,,
3016,2019,29.9078270611601,Forest area (% of land area),S4,Other small states,Aggregates,Aggregates,Aggregates,,
3017,2018,29.9017888970529,Forest area (% of land area),S4,Other small states,Aggregates,Aggregates,Aggregates,,
3018,2017,29.9591385934345,Forest area (% of land area),S4,Other small states,Aggregates,Aggregates,Aggregates,,
3019,2016,29.8094974951102,Forest area (% of land area),S4,Other small states,Aggregates,Aggregates,Aggregates,,
3020,2025,,Forest area (% of land area),S2,Pacific island small states,Aggregates,Aggregates,Aggregates,,
3021,2024,,Forest area (% of land area),S2,Pacific island small states,Aggregates,Aggregates,Aggregates,,
3022,2023,68.7460639127046,Forest area (% of land area),S2,Pacific island small states,Aggregates,Aggregates,Aggregates,,
3023,2022,68.6590802805924,Forest area (% of land area),S2,Pacific island small states,Aggregates,Aggregates,Aggregates,,
3024,2021,68.5720966484801,Forest area (% of land area),S2,Pacific island small states,Aggregates,Aggregates,Aggregates,,
3025,2020,68.4851130163679,Forest area (% of land area),S2,Pacific island small states,Aggregates,Aggregates,Aggregates,,
3026,2019,68.3981293842557,Forest area (% of land area),S2,Pacific island small states,Aggregates,Aggregates,Aggregates,,
3027,2018,68.3111457521434,Forest area (% of land area),S2,Pacific island small states,Aggregates,Aggregates,Aggregates,,
3028,2017,68.2240062353858,Forest area (% of land area),S2,Pacific island small states,Aggregates,Aggregates,Aggregates,,
3029,2016,68.0839563862928,Forest area (% of land area),S2,Pacific island small states,Aggregates,Aggregates,Aggregates,,
3030,2025,,Forest area (% of land area),V4,Post-demographic dividend,Aggregates,Aggregates,Aggregates,,
3031,2024,,Forest area (% of land area),V4,Post-demographic dividend,Aggregates,Aggregates,Aggregates,,
3032,2023,32.3180412570396,Forest area (% of land area),V4,Post-demographic dividend,Aggregates,Aggregates,Aggregates,,
3033,2022,32.3126019382585,Forest area (% of land area),V4,Post-demographic dividend,Aggregates,Aggregates,Aggregates,,
3034,2021,32.306882050267,Forest area (% of land area),V4,Post-demographic dividend,Aggregates,Aggregates,Aggregates,,
3035,2020,32.1191810413691,Forest area (% of land area),V4,Post-demographic dividend,Aggregates,Aggregates,Aggregates,,
3036,2019,32.1125913121028,Forest area (% of land area),V4,Post-demographic dividend,Aggregates,Aggregates,Aggregates,,
3037,2018,32.1075403717106,Forest area (% of land area),V4,Post-demographic dividend,Aggregates,Aggregates,Aggregates,,
3038,2017,32.1030806437927,Forest area (% of land area),V4,Post-demographic dividend,Aggregates,Aggregates,Aggregates,,
3039,2016,32.1074466225452,Forest area (% of land area),V4,Post-demographic dividend,Aggregates,Aggregates,Aggregates,,
3040,2025,,Forest area (% of land area),V1,Pre-demographic dividend,Aggregates,Aggregates,Aggregates,,
3041,2024,,Forest area (% of land area),V1,Pre-demographic dividend,Aggregates,Aggregates,Aggregates,,
3042,2023,25.2555690812685,Forest area (% of land area),V1,Pre-demographic dividend,Aggregates,Aggregates,Aggregates,,
3043,2022,25.4359672942996,Forest area (% of land area),V1,Pre-demographic dividend,Aggregates,Aggregates,Aggregates,,
3044,2021,25.6158460481063,Forest area (% of land area),V1,Pre-demographic dividend,Aggregates,Aggregates,Aggregates,,
3045,2020,25.7967659263809,Forest area (% of land area),V1,Pre-demographic dividend,Aggregates,Aggregates,Aggregates,,
3046,2019,25.978662467324,Forest area (% of land area),V1,Pre-demographic dividend,Aggregates,Aggregates,Aggregates,,
3047,2018,26.1625519939629,Forest area (% of land area),V1,Pre-demographic dividend,Aggregates,Aggregates,Aggregates,,
3048,2017,26.3414868825338,Forest area (% of land area),V1,Pre-demographic dividend,Aggregates,Aggregates,Aggregates,,
3049,2016,26.5222911124075,Forest area (% of land area),V1,Pre-demographic dividend,Aggregates,Aggregates,Aggregates,,
3050,2025,,Forest area (% of land area),S1,Small states,Aggregates,Aggregates,Aggregates,,
3051,2024,,Forest area (% of land area),S1,Small states,Aggregates,Aggregates,Aggregates,,
3052,2023,64.2500500855468,Forest area (% of land area),S1,Small states,Aggregates,Aggregates,Aggregates,,
3053,2022,64.2840516405585,Forest area (% of land area),S1,Small states,Aggregates,Aggregates,Aggregates,,
3054,2021,64.3165031446738,Forest area (% of land area),S1,Small states,Aggregates,Aggregates,Aggregates,,
3055,2020,64.3507195196886,Forest area (% of land area),S1,Small states,Aggregates,Aggregates,Aggregates,,
3056,2019,65.6322371549907,Forest area (% of land area),S1,Small states,Aggregates,Aggregates,Aggregates,,
3057,2018,65.6673105741505,Forest area (% of land area),S1,Small states,Aggregates,Aggregates,Aggregates,,
3058,2017,65.7539085018376,Forest area (% of land area),S1,Small states,Aggregates,Aggregates,Aggregates,,
3059,2016,65.6893230036135,Forest area (% of land area),S1,Small states,Aggregates,Aggregates,Aggregates,,
3060,2025,,Forest area (% of land area),8S,South Asia,Aggregates,Aggregates,Aggregates,,
3061,2024,,Forest area (% of land area),8S,South Asia,Aggregates,Aggregates,Aggregates,,
3062,2023,25.5884873333417,Forest area (% of land area),8S,South Asia,Aggregates,Aggregates,Aggregates,,
3063,2022,25.507140509695,Forest area (% of land area),8S,South Asia,Aggregates,Aggregates,Aggregates,,
3064,2021,25.4284002736771,Forest area (% of land area),8S,South Asia,Aggregates,Aggregates,Aggregates,,
3065,2020,25.3492729331553,Forest area (% of land area),8S,South Asia,Aggregates,Aggregates,Aggregates,,
3066,2019,25.2701118438846,Forest area (% of land area),8S,South Asia,Aggregates,Aggregates,Aggregates,,
3067,2018,25.1907252255294,Forest area (% of land area),8S,South Asia,Aggregates,Aggregates,Aggregates,,
3068,2017,25.1113563687633,Forest area (% of land area),8S,South Asia,Aggregates,Aggregates,Aggregates,,
3069,2016,25.0319371075458,Forest area (% of land area),8S,South Asia,Aggregates,Aggregates,Aggregates,,
3070,2025,,Forest area (% of land area),T5,South Asia (IDA & IBRD),Aggregates,Aggregates,Aggregates,,
3071,2024,,Forest area (% of land area),T5,South Asia (IDA & IBRD),Aggregates,Aggregates,Aggregates,,
3072,2023,25.5884873333417,Forest area (% of land area),T5,South Asia (IDA & IBRD),Aggregates,Aggregates,Aggregates,,
3073,2022,25.507140509695,Forest area (% of land area),T5,South Asia (IDA & IBRD),Aggregates,Aggregates,Aggregates,,
3074,2021,25.4284002736771,Forest area (% of land area),T5,South Asia (IDA & IBRD),Aggregates,Aggregates,Aggregates,,
3075,2020,25.3492729331553,Forest area (% of land area),T5,South Asia (IDA & IBRD),Aggregates,Aggregates,Aggregates,,
3076,2019,25.2701118438846,Forest area (% of land area),T5,South Asia (IDA & IBRD),Aggregates,Aggregates,Aggregates,,
3077,2018,25.1907252255294,Forest area (% of land area),T5,South Asia (IDA & IBRD),Aggregates,Aggregates,Aggregates,,
3078,2017,25.1113563687633,Forest area (% of land area),T5,South Asia (IDA & IBRD),Aggregates,Aggregates,Aggregates,,
3079,2016,25.0319371075458,Forest area (% of land area),T5,South Asia (IDA & IBRD),Aggregates,Aggregates,Aggregates,,
3080,2025,,Forest area (% of land area),ZG,Sub-Saharan Africa,Aggregates,Aggregates,Aggregates,,
3081,2024,,Forest area (% of land area),ZG,Sub-Saharan Africa,Aggregates,Aggregates,Aggregates,,
3082,2023,25.7362769848213,Forest area (% of land area),ZG,Sub-Saharan Africa,Aggregates,Aggregates,Aggregates,,
3083,2022,25.9041200775263,Forest area (% of land area),ZG,Sub-Saharan Africa,Aggregates,Aggregates,Aggregates,,
3084,2021,26.0715140158541,Forest area (% of land area),ZG,Sub-Saharan Africa,Aggregates,Aggregates,Aggregates,,
3085,2020,26.2397342162826,Forest area (% of land area),ZG,Sub-Saharan Africa,Aggregates,Aggregates,Aggregates,,
3086,2019,26.4088820402455,Forest area (% of land area),ZG,Sub-Saharan Africa,Aggregates,Aggregates,Aggregates,,
3087,2018,26.5797265742366,Forest area (% of land area),ZG,Sub-Saharan Africa,Aggregates,Aggregates,Aggregates,,
3088,2017,26.7463535880577,Forest area (% of land area),ZG,Sub-Saharan Africa,Aggregates,Aggregates,Aggregates,,
3089,2016,26.913116026643,Forest area (% of land area),ZG,Sub-Saharan Africa,Aggregates,Aggregates,Aggregates,,
3090,2025,,Forest area (% of land area),ZF,Sub-Saharan Africa (excluding high income),Aggregates,Aggregates,Aggregates,,
3091,2024,,Forest area (% of land area),ZF,Sub-Saharan Africa (excluding high income),Aggregates,Aggregates,Aggregates,,
3092,2023,25.7353623699049,Forest area (% of land area),ZF,Sub-Saharan Africa (excluding high income),Aggregates,Aggregates,Aggregates,,
3093,2022,25.9032086927648,Forest area (% of land area),ZF,Sub-Saharan Africa (excluding high income),Aggregates,Aggregates,Aggregates,,
3094,2021,26.0706058528619,Forest area (% of land area),ZF,Sub-Saharan Africa (excluding high income),Aggregates,Aggregates,Aggregates,,
3095,2020,26.2388292878787,Forest area (% of land area),ZF,Sub-Saharan Africa (excluding high income),Aggregates,Aggregates,Aggregates,,
3096,2019,26.407980294913,Forest area (% of land area),ZF,Sub-Saharan Africa (excluding high income),Aggregates,Aggregates,Aggregates,,
3097,2018,26.5788280433563,Forest area (% of land area),ZF,Sub-Saharan Africa (excluding high income),Aggregates,Aggregates,Aggregates,,
3098,2017,26.7454581906054,Forest area (% of land area),ZF,Sub-Saharan Africa (excluding high income),Aggregates,Aggregates,Aggregates,,
3099,2016,26.9122237667513,Forest area (% of land area),ZF,Sub-Saharan Africa (excluding high income),Aggregates,Aggregates,Aggregates,,
3100,2025,,Forest area (% of land area),T6,Sub-Saharan Africa (IDA & IBRD countries),Aggregates,Aggregates,Aggregates,,
3101,2024,,Forest area (% of land area),T6,Sub-Saharan Africa (IDA & IBRD countries),Aggregates,Aggregates,Aggregates,,
3102,2023,25.7362769848213,Forest area (% of land area),T6,Sub-Saharan Africa (IDA & IBRD countries),Aggregates,Aggregates,Aggregates,,
3103,2022,25.9041200775262,Forest area (% of land area),T6,Sub-Saharan Africa (IDA & IBRD countries),Aggregates,Aggregates,Aggregates,,
3104,2021,26.0715140158541,Forest area (% of land area),T6,Sub-Saharan Africa (IDA & IBRD countries),Aggregates,Aggregates,Aggregates,,
3105,2020,26.2397342162826,Forest area (% of land area),T6,Sub-Saharan Africa (IDA & IBRD countries),Aggregates,Aggregates,Aggregates,,
3106,2019,26.4088820402455,Forest area (% of land area),T6,Sub-Saharan Africa (IDA & IBRD countries),Aggregates,Aggregates,Aggregates,,
3107,2018,26.5797265742366,Forest area (% of land area),T6,Sub-Saharan Africa (IDA & IBRD countries),Aggregates,Aggregates,Aggregates,,
3108,2017,26.7463535880577,Forest area (% of land area),T6,Sub-Saharan Africa (IDA & IBRD countries),Aggregates,Aggregates,Aggregates,,
3109,2016,26.913116026643,Forest area (% of land area),T6,Sub-Saharan Africa (IDA & IBRD countries),Aggregates,Aggregates,Aggregates,,
3110,2025,,Forest area (% of land area),XT,Upper middle income,Aggregates,Aggregates,Aggregates,,
3111,2024,,Forest area (% of land area),XT,Upper middle income,Aggregates,Aggregates,Aggregates,,
3112,2023,29.2315888712638,Forest area (% of land area),XT,Upper middle income,Aggregates,Aggregates,Aggregates,,
3113,2022,29.2510100144273,Forest area (% of land area),XT,Upper middle income,Aggregates,Aggregates,Aggregates,,
3114,2021,29.2684402886623,Forest area (% of land area),XT,Upper middle income,Aggregates,Aggregates,Aggregates,,
3115,2020,29.2973013107162,Forest area (% of land area),XT,Upper middle income,Aggregates,Aggregates,Aggregates,,
3116,2019,29.3130037094108,Forest area (% of land area),XT,Upper middle income,Aggregates,Aggregates,Aggregates,,
3117,2018,29.3324006498032,Forest area (% of land area),XT,Upper middle income,Aggregates,Aggregates,Aggregates,,
3118,2017,29.3472675892551,Forest area (% of land area),XT,Upper middle income,Aggregates,Aggregates,Aggregates,,
3119,2016,29.4001598272835,Forest area (% of land area),XT,Upper middle income,Aggregates,Aggregates,Aggregates,,
3120,2025,,Forest area (% of land area),1W,World,Aggregates,Aggregates,Aggregates,,
3121,2024,,Forest area (% of land area),1W,World,Aggregates,Aggregates,Aggregates,,
3122,2023,31.0951828663057,Forest area (% of land area),1W,World,Aggregates,Aggregates,Aggregates,,
3123,2022,31.133948934895,Forest area (% of land area),1W,World,Aggregates,Aggregates,Aggregates,,
3124,2021,31.1717259151458,Forest area (% of land area),1W,World,Aggregates,Aggregates,Aggregates,,
3125,2020,31.1715969051644,Forest area (% of land area),1W,World,Aggregates,Aggregates,Aggregates,,
3126,2019,31.2122951708407,Forest area (% of land area),1W,World,Aggregates,Aggregates,Aggregates,,
3127,2018,31.2519934605387,Forest area (% of land area),1W,World,Aggregates,Aggregates,Aggregates,,
3128,2017,31.2898670792534,Forest area (% of land area),1W,World,Aggregates,Aggregates,Aggregates,,
3129,2016,31.3412450193438,Forest area (% of land area),1W,World,Aggregates,Aggregates,Aggregates,,
3130,2025,,Forest area (% of land area),AF,Afghanistan,"Middle East, North Africa, Afghanistan & Pakistan",Low income,IDA,69.1761,34.5228
3131,2024,,Forest area (% of land area),AF,Afghanistan,"Middle East, North Africa, Afghanistan & Pakistan",Low income,IDA,69.1761,34.5228
3132,2023,1.85278199408184,Forest area (% of land area),AF,Afghanistan,"Middle East, North Africa, Afghanistan & Pakistan",Low income,IDA,69.1761,34.5228
3133,2022,1.85278199408184,Forest area (% of land area),AF,Afghanistan,"Middle East, North Africa, Afghanistan & Pakistan",Low income,IDA,69.1761,34.5228
3134,2021,1.85278199408184,Forest area (% of land area),AF,Afghanistan,"Middle East, North Africa, Afghanistan & Pakistan",Low income,IDA,69.1761,34.5228
3135,2020,1.85278199408184,Forest area (% of land area),AF,Afghanistan,"Middle East, North Africa, Afghanistan & Pakistan",Low income,IDA,69.1761,34.5228
3136,2019,1.85278199408184,Forest area (% of land area),AF,Afghanistan,"Middle East, North Africa, Afghanistan & Pakistan",Low income,IDA,69.1761,34.5228
3137,2018,1.85278199408184,Forest area (% of land area),AF,Afghanistan,"Middle East, North Africa, Afghanistan & Pakistan",Low income,IDA,69.1761,34.5228
3138,2017,1.85278199408184,Forest area (% of land area),AF,Afghanistan,"Middle East, North Africa, Afghanistan & Pakistan",Low income,IDA,69.1761,34.5228
3139,2016,1.85278199408184,Forest area (% of land area),AF,Afghanistan,"Middle East, North Africa, Afghanistan & Pakistan",Low income,IDA,69.1761,34.5228
3140,2025,,Forest area (% of land area),AL,Albania,Europe & Central Asia,Upper middle income,IBRD,19.8172,41.3317
3141,2024,,Forest area (% of land area),AL,Albania,Europe & Central Asia,Upper middle income,IBRD,19.8172,41.3317
3142,2023,28.7919708029197,Forest area (% of land area),AL,Albania,Europe & Central Asia,Upper middle income,IBRD,19.8172,41.3317
3143,2022,28.7919708029197,Forest area (% of land area),AL,Albania,Europe & Central Asia,Upper middle income,IBRD,19.8172,41.3317
3144,2021,28.7919708029197,Forest area (% of land area),AL,Albania,Europe & Central Asia,Upper middle income,IBRD,19.8172,41.3317
3145,2020,28.7919708029197,Forest area (% of land area),AL,Albania,Europe & Central Asia,Upper middle income,IBRD,19.8172,41.3317
3146,2019,28.7919708029197,Forest area (% of land area),AL,Albania,Europe & Central Asia,Upper middle income,IBRD,19.8172,41.3317
3147,2018,28.7919708029197,Forest area (% of land area),AL,Albania,Europe & Central Asia,Upper middle income,IBRD,19.8172,41.3317
3148,2017,28.7920620437956,Forest area (% of land area),AL,Albania,Europe & Central Asia,Upper middle income,IBRD,19.8172,41.3317
3149,2016,28.8021897810219,Forest area (% of land area),AL,Albania,Europe & Central Asia,Upper middle income,IBRD,19.8172,41.3317
3150,2025,,Forest area (% of land area),DZ,Algeria,"Middle East, North Africa, Afghanistan & Pakistan",Upper middle income,IBRD,3.05097,36.7397
3151,2024,,Forest area (% of land area),DZ,Algeria,"Middle East, North Africa, Afghanistan & Pakistan",Upper middle income,IBRD,3.05097,36.7397
3152,2023,0.830314224054683,Forest area (% of land area),DZ,Algeria,"Middle East, North Africa, Afghanistan & Pakistan",Upper middle income,IBRD,3.05097,36.7397
3153,2022,0.826286664371426,Forest area (% of land area),DZ,Algeria,"Middle East, North Africa, Afghanistan & Pakistan",Upper middle income,IBRD,3.05097,36.7397
3154,2021,0.822088053271978,Forest area (% of land area),DZ,Algeria,"Middle East, North Africa, Afghanistan & Pakistan",Upper middle income,IBRD,3.05097,36.7397
3155,2020,0.818309303282474,Forest area (% of land area),DZ,Algeria,"Middle East, North Africa, Afghanistan & Pakistan",Upper middle income,IBRD,3.05097,36.7397
3156,2019,0.814110692183026,Forest area (% of land area),DZ,Algeria,"Middle East, North Africa, Afghanistan & Pakistan",Upper middle income,IBRD,3.05097,36.7397
3157,2018,0.810331601966797,Forest area (% of land area),DZ,Algeria,"Middle East, North Africa, Afghanistan & Pakistan",Upper middle income,IBRD,3.05097,36.7397
3158,2017,0.815789794104397,Forest area (% of land area),DZ,Algeria,"Middle East, North Africa, Afghanistan & Pakistan",Upper middle income,IBRD,3.05097,36.7397
3159,2016,0.821247986241997,Forest area (% of land area),DZ,Algeria,"Middle East, North Africa, Afghanistan & Pakistan",Upper middle income,IBRD,3.05097,36.7397
3160,2025,,Forest area (% of land area),AS,American Samoa,East Asia & Pacific,High income,Not classified,-170.691,-14.2846
3161,2024,,Forest area (% of land area),AS,American Samoa,East Asia & Pacific,High income,Not classified,-170.691,-14.2846
3162,2023,85.2,Forest area (% of land area),AS,American Samoa,East Asia & Pacific,High income,Not classified,-170.691,-14.2846
3163,2022,85.35,Forest area (% of land area),AS,American Samoa,East Asia & Pacific,High income,Not classified,-170.691,-14.2846
3164,2021,85.5,Forest area (% of land area),AS,American Samoa,East Asia & Pacific,High income,Not classified,-170.691,-14.2846
3165,2020,85.65,Forest area (% of land area),AS,American Samoa,East Asia & Pacific,High income,Not classified,-170.691,-14.2846
3166,2019,85.8,Forest area (% of land area),AS,American Samoa,East Asia & Pacific,High income,Not classified,-170.691,-14.2846
3167,2018,85.95,Forest area (% of land area),AS,American Samoa,East Asia & Pacific,High income,Not classified,-170.691,-14.2846
3168,2017,86.1,Forest area (% of land area),AS,American Samoa,East Asia & Pacific,High income,Not classified,-170.691,-14.2846
3169,2016,86.25,Forest area (% of land area),AS,American Samoa,East Asia & Pacific,High income,Not classified,-170.691,-14.2846
3170,2025,,Forest area (% of land area),AD,Andorra,Europe & Central Asia,High income,Not classified,1.5218,42.5075
3171,2024,,Forest area (% of land area),AD,Andorra,Europe & Central Asia,High income,Not classified,1.5218,42.5075
3172,2023,34.0425531914894,Forest area (% of land area),AD,Andorra,Europe & Central Asia,High income,Not classified,1.5218,42.5075
3173,2022,34.0425531914894,Forest area (% of land area),AD,Andorra,Europe & Central Asia,High income,Not classified,1.5218,42.5075
3174,2021,34.0425531914894,Forest area (% of land area),AD,Andorra,Europe & Central Asia,High income,Not classified,1.5218,42.5075
3175,2020,34.0425531914894,Forest area (% of land area),AD,Andorra,Europe & Central Asia,High income,Not classified,1.5218,42.5075
3176,2019,34.0425531914894,Forest area (% of land area),AD,Andorra,Europe & Central Asia,High income,Not classified,1.5218,42.5075
3177,2018,34.0425531914894,Forest area (% of land area),AD,Andorra,Europe & Central Asia,High income,Not classified,1.5218,42.5075
3178,2017,34.0425531914894,Forest area (% of land area),AD,Andorra,Europe & Central Asia,High income,Not classified,1.5218,42.5075
3179,2016,34.0425531914894,Forest area (% of land area),AD,Andorra,Europe & Central Asia,High income,Not classified,1.5218,42.5075
3180,2025,,Forest area (% of land area),AO,Angola,Sub-Saharan Africa ,Lower middle income,IBRD,13.242,-8.81155
3181,2024,,Forest area (% of land area),AO,Angola,Sub-Saharan Africa ,Lower middle income,IBRD,13.242,-8.81155
3182,2023,52.0912696719339,Forest area (% of land area),AO,Angola,Sub-Saharan Africa ,Lower middle income,IBRD,13.242,-8.81155
3183,2022,52.5364972326943,Forest area (% of land area),AO,Angola,Sub-Saharan Africa ,Lower middle income,IBRD,13.242,-8.81155
3184,2021,52.9817223871019,Forest area (% of land area),AO,Angola,Sub-Saharan Africa ,Lower middle income,IBRD,13.242,-8.81155
3185,2020,53.4269511510388,Forest area (% of land area),AO,Angola,Sub-Saharan Africa ,Lower middle income,IBRD,13.242,-8.81155
3186,2019,53.8721745407877,Forest area (% of land area),AO,Angola,Sub-Saharan Africa ,Lower middle income,IBRD,13.242,-8.81155
3187,2018,54.3174059517125,Forest area (% of land area),AO,Angola,Sub-Saharan Africa ,Lower middle income,IBRD,13.242,-8.81155
3188,2017,54.7626293414615,Forest area (% of land area),AO,Angola,Sub-Saharan Africa ,Lower middle income,IBRD,13.242,-8.81155
3189,2016,55.2078447100345,Forest area (% of land area),AO,Angola,Sub-Saharan Africa ,Lower middle income,IBRD,13.242,-8.81155
3190,2025,,Forest area (% of land area),AG,Antigua and Barbuda,Latin America & Caribbean ,High income,IBRD,-61.8456,17.1175
3191,2024,,Forest area (% of land area),AG,Antigua and Barbuda,Latin America & Caribbean ,High income,IBRD,-61.8456,17.1175
3192,2023,18.0134090909091,Forest area (% of land area),AG,Antigua and Barbuda,Latin America & Caribbean ,High income,IBRD,-61.8456,17.1175
3193,2022,18.1615909090909,Forest area (% of land area),AG,Antigua and Barbuda,Latin America & Caribbean ,High income,IBRD,-61.8456,17.1175
3194,2021,18.3029545454545,Forest area (% of land area),AG,Antigua and Barbuda,Latin America & Caribbean ,High income,IBRD,-61.8456,17.1175
3195,2020,18.4545454545455,Forest area (% of land area),AG,Antigua and Barbuda,Latin America & Caribbean ,High income,IBRD,-61.8456,17.1175
3196,2019,18.5909090909091,Forest area (% of land area),AG,Antigua and Barbuda,Latin America & Caribbean ,High income,IBRD,-61.8456,17.1175
3197,2018,18.75,Forest area (% of land area),AG,Antigua and Barbuda,Latin America & Caribbean ,High income,IBRD,-61.8456,17.1175
3198,2017,18.9090909090909,Forest area (% of land area),AG,Antigua and Barbuda,Latin America & Caribbean ,High income,IBRD,-61.8456,17.1175
3199,2016,19.0454545454545,Forest area (% of land area),AG,Antigua and Barbuda,Latin America & Caribbean ,High income,IBRD,-61.8456,17.1175
3200,2025,,Forest area (% of land area),AR,Argentina,Latin America & Caribbean ,Upper middle income,IBRD,-58.4173,-34.6118
3201,2024,,Forest area (% of land area),AR,Argentina,Latin America & Caribbean ,Upper middle income,IBRD,-58.4173,-34.6118
3202,2023,10.3212951412107,Forest area (% of land area),AR,Argentina,Latin America & Caribbean ,Upper middle income,IBRD,-58.4173,-34.6118
3203,2022,10.3610566048767,Forest area (% of land area),AR,Argentina,Latin America & Caribbean ,Upper middle income,IBRD,-58.4173,-34.6118
3204,2021,10.4008857415345,Forest area (% of land area),AR,Argentina,Latin America & Caribbean ,Upper middle income,IBRD,-58.4173,-34.6118
3205,2020,10.4407148781923,Forest area (% of land area),AR,Argentina,Latin America & Caribbean ,Upper middle income,IBRD,-58.4173,-34.6118
3206,2019,10.4801786099266,Forest area (% of land area),AR,Argentina,Latin America & Caribbean ,Upper middle income,IBRD,-58.4173,-34.6118
3207,2018,10.5203731515078,Forest area (% of land area),AR,Argentina,Latin America & Caribbean ,Upper middle income,IBRD,-58.4173,-34.6118
3208,2017,10.5598368832422,Forest area (% of land area),AR,Argentina,Latin America & Caribbean ,Upper middle income,IBRD,-58.4173,-34.6118
3209,2016,10.6003968297469,Forest area (% of land area),AR,Argentina,Latin America & Caribbean ,Upper middle income,IBRD,-58.4173,-34.6118
3210,2025,,Forest area (% of land area),AM,Armenia,Europe & Central Asia,Upper middle income,IBRD,44.509,40.1596
3211,2024,,Forest area (% of land area),AM,Armenia,Europe & Central Asia,Upper middle income,IBRD,44.509,40.1596
3212,2023,11.6183158247114,Forest area (% of land area),AM,Armenia,Europe & Central Asia,Upper middle income,IBRD,44.509,40.1596
3213,2022,11.6336717932132,Forest area (% of land area),AM,Armenia,Europe & Central Asia,Upper middle income,IBRD,44.509,40.1596
3214,2021,11.641626848728,Forest area (% of land area),AM,Armenia,Europe & Central Asia,Upper middle income,IBRD,44.509,40.1596
3215,2020,11.6489422255448,Forest area (% of land area),AM,Armenia,Europe & Central Asia,Upper middle income,IBRD,44.509,40.1596
3216,2019,11.5447839831401,Forest area (% of land area),AM,Armenia,Europe & Central Asia,Upper middle income,IBRD,44.509,40.1596
3217,2018,11.5521601685985,Forest area (% of land area),AM,Armenia,Europe & Central Asia,Upper middle income,IBRD,44.509,40.1596
3218,2017,11.5595363540569,Forest area (% of land area),AM,Armenia,Europe & Central Asia,Upper middle income,IBRD,44.509,40.1596
3219,2016,11.5669125395153,Forest area (% of land area),AM,Armenia,Europe & Central Asia,Upper middle income,IBRD,44.509,40.1596
3220,2025,,Forest area (% of land area),AW,Aruba,Latin America & Caribbean ,High income,Not classified,-70.0167,12.5167
3221,2024,,Forest area (% of land area),AW,Aruba,Latin America & Caribbean ,High income,Not classified,-70.0167,12.5167
3222,2023,2.33333333333333,Forest area (% of land area),AW,Aruba,Latin America & Caribbean ,High income,Not classified,-70.0167,12.5167
3223,2022,2.33333333333333,Forest area (% of land area),AW,Aruba,Latin America & Caribbean ,High income,Not classified,-70.0167,12.5167
3224,2021,2.33333333333333,Forest area (% of land area),AW,Aruba,Latin America & Caribbean ,High income,Not classified,-70.0167,12.5167
3225,2020,2.33333333333333,Forest area (% of land area),AW,Aruba,Latin America & Caribbean ,High income,Not classified,-70.0167,12.5167
3226,2019,2.33333333333333,Forest area (% of land area),AW,Aruba,Latin America & Caribbean ,High income,Not classified,-70.0167,12.5167
3227,2018,2.33333333333333,Forest area (% of land area),AW,Aruba,Latin America & Caribbean ,High income,Not classified,-70.0167,12.5167
3228,2017,2.33333333333333,Forest area (% of land area),AW,Aruba,Latin America & Caribbean ,High income,Not classified,-70.0167,12.5167
3229,2016,2.33333333333333,Forest area (% of land area),AW,Aruba,Latin America & Caribbean ,High income,Not classified,-70.0167,12.5167
3230,2025,,Forest area (% of land area),AU,Australia,East Asia & Pacific,High income,Not classified,149.129,-35.282
3231,2024,,Forest area (% of land area),AU,Australia,East Asia & Pacific,High income,Not classified,149.129,-35.282
3232,2023,17.4213145571644,Forest area (% of land area),AU,Australia,East Asia & Pacific,High income,Not classified,149.129,-35.282
3233,2022,17.4213145571644,Forest area (% of land area),AU,Australia,East Asia & Pacific,High income,Not classified,149.129,-35.282
3234,2021,17.4213145571644,Forest area (% of land area),AU,Australia,East Asia & Pacific,High income,Not classified,149.129,-35.282
3235,2020,17.4213145571644,Forest area (% of land area),AU,Australia,East Asia & Pacific,High income,Not classified,149.129,-35.282
3236,2019,17.4213145571644,Forest area (% of land area),AU,Australia,East Asia & Pacific,High income,Not classified,149.129,-35.282
3237,2018,17.4213145571644,Forest area (% of land area),AU,Australia,East Asia & Pacific,High income,Not classified,149.129,-35.282
3238,2017,17.4229136169693,Forest area (% of land area),AU,Australia,East Asia & Pacific,High income,Not classified,149.129,-35.282
3239,2016,17.4254877132405,Forest area (% of land area),AU,Australia,East Asia & Pacific,High income,Not classified,149.129,-35.282
3240,2025,,Forest area (% of land area),AT,Austria,Europe & Central Asia,High income,Not classified,16.3798,48.2201
3241,2024,,Forest area (% of land area),AT,Austria,Europe & Central Asia,High income,Not classified,16.3798,48.2201
3242,2023,47.2402653902084,Forest area (% of land area),AT,Austria,Europe & Central Asia,High income,Not classified,16.3798,48.2201
3243,2022,47.206131846825,Forest area (% of land area),AT,Austria,Europe & Central Asia,High income,Not classified,16.3798,48.2201
3244,2021,47.1720794958798,Forest area (% of land area),AT,Austria,Europe & Central Asia,High income,Not classified,16.3798,48.2201
3245,2020,47.137905962191,Forest area (% of land area),AT,Austria,Europe & Central Asia,High income,Not classified,16.3798,48.2201
3246,2019,47.1037324285022,Forest area (% of land area),AT,Austria,Europe & Central Asia,High income,Not classified,16.3798,48.2201
3247,2018,47.1639602520601,Forest area (% of land area),AT,Austria,Europe & Central Asia,High income,Not classified,16.3798,48.2201
3248,2017,47.1204556471159,Forest area (% of land area),AT,Austria,Europe & Central Asia,High income,Not classified,16.3798,48.2201
3249,2016,47.0769510421716,Forest area (% of land area),AT,Austria,Europe & Central Asia,High income,Not classified,16.3798,48.2201
3250,2025,,Forest area (% of land area),AZ,Azerbaijan,Europe & Central Asia,Upper middle income,IBRD,49.8932,40.3834
3251,2024,,Forest area (% of land area),AZ,Azerbaijan,Europe & Central Asia,Upper middle income,IBRD,49.8932,40.3834
3252,2023,14.1119540229885,Forest area (% of land area),AZ,Azerbaijan,Europe & Central Asia,Upper middle income,IBRD,49.8932,40.3834
3253,2022,13.9724815486993,Forest area (% of land area),AZ,Azerbaijan,Europe & Central Asia,Upper middle income,IBRD,49.8932,40.3834
3254,2021,13.8329909255898,Forest area (% of land area),AZ,Azerbaijan,Europe & Central Asia,Upper middle income,IBRD,49.8932,40.3834
3255,2020,13.6941896764514,Forest area (% of land area),AZ,Azerbaijan,Europe & Central Asia,Upper middle income,IBRD,49.8932,40.3834
3256,2019,13.5533670481767,Forest area (% of land area),AZ,Azerbaijan,Europe & Central Asia,Upper middle income,IBRD,49.8932,40.3834
3257,2018,13.4139303602971,Forest area (% of land area),AZ,Azerbaijan,Europe & Central Asia,Upper middle income,IBRD,49.8932,40.3834
3258,2017,13.2731460646972,Forest area (% of land area),AZ,Azerbaijan,Europe & Central Asia,Upper middle income,IBRD,49.8932,40.3834
3259,2016,13.1544115156647,Forest area (% of land area),AZ,Azerbaijan,Europe & Central Asia,Upper middle income,IBRD,49.8932,40.3834
3260,2025,,Forest area (% of land area),BS,"Bahamas, The",Latin America & Caribbean ,High income,Not classified,-77.339,25.0661
3261,2024,,Forest area (% of land area),BS,"Bahamas, The",Latin America & Caribbean ,High income,Not classified,-77.339,25.0661
3262,2023,50.9350649350649,Forest area (% of land area),BS,"Bahamas, The",Latin America & Caribbean ,High income,Not classified,-77.339,25.0661
3263,2022,50.9350649350649,Forest area (% of land area),BS,"Bahamas, The",Latin America & Caribbean ,High income,Not classified,-77.339,25.0661
3264,2021,50.9350649350649,Forest area (% of land area),BS,"Bahamas, The",Latin America & Caribbean ,High income,Not classified,-77.339,25.0661
3265,2020,50.9350649350649,Forest area (% of land area),BS,"Bahamas, The",Latin America & Caribbean ,High income,Not classified,-77.339,25.0661
3266,2019,50.9350649350649,Forest area (% of land area),BS,"Bahamas, The",Latin America & Caribbean ,High income,Not classified,-77.339,25.0661
3267,2018,50.9350649350649,Forest area (% of land area),BS,"Bahamas, The",Latin America & Caribbean ,High income,Not classified,-77.339,25.0661
3268,2017,50.9350649350649,Forest area (% of land area),BS,"Bahamas, The",Latin America & Caribbean ,High income,Not classified,-77.339,25.0661
3269,2016,50.9350649350649,Forest area (% of land area),BS,"Bahamas, The",Latin America & Caribbean ,High income,Not classified,-77.339,25.0661
3270,2025,,Forest area (% of land area),BH,Bahrain,"Middle East, North Africa, Afghanistan & Pakistan",High income,Not classified,50.5354,26.1921
3271,2024,,Forest area (% of land area),BH,Bahrain,"Middle East, North Africa, Afghanistan & Pakistan",High income,Not classified,50.5354,26.1921
3272,2023,0.95,Forest area (% of land area),BH,Bahrain,"Middle East, North Africa, Afghanistan & Pakistan",High income,Not classified,50.5354,26.1921
3273,2022,0.936708860759494,Forest area (% of land area),BH,Bahrain,"Middle East, North Africa, Afghanistan & Pakistan",High income,Not classified,50.5354,26.1921
3274,2021,0.911392405063291,Forest area (% of land area),BH,Bahrain,"Middle East, North Africa, Afghanistan & Pakistan",High income,Not classified,50.5354,26.1921
3275,2020,0.89171974522293,Forest area (% of land area),BH,Bahrain,"Middle East, North Africa, Afghanistan & Pakistan",High income,Not classified,50.5354,26.1921
3276,2019,0.871794871794872,Forest area (% of land area),BH,Bahrain,"Middle East, North Africa, Afghanistan & Pakistan",High income,Not classified,50.5354,26.1921
3277,2018,0.848329048843188,Forest area (% of land area),BH,Bahrain,"Middle East, North Africa, Afghanistan & Pakistan",High income,Not classified,50.5354,26.1921
3278,2017,0.82051282051282,Forest area (% of land area),BH,Bahrain,"Middle East, North Africa, Afghanistan & Pakistan",High income,Not classified,50.5354,26.1921
3279,2016,0.79589216944801,Forest area (% of land area),BH,Bahrain,"Middle East, North Africa, Afghanistan & Pakistan",High income,Not classified,50.5354,26.1921
3280,2025,,Forest area (% of land area),BD,Bangladesh,South Asia,Lower middle income,IDA,90.4113,23.7055
3281,2024,,Forest area (% of land area),BD,Bangladesh,South Asia,Lower middle income,IDA,90.4113,23.7055
3282,2023,14.4899215263887,Forest area (% of land area),BD,Bangladesh,South Asia,Lower middle income,IDA,90.4113,23.7055
3283,2022,14.458774758176,Forest area (% of land area),BD,Bangladesh,South Asia,Lower middle income,IDA,90.4113,23.7055
3284,2021,14.4687716063609,Forest area (% of land area),BD,Bangladesh,South Asia,Lower middle income,IDA,90.4113,23.7055
3285,2020,14.4687716063609,Forest area (% of land area),BD,Bangladesh,South Asia,Lower middle income,IDA,90.4113,23.7055
3286,2019,14.4687716063609,Forest area (% of land area),BD,Bangladesh,South Asia,Lower middle income,IDA,90.4113,23.7055
3287,2018,14.4687716063609,Forest area (% of land area),BD,Bangladesh,South Asia,Lower middle income,IDA,90.4113,23.7055
3288,2017,14.4687716063609,Forest area (% of land area),BD,Bangladesh,South Asia,Lower middle income,IDA,90.4113,23.7055
3289,2016,14.4687716063609,Forest area (% of land area),BD,Bangladesh,South Asia,Lower middle income,IDA,90.4113,23.7055
3290,2025,,Forest area (% of land area),BB,Barbados,Latin America & Caribbean ,High income,IBRD,-59.6105,13.0935
3291,2024,,Forest area (% of land area),BB,Barbados,Latin America & Caribbean ,High income,IBRD,-59.6105,13.0935
3292,2023,14.6511627906977,Forest area (% of land area),BB,Barbados,Latin America & Caribbean ,High income,IBRD,-59.6105,13.0935
3293,2022,14.6511627906977,Forest area (% of land area),BB,Barbados,Latin America & Caribbean ,High income,IBRD,-59.6105,13.0935
3294,2021,14.6511627906977,Forest area (% of land area),BB,Barbados,Latin America & Caribbean ,High income,IBRD,-59.6105,13.0935
3295,2020,14.6511627906977,Forest area (% of land area),BB,Barbados,Latin America & Caribbean ,High income,IBRD,-59.6105,13.0935
3296,2019,14.6511627906977,Forest area (% of land area),BB,Barbados,Latin America & Caribbean ,High income,IBRD,-59.6105,13.0935
3297,2018,14.6511627906977,Forest area (% of land area),BB,Barbados,Latin America & Caribbean ,High income,IBRD,-59.6105,13.0935
3298,2017,14.6511627906977,Forest area (% of land area),BB,Barbados,Latin America & Caribbean ,High income,IBRD,-59.6105,13.0935
3299,2016,14.6511627906977,Forest area (% of land area),BB,Barbados,Latin America & Caribbean ,High income,IBRD,-59.6105,13.0935
3300,2025,,Forest area (% of land area),BY,Belarus,Europe & Central Asia,Upper middle income,IBRD,27.5766,53.9678
3301,2024,,Forest area (% of land area),BY,Belarus,Europe & Central Asia,Upper middle income,IBRD,27.5766,53.9678
3302,2023,43.4080686559958,Forest area (% of land area),BY,Belarus,Europe & Central Asia,Upper middle income,IBRD,27.5766,53.9678
3303,2022,43.3351396620523,Forest area (% of land area),BY,Belarus,Europe & Central Asia,Upper middle income,IBRD,27.5766,53.9678
3304,2021,43.2722345405272,Forest area (% of land area),BY,Belarus,Europe & Central Asia,Upper middle income,IBRD,27.5766,53.9678
3305,2020,43.1944033894965,Forest area (% of land area),BY,Belarus,Europe & Central Asia,Upper middle income,IBRD,27.5766,53.9678
3306,2019,43.1261547557461,Forest area (% of land area),BY,Belarus,Europe & Central Asia,Upper middle income,IBRD,27.5766,53.9678
3307,2018,43.0515321706572,Forest area (% of land area),BY,Belarus,Europe & Central Asia,Upper middle income,IBRD,27.5766,53.9678
3308,2017,42.9784026641969,Forest area (% of land area),BY,Belarus,Europe & Central Asia,Upper middle income,IBRD,27.5766,53.9678
3309,2016,42.9069698701401,Forest area (% of land area),BY,Belarus,Europe & Central Asia,Upper middle income,IBRD,27.5766,53.9678
3310,2025,,Forest area (% of land area),BE,Belgium,Europe & Central Asia,High income,Not classified,4.36761,50.8371
3311,2024,,Forest area (% of land area),BE,Belgium,Europe & Central Asia,High income,Not classified,4.36761,50.8371
3312,2023,22.604446776415,Forest area (% of land area),BE,Belgium,Europe & Central Asia,High income,Not classified,4.36761,50.8371
3313,2022,22.604446776415,Forest area (% of land area),BE,Belgium,Europe & Central Asia,High income,Not classified,4.36761,50.8371
3314,2021,22.604446776415,Forest area (% of land area),BE,Belgium,Europe & Central Asia,High income,Not classified,4.36761,50.8371
3315,2020,22.604446776415,Forest area (% of land area),BE,Belgium,Europe & Central Asia,High income,Not classified,4.36761,50.8371
3316,2019,22.604446776415,Forest area (% of land area),BE,Belgium,Europe & Central Asia,High income,Not classified,4.36761,50.8371
3317,2018,22.6051880759519,Forest area (% of land area),BE,Belgium,Europe & Central Asia,High income,Not classified,4.36761,50.8371
3318,2017,22.7244255431378,Forest area (% of land area),BE,Belgium,Europe & Central Asia,High income,Not classified,4.36761,50.8371
3319,2016,22.7244255431378,Forest area (% of land area),BE,Belgium,Europe & Central Asia,High income,Not classified,4.36761,50.8371
3320,2025,,Forest area (% of land area),BZ,Belize,Latin America & Caribbean ,Upper middle income,Blend,-88.7713,17.2534
3321,2024,,Forest area (% of land area),BZ,Belize,Latin America & Caribbean ,Upper middle income,Blend,-88.7713,17.2534
3322,2023,54.5186321788689,Forest area (% of land area),BZ,Belize,Latin America & Caribbean ,Upper middle income,Blend,-88.7713,17.2534
3323,2022,55.0078912757563,Forest area (% of land area),BZ,Belize,Latin America & Caribbean ,Upper middle income,Blend,-88.7713,17.2534
3324,2021,55.4971503726436,Forest area (% of land area),BZ,Belize,Latin America & Caribbean ,Upper middle income,Blend,-88.7713,17.2534
3325,2020,55.9864094695309,Forest area (% of land area),BZ,Belize,Latin America & Caribbean ,Upper middle income,Blend,-88.7713,17.2534
3326,2019,56.4756685664182,Forest area (% of land area),BZ,Belize,Latin America & Caribbean ,Upper middle income,Blend,-88.7713,17.2534
3327,2018,56.9649276633056,Forest area (% of land area),BZ,Belize,Latin America & Caribbean ,Upper middle income,Blend,-88.7713,17.2534
3328,2017,57.4537483559842,Forest area (% of land area),BZ,Belize,Latin America & Caribbean ,Upper middle income,Blend,-88.7713,17.2534
3329,2016,57.9430074528715,Forest area (% of land area),BZ,Belize,Latin America & Caribbean ,Upper middle income,Blend,-88.7713,17.2534
3330,2025,,Forest area (% of land area),BJ,Benin,Sub-Saharan Africa ,Lower middle income,IDA,2.6323,6.4779
3331,2024,,Forest area (% of land area),BJ,Benin,Sub-Saharan Africa ,Lower middle income,IDA,2.6323,6.4779
3332,2023,26.4734835047889,Forest area (% of land area),BJ,Benin,Sub-Saharan Africa ,Lower middle income,IDA,2.6323,6.4779
3333,2022,26.9169031571479,Forest area (% of land area),BJ,Benin,Sub-Saharan Africa ,Lower middle income,IDA,2.6323,6.4779
3334,2021,27.3603228095069,Forest area (% of land area),BJ,Benin,Sub-Saharan Africa ,Lower middle income,IDA,2.6323,6.4779
3335,2020,27.8037424618659,Forest area (% of land area),BJ,Benin,Sub-Saharan Africa ,Lower middle income,IDA,2.6323,6.4779
3336,2019,28.2471621142249,Forest area (% of land area),BJ,Benin,Sub-Saharan Africa ,Lower middle income,IDA,2.6323,6.4779
3337,2018,28.6905817665839,Forest area (% of land area),BJ,Benin,Sub-Saharan Africa ,Lower middle income,IDA,2.6323,6.4779
3338,2017,29.1340014189429,Forest area (% of land area),BJ,Benin,Sub-Saharan Africa ,Lower middle income,IDA,2.6323,6.4779
3339,2016,29.5774210713019,Forest area (% of land area),BJ,Benin,Sub-Saharan Africa ,Lower middle income,IDA,2.6323,6.4779
3340,2025,,Forest area (% of land area),BM,Bermuda,North America,High income,Not classified,-64.706,32.3293
3341,2024,,Forest area (% of land area),BM,Bermuda,North America,High income,Not classified,-64.706,32.3293
3342,2023,18.5185185185185,Forest area (% of land area),BM,Bermuda,North America,High income,Not classified,-64.706,32.3293
3343,2022,18.5185185185185,Forest area (% of land area),BM,Bermuda,North America,High income,Not classified,-64.706,32.3293
3344,2021,18.5185185185185,Forest area (% of land area),BM,Bermuda,North America,High income,Not classified,-64.706,32.3293
3345,2020,18.5185185185185,Forest area (% of land area),BM,Bermuda,North America,High income,Not classified,-64.706,32.3293
3346,2019,18.5185185185185,Forest area (% of land area),BM,Bermuda,North America,High income,Not classified,-64.706,32.3293
3347,2018,18.5185185185185,Forest area (% of land area),BM,Bermuda,North America,High income,Not classified,-64.706,32.3293
3348,2017,18.5185185185185,Forest area (% of land area),BM,Bermuda,North America,High income,Not classified,-64.706,32.3293
3349,2016,18.5185185185185,Forest area (% of land area),BM,Bermuda,North America,High income,Not classified,-64.706,32.3293
3350,2025,,Forest area (% of land area),BT,Bhutan,South Asia,Lower middle income,IDA,89.6177,27.5768
3351,2024,,Forest area (% of land area),BT,Bhutan,South Asia,Lower middle income,IDA,89.6177,27.5768
3352,2023,71.60513896172,Forest area (% of land area),BT,Bhutan,South Asia,Lower middle income,IDA,89.6177,27.5768
3353,2022,71.5521761929733,Forest area (% of land area),BT,Bhutan,South Asia,Lower middle income,IDA,89.6177,27.5768
3354,2021,71.4997378080755,Forest area (% of land area),BT,Bhutan,South Asia,Lower middle income,IDA,89.6177,27.5768
3355,2020,71.4472994231778,Forest area (% of land area),BT,Bhutan,South Asia,Lower middle income,IDA,89.6177,27.5768
3356,2019,71.39486103828,Forest area (% of land area),BT,Bhutan,South Asia,Lower middle income,IDA,89.6177,27.5768
3357,2018,71.3455689564761,Forest area (% of land area),BT,Bhutan,South Asia,Lower middle income,IDA,89.6177,27.5768
3358,2017,71.2861786912752,Forest area (% of land area),BT,Bhutan,South Asia,Lower middle income,IDA,89.6177,27.5768
3359,2016,71.2342701342282,Forest area (% of land area),BT,Bhutan,South Asia,Lower middle income,IDA,89.6177,27.5768
3360,2025,,Forest area (% of land area),BO,Bolivia,Latin America & Caribbean ,Lower middle income,IBRD,-66.1936,-13.9908
3361,2024,,Forest area (% of land area),BO,Bolivia,Latin America & Caribbean ,Lower middle income,IBRD,-66.1936,-13.9908
3362,2023,46.3457431920982,Forest area (% of land area),BO,Bolivia,Latin America & Caribbean ,Lower middle income,IBRD,-66.1936,-13.9908
3363,2022,46.5396883596418,Forest area (% of land area),BO,Bolivia,Latin America & Caribbean ,Lower middle income,IBRD,-66.1936,-13.9908
3364,2021,46.7283054555525,Forest area (% of land area),BO,Bolivia,Latin America & Caribbean ,Lower middle income,IBRD,-66.1936,-13.9908
3365,2020,46.9249146127573,Forest area (% of land area),BO,Bolivia,Latin America & Caribbean ,Lower middle income,IBRD,-66.1936,-13.9908
3366,2019,47.1095356780209,Forest area (% of land area),BO,Bolivia,Latin America & Caribbean ,Lower middle income,IBRD,-66.1936,-13.9908
3367,2018,47.3121388350411,Forest area (% of land area),BO,Bolivia,Latin America & Caribbean ,Lower middle income,IBRD,-66.1936,-13.9908
3368,2017,47.5327425459245,Forest area (% of land area),BO,Bolivia,Latin America & Caribbean ,Lower middle income,IBRD,-66.1936,-13.9908
3369,2016,47.7713283485646,Forest area (% of land area),BO,Bolivia,Latin America & Caribbean ,Lower middle income,IBRD,-66.1936,-13.9908
3370,2025,,Forest area (% of land area),BA,Bosnia and Herzegovina,Europe & Central Asia,Upper middle income,IBRD,18.4214,43.8607
3371,2024,,Forest area (% of land area),BA,Bosnia and Herzegovina,Europe & Central Asia,Upper middle income,IBRD,18.4214,43.8607
3372,2023,42.7326171875,Forest area (% of land area),BA,Bosnia and Herzegovina,Europe & Central Asia,Upper middle income,IBRD,18.4214,43.8607
3373,2022,42.7326171875,Forest area (% of land area),BA,Bosnia and Herzegovina,Europe & Central Asia,Upper middle income,IBRD,18.4214,43.8607
3374,2021,42.7326171875,Forest area (% of land area),BA,Bosnia and Herzegovina,Europe & Central Asia,Upper middle income,IBRD,18.4214,43.8607
3375,2020,42.7326171875,Forest area (% of land area),BA,Bosnia and Herzegovina,Europe & Central Asia,Upper middle income,IBRD,18.4214,43.8607
3376,2019,42.7326171875,Forest area (% of land area),BA,Bosnia and Herzegovina,Europe & Central Asia,Upper middle income,IBRD,18.4214,43.8607
3377,2018,42.7326171875,Forest area (% of land area),BA,Bosnia and Herzegovina,Europe & Central Asia,Upper middle income,IBRD,18.4214,43.8607
3378,2017,42.7326171875,Forest area (% of land area),BA,Bosnia and Herzegovina,Europe & Central Asia,Upper middle income,IBRD,18.4214,43.8607
3379,2016,42.5099609375,Forest area (% of land area),BA,Bosnia and Herzegovina,Europe & Central Asia,Upper middle income,IBRD,18.4214,43.8607
3380,2025,,Forest area (% of land area),BW,Botswana,Sub-Saharan Africa ,Upper middle income,IBRD,25.9201,-24.6544
3381,2024,,Forest area (% of land area),BW,Botswana,Sub-Saharan Africa ,Upper middle income,IBRD,25.9201,-24.6544
3382,2023,26.2908263194114,Forest area (% of land area),BW,Botswana,Sub-Saharan Africa ,Upper middle income,IBRD,25.9201,-24.6544
3383,2022,26.4995676953752,Forest area (% of land area),BW,Botswana,Sub-Saharan Africa ,Upper middle income,IBRD,25.9201,-24.6544
3384,2021,26.7083090713391,Forest area (% of land area),BW,Botswana,Sub-Saharan Africa ,Upper middle income,IBRD,25.9201,-24.6544
3385,2020,26.9170504473029,Forest area (% of land area),BW,Botswana,Sub-Saharan Africa ,Upper middle income,IBRD,25.9201,-24.6544
3386,2019,27.1257918232668,Forest area (% of land area),BW,Botswana,Sub-Saharan Africa ,Upper middle income,IBRD,25.9201,-24.6544
3387,2018,27.3345331992307,Forest area (% of land area),BW,Botswana,Sub-Saharan Africa ,Upper middle income,IBRD,25.9201,-24.6544
3388,2017,27.5432745751945,Forest area (% of land area),BW,Botswana,Sub-Saharan Africa ,Upper middle income,IBRD,25.9201,-24.6544
3389,2016,27.7520159511584,Forest area (% of land area),BW,Botswana,Sub-Saharan Africa ,Upper middle income,IBRD,25.9201,-24.6544
3390,2025,,Forest area (% of land area),BR,Brazil,Latin America & Caribbean ,Upper middle income,IBRD,-47.9292,-15.7801
3391,2024,,Forest area (% of land area),BR,Brazil,Latin America & Caribbean ,Upper middle income,IBRD,-47.9292,-15.7801
3392,2023,58.9818729765235,Forest area (% of land area),BR,Brazil,Latin America & Caribbean ,Upper middle income,IBRD,-47.9292,-15.7801
3393,2022,59.1275092305226,Forest area (% of land area),BR,Brazil,Latin America & Caribbean ,Upper middle income,IBRD,-47.9292,-15.7801
3394,2021,59.2704836243471,Forest area (% of land area),BR,Brazil,Latin America & Caribbean ,Upper middle income,IBRD,-47.9292,-15.7801
3395,2020,59.4174780513368,Forest area (% of land area),BR,Brazil,Latin America & Caribbean ,Upper middle income,IBRD,-47.9292,-15.7801
3396,2019,59.5585860011916,Forest area (% of land area),BR,Brazil,Latin America & Caribbean ,Upper middle income,IBRD,-47.9292,-15.7801
3397,2018,59.7083800941358,Forest area (% of land area),BR,Brazil,Latin America & Caribbean ,Upper middle income,IBRD,-47.9292,-15.7801
3398,2017,59.8329293359527,Forest area (% of land area),BR,Brazil,Latin America & Caribbean ,Upper middle income,IBRD,-47.9292,-15.7801
3399,2016,60.0710205859198,Forest area (% of land area),BR,Brazil,Latin America & Caribbean ,Upper middle income,IBRD,-47.9292,-15.7801
3400,2025,,Forest area (% of land area),VG,British Virgin Islands,Latin America & Caribbean ,High income,Not classified,-64.623056,18.431389
3401,2024,,Forest area (% of land area),VG,British Virgin Islands,Latin America & Caribbean ,High income,Not classified,-64.623056,18.431389
3402,2023,24.1333333333333,Forest area (% of land area),VG,British Virgin Islands,Latin America & Caribbean ,High income,Not classified,-64.623056,18.431389
3403,2022,24.1333333333333,Forest area (% of land area),VG,British Virgin Islands,Latin America & Caribbean ,High income,Not classified,-64.623056,18.431389
3404,2021,24.1333333333333,Forest area (% of land area),VG,British Virgin Islands,Latin America & Caribbean ,High income,Not classified,-64.623056,18.431389
3405,2020,24.1333333333333,Forest area (% of land area),VG,British Virgin Islands,Latin America & Caribbean ,High income,Not classified,-64.623056,18.431389
3406,2019,24.1333333333333,Forest area (% of land area),VG,British Virgin Islands,Latin America & Caribbean ,High income,Not classified,-64.623056,18.431389
3407,2018,24.1333333333333,Forest area (% of land area),VG,British Virgin Islands,Latin America & Caribbean ,High income,Not classified,-64.623056,18.431389
3408,2017,24.1333333333333,Forest area (% of land area),VG,British Virgin Islands,Latin America & Caribbean ,High income,Not classified,-64.623056,18.431389
3409,2016,24.1333333333333,Forest area (% of land area),VG,British Virgin Islands,Latin America & Caribbean ,High income,Not classified,-64.623056,18.431389
3410,2025,,Forest area (% of land area),BN,Brunei Darussalam,East Asia & Pacific,High income,Not classified,114.946,4.94199
3411,2024,,Forest area (% of land area),BN,Brunei Darussalam,East Asia & Pacific,High income,Not classified,114.946,4.94199
3412,2023,72.1062618595825,Forest area (% of land area),BN,Brunei Darussalam,East Asia & Pacific,High income,Not classified,114.946,4.94199
3413,2022,72.1062618595825,Forest area (% of land area),BN,Brunei Darussalam,East Asia & Pacific,High income,Not classified,114.946,4.94199
3414,2021,72.1062618595825,Forest area (% of land area),BN,Brunei Darussalam,East Asia & Pacific,High income,Not classified,114.946,4.94199
3415,2020,72.1062618595825,Forest area (% of land area),BN,Brunei Darussalam,East Asia & Pacific,High income,Not classified,114.946,4.94199
3416,2019,72.1062618595825,Forest area (% of land area),BN,Brunei Darussalam,East Asia & Pacific,High income,Not classified,114.946,4.94199
3417,2018,72.1062618595825,Forest area (% of land area),BN,Brunei Darussalam,East Asia & Pacific,High income,Not classified,114.946,4.94199
3418,2017,72.1062618595825,Forest area (% of land area),BN,Brunei Darussalam,East Asia & Pacific,High income,Not classified,114.946,4.94199
3419,2016,72.1062618595825,Forest area (% of land area),BN,Brunei Darussalam,East Asia & Pacific,High income,Not classified,114.946,4.94199
3420,2025,,Forest area (% of land area),BG,Bulgaria,Europe & Central Asia,High income,IBRD,23.3238,42.7105
3421,2024,,Forest area (% of land area),BG,Bulgaria,Europe & Central Asia,High income,IBRD,23.3238,42.7105
3422,2023,36.2196020633751,Forest area (% of land area),BG,Bulgaria,Europe & Central Asia,High income,IBRD,23.3238,42.7105
3423,2022,36.0998526160649,Forest area (% of land area),BG,Bulgaria,Europe & Central Asia,High income,IBRD,23.3238,42.7105
3424,2021,35.9801031687546,Forest area (% of land area),BG,Bulgaria,Europe & Central Asia,High income,IBRD,23.3238,42.7105
3425,2020,35.8603537214444,Forest area (% of land area),BG,Bulgaria,Europe & Central Asia,High income,IBRD,23.3238,42.7105
3426,2019,35.7406042741341,Forest area (% of land area),BG,Bulgaria,Europe & Central Asia,High income,IBRD,23.3238,42.7105
3427,2018,35.6208548268239,Forest area (% of land area),BG,Bulgaria,Europe & Central Asia,High income,IBRD,23.3238,42.7105
3428,2017,35.5011053795136,Forest area (% of land area),BG,Bulgaria,Europe & Central Asia,High income,IBRD,23.3238,42.7105
3429,2016,35.3813559322034,Forest area (% of land area),BG,Bulgaria,Europe & Central Asia,High income,IBRD,23.3238,42.7105
3430,2025,,Forest area (% of land area),BF,Burkina Faso,Sub-Saharan Africa ,Low income,IDA,-1.53395,12.3605
3431,2024,,Forest area (% of land area),BF,Burkina Faso,Sub-Saharan Africa ,Low income,IDA,-1.53395,12.3605
3432,2023,22.172514619883,Forest area (% of land area),BF,Burkina Faso,Sub-Saharan Africa ,Low income,IDA,-1.53395,12.3605
3433,2022,22.3552631578947,Forest area (% of land area),BF,Burkina Faso,Sub-Saharan Africa ,Low income,IDA,-1.53395,12.3605
3434,2021,22.5380116959064,Forest area (% of land area),BF,Burkina Faso,Sub-Saharan Africa ,Low income,IDA,-1.53395,12.3605
3435,2020,22.7207602339181,Forest area (% of land area),BF,Burkina Faso,Sub-Saharan Africa ,Low income,IDA,-1.53395,12.3605
3436,2019,22.9035087719298,Forest area (% of land area),BF,Burkina Faso,Sub-Saharan Africa ,Low income,IDA,-1.53395,12.3605
3437,2018,23.0862573099415,Forest area (% of land area),BF,Burkina Faso,Sub-Saharan Africa ,Low income,IDA,-1.53395,12.3605
3438,2017,23.2690058479532,Forest area (% of land area),BF,Burkina Faso,Sub-Saharan Africa ,Low income,IDA,-1.53395,12.3605
3439,2016,23.4517543859649,Forest area (% of land area),BF,Burkina Faso,Sub-Saharan Africa ,Low income,IDA,-1.53395,12.3605
3440,2025,,Forest area (% of land area),BI,Burundi,Sub-Saharan Africa ,Low income,IDA,29.3639,-3.3784
3441,2024,,Forest area (% of land area),BI,Burundi,Sub-Saharan Africa ,Low income,IDA,29.3639,-3.3784
3442,2023,10.8894080996885,Forest area (% of land area),BI,Burundi,Sub-Saharan Africa ,Low income,IDA,29.3639,-3.3784
3443,2022,10.8894080996885,Forest area (% of land area),BI,Burundi,Sub-Saharan Africa ,Low income,IDA,29.3639,-3.3784
3444,2021,10.8894080996885,Forest area (% of land area),BI,Burundi,Sub-Saharan Africa ,Low income,IDA,29.3639,-3.3784
3445,2020,10.8894080996885,Forest area (% of land area),BI,Burundi,Sub-Saharan Africa ,Low income,IDA,29.3639,-3.3784
3446,2019,10.8894080996885,Forest area (% of land area),BI,Burundi,Sub-Saharan Africa ,Low income,IDA,29.3639,-3.3784
3447,2018,10.8894080996885,Forest area (% of land area),BI,Burundi,Sub-Saharan Africa ,Low income,IDA,29.3639,-3.3784
3448,2017,10.8894080996885,Forest area (% of land area),BI,Burundi,Sub-Saharan Africa ,Low income,IDA,29.3639,-3.3784
3449,2016,10.8894080996885,Forest area (% of land area),BI,Burundi,Sub-Saharan Africa ,Low income,IDA,29.3639,-3.3784
3450,2025,,Forest area (% of land area),CV,Cabo Verde,Sub-Saharan Africa ,Upper middle income,Blend,-23.5087,14.9218
3451,2024,,Forest area (% of land area),CV,Cabo Verde,Sub-Saharan Africa ,Upper middle income,Blend,-23.5087,14.9218
3452,2023,11.5682382133995,Forest area (% of land area),CV,Cabo Verde,Sub-Saharan Africa ,Upper middle income,Blend,-23.5087,14.9218
3453,2022,11.4937965260546,Forest area (% of land area),CV,Cabo Verde,Sub-Saharan Africa ,Upper middle income,Blend,-23.5087,14.9218
3454,2021,11.4193548387097,Forest area (% of land area),CV,Cabo Verde,Sub-Saharan Africa ,Upper middle income,Blend,-23.5087,14.9218
3455,2020,11.3449131513648,Forest area (% of land area),CV,Cabo Verde,Sub-Saharan Africa ,Upper middle income,Blend,-23.5087,14.9218
3456,2019,11.2704714640199,Forest area (% of land area),CV,Cabo Verde,Sub-Saharan Africa ,Upper middle income,Blend,-23.5087,14.9218
3457,2018,11.1960297766749,Forest area (% of land area),CV,Cabo Verde,Sub-Saharan Africa ,Upper middle income,Blend,-23.5087,14.9218
3458,2017,11.12158808933,Forest area (% of land area),CV,Cabo Verde,Sub-Saharan Africa ,Upper middle income,Blend,-23.5087,14.9218
3459,2016,11.0471464019851,Forest area (% of land area),CV,Cabo Verde,Sub-Saharan Africa ,Upper middle income,Blend,-23.5087,14.9218
3460,2025,,Forest area (% of land area),KH,Cambodia,East Asia & Pacific,Lower middle income,IDA,104.874,11.5556
3461,2024,,Forest area (% of land area),KH,Cambodia,East Asia & Pacific,Lower middle income,IDA,104.874,11.5556
3462,2023,43.0619759800589,Forest area (% of land area),KH,Cambodia,East Asia & Pacific,Lower middle income,IDA,104.874,11.5556
3463,2022,43.9439723544074,Forest area (% of land area),KH,Cambodia,East Asia & Pacific,Lower middle income,IDA,104.874,11.5556
3464,2021,44.825968728756,Forest area (% of land area),KH,Cambodia,East Asia & Pacific,Lower middle income,IDA,104.874,11.5556
3465,2020,45.7079651031045,Forest area (% of land area),KH,Cambodia,East Asia & Pacific,Lower middle income,IDA,104.874,11.5556
3466,2019,46.589961477453,Forest area (% of land area),KH,Cambodia,East Asia & Pacific,Lower middle income,IDA,104.874,11.5556
3467,2018,47.4719578518015,Forest area (% of land area),KH,Cambodia,East Asia & Pacific,Lower middle income,IDA,104.874,11.5556
3468,2017,48.35395422615,Forest area (% of land area),KH,Cambodia,East Asia & Pacific,Lower middle income,IDA,104.874,11.5556
3469,2016,49.2359506004985,Forest area (% of land area),KH,Cambodia,East Asia & Pacific,Lower middle income,IDA,104.874,11.5556
3470,2025,,Forest area (% of land area),CM,Cameroon,Sub-Saharan Africa ,Lower middle income,Blend,11.5174,3.8721
3471,2024,,Forest area (% of land area),CM,Cameroon,Sub-Saharan Africa ,Lower middle income,Blend,11.5174,3.8721
3472,2023,42.6741130925938,Forest area (% of land area),CM,Cameroon,Sub-Saharan Africa ,Lower middle income,Blend,11.5174,3.8721
3473,2022,42.7925789596158,Forest area (% of land area),CM,Cameroon,Sub-Saharan Africa ,Lower middle income,Blend,11.5174,3.8721
3474,2021,42.9110448266379,Forest area (% of land area),CM,Cameroon,Sub-Saharan Africa ,Lower middle income,Blend,11.5174,3.8721
3475,2020,43.02951069366,Forest area (% of land area),CM,Cameroon,Sub-Saharan Africa ,Lower middle income,Blend,11.5174,3.8721
3476,2019,43.147976560682,Forest area (% of land area),CM,Cameroon,Sub-Saharan Africa ,Lower middle income,Blend,11.5174,3.8721
3477,2018,43.2664424277041,Forest area (% of land area),CM,Cameroon,Sub-Saharan Africa ,Lower middle income,Blend,11.5174,3.8721
3478,2017,43.3849082947262,Forest area (% of land area),CM,Cameroon,Sub-Saharan Africa ,Lower middle income,Blend,11.5174,3.8721
3479,2016,43.5033741617482,Forest area (% of land area),CM,Cameroon,Sub-Saharan Africa ,Lower middle income,Blend,11.5174,3.8721
3480,2025,,Forest area (% of land area),CA,Canada,North America,High income,Not classified,-75.6919,45.4215
3481,2024,,Forest area (% of land area),CA,Canada,North America,High income,Not classified,-75.6919,45.4215
3482,2023,39.4617117321106,Forest area (% of land area),CA,Canada,North America,High income,Not classified,-75.6919,45.4215
3483,2022,39.4659199995449,Forest area (% of land area),CA,Canada,North America,High income,Not classified,-75.6919,45.4215
3484,2021,39.4701279256318,Forest area (% of land area),CA,Canada,North America,High income,Not classified,-75.6919,45.4215
3485,2020,38.6955125094946,Forest area (% of land area),CA,Canada,North America,High income,Not classified,-75.6919,45.4215
3486,2019,38.6996371683291,Forest area (% of land area),CA,Canada,North America,High income,Not classified,-75.6919,45.4215
3487,2018,38.7037629425392,Forest area (% of land area),CA,Canada,North America,High income,Not classified,-75.6919,45.4215
3488,2017,38.7078876013737,Forest area (% of land area),CA,Canada,North America,High income,Not classified,-75.6919,45.4215
3489,2016,38.7120133755838,Forest area (% of land area),CA,Canada,North America,High income,Not classified,-75.6919,45.4215
3490,2025,,Forest area (% of land area),KY,Cayman Islands,Latin America & Caribbean ,High income,Not classified,-81.3857,19.3022
3491,2024,,Forest area (% of land area),KY,Cayman Islands,Latin America & Caribbean ,High income,Not classified,-81.3857,19.3022
3492,2023,52.4720833333333,Forest area (% of land area),KY,Cayman Islands,Latin America & Caribbean ,High income,Not classified,-81.3857,19.3022
3493,2022,52.6666666666667,Forest area (% of land area),KY,Cayman Islands,Latin America & Caribbean ,High income,Not classified,-81.3857,19.3022
3494,2021,52.75,Forest area (% of land area),KY,Cayman Islands,Latin America & Caribbean ,High income,Not classified,-81.3857,19.3022
3495,2020,53.0,Forest area (% of land area),KY,Cayman Islands,Latin America & Caribbean ,High income,Not classified,-81.3857,19.3022
3496,2019,53.0,Forest area (% of land area),KY,Cayman Islands,Latin America & Caribbean ,High income,Not classified,-81.3857,19.3022
3497,2018,53.375,Forest area (% of land area),KY,Cayman Islands,Latin America & Caribbean ,High income,Not classified,-81.3857,19.3022
3498,2017,53.0,Forest area (% of land area),KY,Cayman Islands,Latin America & Caribbean ,High income,Not classified,-81.3857,19.3022
3499,2016,53.0,Forest area (% of land area),KY,Cayman Islands,Latin America & Caribbean ,High income,Not classified,-81.3857,19.3022
3500,2025,,Forest area (% of land area),CF,Central African Republic,Sub-Saharan Africa ,Low income,IDA,21.6407,5.63056
3501,2024,,Forest area (% of land area),CF,Central African Republic,Sub-Saharan Africa ,Low income,IDA,21.6407,5.63056
3502,2023,35.6560403223217,Forest area (% of land area),CF,Central African Republic,Sub-Saharan Africa ,Low income,IDA,21.6407,5.63056
3503,2022,35.7041959613471,Forest area (% of land area),CF,Central African Republic,Sub-Saharan Africa ,Low income,IDA,21.6407,5.63056
3504,2021,35.7523516003724,Forest area (% of land area),CF,Central African Republic,Sub-Saharan Africa ,Low income,IDA,21.6407,5.63056
3505,2020,35.8005072393977,Forest area (% of land area),CF,Central African Republic,Sub-Saharan Africa ,Low income,IDA,21.6407,5.63056
3506,2019,35.8486628784231,Forest area (% of land area),CF,Central African Republic,Sub-Saharan Africa ,Low income,IDA,21.6407,5.63056
3507,2018,35.8968185174484,Forest area (% of land area),CF,Central African Republic,Sub-Saharan Africa ,Low income,IDA,21.6407,5.63056
3508,2017,35.9449741564737,Forest area (% of land area),CF,Central African Republic,Sub-Saharan Africa ,Low income,IDA,21.6407,5.63056
3509,2016,35.9931297954991,Forest area (% of land area),CF,Central African Republic,Sub-Saharan Africa ,Low income,IDA,21.6407,5.63056
3510,2025,,Forest area (% of land area),TD,Chad,Sub-Saharan Africa ,Low income,IDA,15.0445,12.1048
3511,2024,,Forest area (% of land area),TD,Chad,Sub-Saharan Africa ,Low income,IDA,15.0445,12.1048
3512,2023,3.16103105146125,Forest area (% of land area),TD,Chad,Sub-Saharan Africa ,Low income,IDA,15.0445,12.1048
3513,2022,3.24924110546379,Forest area (% of land area),TD,Chad,Sub-Saharan Africa ,Low income,IDA,15.0445,12.1048
3514,2021,3.33650992693774,Forest area (% of land area),TD,Chad,Sub-Saharan Africa ,Low income,IDA,15.0445,12.1048
3515,2020,3.42519059720457,Forest area (% of land area),TD,Chad,Sub-Saharan Africa ,Low income,IDA,15.0445,12.1048
3516,2019,3.51175349428208,Forest area (% of land area),TD,Chad,Sub-Saharan Africa ,Low income,IDA,15.0445,12.1048
3517,2018,3.60149301143583,Forest area (% of land area),TD,Chad,Sub-Saharan Africa ,Low income,IDA,15.0445,12.1048
3518,2017,3.69361499364676,Forest area (% of land area),TD,Chad,Sub-Saharan Africa ,Low income,IDA,15.0445,12.1048
3519,2016,3.78732528589581,Forest area (% of land area),TD,Chad,Sub-Saharan Africa ,Low income,IDA,15.0445,12.1048
3520,2025,,Forest area (% of land area),JG,Channel Islands,Europe & Central Asia,High income,Not classified,,
3521,2024,,Forest area (% of land area),JG,Channel Islands,Europe & Central Asia,High income,Not classified,,
3522,2023,,Forest area (% of land area),JG,Channel Islands,Europe & Central Asia,High income,Not classified,,
3523,2022,,Forest area (% of land area),JG,Channel Islands,Europe & Central Asia,High income,Not classified,,
3524,2021,5.15151515151515,Forest area (% of land area),JG,Channel Islands,Europe & Central Asia,High income,Not classified,,
3525,2020,5.15151515151515,Forest area (% of land area),JG,Channel Islands,Europe & Central Asia,High income,Not classified,,
3526,2019,5.15151515151515,Forest area (% of land area),JG,Channel Islands,Europe & Central Asia,High income,Not classified,,
3527,2018,5.15151515151515,Forest area (% of land area),JG,Channel Islands,Europe & Central Asia,High income,Not classified,,
3528,2017,5.15151515151515,Forest area (% of land area),JG,Channel Islands,Europe & Central Asia,High income,Not classified,,
3529,2016,5.15151515151515,Forest area (% of land area),JG,Channel Islands,Europe & Central Asia,High income,Not classified,,
3530,2025,,Forest area (% of land area),CL,Chile,Latin America & Caribbean ,High income,IBRD,-70.6475,-33.475
3531,2024,,Forest area (% of land area),CL,Chile,Latin America & Caribbean ,High income,IBRD,-70.6475,-33.475
3532,2023,25.0116461113584,Forest area (% of land area),CL,Chile,Latin America & Caribbean ,High income,IBRD,-70.6475,-33.475
3533,2022,24.8461772576085,Forest area (% of land area),CL,Chile,Latin America & Caribbean ,High income,IBRD,-70.6475,-33.475
3534,2021,24.6807203850391,Forest area (% of land area),CL,Chile,Latin America & Caribbean ,High income,IBRD,-70.6475,-33.475
3535,2020,24.5152454733888,Forest area (% of land area),CL,Chile,Latin America & Caribbean ,High income,IBRD,-70.6475,-33.475
3536,2019,24.3497974857398,Forest area (% of land area),CL,Chile,Latin America & Caribbean ,High income,IBRD,-70.6475,-33.475
3537,2018,24.2020617476728,Forest area (% of land area),CL,Chile,Latin America & Caribbean ,High income,IBRD,-70.6475,-33.475
3538,2017,24.0364518962995,Forest area (% of land area),CL,Chile,Latin America & Caribbean ,High income,IBRD,-70.6475,-33.475
3539,2016,23.8708420449261,Forest area (% of land area),CL,Chile,Latin America & Caribbean ,High income,IBRD,-70.6475,-33.475
3540,2025,,Forest area (% of land area),CN,China,East Asia & Pacific,Upper middle income,IBRD,116.286,40.0495
3541,2024,,Forest area (% of land area),CN,China,East Asia & Pacific,Upper middle income,IBRD,116.286,40.0495
3542,2023,24.0319389958256,Forest area (% of land area),CN,China,East Asia & Pacific,Upper middle income,IBRD,116.286,40.0495
3543,2022,23.8316995465589,Forest area (% of land area),CN,China,East Asia & Pacific,Upper middle income,IBRD,116.286,40.0495
3544,2021,23.6315548970464,Forest area (% of land area),CN,China,East Asia & Pacific,Upper middle income,IBRD,116.286,40.0495
3545,2020,23.4313037309562,Forest area (% of land area),CN,China,East Asia & Pacific,Upper middle income,IBRD,116.286,40.0495
3546,2019,23.2311590814436,Forest area (% of land area),CN,China,East Asia & Pacific,Upper middle income,IBRD,116.286,40.0495
3547,2018,23.0309079153534,Forest area (% of land area),CN,China,East Asia & Pacific,Upper middle income,IBRD,116.286,40.0495
3548,2017,22.8306567492632,Forest area (% of land area),CN,China,East Asia & Pacific,Upper middle income,IBRD,116.286,40.0495
3549,2016,22.6305120997506,Forest area (% of land area),CN,China,East Asia & Pacific,Upper middle income,IBRD,116.286,40.0495
3550,2025,,Forest area (% of land area),CO,Colombia,Latin America & Caribbean ,Upper middle income,IBRD,-74.082,4.60987
3551,2024,,Forest area (% of land area),CO,Colombia,Latin America & Caribbean ,Upper middle income,IBRD,-74.082,4.60987
3552,2023,52.7661596214511,Forest area (% of land area),CO,Colombia,Latin America & Caribbean ,Upper middle income,IBRD,-74.082,4.60987
3553,2022,52.9457763857593,Forest area (% of land area),CO,Colombia,Latin America & Caribbean ,Upper middle income,IBRD,-74.082,4.60987
3554,2021,53.1253958539883,Forest area (% of land area),CO,Colombia,Latin America & Caribbean ,Upper middle income,IBRD,-74.082,4.60987
3555,2020,53.3050112663362,Forest area (% of land area),CO,Colombia,Latin America & Caribbean ,Upper middle income,IBRD,-74.082,4.60987
3556,2019,53.4846327174403,Forest area (% of land area),CO,Colombia,Latin America & Caribbean ,Upper middle income,IBRD,-74.082,4.60987
3557,2018,53.6642451554754,Forest area (% of land area),CO,Colombia,Latin America & Caribbean ,Upper middle income,IBRD,-74.082,4.60987
3558,2017,53.8438666065795,Forest area (% of land area),CO,Colombia,Latin America & Caribbean ,Upper middle income,IBRD,-74.082,4.60987
3559,2016,54.0419017575485,Forest area (% of land area),CO,Colombia,Latin America & Caribbean ,Upper middle income,IBRD,-74.082,4.60987
3560,2025,,Forest area (% of land area),KM,Comoros,Sub-Saharan Africa ,Lower middle income,IDA,43.2418,-11.6986
3561,2024,,Forest area (% of land area),KM,Comoros,Sub-Saharan Africa ,Lower middle income,IDA,43.2418,-11.6986
3562,2023,16.9801182160129,Forest area (% of land area),KM,Comoros,Sub-Saharan Africa ,Lower middle income,IDA,43.2418,-11.6986
3563,2022,17.2165502418055,Forest area (% of land area),KM,Comoros,Sub-Saharan Africa ,Lower middle income,IDA,43.2418,-11.6986
3564,2021,17.4529822675981,Forest area (% of land area),KM,Comoros,Sub-Saharan Africa ,Lower middle income,IDA,43.2418,-11.6986
3565,2020,17.6894142933906,Forest area (% of land area),KM,Comoros,Sub-Saharan Africa ,Lower middle income,IDA,43.2418,-11.6986
3566,2019,17.9258463191832,Forest area (% of land area),KM,Comoros,Sub-Saharan Africa ,Lower middle income,IDA,43.2418,-11.6986
3567,2018,18.1622783449758,Forest area (% of land area),KM,Comoros,Sub-Saharan Africa ,Lower middle income,IDA,43.2418,-11.6986
3568,2017,18.3933369156368,Forest area (% of land area),KM,Comoros,Sub-Saharan Africa ,Lower middle income,IDA,43.2418,-11.6986
3569,2016,18.6297689414293,Forest area (% of land area),KM,Comoros,Sub-Saharan Africa ,Lower middle income,IDA,43.2418,-11.6986
3570,2025,,Forest area (% of land area),CD,"Congo, Dem. Rep.",Sub-Saharan Africa ,Low income,IDA,15.3222,-4.325
3571,2024,,Forest area (% of land area),CD,"Congo, Dem. Rep.",Sub-Saharan Africa ,Low income,IDA,15.3222,-4.325
3572,2023,54.1898572594341,Forest area (% of land area),CD,"Congo, Dem. Rep.",Sub-Saharan Africa ,Low income,IDA,15.3222,-4.325
3573,2022,54.6754592973247,Forest area (% of land area),CD,"Congo, Dem. Rep.",Sub-Saharan Africa ,Low income,IDA,15.3222,-4.325
3574,2021,55.1615535607949,Forest area (% of land area),CD,"Congo, Dem. Rep.",Sub-Saharan Africa ,Low income,IDA,15.3222,-4.325
3575,2020,55.6472067223925,Forest area (% of land area),CD,"Congo, Dem. Rep.",Sub-Saharan Africa ,Low income,IDA,15.3222,-4.325
3576,2019,56.1333009858627,Forest area (% of land area),CD,"Congo, Dem. Rep.",Sub-Saharan Africa ,Low income,IDA,15.3222,-4.325
3577,2018,56.6189541474604,Forest area (% of land area),CD,"Congo, Dem. Rep.",Sub-Saharan Africa ,Low income,IDA,15.3222,-4.325
3578,2017,57.1047705167508,Forest area (% of land area),CD,"Congo, Dem. Rep.",Sub-Saharan Africa ,Low income,IDA,15.3222,-4.325
3579,2016,57.5905868860413,Forest area (% of land area),CD,"Congo, Dem. Rep.",Sub-Saharan Africa ,Low income,IDA,15.3222,-4.325
3580,2025,,Forest area (% of land area),CG,"Congo, Rep.",Sub-Saharan Africa ,Lower middle income,Blend,15.2662,-4.2767
3581,2024,,Forest area (% of land area),CG,"Congo, Rep.",Sub-Saharan Africa ,Lower middle income,Blend,15.2662,-4.2767
3582,2023,64.1317715959004,Forest area (% of land area),CG,"Congo, Rep.",Sub-Saharan Africa ,Lower middle income,Blend,15.2662,-4.2767
3583,2022,64.1756954612006,Forest area (% of land area),CG,"Congo, Rep.",Sub-Saharan Africa ,Lower middle income,Blend,15.2662,-4.2767
3584,2021,64.2196193265007,Forest area (% of land area),CG,"Congo, Rep.",Sub-Saharan Africa ,Lower middle income,Blend,15.2662,-4.2767
3585,2020,64.2635431918009,Forest area (% of land area),CG,"Congo, Rep.",Sub-Saharan Africa ,Lower middle income,Blend,15.2662,-4.2767
3586,2019,64.307467057101,Forest area (% of land area),CG,"Congo, Rep.",Sub-Saharan Africa ,Lower middle income,Blend,15.2662,-4.2767
3587,2018,64.3513909224012,Forest area (% of land area),CG,"Congo, Rep.",Sub-Saharan Africa ,Lower middle income,Blend,15.2662,-4.2767
3588,2017,64.3953147877013,Forest area (% of land area),CG,"Congo, Rep.",Sub-Saharan Africa ,Lower middle income,Blend,15.2662,-4.2767
3589,2016,64.4304538799414,Forest area (% of land area),CG,"Congo, Rep.",Sub-Saharan Africa ,Lower middle income,Blend,15.2662,-4.2767
3590,2025,,Forest area (% of land area),CR,Costa Rica,Latin America & Caribbean ,High income,IBRD,-84.0089,9.63701
3591,2024,,Forest area (% of land area),CR,Costa Rica,Latin America & Caribbean ,High income,IBRD,-84.0089,9.63701
3592,2023,60.3991382687035,Forest area (% of land area),CR,Costa Rica,Latin America & Caribbean ,High income,IBRD,-84.0089,9.63701
3593,2022,60.0785350567959,Forest area (% of land area),CR,Costa Rica,Latin America & Caribbean ,High income,IBRD,-84.0089,9.63701
3594,2021,59.7579318448884,Forest area (% of land area),CR,Costa Rica,Latin America & Caribbean ,High income,IBRD,-84.0089,9.63701
3595,2020,59.4373286329808,Forest area (% of land area),CR,Costa Rica,Latin America & Caribbean ,High income,IBRD,-84.0089,9.63701
3596,2019,59.1167254210732,Forest area (% of land area),CR,Costa Rica,Latin America & Caribbean ,High income,IBRD,-84.0089,9.63701
3597,2018,58.7961222091657,Forest area (% of land area),CR,Costa Rica,Latin America & Caribbean ,High income,IBRD,-84.0089,9.63701
3598,2017,58.4757148452801,Forest area (% of land area),CR,Costa Rica,Latin America & Caribbean ,High income,IBRD,-84.0089,9.63701
3599,2016,58.1551116333725,Forest area (% of land area),CR,Costa Rica,Latin America & Caribbean ,High income,IBRD,-84.0089,9.63701
3600,2025,,Forest area (% of land area),CI,Cote d'Ivoire,Sub-Saharan Africa ,Lower middle income,Blend,-4.0305,5.332
3601,2024,,Forest area (% of land area),CI,Cote d'Ivoire,Sub-Saharan Africa ,Lower middle income,Blend,-4.0305,5.332
3602,2023,7.85551603773585,Forest area (% of land area),CI,Cote d'Ivoire,Sub-Saharan Africa ,Lower middle income,Blend,-4.0305,5.332
3603,2022,8.21049968553459,Forest area (% of land area),CI,Cote d'Ivoire,Sub-Saharan Africa ,Lower middle income,Blend,-4.0305,5.332
3604,2021,8.5654927672956,Forest area (% of land area),CI,Cote d'Ivoire,Sub-Saharan Africa ,Lower middle income,Blend,-4.0305,5.332
3605,2020,8.92047169811321,Forest area (% of land area),CI,Cote d'Ivoire,Sub-Saharan Africa ,Lower middle income,Blend,-4.0305,5.332
3606,2019,9.27547169811321,Forest area (% of land area),CI,Cote d'Ivoire,Sub-Saharan Africa ,Lower middle income,Blend,-4.0305,5.332
3607,2018,9.63044025157233,Forest area (% of land area),CI,Cote d'Ivoire,Sub-Saharan Africa ,Lower middle income,Blend,-4.0305,5.332
3608,2017,9.98544025157233,Forest area (% of land area),CI,Cote d'Ivoire,Sub-Saharan Africa ,Lower middle income,Blend,-4.0305,5.332
3609,2016,10.3404402515723,Forest area (% of land area),CI,Cote d'Ivoire,Sub-Saharan Africa ,Lower middle income,Blend,-4.0305,5.332
3610,2025,,Forest area (% of land area),HR,Croatia,Europe & Central Asia,High income,IBRD,15.9614,45.8069
3611,2024,,Forest area (% of land area),HR,Croatia,Europe & Central Asia,High income,IBRD,15.9614,45.8069
3612,2023,34.785739814153,Forest area (% of land area),HR,Croatia,Europe & Central Asia,High income,IBRD,15.9614,45.8069
3613,2022,34.7410650464618,Forest area (% of land area),HR,Croatia,Europe & Central Asia,High income,IBRD,15.9614,45.8069
3614,2021,34.6963902787706,Forest area (% of land area),HR,Croatia,Europe & Central Asia,High income,IBRD,15.9614,45.8069
3615,2020,34.6517155110793,Forest area (% of land area),HR,Croatia,Europe & Central Asia,High income,IBRD,15.9614,45.8069
3616,2019,34.6045672217854,Forest area (% of land area),HR,Croatia,Europe & Central Asia,High income,IBRD,15.9614,45.8069
3617,2018,34.5598956472018,Forest area (% of land area),HR,Croatia,Europe & Central Asia,High income,IBRD,15.9614,45.8069
3618,2017,34.5151954828104,Forest area (% of land area),HR,Croatia,Europe & Central Asia,High income,IBRD,15.9614,45.8069
3619,2016,34.3813916088914,Forest area (% of land area),HR,Croatia,Europe & Central Asia,High income,IBRD,15.9614,45.8069
3620,2025,,Forest area (% of land area),CU,Cuba,Latin America & Caribbean ,Upper middle income,Not classified,-82.3667,23.1333
3621,2024,,Forest area (% of land area),CU,Cuba,Latin America & Caribbean ,Upper middle income,Not classified,-82.3667,23.1333
3622,2023,31.233140655106,Forest area (% of land area),CU,Cuba,Latin America & Caribbean ,Upper middle income,Not classified,-82.3667,23.1333
3623,2022,31.233140655106,Forest area (% of land area),CU,Cuba,Latin America & Caribbean ,Upper middle income,Not classified,-82.3667,23.1333
3624,2021,31.233140655106,Forest area (% of land area),CU,Cuba,Latin America & Caribbean ,Upper middle income,Not classified,-82.3667,23.1333
3625,2020,31.233140655106,Forest area (% of land area),CU,Cuba,Latin America & Caribbean ,Upper middle income,Not classified,-82.3667,23.1333
3626,2019,31.233140655106,Forest area (% of land area),CU,Cuba,Latin America & Caribbean ,Upper middle income,Not classified,-82.3667,23.1333
3627,2018,31.233140655106,Forest area (% of land area),CU,Cuba,Latin America & Caribbean ,Upper middle income,Not classified,-82.3667,23.1333
3628,2017,31.233140655106,Forest area (% of land area),CU,Cuba,Latin America & Caribbean ,Upper middle income,Not classified,-82.3667,23.1333
3629,2016,31.1514801999231,Forest area (% of land area),CU,Cuba,Latin America & Caribbean ,Upper middle income,Not classified,-82.3667,23.1333
3630,2025,,Forest area (% of land area),CW,Curacao,Latin America & Caribbean ,High income,Not classified,,
3631,2024,,Forest area (% of land area),CW,Curacao,Latin America & Caribbean ,High income,Not classified,,
3632,2023,0.157657657657658,Forest area (% of land area),CW,Curacao,Latin America & Caribbean ,High income,Not classified,,
3633,2022,0.157657657657658,Forest area (% of land area),CW,Curacao,Latin America & Caribbean ,High income,Not classified,,
3634,2021,0.157657657657658,Forest area (% of land area),CW,Curacao,Latin America & Caribbean ,High income,Not classified,,
3635,2020,0.157657657657658,Forest area (% of land area),CW,Curacao,Latin America & Caribbean ,High income,Not classified,,
3636,2019,0.157657657657658,Forest area (% of land area),CW,Curacao,Latin America & Caribbean ,High income,Not classified,,
3637,2018,0.157657657657658,Forest area (% of land area),CW,Curacao,Latin America & Caribbean ,High income,Not classified,,
3638,2017,0.157657657657658,Forest area (% of land area),CW,Curacao,Latin America & Caribbean ,High income,Not classified,,
3639,2016,0.157657657657658,Forest area (% of land area),CW,Curacao,Latin America & Caribbean ,High income,Not classified,,
3640,2025,,Forest area (% of land area),CY,Cyprus,Europe & Central Asia,High income,Not classified,33.3736,35.1676
3641,2024,,Forest area (% of land area),CY,Cyprus,Europe & Central Asia,High income,Not classified,33.3736,35.1676
3642,2023,18.6655844155844,Forest area (% of land area),CY,Cyprus,Europe & Central Asia,High income,Not classified,33.3736,35.1676
3643,2022,18.6677489177489,Forest area (% of land area),CY,Cyprus,Europe & Central Asia,High income,Not classified,33.3736,35.1676
3644,2021,18.6699134199134,Forest area (% of land area),CY,Cyprus,Europe & Central Asia,High income,Not classified,33.3736,35.1676
3645,2020,18.6720779220779,Forest area (% of land area),CY,Cyprus,Europe & Central Asia,High income,Not classified,33.3736,35.1676
3646,2019,18.6742424242424,Forest area (% of land area),CY,Cyprus,Europe & Central Asia,High income,Not classified,33.3736,35.1676
3647,2018,18.6764069264069,Forest area (% of land area),CY,Cyprus,Europe & Central Asia,High income,Not classified,33.3736,35.1676
3648,2017,18.6785714285714,Forest area (% of land area),CY,Cyprus,Europe & Central Asia,High income,Not classified,33.3736,35.1676
3649,2016,18.6807359307359,Forest area (% of land area),CY,Cyprus,Europe & Central Asia,High income,Not classified,33.3736,35.1676
3650,2025,,Forest area (% of land area),CZ,Czechia,Europe & Central Asia,High income,Not classified,14.4205,50.0878
3651,2024,,Forest area (% of land area),CZ,Czechia,Europe & Central Asia,High income,Not classified,14.4205,50.0878
3652,2023,34.7623883740408,Forest area (% of land area),CZ,Czechia,Europe & Central Asia,High income,Not classified,14.4205,50.0878
3653,2022,34.7369431785448,Forest area (% of land area),CZ,Czechia,Europe & Central Asia,High income,Not classified,14.4205,50.0878
3654,2021,34.7066980208929,Forest area (% of land area),CZ,Czechia,Europe & Central Asia,High income,Not classified,14.4205,50.0878
3655,2020,34.6779919254939,Forest area (% of land area),CZ,Czechia,Europe & Central Asia,High income,Not classified,14.4205,50.0878
3656,2019,34.6514173213048,Forest area (% of land area),CZ,Czechia,Europe & Central Asia,High income,Not classified,14.4205,50.0878
3657,2018,34.6259551871519,Forest area (% of land area),CZ,Czechia,Europe & Central Asia,High income,Not classified,14.4205,50.0878
3658,2017,34.6025126278979,Forest area (% of land area),CZ,Czechia,Europe & Central Asia,High income,Not classified,14.4205,50.0878
3659,2016,34.579070068644,Forest area (% of land area),CZ,Czechia,Europe & Central Asia,High income,Not classified,14.4205,50.0878
3660,2025,,Forest area (% of land area),DK,Denmark,Europe & Central Asia,High income,Not classified,12.5681,55.6763
3661,2024,,Forest area (% of land area),DK,Denmark,Europe & Central Asia,High income,Not classified,12.5681,55.6763
3662,2023,15.7815,Forest area (% of land area),DK,Denmark,Europe & Central Asia,High income,Not classified,12.5681,55.6763
3663,2022,15.758,Forest area (% of land area),DK,Denmark,Europe & Central Asia,High income,Not classified,12.5681,55.6763
3664,2021,15.7345,Forest area (% of land area),DK,Denmark,Europe & Central Asia,High income,Not classified,12.5681,55.6763
3665,2020,15.711,Forest area (% of land area),DK,Denmark,Europe & Central Asia,High income,Not classified,12.5681,55.6763
3666,2019,15.6875,Forest area (% of land area),DK,Denmark,Europe & Central Asia,High income,Not classified,12.5681,55.6763
3667,2018,15.664,Forest area (% of land area),DK,Denmark,Europe & Central Asia,High income,Not classified,12.5681,55.6763
3668,2017,15.64,Forest area (% of land area),DK,Denmark,Europe & Central Asia,High income,Not classified,12.5681,55.6763
3669,2016,15.6165,Forest area (% of land area),DK,Denmark,Europe & Central Asia,High income,Not classified,12.5681,55.6763
3670,2025,,Forest area (% of land area),DJ,Djibouti,"Middle East, North Africa, Afghanistan & Pakistan",Lower middle income,IDA,43.1425,11.5806
3671,2024,,Forest area (% of land area),DJ,Djibouti,"Middle East, North Africa, Afghanistan & Pakistan",Lower middle income,IDA,43.1425,11.5806
3672,2023,0.260724762726488,Forest area (% of land area),DJ,Djibouti,"Middle East, North Africa, Afghanistan & Pakistan",Lower middle income,IDA,43.1425,11.5806
3673,2022,0.257308024158758,Forest area (% of land area),DJ,Djibouti,"Middle East, North Africa, Afghanistan & Pakistan",Lower middle income,IDA,43.1425,11.5806
3674,2021,0.253377911993098,Forest area (% of land area),DJ,Djibouti,"Middle East, North Africa, Afghanistan & Pakistan",Lower middle income,IDA,43.1425,11.5806
3675,2020,0.250215703192407,Forest area (% of land area),DJ,Djibouti,"Middle East, North Africa, Afghanistan & Pakistan",Lower middle income,IDA,43.1425,11.5806
3676,2019,0.245901639344262,Forest area (% of land area),DJ,Djibouti,"Middle East, North Africa, Afghanistan & Pakistan",Lower middle income,IDA,43.1425,11.5806
3677,2018,0.243313201035375,Forest area (% of land area),DJ,Djibouti,"Middle East, North Africa, Afghanistan & Pakistan",Lower middle income,IDA,43.1425,11.5806
3678,2017,0.242018981880932,Forest area (% of land area),DJ,Djibouti,"Middle East, North Africa, Afghanistan & Pakistan",Lower middle income,IDA,43.1425,11.5806
3679,2016,0.241587575496117,Forest area (% of land area),DJ,Djibouti,"Middle East, North Africa, Afghanistan & Pakistan",Lower middle income,IDA,43.1425,11.5806
3680,2025,,Forest area (% of land area),DM,Dominica,Latin America & Caribbean ,Upper middle income,Blend,-61.39,15.2976
3681,2024,,Forest area (% of land area),DM,Dominica,Latin America & Caribbean ,Upper middle income,Blend,-61.39,15.2976
3682,2023,63.8266666666667,Forest area (% of land area),DM,Dominica,Latin America & Caribbean ,Upper middle income,Blend,-61.39,15.2976
3683,2022,63.8266666666667,Forest area (% of land area),DM,Dominica,Latin America & Caribbean ,Upper middle income,Blend,-61.39,15.2976
3684,2021,63.8266666666667,Forest area (% of land area),DM,Dominica,Latin America & Caribbean ,Upper middle income,Blend,-61.39,15.2976
3685,2020,63.8266666666667,Forest area (% of land area),DM,Dominica,Latin America & Caribbean ,Upper middle income,Blend,-61.39,15.2976
3686,2019,63.8266666666667,Forest area (% of land area),DM,Dominica,Latin America & Caribbean ,Upper middle income,Blend,-61.39,15.2976
3687,2018,63.8266666666667,Forest area (% of land area),DM,Dominica,Latin America & Caribbean ,Upper middle income,Blend,-61.39,15.2976
3688,2017,63.8266666666667,Forest area (% of land area),DM,Dominica,Latin America & Caribbean ,Upper middle income,Blend,-61.39,15.2976
3689,2016,63.8266666666667,Forest area (% of land area),DM,Dominica,Latin America & Caribbean ,Upper middle income,Blend,-61.39,15.2976
3690,2025,,Forest area (% of land area),DO,Dominican Republic,Latin America & Caribbean ,Upper middle income,IBRD,-69.8908,18.479
3691,2024,,Forest area (% of land area),DO,Dominican Republic,Latin America & Caribbean ,Upper middle income,IBRD,-69.8908,18.479
3692,2023,44.9887775472934,Forest area (% of land area),DO,Dominican Republic,Latin America & Caribbean ,Upper middle income,IBRD,-69.8908,18.479
3693,2022,44.8209283285911,Forest area (% of land area),DO,Dominican Republic,Latin America & Caribbean ,Upper middle income,IBRD,-69.8908,18.479
3694,2021,44.6530791098888,Forest area (% of land area),DO,Dominican Republic,Latin America & Caribbean ,Upper middle income,IBRD,-69.8908,18.479
3695,2020,44.4852298911864,Forest area (% of land area),DO,Dominican Republic,Latin America & Caribbean ,Upper middle income,IBRD,-69.8908,18.479
3696,2019,44.3173806724841,Forest area (% of land area),DO,Dominican Republic,Latin America & Caribbean ,Upper middle income,IBRD,-69.8908,18.479
3697,2018,44.0471951976816,Forest area (% of land area),DO,Dominican Republic,Latin America & Caribbean ,Upper middle income,IBRD,-69.8908,18.479
3698,2017,43.8797350445042,Forest area (% of land area),DO,Dominican Republic,Latin America & Caribbean ,Upper middle income,IBRD,-69.8908,18.479
3699,2016,43.7122748913268,Forest area (% of land area),DO,Dominican Republic,Latin America & Caribbean ,Upper middle income,IBRD,-69.8908,18.479
3700,2025,,Forest area (% of land area),EC,Ecuador,Latin America & Caribbean ,Upper middle income,IBRD,-78.5243,-0.229498
3701,2024,,Forest area (% of land area),EC,Ecuador,Latin America & Caribbean ,Upper middle income,IBRD,-78.5243,-0.229498
3702,2023,49.5450958286359,Forest area (% of land area),EC,Ecuador,Latin America & Caribbean ,Upper middle income,IBRD,-78.5243,-0.229498
3703,2022,49.8038734095668,Forest area (% of land area),EC,Ecuador,Latin America & Caribbean ,Upper middle income,IBRD,-78.5243,-0.229498
3704,2021,50.0626509904977,Forest area (% of land area),EC,Ecuador,Latin America & Caribbean ,Upper middle income,IBRD,-78.5243,-0.229498
3705,2020,50.3214285714286,Forest area (% of land area),EC,Ecuador,Latin America & Caribbean ,Upper middle income,IBRD,-78.5243,-0.229498
3706,2019,50.5802061523595,Forest area (% of land area),EC,Ecuador,Latin America & Caribbean ,Upper middle income,IBRD,-78.5243,-0.229498
3707,2018,50.8389837332904,Forest area (% of land area),EC,Ecuador,Latin America & Caribbean ,Upper middle income,IBRD,-78.5243,-0.229498
3708,2017,51.0977613142213,Forest area (% of land area),EC,Ecuador,Latin America & Caribbean ,Upper middle income,IBRD,-78.5243,-0.229498
3709,2016,51.3565388951522,Forest area (% of land area),EC,Ecuador,Latin America & Caribbean ,Upper middle income,IBRD,-78.5243,-0.229498
3710,2025,,Forest area (% of land area),EG,"Egypt, Arab Rep.","Middle East, North Africa, Afghanistan & Pakistan",Lower middle income,IBRD,31.2461,30.0982
3711,2024,,Forest area (% of land area),EG,"Egypt, Arab Rep.","Middle East, North Africa, Afghanistan & Pakistan",Lower middle income,IBRD,31.2461,30.0982
3712,2023,0.0451855944547692,Forest area (% of land area),EG,"Egypt, Arab Rep.","Middle East, North Africa, Afghanistan & Pakistan",Lower middle income,IBRD,31.2461,30.0982
3713,2022,0.0451855944547692,Forest area (% of land area),EG,"Egypt, Arab Rep.","Middle East, North Africa, Afghanistan & Pakistan",Lower middle income,IBRD,31.2461,30.0982
3714,2021,0.0451855944547692,Forest area (% of land area),EG,"Egypt, Arab Rep.","Middle East, North Africa, Afghanistan & Pakistan",Lower middle income,IBRD,31.2461,30.0982
3715,2020,0.0451855944547692,Forest area (% of land area),EG,"Egypt, Arab Rep.","Middle East, North Africa, Afghanistan & Pakistan",Lower middle income,IBRD,31.2461,30.0982
3716,2019,0.0451855944547692,Forest area (% of land area),EG,"Egypt, Arab Rep.","Middle East, North Africa, Afghanistan & Pakistan",Lower middle income,IBRD,31.2461,30.0982
3717,2018,0.0451855944547692,Forest area (% of land area),EG,"Egypt, Arab Rep.","Middle East, North Africa, Afghanistan & Pakistan",Lower middle income,IBRD,31.2461,30.0982
3718,2017,0.0451855944547692,Forest area (% of land area),EG,"Egypt, Arab Rep.","Middle East, North Africa, Afghanistan & Pakistan",Lower middle income,IBRD,31.2461,30.0982
3719,2016,0.0451855944547692,Forest area (% of land area),EG,"Egypt, Arab Rep.","Middle East, North Africa, Afghanistan & Pakistan",Lower middle income,IBRD,31.2461,30.0982
3720,2025,,Forest area (% of land area),SV,El Salvador,Latin America & Caribbean ,Upper middle income,IBRD,-89.2073,13.7034
3721,2024,,Forest area (% of land area),SV,El Salvador,Latin America & Caribbean ,Upper middle income,IBRD,-89.2073,13.7034
3722,2023,27.5279922779923,Forest area (% of land area),SV,El Salvador,Latin America & Caribbean ,Upper middle income,IBRD,-89.2073,13.7034
3723,2022,27.7451737451737,Forest area (% of land area),SV,El Salvador,Latin America & Caribbean ,Upper middle income,IBRD,-89.2073,13.7034
3724,2021,27.9623552123552,Forest area (% of land area),SV,El Salvador,Latin America & Caribbean ,Upper middle income,IBRD,-89.2073,13.7034
3725,2020,28.1795366795367,Forest area (% of land area),SV,El Salvador,Latin America & Caribbean ,Upper middle income,IBRD,-89.2073,13.7034
3726,2019,28.3967181467181,Forest area (% of land area),SV,El Salvador,Latin America & Caribbean ,Upper middle income,IBRD,-89.2073,13.7034
3727,2018,28.6138996138996,Forest area (% of land area),SV,El Salvador,Latin America & Caribbean ,Upper middle income,IBRD,-89.2073,13.7034
3728,2017,28.8310810810811,Forest area (% of land area),SV,El Salvador,Latin America & Caribbean ,Upper middle income,IBRD,-89.2073,13.7034
3729,2016,29.0482625482625,Forest area (% of land area),SV,El Salvador,Latin America & Caribbean ,Upper middle income,IBRD,-89.2073,13.7034
3730,2025,,Forest area (% of land area),GQ,Equatorial Guinea,Sub-Saharan Africa ,Upper middle income,IBRD,8.7741,3.7523
3731,2024,,Forest area (% of land area),GQ,Equatorial Guinea,Sub-Saharan Africa ,Upper middle income,IBRD,8.7741,3.7523
3732,2023,86.3935828877005,Forest area (% of land area),GQ,Equatorial Guinea,Sub-Saharan Africa ,Upper middle income,IBRD,8.7741,3.7523
3733,2022,86.6916221033868,Forest area (% of land area),GQ,Equatorial Guinea,Sub-Saharan Africa ,Upper middle income,IBRD,8.7741,3.7523
3734,2021,86.9896613190731,Forest area (% of land area),GQ,Equatorial Guinea,Sub-Saharan Africa ,Upper middle income,IBRD,8.7741,3.7523
3735,2020,87.2877005347594,Forest area (% of land area),GQ,Equatorial Guinea,Sub-Saharan Africa ,Upper middle income,IBRD,8.7741,3.7523
3736,2019,87.5857397504456,Forest area (% of land area),GQ,Equatorial Guinea,Sub-Saharan Africa ,Upper middle income,IBRD,8.7741,3.7523
3737,2018,87.8837789661319,Forest area (% of land area),GQ,Equatorial Guinea,Sub-Saharan Africa ,Upper middle income,IBRD,8.7741,3.7523
3738,2017,88.1818181818182,Forest area (% of land area),GQ,Equatorial Guinea,Sub-Saharan Africa ,Upper middle income,IBRD,8.7741,3.7523
3739,2016,88.4798573975044,Forest area (% of land area),GQ,Equatorial Guinea,Sub-Saharan Africa ,Upper middle income,IBRD,8.7741,3.7523
3740,2025,,Forest area (% of land area),ER,Eritrea,Sub-Saharan Africa ,Low income,IDA,38.9183,15.3315
3741,2024,,Forest area (% of land area),ER,Eritrea,Sub-Saharan Africa ,Low income,IDA,38.9183,15.3315
3742,2023,8.63010013352237,Forest area (% of land area),ER,Eritrea,Sub-Saharan Africa ,Low income,IDA,38.9183,15.3315
3743,2022,8.65617743125414,Forest area (% of land area),ER,Eritrea,Sub-Saharan Africa ,Low income,IDA,38.9183,15.3315
3744,2021,8.68225472898591,Forest area (% of land area),ER,Eritrea,Sub-Saharan Africa ,Low income,IDA,38.9183,15.3315
3745,2020,8.71821523958664,Forest area (% of land area),ER,Eritrea,Sub-Saharan Africa ,Low income,IDA,38.9183,15.3315
3746,2019,8.74145380877288,Forest area (% of land area),ER,Eritrea,Sub-Saharan Africa ,Low income,IDA,38.9183,15.3315
3747,2018,8.76775721087697,Forest area (% of land area),ER,Eritrea,Sub-Saharan Africa ,Low income,IDA,38.9183,15.3315
3748,2017,8.79432689018704,Forest area (% of land area),ER,Eritrea,Sub-Saharan Africa ,Low income,IDA,38.9183,15.3315
3749,2016,8.81997366660957,Forest area (% of land area),ER,Eritrea,Sub-Saharan Africa ,Low income,IDA,38.9183,15.3315
3750,2025,,Forest area (% of land area),EE,Estonia,Europe & Central Asia,High income,Not classified,24.7586,59.4392
3751,2024,,Forest area (% of land area),EE,Estonia,Europe & Central Asia,High income,Not classified,24.7586,59.4392
3752,2023,57.0652937046572,Forest area (% of land area),EE,Estonia,Europe & Central Asia,High income,Not classified,24.7586,59.4392
3753,2022,57.0652937046572,Forest area (% of land area),EE,Estonia,Europe & Central Asia,High income,Not classified,24.7586,59.4392
3754,2021,57.0385964912281,Forest area (% of land area),EE,Estonia,Europe & Central Asia,High income,Not classified,24.7586,59.4392
3755,2020,57.0385964912281,Forest area (% of land area),EE,Estonia,Europe & Central Asia,High income,Not classified,24.7586,59.4392
3756,2019,57.0385964912281,Forest area (% of land area),EE,Estonia,Europe & Central Asia,High income,Not classified,24.7586,59.4392
3757,2018,57.0385964912281,Forest area (% of land area),EE,Estonia,Europe & Central Asia,High income,Not classified,24.7586,59.4392
3758,2017,57.0385964912281,Forest area (% of land area),EE,Estonia,Europe & Central Asia,High income,Not classified,24.7586,59.4392
3759,2016,55.6993328732459,Forest area (% of land area),EE,Estonia,Europe & Central Asia,High income,Not classified,24.7586,59.4392
3760,2025,,Forest area (% of land area),SZ,Eswatini,Sub-Saharan Africa ,Lower middle income,Blend,31.4659,-26.5225
3761,2024,,Forest area (% of land area),SZ,Eswatini,Sub-Saharan Africa ,Lower middle income,Blend,31.4659,-26.5225
3762,2023,29.1389534883721,Forest area (% of land area),SZ,Eswatini,Sub-Saharan Africa ,Lower middle income,Blend,31.4659,-26.5225
3763,2022,29.0686046511628,Forest area (% of land area),SZ,Eswatini,Sub-Saharan Africa ,Lower middle income,Blend,31.4659,-26.5225
3764,2021,28.9982558139535,Forest area (% of land area),SZ,Eswatini,Sub-Saharan Africa ,Lower middle income,Blend,31.4659,-26.5225
3765,2020,28.9279069767442,Forest area (% of land area),SZ,Eswatini,Sub-Saharan Africa ,Lower middle income,Blend,31.4659,-26.5225
3766,2019,28.8575581395349,Forest area (% of land area),SZ,Eswatini,Sub-Saharan Africa ,Lower middle income,Blend,31.4659,-26.5225
3767,2018,28.7872093023256,Forest area (% of land area),SZ,Eswatini,Sub-Saharan Africa ,Lower middle income,Blend,31.4659,-26.5225
3768,2017,28.7168604651163,Forest area (% of land area),SZ,Eswatini,Sub-Saharan Africa ,Lower middle income,Blend,31.4659,-26.5225
3769,2016,28.646511627907,Forest area (% of land area),SZ,Eswatini,Sub-Saharan Africa ,Lower middle income,Blend,31.4659,-26.5225
3770,2025,,Forest area (% of land area),ET,Ethiopia,Sub-Saharan Africa ,Low income,IDA,38.7468,9.02274
3771,2024,,Forest area (% of land area),ET,Ethiopia,Sub-Saharan Africa ,Low income,IDA,38.7468,9.02274
3772,2023,14.9308975782695,Forest area (% of land area),ET,Ethiopia,Sub-Saharan Africa ,Low income,IDA,38.7468,9.02274
3773,2022,14.9955852855138,Forest area (% of land area),ET,Ethiopia,Sub-Saharan Africa ,Low income,IDA,38.7468,9.02274
3774,2021,15.0601822445542,Forest area (% of land area),ET,Ethiopia,Sub-Saharan Africa ,Low income,IDA,38.7468,9.02274
3775,2020,15.1239877246579,Forest area (% of land area),ET,Ethiopia,Sub-Saharan Africa ,Low income,IDA,38.7468,9.02274
3776,2019,15.1886779997606,Forest area (% of land area),ET,Ethiopia,Sub-Saharan Africa ,Low income,IDA,38.7468,9.02274
3777,2018,15.2534899740501,Forest area (% of land area),ET,Ethiopia,Sub-Saharan Africa ,Low income,IDA,38.7468,9.02274
3778,2017,15.3182908234333,Forest area (% of land area),ET,Ethiopia,Sub-Saharan Africa ,Low income,IDA,38.7468,9.02274
3779,2016,15.3828977407906,Forest area (% of land area),ET,Ethiopia,Sub-Saharan Africa ,Low income,IDA,38.7468,9.02274
3780,2025,,Forest area (% of land area),FO,Faroe Islands,Europe & Central Asia,High income,Not classified,-6.91181,61.8926
3781,2024,,Forest area (% of land area),FO,Faroe Islands,Europe & Central Asia,High income,Not classified,-6.91181,61.8926
3782,2023,0.0583941605839416,Forest area (% of land area),FO,Faroe Islands,Europe & Central Asia,High income,Not classified,-6.91181,61.8926
3783,2022,0.0583941605839416,Forest area (% of land area),FO,Faroe Islands,Europe & Central Asia,High income,Not classified,-6.91181,61.8926
3784,2021,0.0583941605839416,Forest area (% of land area),FO,Faroe Islands,Europe & Central Asia,High income,Not classified,-6.91181,61.8926
3785,2020,0.0585651537335286,Forest area (% of land area),FO,Faroe Islands,Europe & Central Asia,High income,Not classified,-6.91181,61.8926
3786,2019,0.0573065902578797,Forest area (% of land area),FO,Faroe Islands,Europe & Central Asia,High income,Not classified,-6.91181,61.8926
3787,2018,0.0573065902578797,Forest area (% of land area),FO,Faroe Islands,Europe & Central Asia,High income,Not classified,-6.91181,61.8926
3788,2017,0.0573065902578797,Forest area (% of land area),FO,Faroe Islands,Europe & Central Asia,High income,Not classified,-6.91181,61.8926
3789,2016,0.0573065902578797,Forest area (% of land area),FO,Faroe Islands,Europe & Central Asia,High income,Not classified,-6.91181,61.8926
3790,2025,,Forest area (% of land area),FJ,Fiji,East Asia & Pacific,Upper middle income,Blend,178.399,-18.1149
3791,2024,,Forest area (% of land area),FJ,Fiji,East Asia & Pacific,Upper middle income,Blend,178.399,-18.1149
3792,2023,63.4953475643131,Forest area (% of land area),FJ,Fiji,East Asia & Pacific,Upper middle income,Blend,178.399,-18.1149
3793,2022,63.1297208538588,Forest area (% of land area),FJ,Fiji,East Asia & Pacific,Upper middle income,Blend,178.399,-18.1149
3794,2021,62.7640941434045,Forest area (% of land area),FJ,Fiji,East Asia & Pacific,Upper middle income,Blend,178.399,-18.1149
3795,2020,62.3984674329502,Forest area (% of land area),FJ,Fiji,East Asia & Pacific,Upper middle income,Blend,178.399,-18.1149
3796,2019,62.0328407224959,Forest area (% of land area),FJ,Fiji,East Asia & Pacific,Upper middle income,Blend,178.399,-18.1149
3797,2018,61.6672140120416,Forest area (% of land area),FJ,Fiji,East Asia & Pacific,Upper middle income,Blend,178.399,-18.1149
3798,2017,61.3015873015873,Forest area (% of land area),FJ,Fiji,East Asia & Pacific,Upper middle income,Blend,178.399,-18.1149
3799,2016,60.935960591133,Forest area (% of land area),FJ,Fiji,East Asia & Pacific,Upper middle income,Blend,178.399,-18.1149
3800,2025,,Forest area (% of land area),FI,Finland,Europe & Central Asia,High income,Not classified,24.9525,60.1608
3801,2024,,Forest area (% of land area),FI,Finland,Europe & Central Asia,High income,Not classified,24.9525,60.1608
3802,2023,73.7235162521384,Forest area (% of land area),FI,Finland,Europe & Central Asia,High income,Not classified,24.9525,60.1608
3803,2022,73.7264996576714,Forest area (% of land area),FI,Finland,Europe & Central Asia,High income,Not classified,24.9525,60.1608
3804,2021,73.7264996576714,Forest area (% of land area),FI,Finland,Europe & Central Asia,High income,Not classified,24.9525,60.1608
3805,2020,73.7283674409423,Forest area (% of land area),FI,Finland,Europe & Central Asia,High income,Not classified,24.9525,60.1608
3806,2019,73.7307932747672,Forest area (% of land area),FI,Finland,Europe & Central Asia,High income,Not classified,24.9525,60.1608
3807,2018,73.7332192682285,Forest area (% of land area),FI,Finland,Europe & Central Asia,High income,Not classified,24.9525,60.1608
3808,2017,73.7332192682285,Forest area (% of land area),FI,Finland,Europe & Central Asia,High income,Not classified,24.9525,60.1608
3809,2016,73.7356454213418,Forest area (% of land area),FI,Finland,Europe & Central Asia,High income,Not classified,24.9525,60.1608
3810,2025,,Forest area (% of land area),FR,France,Europe & Central Asia,High income,Not classified,2.35097,48.8566
3811,2024,,Forest area (% of land area),FR,France,Europe & Central Asia,High income,Not classified,2.35097,48.8566
3812,2023,32.4764820484275,Forest area (% of land area),FR,France,Europe & Central Asia,High income,Not classified,2.35097,48.8566
3813,2022,32.32173671027,Forest area (% of land area),FR,France,Europe & Central Asia,High income,Not classified,2.35097,48.8566
3814,2021,32.1669913721124,Forest area (% of land area),FR,France,Europe & Central Asia,High income,Not classified,2.35097,48.8566
3815,2020,32.0122460339549,Forest area (% of land area),FR,France,Europe & Central Asia,High income,Not classified,2.35097,48.8566
3816,2019,31.8575006957974,Forest area (% of land area),FR,France,Europe & Central Asia,High income,Not classified,2.35097,48.8566
3817,2018,31.7027553576399,Forest area (% of land area),FR,France,Europe & Central Asia,High income,Not classified,2.35097,48.8566
3818,2017,31.5480100194823,Forest area (% of land area),FR,France,Europe & Central Asia,High income,Not classified,2.35097,48.8566
3819,2016,31.3932646813248,Forest area (% of land area),FR,France,Europe & Central Asia,High income,Not classified,2.35097,48.8566
3820,2025,,Forest area (% of land area),PF,French Polynesia,East Asia & Pacific,High income,Not classified,-149.57,-17.535
3821,2024,,Forest area (% of land area),PF,French Polynesia,East Asia & Pacific,High income,Not classified,-149.57,-17.535
3822,2023,43.0596369922213,Forest area (% of land area),PF,French Polynesia,East Asia & Pacific,High income,Not classified,-149.57,-17.535
3823,2022,43.0596369922213,Forest area (% of land area),PF,French Polynesia,East Asia & Pacific,High income,Not classified,-149.57,-17.535
3824,2021,43.0596369922213,Forest area (% of land area),PF,French Polynesia,East Asia & Pacific,High income,Not classified,-149.57,-17.535
3825,2020,43.0596369922213,Forest area (% of land area),PF,French Polynesia,East Asia & Pacific,High income,Not classified,-149.57,-17.535
3826,2019,43.0596369922213,Forest area (% of land area),PF,French Polynesia,East Asia & Pacific,High income,Not classified,-149.57,-17.535
3827,2018,43.0596369922213,Forest area (% of land area),PF,French Polynesia,East Asia & Pacific,High income,Not classified,-149.57,-17.535
3828,2017,43.0596369922213,Forest area (% of land area),PF,French Polynesia,East Asia & Pacific,High income,Not classified,-149.57,-17.535
3829,2016,43.0596369922213,Forest area (% of land area),PF,French Polynesia,East Asia & Pacific,High income,Not classified,-149.57,-17.535
3830,2025,,Forest area (% of land area),GA,Gabon,Sub-Saharan Africa ,Upper middle income,IBRD,9.45162,0.38832
3831,2024,,Forest area (% of land area),GA,Gabon,Sub-Saharan Africa ,Upper middle income,IBRD,9.45162,0.38832
3832,2023,91.1823650405558,Forest area (% of land area),GA,Gabon,Sub-Saharan Africa ,Upper middle income,IBRD,9.45162,0.38832
3833,2022,91.228470524314,Forest area (% of land area),GA,Gabon,Sub-Saharan Africa ,Upper middle income,IBRD,9.45162,0.38832
3834,2021,91.2745760080723,Forest area (% of land area),GA,Gabon,Sub-Saharan Africa ,Upper middle income,IBRD,9.45162,0.38832
3835,2020,91.3206814918306,Forest area (% of land area),GA,Gabon,Sub-Saharan Africa ,Upper middle income,IBRD,9.45162,0.38832
3836,2019,91.3667869755889,Forest area (% of land area),GA,Gabon,Sub-Saharan Africa ,Upper middle income,IBRD,9.45162,0.38832
3837,2018,91.4128924593472,Forest area (% of land area),GA,Gabon,Sub-Saharan Africa ,Upper middle income,IBRD,9.45162,0.38832
3838,2017,91.4589979431055,Forest area (% of land area),GA,Gabon,Sub-Saharan Africa ,Upper middle income,IBRD,9.45162,0.38832
3839,2016,91.5051034268638,Forest area (% of land area),GA,Gabon,Sub-Saharan Africa ,Upper middle income,IBRD,9.45162,0.38832
3840,2025,,Forest area (% of land area),GM,"Gambia, The",Sub-Saharan Africa ,Low income,IDA,-16.5885,13.4495
3841,2024,,Forest area (% of land area),GM,"Gambia, The",Sub-Saharan Africa ,Low income,IDA,-16.5885,13.4495
3842,2023,22.2792391304348,Forest area (% of land area),GM,"Gambia, The",Sub-Saharan Africa ,Low income,IDA,-16.5885,13.4495
3843,2022,22.8459584980237,Forest area (% of land area),GM,"Gambia, The",Sub-Saharan Africa ,Low income,IDA,-16.5885,13.4495
3844,2021,23.4123814229249,Forest area (% of land area),GM,"Gambia, The",Sub-Saharan Africa ,Low income,IDA,-16.5885,13.4495
3845,2020,23.9792490118577,Forest area (% of land area),GM,"Gambia, The",Sub-Saharan Africa ,Low income,IDA,-16.5885,13.4495
3846,2019,24.5454545454545,Forest area (% of land area),GM,"Gambia, The",Sub-Saharan Africa ,Low income,IDA,-16.5885,13.4495
3847,2018,25.1126482213439,Forest area (% of land area),GM,"Gambia, The",Sub-Saharan Africa ,Low income,IDA,-16.5885,13.4495
3848,2017,25.6788537549407,Forest area (% of land area),GM,"Gambia, The",Sub-Saharan Africa ,Low income,IDA,-16.5885,13.4495
3849,2016,26.2450592885375,Forest area (% of land area),GM,"Gambia, The",Sub-Saharan Africa ,Low income,IDA,-16.5885,13.4495
3850,2025,,Forest area (% of land area),GE,Georgia,Europe & Central Asia,Upper middle income,IBRD,44.793,41.71
3851,2024,,Forest area (% of land area),GE,Georgia,Europe & Central Asia,Upper middle income,IBRD,44.793,41.71
3852,2023,40.6159159591308,Forest area (% of land area),GE,Georgia,Europe & Central Asia,Upper middle income,IBRD,44.793,41.71
3853,2022,40.6159159591308,Forest area (% of land area),GE,Georgia,Europe & Central Asia,Upper middle income,IBRD,44.793,41.71
3854,2021,40.6159159591308,Forest area (% of land area),GE,Georgia,Europe & Central Asia,Upper middle income,IBRD,44.793,41.71
3855,2020,40.6159159591308,Forest area (% of land area),GE,Georgia,Europe & Central Asia,Upper middle income,IBRD,44.793,41.71
3856,2019,40.6159159591308,Forest area (% of land area),GE,Georgia,Europe & Central Asia,Upper middle income,IBRD,44.793,41.71
3857,2018,40.6159159591308,Forest area (% of land area),GE,Georgia,Europe & Central Asia,Upper middle income,IBRD,44.793,41.71
3858,2017,40.6159159591308,Forest area (% of land area),GE,Georgia,Europe & Central Asia,Upper middle income,IBRD,44.793,41.71
3859,2016,40.6159159591308,Forest area (% of land area),GE,Georgia,Europe & Central Asia,Upper middle income,IBRD,44.793,41.71
3860,2025,,Forest area (% of land area),DE,Germany,Europe & Central Asia,High income,Not classified,13.4115,52.5235
3861,2024,,Forest area (% of land area),DE,Germany,Europe & Central Asia,High income,Not classified,13.4115,52.5235
3862,2023,32.6789342643734,Forest area (% of land area),DE,Germany,Europe & Central Asia,High income,Not classified,13.4115,52.5235
3863,2022,32.685482024273,Forest area (% of land area),DE,Germany,Europe & Central Asia,High income,Not classified,13.4115,52.5235
3864,2021,32.6826755201923,Forest area (% of land area),DE,Germany,Europe & Central Asia,High income,Not classified,13.4115,52.5235
3865,2020,32.6826755201923,Forest area (% of land area),DE,Germany,Europe & Central Asia,High income,Not classified,13.4115,52.5235
3866,2019,32.6826755201923,Forest area (% of land area),DE,Germany,Europe & Central Asia,High income,Not classified,13.4115,52.5235
3867,2018,32.6836109680005,Forest area (% of land area),DE,Germany,Europe & Central Asia,High income,Not classified,13.4115,52.5235
3868,2017,32.6845464693591,Forest area (% of land area),DE,Germany,Europe & Central Asia,High income,Not classified,13.4115,52.5235
3869,2016,32.685482024273,Forest area (% of land area),DE,Germany,Europe & Central Asia,High income,Not classified,13.4115,52.5235
3870,2025,,Forest area (% of land area),GH,Ghana,Sub-Saharan Africa ,Lower middle income,IDA,-0.20795,5.57045
3871,2024,,Forest area (% of land area),GH,Ghana,Sub-Saharan Africa ,Lower middle income,IDA,-0.20795,5.57045
3872,2023,35.1921958573042,Forest area (% of land area),GH,Ghana,Sub-Saharan Africa ,Lower middle income,IDA,-0.20795,5.57045
3873,2022,35.1604431005612,Forest area (% of land area),GH,Ghana,Sub-Saharan Africa ,Lower middle income,IDA,-0.20795,5.57045
3874,2021,35.1286771589176,Forest area (% of land area),GH,Ghana,Sub-Saharan Africa ,Lower middle income,IDA,-0.20795,5.57045
3875,2020,35.0973937502747,Forest area (% of land area),GH,Ghana,Sub-Saharan Africa ,Lower middle income,IDA,-0.20795,5.57045
3876,2019,35.0651553840542,Forest area (% of land area),GH,Ghana,Sub-Saharan Africa ,Lower middle income,IDA,-0.20795,5.57045
3877,2018,35.0323459611497,Forest area (% of land area),GH,Ghana,Sub-Saharan Africa ,Lower middle income,IDA,-0.20795,5.57045
3878,2017,35.0006152764349,Forest area (% of land area),GH,Ghana,Sub-Saharan Africa ,Lower middle income,IDA,-0.20795,5.57045
3879,2016,34.8169113122967,Forest area (% of land area),GH,Ghana,Sub-Saharan Africa ,Lower middle income,IDA,-0.20795,5.57045
3880,2025,,Forest area (% of land area),GI,Gibraltar,Europe & Central Asia,High income,Not classified,,
3881,2024,,Forest area (% of land area),GI,Gibraltar,Europe & Central Asia,High income,Not classified,,
3882,2023,0.0,Forest area (% of land area),GI,Gibraltar,Europe & Central Asia,High income,Not classified,,
3883,2022,0.0,Forest area (% of land area),GI,Gibraltar,Europe & Central Asia,High income,Not classified,,
3884,2021,0.0,Forest area (% of land area),GI,Gibraltar,Europe & Central Asia,High income,Not classified,,
3885,2020,0.0,Forest area (% of land area),GI,Gibraltar,Europe & Central Asia,High income,Not classified,,
3886,2019,0.0,Forest area (% of land area),GI,Gibraltar,Europe & Central Asia,High income,Not classified,,
3887,2018,0.0,Forest area (% of land area),GI,Gibraltar,Europe & Central Asia,High income,Not classified,,
3888,2017,0.0,Forest area (% of land area),GI,Gibraltar,Europe & Central Asia,High income,Not classified,,
3889,2016,0.0,Forest area (% of land area),GI,Gibraltar,Europe & Central Asia,High income,Not classified,,
3890,2025,,Forest area (% of land area),GR,Greece,Europe & Central Asia,High income,Not classified,23.7166,37.9792
3891,2024,,Forest area (% of land area),GR,Greece,Europe & Central Asia,High income,Not classified,23.7166,37.9792
3892,2023,30.2699767261443,Forest area (% of land area),GR,Greece,Europe & Central Asia,High income,Not classified,23.7166,37.9792
3893,2022,30.2699767261443,Forest area (% of land area),GR,Greece,Europe & Central Asia,High income,Not classified,23.7166,37.9792
3894,2021,30.2699767261443,Forest area (% of land area),GR,Greece,Europe & Central Asia,High income,Not classified,23.7166,37.9792
3895,2020,30.2699767261443,Forest area (% of land area),GR,Greece,Europe & Central Asia,High income,Not classified,23.7166,37.9792
3896,2019,30.2699767261443,Forest area (% of land area),GR,Greece,Europe & Central Asia,High income,Not classified,23.7166,37.9792
3897,2018,30.2699767261443,Forest area (% of land area),GR,Greece,Europe & Central Asia,High income,Not classified,23.7166,37.9792
3898,2017,30.2699767261443,Forest area (% of land area),GR,Greece,Europe & Central Asia,High income,Not classified,23.7166,37.9792
3899,2016,30.2699767261443,Forest area (% of land area),GR,Greece,Europe & Central Asia,High income,Not classified,23.7166,37.9792
3900,2025,,Forest area (% of land area),GL,Greenland,Europe & Central Asia,High income,Not classified,-51.7214,64.1836
3901,2024,,Forest area (% of land area),GL,Greenland,Europe & Central Asia,High income,Not classified,-51.7214,64.1836
3902,2023,0.000535997076379583,Forest area (% of land area),GL,Greenland,Europe & Central Asia,High income,Not classified,-51.7214,64.1836
3903,2022,0.000535997076379583,Forest area (% of land area),GL,Greenland,Europe & Central Asia,High income,Not classified,-51.7214,64.1836
3904,2021,0.000535997076379583,Forest area (% of land area),GL,Greenland,Europe & Central Asia,High income,Not classified,-51.7214,64.1836
3905,2020,0.000535997076379583,Forest area (% of land area),GL,Greenland,Europe & Central Asia,High income,Not classified,-51.7214,64.1836
3906,2019,0.000535997076379583,Forest area (% of land area),GL,Greenland,Europe & Central Asia,High income,Not classified,-51.7214,64.1836
3907,2018,0.000535997076379583,Forest area (% of land area),GL,Greenland,Europe & Central Asia,High income,Not classified,-51.7214,64.1836
3908,2017,0.000535997076379583,Forest area (% of land area),GL,Greenland,Europe & Central Asia,High income,Not classified,-51.7214,64.1836
3909,2016,0.000535997076379583,Forest area (% of land area),GL,Greenland,Europe & Central Asia,High income,Not classified,-51.7214,64.1836
3910,2025,,Forest area (% of land area),GD,Grenada,Latin America & Caribbean ,Upper middle income,Blend,-61.7449,12.0653
3911,2024,,Forest area (% of land area),GD,Grenada,Latin America & Caribbean ,Upper middle income,Blend,-61.7449,12.0653
3912,2023,52.0588235294118,Forest area (% of land area),GD,Grenada,Latin America & Caribbean ,Upper middle income,Blend,-61.7449,12.0653
3913,2022,52.0588235294118,Forest area (% of land area),GD,Grenada,Latin America & Caribbean ,Upper middle income,Blend,-61.7449,12.0653
3914,2021,52.0588235294118,Forest area (% of land area),GD,Grenada,Latin America & Caribbean ,Upper middle income,Blend,-61.7449,12.0653
3915,2020,52.0588235294118,Forest area (% of land area),GD,Grenada,Latin America & Caribbean ,Upper middle income,Blend,-61.7449,12.0653
3916,2019,52.0588235294118,Forest area (% of land area),GD,Grenada,Latin America & Caribbean ,Upper middle income,Blend,-61.7449,12.0653
3917,2018,52.0588235294118,Forest area (% of land area),GD,Grenada,Latin America & Caribbean ,Upper middle income,Blend,-61.7449,12.0653
3918,2017,52.0588235294118,Forest area (% of land area),GD,Grenada,Latin America & Caribbean ,Upper middle income,Blend,-61.7449,12.0653
3919,2016,52.0588235294118,Forest area (% of land area),GD,Grenada,Latin America & Caribbean ,Upper middle income,Blend,-61.7449,12.0653
3920,2025,,Forest area (% of land area),GU,Guam,East Asia & Pacific,High income,Not classified,144.794,13.4443
3921,2024,,Forest area (% of land area),GU,Guam,East Asia & Pacific,High income,Not classified,144.794,13.4443
3922,2023,51.8518518518518,Forest area (% of land area),GU,Guam,East Asia & Pacific,High income,Not classified,144.794,13.4443
3923,2022,51.8518518518518,Forest area (% of land area),GU,Guam,East Asia & Pacific,High income,Not classified,144.794,13.4443
3924,2021,51.8518518518518,Forest area (% of land area),GU,Guam,East Asia & Pacific,High income,Not classified,144.794,13.4443
3925,2020,51.8518518518518,Forest area (% of land area),GU,Guam,East Asia & Pacific,High income,Not classified,144.794,13.4443
3926,2019,51.8518518518518,Forest area (% of land area),GU,Guam,East Asia & Pacific,High income,Not classified,144.794,13.4443
3927,2018,51.8518518518518,Forest area (% of land area),GU,Guam,East Asia & Pacific,High income,Not classified,144.794,13.4443
3928,2017,51.8518518518518,Forest area (% of land area),GU,Guam,East Asia & Pacific,High income,Not classified,144.794,13.4443
3929,2016,51.8518518518518,Forest area (% of land area),GU,Guam,East Asia & Pacific,High income,Not classified,144.794,13.4443
3930,2025,,Forest area (% of land area),GT,Guatemala,Latin America & Caribbean ,Upper middle income,IBRD,-90.5328,14.6248
3931,2024,,Forest area (% of land area),GT,Guatemala,Latin America & Caribbean ,Upper middle income,IBRD,-90.5328,14.6248
3932,2023,32.5961179544606,Forest area (% of land area),GT,Guatemala,Latin America & Caribbean ,Upper middle income,IBRD,-90.5328,14.6248
3933,2022,32.7043673012318,Forest area (% of land area),GT,Guatemala,Latin America & Caribbean ,Upper middle income,IBRD,-90.5328,14.6248
3934,2021,32.812616648003,Forest area (% of land area),GT,Guatemala,Latin America & Caribbean ,Upper middle income,IBRD,-90.5328,14.6248
3935,2020,32.9208659947742,Forest area (% of land area),GT,Guatemala,Latin America & Caribbean ,Upper middle income,IBRD,-90.5328,14.6248
3936,2019,33.0291153415453,Forest area (% of land area),GT,Guatemala,Latin America & Caribbean ,Upper middle income,IBRD,-90.5328,14.6248
3937,2018,33.1373646883165,Forest area (% of land area),GT,Guatemala,Latin America & Caribbean ,Upper middle income,IBRD,-90.5328,14.6248
3938,2017,33.2456140350877,Forest area (% of land area),GT,Guatemala,Latin America & Caribbean ,Upper middle income,IBRD,-90.5328,14.6248
3939,2016,33.3538633818589,Forest area (% of land area),GT,Guatemala,Latin America & Caribbean ,Upper middle income,IBRD,-90.5328,14.6248
3940,2025,,Forest area (% of land area),GN,Guinea,Sub-Saharan Africa ,Lower middle income,IDA,-13.7,9.51667
3941,2024,,Forest area (% of land area),GN,Guinea,Sub-Saharan Africa ,Lower middle income,IDA,-13.7,9.51667
3942,2023,24.6988442129253,Forest area (% of land area),GN,Guinea,Sub-Saharan Africa ,Lower middle income,IDA,-13.7,9.51667
3943,2022,24.8616311248576,Forest area (% of land area),GN,Guinea,Sub-Saharan Africa ,Lower middle income,IDA,-13.7,9.51667
3944,2021,25.0244180367898,Forest area (% of land area),GN,Guinea,Sub-Saharan Africa ,Lower middle income,IDA,-13.7,9.51667
3945,2020,25.1872049487221,Forest area (% of land area),GN,Guinea,Sub-Saharan Africa ,Lower middle income,IDA,-13.7,9.51667
3946,2019,25.3499918606544,Forest area (% of land area),GN,Guinea,Sub-Saharan Africa ,Lower middle income,IDA,-13.7,9.51667
3947,2018,25.5127787725867,Forest area (% of land area),GN,Guinea,Sub-Saharan Africa ,Lower middle income,IDA,-13.7,9.51667
3948,2017,25.675565684519,Forest area (% of land area),GN,Guinea,Sub-Saharan Africa ,Lower middle income,IDA,-13.7,9.51667
3949,2016,25.8383525964512,Forest area (% of land area),GN,Guinea,Sub-Saharan Africa ,Lower middle income,IDA,-13.7,9.51667
3950,2025,,Forest area (% of land area),GW,Guinea-Bissau,Sub-Saharan Africa ,Low income,IDA,-15.1804,11.8037
3951,2024,,Forest area (% of land area),GW,Guinea-Bissau,Sub-Saharan Africa ,Low income,IDA,-15.1804,11.8037
3952,2023,69.5124466571835,Forest area (% of land area),GW,Guinea-Bissau,Sub-Saharan Africa ,Low income,IDA,-15.1804,11.8037
3953,2022,69.8125889046942,Forest area (% of land area),GW,Guinea-Bissau,Sub-Saharan Africa ,Low income,IDA,-15.1804,11.8037
3954,2021,70.1127311522048,Forest area (% of land area),GW,Guinea-Bissau,Sub-Saharan Africa ,Low income,IDA,-15.1804,11.8037
3955,2020,70.4128733997155,Forest area (% of land area),GW,Guinea-Bissau,Sub-Saharan Africa ,Low income,IDA,-15.1804,11.8037
3956,2019,70.7130156472262,Forest area (% of land area),GW,Guinea-Bissau,Sub-Saharan Africa ,Low income,IDA,-15.1804,11.8037
3957,2018,71.0131578947368,Forest area (% of land area),GW,Guinea-Bissau,Sub-Saharan Africa ,Low income,IDA,-15.1804,11.8037
3958,2017,71.3133001422475,Forest area (% of land area),GW,Guinea-Bissau,Sub-Saharan Africa ,Low income,IDA,-15.1804,11.8037
3959,2016,71.6134423897582,Forest area (% of land area),GW,Guinea-Bissau,Sub-Saharan Africa ,Low income,IDA,-15.1804,11.8037
3960,2025,,Forest area (% of land area),GY,Guyana,Latin America & Caribbean ,High income,IDA,-58.1548,6.80461
3961,2024,,Forest area (% of land area),GY,Guyana,Latin America & Caribbean ,High income,IDA,-58.1548,6.80461
3962,2023,87.0878369802027,Forest area (% of land area),GY,Guyana,Latin America & Caribbean ,High income,IDA,-58.1548,6.80461
3963,2022,87.1314345931609,Forest area (% of land area),GY,Guyana,Latin America & Caribbean ,High income,IDA,-58.1548,6.80461
3964,2021,87.1750179975372,Forest area (% of land area),GY,Guyana,Latin America & Caribbean ,High income,IDA,-58.1548,6.80461
3965,2020,87.2186227147864,Forest area (% of land area),GY,Guyana,Latin America & Caribbean ,High income,IDA,-58.1548,6.80461
3966,2019,93.5968503937008,Forest area (% of land area),GY,Guyana,Latin America & Caribbean ,High income,IDA,-58.1548,6.80461
3967,2018,93.6436372872746,Forest area (% of land area),GY,Guyana,Latin America & Caribbean ,High income,IDA,-58.1548,6.80461
3968,2017,93.6903733807468,Forest area (% of land area),GY,Guyana,Latin America & Caribbean ,High income,IDA,-58.1548,6.80461
3969,2016,93.7371602743206,Forest area (% of land area),GY,Guyana,Latin America & Caribbean ,High income,IDA,-58.1548,6.80461
3970,2025,,Forest area (% of land area),HT,Haiti,Latin America & Caribbean ,Lower middle income,IDA,-72.3288,18.5392
3971,2024,,Forest area (% of land area),HT,Haiti,Latin America & Caribbean ,Lower middle income,IDA,-72.3288,18.5392
3972,2023,12.2630624092888,Forest area (% of land area),HT,Haiti,Latin America & Caribbean ,Lower middle income,IDA,-72.3288,18.5392
3973,2022,12.3759071117562,Forest area (% of land area),HT,Haiti,Latin America & Caribbean ,Lower middle income,IDA,-72.3288,18.5392
3974,2021,12.4887518142235,Forest area (% of land area),HT,Haiti,Latin America & Caribbean ,Lower middle income,IDA,-72.3288,18.5392
3975,2020,12.6015965166909,Forest area (% of land area),HT,Haiti,Latin America & Caribbean ,Lower middle income,IDA,-72.3288,18.5392
3976,2019,12.7144412191582,Forest area (% of land area),HT,Haiti,Latin America & Caribbean ,Lower middle income,IDA,-72.3288,18.5392
3977,2018,12.8272859216255,Forest area (% of land area),HT,Haiti,Latin America & Caribbean ,Lower middle income,IDA,-72.3288,18.5392
3978,2017,12.9401306240929,Forest area (% of land area),HT,Haiti,Latin America & Caribbean ,Lower middle income,IDA,-72.3288,18.5392
3979,2016,13.0529753265602,Forest area (% of land area),HT,Haiti,Latin America & Caribbean ,Lower middle income,IDA,-72.3288,18.5392
3980,2025,,Forest area (% of land area),HN,Honduras,Latin America & Caribbean ,Lower middle income,IDA,-87.4667,15.1333
3981,2024,,Forest area (% of land area),HN,Honduras,Latin America & Caribbean ,Lower middle income,IDA,-87.4667,15.1333
3982,2023,56.2732147645008,Forest area (% of land area),HN,Honduras,Latin America & Caribbean ,Lower middle income,IDA,-87.4667,15.1333
3983,2022,56.4604522298686,Forest area (% of land area),HN,Honduras,Latin America & Caribbean ,Lower middle income,IDA,-87.4667,15.1333
3984,2021,56.6476896952364,Forest area (% of land area),HN,Honduras,Latin America & Caribbean ,Lower middle income,IDA,-87.4667,15.1333
3985,2020,56.8349271606042,Forest area (% of land area),HN,Honduras,Latin America & Caribbean ,Lower middle income,IDA,-87.4667,15.1333
3986,2019,57.0221646259719,Forest area (% of land area),HN,Honduras,Latin America & Caribbean ,Lower middle income,IDA,-87.4667,15.1333
3987,2018,57.2094020913397,Forest area (% of land area),HN,Honduras,Latin America & Caribbean ,Lower middle income,IDA,-87.4667,15.1333
3988,2017,57.3966395567075,Forest area (% of land area),HN,Honduras,Latin America & Caribbean ,Lower middle income,IDA,-87.4667,15.1333
3989,2016,57.5837876485834,Forest area (% of land area),HN,Honduras,Latin America & Caribbean ,Lower middle income,IDA,-87.4667,15.1333
3990,2025,,Forest area (% of land area),HK,"Hong Kong SAR, China",East Asia & Pacific,High income,Not classified,114.109,22.3964
3991,2024,,Forest area (% of land area),HK,"Hong Kong SAR, China",East Asia & Pacific,High income,Not classified,114.109,22.3964
3992,2023,,Forest area (% of land area),HK,"Hong Kong SAR, China",East Asia & Pacific,High income,Not classified,114.109,22.3964
3993,2022,,Forest area (% of land area),HK,"Hong Kong SAR, China",East Asia & Pacific,High income,Not classified,114.109,22.3964
3994,2021,,Forest area (% of land area),HK,"Hong Kong SAR, China",East Asia & Pacific,High income,Not classified,114.109,22.3964
3995,2020,,Forest area (% of land area),HK,"Hong Kong SAR, China",East Asia & Pacific,High income,Not classified,114.109,22.3964
3996,2019,,Forest area (% of land area),HK,"Hong Kong SAR, China",East Asia & Pacific,High income,Not classified,114.109,22.3964
3997,2018,,Forest area (% of land area),HK,"Hong Kong SAR, China",East Asia & Pacific,High income,Not classified,114.109,22.3964
3998,2017,,Forest area (% of land area),HK,"Hong Kong SAR, China",East Asia & Pacific,High income,Not classified,114.109,22.3964
3999,2016,,Forest area (% of land area),HK,"Hong Kong SAR, China",East Asia & Pacific,High income,Not classified,114.109,22.3964
4000,2025,,Forest area (% of land area),HU,Hungary,Europe & Central Asia,High income,Not classified,19.0408,47.4984
4001,2024,,Forest area (% of land area),HU,Hungary,Europe & Central Asia,High income,Not classified,19.0408,47.4984
4002,2023,22.4484341442034,Forest area (% of land area),HU,Hungary,Europe & Central Asia,High income,Not classified,19.0408,47.4984
4003,2022,22.4643754109139,Forest area (% of land area),HU,Hungary,Europe & Central Asia,High income,Not classified,19.0408,47.4984
4004,2021,22.4803495507342,Forest area (% of land area),HU,Hungary,Europe & Central Asia,High income,Not classified,19.0408,47.4984
4005,2020,22.4962743808898,Forest area (% of land area),HU,Hungary,Europe & Central Asia,High income,Not classified,19.0408,47.4984
4006,2019,22.5122726276572,Forest area (% of land area),HU,Hungary,Europe & Central Asia,High income,Not classified,19.0408,47.4984
4007,2018,22.5281612973921,Forest area (% of land area),HU,Hungary,Europe & Central Asia,High income,Not classified,19.0408,47.4984
4008,2017,22.5429541968004,Forest area (% of land area),HU,Hungary,Europe & Central Asia,High income,Not classified,19.0408,47.4984
4009,2016,22.5589524435678,Forest area (% of land area),HU,Hungary,Europe & Central Asia,High income,Not classified,19.0408,47.4984
4010,2025,,Forest area (% of land area),IS,Iceland,Europe & Central Asia,High income,Not classified,-21.8952,64.1353
4011,2024,,Forest area (% of land area),IS,Iceland,Europe & Central Asia,High income,Not classified,-21.8952,64.1353
4012,2023,0.528744421303184,Forest area (% of land area),IS,Iceland,Europe & Central Asia,High income,Not classified,-21.8952,64.1353
4013,2022,0.522265198849549,Forest area (% of land area),IS,Iceland,Europe & Central Asia,High income,Not classified,-21.8952,64.1353
4014,2021,0.515719527918278,Forest area (% of land area),IS,Iceland,Europe & Central Asia,High income,Not classified,-21.8952,64.1353
4015,2020,0.5092730338193,Forest area (% of land area),IS,Iceland,Europe & Central Asia,High income,Not classified,-21.8952,64.1353
4016,2019,0.502727362888029,Forest area (% of land area),IS,Iceland,Europe & Central Asia,High income,Not classified,-21.8952,64.1353
4017,2018,0.496280868789051,Forest area (% of land area),IS,Iceland,Europe & Central Asia,High income,Not classified,-21.8952,64.1353
4018,2017,0.492568578553616,Forest area (% of land area),IS,Iceland,Europe & Central Asia,High income,Not classified,-21.8952,64.1353
4019,2016,0.485386533665835,Forest area (% of land area),IS,Iceland,Europe & Central Asia,High income,Not classified,-21.8952,64.1353
4020,2025,,Forest area (% of land area),IN,India,South Asia,Lower middle income,IBRD,77.225,28.6353
4021,2024,,Forest area (% of land area),IN,India,South Asia,Lower middle income,IBRD,77.225,28.6353
4022,2023,24.5390304689576,Forest area (% of land area),IN,India,South Asia,Lower middle income,IBRD,77.225,28.6353
4023,2022,24.4494970049005,Forest area (% of land area),IN,India,South Asia,Lower middle income,IBRD,77.225,28.6353
4024,2021,24.3596944695764,Forest area (% of land area),IN,India,South Asia,Lower middle income,IBRD,77.225,28.6353
4025,2020,24.270228273336,Forest area (% of land area),IN,India,South Asia,Lower middle income,IBRD,77.225,28.6353
4026,2019,24.1807620770956,Forest area (% of land area),IN,India,South Asia,Lower middle income,IBRD,77.225,28.6353
4027,2018,24.0909595417716,Forest area (% of land area),IN,India,South Asia,Lower middle income,IBRD,77.225,28.6353
4028,2017,24.0014933455312,Forest area (% of land area),IN,India,South Asia,Lower middle income,IBRD,77.225,28.6353
4029,2016,23.9116908102072,Forest area (% of land area),IN,India,South Asia,Lower middle income,IBRD,77.225,28.6353
4030,2025,,Forest area (% of land area),ID,Indonesia,East Asia & Pacific,Upper middle income,IBRD,106.83,-6.19752
4031,2024,,Forest area (% of land area),ID,Indonesia,East Asia & Pacific,Upper middle income,IBRD,106.83,-6.19752
4032,2023,47.7220336902463,Forest area (% of land area),ID,Indonesia,East Asia & Pacific,Upper middle income,IBRD,106.83,-6.19752
4033,2022,48.0419900717626,Forest area (% of land area),ID,Indonesia,East Asia & Pacific,Upper middle income,IBRD,106.83,-6.19752
4034,2021,48.3619448681206,Forest area (% of land area),ID,Indonesia,East Asia & Pacific,Upper middle income,IBRD,106.83,-6.19752
4035,2020,49.0717803654717,Forest area (% of land area),ID,Indonesia,East Asia & Pacific,Upper middle income,IBRD,106.83,-6.19752
4036,2019,49.3942964092507,Forest area (% of land area),ID,Indonesia,East Asia & Pacific,Upper middle income,IBRD,106.83,-6.19752
4037,2018,49.7168177792076,Forest area (% of land area),ID,Indonesia,East Asia & Pacific,Upper middle income,IBRD,106.83,-6.19752
4038,2017,50.0393338229866,Forest area (% of land area),ID,Indonesia,East Asia & Pacific,Upper middle income,IBRD,106.83,-6.19752
4039,2016,50.7434545269582,Forest area (% of land area),ID,Indonesia,East Asia & Pacific,Upper middle income,IBRD,106.83,-6.19752
4040,2025,,Forest area (% of land area),IR,"Iran, Islamic Rep.","Middle East, North Africa, Afghanistan & Pakistan",Upper middle income,IBRD,51.4447,35.6878
4041,2024,,Forest area (% of land area),IR,"Iran, Islamic Rep.","Middle East, North Africa, Afghanistan & Pakistan",Upper middle income,IBRD,51.4447,35.6878
4042,2023,6.64923611710324,Forest area (% of land area),IR,"Iran, Islamic Rep.","Middle East, North Africa, Afghanistan & Pakistan",Upper middle income,IBRD,51.4447,35.6878
4043,2022,6.64160246533128,Forest area (% of land area),IR,"Iran, Islamic Rep.","Middle East, North Africa, Afghanistan & Pakistan",Upper middle income,IBRD,51.4447,35.6878
4044,2021,6.63543913713405,Forest area (% of land area),IR,"Iran, Islamic Rep.","Middle East, North Africa, Afghanistan & Pakistan",Upper middle income,IBRD,51.4447,35.6878
4045,2020,6.62681047765794,Forest area (% of land area),IR,"Iran, Islamic Rep.","Middle East, North Africa, Afghanistan & Pakistan",Upper middle income,IBRD,51.4447,35.6878
4046,2019,6.62126348228043,Forest area (% of land area),IR,"Iran, Islamic Rep.","Middle East, North Africa, Afghanistan & Pakistan",Upper middle income,IBRD,51.4447,35.6878
4047,2018,6.61140215716487,Forest area (% of land area),IR,"Iran, Islamic Rep.","Middle East, North Africa, Afghanistan & Pakistan",Upper middle income,IBRD,51.4447,35.6878
4048,2017,6.60154083204931,Forest area (% of land area),IR,"Iran, Islamic Rep.","Middle East, North Africa, Afghanistan & Pakistan",Upper middle income,IBRD,51.4447,35.6878
4049,2016,6.57064269751222,Forest area (% of land area),IR,"Iran, Islamic Rep.","Middle East, North Africa, Afghanistan & Pakistan",Upper middle income,IBRD,51.4447,35.6878
4050,2025,,Forest area (% of land area),IQ,Iraq,"Middle East, North Africa, Afghanistan & Pakistan",Upper middle income,IBRD,44.394,33.3302
4051,2024,,Forest area (% of land area),IQ,Iraq,"Middle East, North Africa, Afghanistan & Pakistan",Upper middle income,IBRD,44.394,33.3302
4052,2023,1.90035242899592,Forest area (% of land area),IQ,Iraq,"Middle East, North Africa, Afghanistan & Pakistan",Upper middle income,IBRD,44.394,33.3302
4053,2022,1.90035242899592,Forest area (% of land area),IQ,Iraq,"Middle East, North Africa, Afghanistan & Pakistan",Upper middle income,IBRD,44.394,33.3302
4054,2021,1.90035242899592,Forest area (% of land area),IQ,Iraq,"Middle East, North Africa, Afghanistan & Pakistan",Upper middle income,IBRD,44.394,33.3302
4055,2020,1.90035242899592,Forest area (% of land area),IQ,Iraq,"Middle East, North Africa, Afghanistan & Pakistan",Upper middle income,IBRD,44.394,33.3302
4056,2019,1.90035242899592,Forest area (% of land area),IQ,Iraq,"Middle East, North Africa, Afghanistan & Pakistan",Upper middle income,IBRD,44.394,33.3302
4057,2018,1.90036118379833,Forest area (% of land area),IQ,Iraq,"Middle East, North Africa, Afghanistan & Pakistan",Upper middle income,IBRD,44.394,33.3302
4058,2017,1.90036118379833,Forest area (% of land area),IQ,Iraq,"Middle East, North Africa, Afghanistan & Pakistan",Upper middle income,IBRD,44.394,33.3302
4059,2016,1.90036118379833,Forest area (% of land area),IQ,Iraq,"Middle East, North Africa, Afghanistan & Pakistan",Upper middle income,IBRD,44.394,33.3302
4060,2025,,Forest area (% of land area),IE,Ireland,Europe & Central Asia,High income,Not classified,-6.26749,53.3441
4061,2024,,Forest area (% of land area),IE,Ireland,Europe & Central Asia,High income,Not classified,-6.26749,53.3441
4062,2023,11.5259108724053,Forest area (% of land area),IE,Ireland,Europe & Central Asia,High income,Not classified,-6.26749,53.3441
4063,2022,11.4678472927856,Forest area (% of land area),IE,Ireland,Europe & Central Asia,High income,Not classified,-6.26749,53.3441
4064,2021,11.4097837131659,Forest area (% of land area),IE,Ireland,Europe & Central Asia,High income,Not classified,-6.26749,53.3441
4065,2020,11.3517201335462,Forest area (% of land area),IE,Ireland,Europe & Central Asia,High income,Not classified,-6.26749,53.3441
4066,2019,11.2936565539265,Forest area (% of land area),IE,Ireland,Europe & Central Asia,High income,Not classified,-6.26749,53.3441
4067,2018,11.2355929743069,Forest area (% of land area),IE,Ireland,Europe & Central Asia,High income,Not classified,-6.26749,53.3441
4068,2017,11.1775293946872,Forest area (% of land area),IE,Ireland,Europe & Central Asia,High income,Not classified,-6.26749,53.3441
4069,2016,11.0661924807664,Forest area (% of land area),IE,Ireland,Europe & Central Asia,High income,Not classified,-6.26749,53.3441
4070,2025,,Forest area (% of land area),IM,Isle of Man,Europe & Central Asia,High income,Not classified,-4.47928,54.1509
4071,2024,,Forest area (% of land area),IM,Isle of Man,Europe & Central Asia,High income,Not classified,-4.47928,54.1509
4072,2023,6.07017543859649,Forest area (% of land area),IM,Isle of Man,Europe & Central Asia,High income,Not classified,-4.47928,54.1509
4073,2022,6.07017543859649,Forest area (% of land area),IM,Isle of Man,Europe & Central Asia,High income,Not classified,-4.47928,54.1509
4074,2021,6.07017543859649,Forest area (% of land area),IM,Isle of Man,Europe & Central Asia,High income,Not classified,-4.47928,54.1509
4075,2020,6.07017543859649,Forest area (% of land area),IM,Isle of Man,Europe & Central Asia,High income,Not classified,-4.47928,54.1509
4076,2019,6.07017543859649,Forest area (% of land area),IM,Isle of Man,Europe & Central Asia,High income,Not classified,-4.47928,54.1509
4077,2018,6.07017543859649,Forest area (% of land area),IM,Isle of Man,Europe & Central Asia,High income,Not classified,-4.47928,54.1509
4078,2017,6.07017543859649,Forest area (% of land area),IM,Isle of Man,Europe & Central Asia,High income,Not classified,-4.47928,54.1509
4079,2016,6.07017543859649,Forest area (% of land area),IM,Isle of Man,Europe & Central Asia,High income,Not classified,-4.47928,54.1509
4080,2025,,Forest area (% of land area),IL,Israel,"Middle East, North Africa, Afghanistan & Pakistan",High income,Not classified,35.2035,31.7717
4081,2024,,Forest area (% of land area),IL,Israel,"Middle East, North Africa, Afghanistan & Pakistan",High income,Not classified,35.2035,31.7717
4082,2023,6.46950092421442,Forest area (% of land area),IL,Israel,"Middle East, North Africa, Afghanistan & Pakistan",High income,Not classified,35.2035,31.7717
4083,2022,6.46950092421442,Forest area (% of land area),IL,Israel,"Middle East, North Africa, Afghanistan & Pakistan",High income,Not classified,35.2035,31.7717
4084,2021,6.46950092421442,Forest area (% of land area),IL,Israel,"Middle East, North Africa, Afghanistan & Pakistan",High income,Not classified,35.2035,31.7717
4085,2020,6.46950092421442,Forest area (% of land area),IL,Israel,"Middle East, North Africa, Afghanistan & Pakistan",High income,Not classified,35.2035,31.7717
4086,2019,6.46950092421442,Forest area (% of land area),IL,Israel,"Middle East, North Africa, Afghanistan & Pakistan",High income,Not classified,35.2035,31.7717
4087,2018,6.46950092421442,Forest area (% of land area),IL,Israel,"Middle East, North Africa, Afghanistan & Pakistan",High income,Not classified,35.2035,31.7717
4088,2017,6.46950092421442,Forest area (% of land area),IL,Israel,"Middle East, North Africa, Afghanistan & Pakistan",High income,Not classified,35.2035,31.7717
4089,2016,6.46950092421442,Forest area (% of land area),IL,Israel,"Middle East, North Africa, Afghanistan & Pakistan",High income,Not classified,35.2035,31.7717
4090,2025,,Forest area (% of land area),IT,Italy,Europe & Central Asia,High income,Not classified,12.4823,41.8955
4091,2024,,Forest area (% of land area),IT,Italy,Europe & Central Asia,High income,Not classified,12.4823,41.8955
4092,2023,32.8944947923712,Forest area (% of land area),IT,Italy,Europe & Central Asia,High income,Not classified,12.4823,41.8955
4093,2022,32.7125321249831,Forest area (% of land area),IT,Italy,Europe & Central Asia,High income,Not classified,12.4823,41.8955
4094,2021,32.5308994748357,Forest area (% of land area),IT,Italy,Europe & Central Asia,High income,Not classified,12.4823,41.8955
4095,2020,32.3489349614665,Forest area (% of land area),IT,Italy,Europe & Central Asia,High income,Not classified,12.4823,41.8955
4096,2019,32.1669704480973,Forest area (% of land area),IT,Italy,Europe & Central Asia,High income,Not classified,12.4823,41.8955
4097,2018,31.9848977742309,Forest area (% of land area),IT,Italy,Europe & Central Asia,High income,Not classified,12.4823,41.8955
4098,2017,31.8029338761929,Forest area (% of land area),IT,Italy,Europe & Central Asia,High income,Not classified,12.4823,41.8955
4099,2016,31.6209699781549,Forest area (% of land area),IT,Italy,Europe & Central Asia,High income,Not classified,12.4823,41.8955
4100,2025,,Forest area (% of land area),JM,Jamaica,Latin America & Caribbean ,Upper middle income,IBRD,-76.792,17.9927
4101,2024,,Forest area (% of land area),JM,Jamaica,Latin America & Caribbean ,Upper middle income,IBRD,-76.792,17.9927
4102,2023,56.190757156048,Forest area (% of land area),JM,Jamaica,Latin America & Caribbean ,Upper middle income,IBRD,-76.792,17.9927
4103,2022,55.8320498614958,Forest area (% of land area),JM,Jamaica,Latin America & Caribbean ,Upper middle income,IBRD,-76.792,17.9927
4104,2021,55.4730655586334,Forest area (% of land area),JM,Jamaica,Latin America & Caribbean ,Upper middle income,IBRD,-76.792,17.9927
4105,2020,55.1144967682364,Forest area (% of land area),JM,Jamaica,Latin America & Caribbean ,Upper middle income,IBRD,-76.792,17.9927
4106,2019,54.7553093259464,Forest area (% of land area),JM,Jamaica,Latin America & Caribbean ,Upper middle income,IBRD,-76.792,17.9927
4107,2018,54.3970452446907,Forest area (% of land area),JM,Jamaica,Latin America & Caribbean ,Upper middle income,IBRD,-76.792,17.9927
4108,2017,54.0378578024007,Forest area (% of land area),JM,Jamaica,Latin America & Caribbean ,Upper middle income,IBRD,-76.792,17.9927
4109,2016,53.6786703601108,Forest area (% of land area),JM,Jamaica,Latin America & Caribbean ,Upper middle income,IBRD,-76.792,17.9927
4110,2025,,Forest area (% of land area),JP,Japan,East Asia & Pacific,High income,Not classified,139.77,35.67
4111,2024,,Forest area (% of land area),JP,Japan,East Asia & Pacific,High income,Not classified,139.77,35.67
4112,2023,68.3957811364628,Forest area (% of land area),JP,Japan,East Asia & Pacific,High income,Not classified,139.77,35.67
4113,2022,68.4087791495199,Forest area (% of land area),JP,Japan,East Asia & Pacific,High income,Not classified,139.77,35.67
4114,2021,68.4087791495199,Forest area (% of land area),JP,Japan,East Asia & Pacific,High income,Not classified,139.77,35.67
4115,2020,68.4087791495199,Forest area (% of land area),JP,Japan,East Asia & Pacific,High income,Not classified,139.77,35.67
4116,2019,68.4087791495199,Forest area (% of land area),JP,Japan,East Asia & Pacific,High income,Not classified,139.77,35.67
4117,2018,68.4087791495199,Forest area (% of land area),JP,Japan,East Asia & Pacific,High income,Not classified,139.77,35.67
4118,2017,68.4087791495199,Forest area (% of land area),JP,Japan,East Asia & Pacific,High income,Not classified,139.77,35.67
4119,2016,68.4224965706447,Forest area (% of land area),JP,Japan,East Asia & Pacific,High income,Not classified,139.77,35.67
4120,2025,,Forest area (% of land area),JO,Jordan,"Middle East, North Africa, Afghanistan & Pakistan",Upper middle income,IBRD,35.9263,31.9497
4121,2024,,Forest area (% of land area),JO,Jordan,"Middle East, North Africa, Afghanistan & Pakistan",Upper middle income,IBRD,35.9263,31.9497
4122,2023,1.09804716534901,Forest area (% of land area),JO,Jordan,"Middle East, North Africa, Afghanistan & Pakistan",Upper middle income,IBRD,35.9263,31.9497
4123,2022,1.09804716534901,Forest area (% of land area),JO,Jordan,"Middle East, North Africa, Afghanistan & Pakistan",Upper middle income,IBRD,35.9263,31.9497
4124,2021,1.09804716534901,Forest area (% of land area),JO,Jordan,"Middle East, North Africa, Afghanistan & Pakistan",Upper middle income,IBRD,35.9263,31.9497
4125,2020,1.09804716534901,Forest area (% of land area),JO,Jordan,"Middle East, North Africa, Afghanistan & Pakistan",Upper middle income,IBRD,35.9263,31.9497
4126,2019,1.09804716534901,Forest area (% of land area),JO,Jordan,"Middle East, North Africa, Afghanistan & Pakistan",Upper middle income,IBRD,35.9263,31.9497
4127,2018,1.09822031989187,Forest area (% of land area),JO,Jordan,"Middle East, North Africa, Afghanistan & Pakistan",Upper middle income,IBRD,35.9263,31.9497
4128,2017,1.09822031989187,Forest area (% of land area),JO,Jordan,"Middle East, North Africa, Afghanistan & Pakistan",Upper middle income,IBRD,35.9263,31.9497
4129,2016,1.09822031989187,Forest area (% of land area),JO,Jordan,"Middle East, North Africa, Afghanistan & Pakistan",Upper middle income,IBRD,35.9263,31.9497
4130,2025,,Forest area (% of land area),KZ,Kazakhstan,Europe & Central Asia,Upper middle income,IBRD,71.4382,51.1879
4131,2024,,Forest area (% of land area),KZ,Kazakhstan,Europe & Central Asia,Upper middle income,IBRD,71.4382,51.1879
4132,2023,1.31214516427751,Forest area (% of land area),KZ,Kazakhstan,Europe & Central Asia,Upper middle income,IBRD,71.4382,51.1879
4133,2022,1.3013145534689,Forest area (% of land area),KZ,Kazakhstan,Europe & Central Asia,Upper middle income,IBRD,71.4382,51.1879
4134,2021,1.29048383153684,Forest area (% of land area),KZ,Kazakhstan,Europe & Central Asia,Upper middle income,IBRD,71.4382,51.1879
4135,2020,1.27965329481053,Forest area (% of land area),KZ,Kazakhstan,Europe & Central Asia,Upper middle income,IBRD,71.4382,51.1879
4136,2019,1.26882246175501,Forest area (% of land area),KZ,Kazakhstan,Europe & Central Asia,Upper middle income,IBRD,71.4382,51.1879
4137,2018,1.25799207319332,Forest area (% of land area),KZ,Kazakhstan,Europe & Central Asia,Upper middle income,IBRD,71.4382,51.1879
4138,2017,1.24716079564396,Forest area (% of land area),KZ,Kazakhstan,Europe & Central Asia,Upper middle income,IBRD,71.4382,51.1879
4139,2016,1.23632625847316,Forest area (% of land area),KZ,Kazakhstan,Europe & Central Asia,Upper middle income,IBRD,71.4382,51.1879
4140,2025,,Forest area (% of land area),KE,Kenya,Sub-Saharan Africa ,Lower middle income,Blend,36.8126,-1.27975
4141,2024,,Forest area (% of land area),KE,Kenya,Sub-Saharan Africa ,Lower middle income,Blend,36.8126,-1.27975
4142,2023,6.21662477880402,Forest area (% of land area),KE,Kenya,Sub-Saharan Africa ,Lower middle income,Blend,36.8126,-1.27975
4143,2022,6.21662477880402,Forest area (% of land area),KE,Kenya,Sub-Saharan Africa ,Lower middle income,Blend,36.8126,-1.27975
4144,2021,6.21662477880402,Forest area (% of land area),KE,Kenya,Sub-Saharan Africa ,Lower middle income,Blend,36.8126,-1.27975
4145,2020,6.21662477880402,Forest area (% of land area),KE,Kenya,Sub-Saharan Africa ,Lower middle income,Blend,36.8126,-1.27975
4146,2019,6.23762944896123,Forest area (% of land area),KE,Kenya,Sub-Saharan Africa ,Lower middle income,Blend,36.8126,-1.27975
4147,2018,6.25877654107482,Forest area (% of land area),KE,Kenya,Sub-Saharan Africa ,Lower middle income,Blend,36.8126,-1.27975
4148,2017,6.22865954160824,Forest area (% of land area),KE,Kenya,Sub-Saharan Africa ,Lower middle income,Blend,36.8126,-1.27975
4149,2016,6.19833694004437,Forest area (% of land area),KE,Kenya,Sub-Saharan Africa ,Lower middle income,Blend,36.8126,-1.27975
4150,2025,,Forest area (% of land area),KI,Kiribati,East Asia & Pacific,Lower middle income,IDA,172.979,1.32905
4151,2024,,Forest area (% of land area),KI,Kiribati,East Asia & Pacific,Lower middle income,IDA,172.979,1.32905
4152,2023,1.45679012345679,Forest area (% of land area),KI,Kiribati,East Asia & Pacific,Lower middle income,IDA,172.979,1.32905
4153,2022,1.45679012345679,Forest area (% of land area),KI,Kiribati,East Asia & Pacific,Lower middle income,IDA,172.979,1.32905
4154,2021,1.45679012345679,Forest area (% of land area),KI,Kiribati,East Asia & Pacific,Lower middle income,IDA,172.979,1.32905
4155,2020,1.45679012345679,Forest area (% of land area),KI,Kiribati,East Asia & Pacific,Lower middle income,IDA,172.979,1.32905
4156,2019,1.45679012345679,Forest area (% of land area),KI,Kiribati,East Asia & Pacific,Lower middle income,IDA,172.979,1.32905
4157,2018,1.45679012345679,Forest area (% of land area),KI,Kiribati,East Asia & Pacific,Lower middle income,IDA,172.979,1.32905
4158,2017,1.45679012345679,Forest area (% of land area),KI,Kiribati,East Asia & Pacific,Lower middle income,IDA,172.979,1.32905
4159,2016,1.45679012345679,Forest area (% of land area),KI,Kiribati,East Asia & Pacific,Lower middle income,IDA,172.979,1.32905
4160,2025,,Forest area (% of land area),KP,"Korea, Dem. People's Rep.",East Asia & Pacific,Low income,Not classified,125.754,39.0319
4161,2024,,Forest area (% of land area),KP,"Korea, Dem. People's Rep.",East Asia & Pacific,Low income,Not classified,125.754,39.0319
4162,2023,49.5507017689561,Forest area (% of land area),KP,"Korea, Dem. People's Rep.",East Asia & Pacific,Low income,Not classified,125.754,39.0319
4163,2022,49.7300888630512,Forest area (% of land area),KP,"Korea, Dem. People's Rep.",East Asia & Pacific,Low income,Not classified,125.754,39.0319
4164,2021,49.9044929823104,Forest area (% of land area),KP,"Korea, Dem. People's Rep.",East Asia & Pacific,Low income,Not classified,125.754,39.0319
4165,2020,50.0788971015696,Forest area (% of land area),KP,"Korea, Dem. People's Rep.",East Asia & Pacific,Low income,Not classified,125.754,39.0319
4166,2019,50.2533012208288,Forest area (% of land area),KP,"Korea, Dem. People's Rep.",East Asia & Pacific,Low income,Not classified,125.754,39.0319
4167,2018,50.436010298148,Forest area (% of land area),KP,"Korea, Dem. People's Rep.",East Asia & Pacific,Low income,Not classified,125.754,39.0319
4168,2017,50.6104144174072,Forest area (% of land area),KP,"Korea, Dem. People's Rep.",East Asia & Pacific,Low income,Not classified,125.754,39.0319
4169,2016,50.7848185366664,Forest area (% of land area),KP,"Korea, Dem. People's Rep.",East Asia & Pacific,Low income,Not classified,125.754,39.0319
4170,2025,,Forest area (% of land area),KR,"Korea, Rep.",East Asia & Pacific,High income,Not classified,126.957,37.5323
4171,2024,,Forest area (% of land area),KR,"Korea, Rep.",East Asia & Pacific,High income,Not classified,126.957,37.5323
4172,2023,64.108606557377,Forest area (% of land area),KR,"Korea, Rep.",East Asia & Pacific,High income,Not classified,126.957,37.5323
4173,2022,64.2110655737705,Forest area (% of land area),KR,"Korea, Rep.",East Asia & Pacific,High income,Not classified,126.957,37.5323
4174,2021,64.3135245901639,Forest area (% of land area),KR,"Korea, Rep.",East Asia & Pacific,High income,Not classified,126.957,37.5323
4175,2020,64.4159836065574,Forest area (% of land area),KR,"Korea, Rep.",East Asia & Pacific,High income,Not classified,126.957,37.5323
4176,2019,64.5184426229508,Forest area (% of land area),KR,"Korea, Rep.",East Asia & Pacific,High income,Not classified,126.957,37.5323
4177,2018,64.6739130434783,Forest area (% of land area),KR,"Korea, Rep.",East Asia & Pacific,High income,Not classified,126.957,37.5323
4178,2017,64.783099169316,Forest area (% of land area),KR,"Korea, Rep.",East Asia & Pacific,High income,Not classified,126.957,37.5323
4179,2016,64.8791145667716,Forest area (% of land area),KR,"Korea, Rep.",East Asia & Pacific,High income,Not classified,126.957,37.5323
4180,2025,,Forest area (% of land area),XK,Kosovo,Europe & Central Asia,Upper middle income,IDA,20.926,42.565
4181,2024,,Forest area (% of land area),XK,Kosovo,Europe & Central Asia,Upper middle income,IDA,20.926,42.565
4182,2023,,Forest area (% of land area),XK,Kosovo,Europe & Central Asia,Upper middle income,IDA,20.926,42.565
4183,2022,,Forest area (% of land area),XK,Kosovo,Europe & Central Asia,Upper middle income,IDA,20.926,42.565
4184,2021,,Forest area (% of land area),XK,Kosovo,Europe & Central Asia,Upper middle income,IDA,20.926,42.565
4185,2020,,Forest area (% of land area),XK,Kosovo,Europe & Central Asia,Upper middle income,IDA,20.926,42.565
4186,2019,,Forest area (% of land area),XK,Kosovo,Europe & Central Asia,Upper middle income,IDA,20.926,42.565
4187,2018,,Forest area (% of land area),XK,Kosovo,Europe & Central Asia,Upper middle income,IDA,20.926,42.565
4188,2017,,Forest area (% of land area),XK,Kosovo,Europe & Central Asia,Upper middle income,IDA,20.926,42.565
4189,2016,,Forest area (% of land area),XK,Kosovo,Europe & Central Asia,Upper middle income,IDA,20.926,42.565
4190,2025,,Forest area (% of land area),KW,Kuwait,"Middle East, North Africa, Afghanistan & Pakistan",High income,Not classified,47.9824,29.3721
4191,2024,,Forest area (% of land area),KW,Kuwait,"Middle East, North Africa, Afghanistan & Pakistan",High income,Not classified,47.9824,29.3721
4192,2023,0.350729517396184,Forest area (% of land area),KW,Kuwait,"Middle East, North Africa, Afghanistan & Pakistan",High income,Not classified,47.9824,29.3721
4193,2022,0.350729517396184,Forest area (% of land area),KW,Kuwait,"Middle East, North Africa, Afghanistan & Pakistan",High income,Not classified,47.9824,29.3721
4194,2021,0.350729517396184,Forest area (% of land area),KW,Kuwait,"Middle East, North Africa, Afghanistan & Pakistan",High income,Not classified,47.9824,29.3721
4195,2020,0.350729517396184,Forest area (% of land area),KW,Kuwait,"Middle East, North Africa, Afghanistan & Pakistan",High income,Not classified,47.9824,29.3721
4196,2019,0.350729517396184,Forest area (% of land area),KW,Kuwait,"Middle East, North Africa, Afghanistan & Pakistan",High income,Not classified,47.9824,29.3721
4197,2018,0.350729517396184,Forest area (% of land area),KW,Kuwait,"Middle East, North Africa, Afghanistan & Pakistan",High income,Not classified,47.9824,29.3721
4198,2017,0.350729517396184,Forest area (% of land area),KW,Kuwait,"Middle East, North Africa, Afghanistan & Pakistan",High income,Not classified,47.9824,29.3721
4199,2016,0.350729517396184,Forest area (% of land area),KW,Kuwait,"Middle East, North Africa, Afghanistan & Pakistan",High income,Not classified,47.9824,29.3721
4200,2025,,Forest area (% of land area),KG,Kyrgyz Republic,Europe & Central Asia,Lower middle income,IDA,74.6057,42.8851
4201,2024,,Forest area (% of land area),KG,Kyrgyz Republic,Europe & Central Asia,Lower middle income,IDA,74.6057,42.8851
4202,2023,7.14337851929093,Forest area (% of land area),KG,Kyrgyz Republic,Europe & Central Asia,Lower middle income,IDA,74.6057,42.8851
4203,2022,7.04827945776851,Forest area (% of land area),KG,Kyrgyz Republic,Europe & Central Asia,Lower middle income,IDA,74.6057,42.8851
4204,2021,6.95318039624609,Forest area (% of land area),KG,Kyrgyz Republic,Europe & Central Asia,Lower middle income,IDA,74.6057,42.8851
4205,2020,6.85808133472367,Forest area (% of land area),KG,Kyrgyz Republic,Europe & Central Asia,Lower middle income,IDA,74.6057,42.8851
4206,2019,6.76298227320125,Forest area (% of land area),KG,Kyrgyz Republic,Europe & Central Asia,Lower middle income,IDA,74.6057,42.8851
4207,2018,6.66788321167883,Forest area (% of land area),KG,Kyrgyz Republic,Europe & Central Asia,Lower middle income,IDA,74.6057,42.8851
4208,2017,6.57280604796663,Forest area (% of land area),KG,Kyrgyz Republic,Europe & Central Asia,Lower middle income,IDA,74.6057,42.8851
4209,2016,6.54973931178311,Forest area (% of land area),KG,Kyrgyz Republic,Europe & Central Asia,Lower middle income,IDA,74.6057,42.8851
4210,2025,,Forest area (% of land area),LA,Lao PDR,East Asia & Pacific,Lower middle income,IDA,102.177,18.5826
4211,2024,,Forest area (% of land area),LA,Lao PDR,East Asia & Pacific,Lower middle income,IDA,102.177,18.5826
4212,2023,71.4558058925477,Forest area (% of land area),LA,Lao PDR,East Asia & Pacific,Lower middle income,IDA,102.177,18.5826
4213,2022,71.6052859618717,Forest area (% of land area),LA,Lao PDR,East Asia & Pacific,Lower middle income,IDA,102.177,18.5826
4214,2021,71.7547660311958,Forest area (% of land area),LA,Lao PDR,East Asia & Pacific,Lower middle income,IDA,102.177,18.5826
4215,2020,71.9042461005199,Forest area (% of land area),LA,Lao PDR,East Asia & Pacific,Lower middle income,IDA,102.177,18.5826
4216,2019,72.053726169844,Forest area (% of land area),LA,Lao PDR,East Asia & Pacific,Lower middle income,IDA,102.177,18.5826
4217,2018,72.2032062391681,Forest area (% of land area),LA,Lao PDR,East Asia & Pacific,Lower middle income,IDA,102.177,18.5826
4218,2017,72.3526863084922,Forest area (% of land area),LA,Lao PDR,East Asia & Pacific,Lower middle income,IDA,102.177,18.5826
4219,2016,72.5021663778163,Forest area (% of land area),LA,Lao PDR,East Asia & Pacific,Lower middle income,IDA,102.177,18.5826
4220,2025,,Forest area (% of land area),LV,Latvia,Europe & Central Asia,High income,Not classified,24.1048,56.9465
4221,2024,,Forest area (% of land area),LV,Latvia,Europe & Central Asia,High income,Not classified,24.1048,56.9465
4222,2023,54.9959826450265,Forest area (% of land area),LV,Latvia,Europe & Central Asia,High income,Not classified,24.1048,56.9465
4223,2022,54.933793990037,Forest area (% of land area),LV,Latvia,Europe & Central Asia,High income,Not classified,24.1048,56.9465
4224,2021,54.8716053350474,Forest area (% of land area),LV,Latvia,Europe & Central Asia,High income,Not classified,24.1048,56.9465
4225,2020,54.8094166800579,Forest area (% of land area),LV,Latvia,Europe & Central Asia,High income,Not classified,24.1048,56.9465
4226,2019,54.7498674208945,Forest area (% of land area),LV,Latvia,Europe & Central Asia,High income,Not classified,24.1048,56.9465
4227,2018,54.6876757677536,Forest area (% of land area),LV,Latvia,Europe & Central Asia,High income,Not classified,24.1048,56.9465
4228,2017,54.6254841146126,Forest area (% of land area),LV,Latvia,Europe & Central Asia,High income,Not classified,24.1048,56.9465
4229,2016,54.5632924614717,Forest area (% of land area),LV,Latvia,Europe & Central Asia,High income,Not classified,24.1048,56.9465
4230,2025,,Forest area (% of land area),LB,Lebanon,"Middle East, North Africa, Afghanistan & Pakistan",Lower middle income,IBRD,35.5134,33.8872
4231,2024,,Forest area (% of land area),LB,Lebanon,"Middle East, North Africa, Afghanistan & Pakistan",Lower middle income,IBRD,35.5134,33.8872
4232,2023,14.1867057673509,Forest area (% of land area),LB,Lebanon,"Middle East, North Africa, Afghanistan & Pakistan",Lower middle income,IBRD,35.5134,33.8872
4233,2022,14.128054740958,Forest area (% of land area),LB,Lebanon,"Middle East, North Africa, Afghanistan & Pakistan",Lower middle income,IBRD,35.5134,33.8872
4234,2021,14.069403714565,Forest area (% of land area),LB,Lebanon,"Middle East, North Africa, Afghanistan & Pakistan",Lower middle income,IBRD,35.5134,33.8872
4235,2020,14.010752688172,Forest area (% of land area),LB,Lebanon,"Middle East, North Africa, Afghanistan & Pakistan",Lower middle income,IBRD,35.5134,33.8872
4236,2019,13.9521016617791,Forest area (% of land area),LB,Lebanon,"Middle East, North Africa, Afghanistan & Pakistan",Lower middle income,IBRD,35.5134,33.8872
4237,2018,13.8934506353861,Forest area (% of land area),LB,Lebanon,"Middle East, North Africa, Afghanistan & Pakistan",Lower middle income,IBRD,35.5134,33.8872
4238,2017,13.8347996089932,Forest area (% of land area),LB,Lebanon,"Middle East, North Africa, Afghanistan & Pakistan",Lower middle income,IBRD,35.5134,33.8872
4239,2016,13.7761485826002,Forest area (% of land area),LB,Lebanon,"Middle East, North Africa, Afghanistan & Pakistan",Lower middle income,IBRD,35.5134,33.8872
4240,2025,,Forest area (% of land area),LS,Lesotho,Sub-Saharan Africa ,Lower middle income,IDA,27.7167,-29.5208
4241,2024,,Forest area (% of land area),LS,Lesotho,Sub-Saharan Africa ,Lower middle income,IDA,27.7167,-29.5208
4242,2023,1.13702239789196,Forest area (% of land area),LS,Lesotho,Sub-Saharan Africa ,Lower middle income,IDA,27.7167,-29.5208
4243,2022,1.13702239789196,Forest area (% of land area),LS,Lesotho,Sub-Saharan Africa ,Lower middle income,IDA,27.7167,-29.5208
4244,2021,1.13702239789196,Forest area (% of land area),LS,Lesotho,Sub-Saharan Africa ,Lower middle income,IDA,27.7167,-29.5208
4245,2020,1.13702239789196,Forest area (% of land area),LS,Lesotho,Sub-Saharan Africa ,Lower middle income,IDA,27.7167,-29.5208
4246,2019,1.13702239789196,Forest area (% of land area),LS,Lesotho,Sub-Saharan Africa ,Lower middle income,IDA,27.7167,-29.5208
4247,2018,1.13702239789196,Forest area (% of land area),LS,Lesotho,Sub-Saharan Africa ,Lower middle income,IDA,27.7167,-29.5208
4248,2017,1.13702239789196,Forest area (% of land area),LS,Lesotho,Sub-Saharan Africa ,Lower middle income,IDA,27.7167,-29.5208
4249,2016,1.13702239789196,Forest area (% of land area),LS,Lesotho,Sub-Saharan Africa ,Lower middle income,IDA,27.7167,-29.5208
4250,2025,,Forest area (% of land area),LR,Liberia,Sub-Saharan Africa ,Low income,IDA,-10.7957,6.30039
4251,2024,,Forest area (% of land area),LR,Liberia,Sub-Saharan Africa ,Low income,IDA,-10.7957,6.30039
4252,2023,78.1422342192691,Forest area (% of land area),LR,Liberia,Sub-Saharan Africa ,Low income,IDA,-10.7957,6.30039
4253,2022,78.4563953488372,Forest area (% of land area),LR,Liberia,Sub-Saharan Africa ,Low income,IDA,-10.7957,6.30039
4254,2021,78.7705564784053,Forest area (% of land area),LR,Liberia,Sub-Saharan Africa ,Low income,IDA,-10.7957,6.30039
4255,2020,79.0847176079734,Forest area (% of land area),LR,Liberia,Sub-Saharan Africa ,Low income,IDA,-10.7957,6.30039
4256,2019,79.3988787375415,Forest area (% of land area),LR,Liberia,Sub-Saharan Africa ,Low income,IDA,-10.7957,6.30039
4257,2018,79.7130398671096,Forest area (% of land area),LR,Liberia,Sub-Saharan Africa ,Low income,IDA,-10.7957,6.30039
4258,2017,80.0272009966777,Forest area (% of land area),LR,Liberia,Sub-Saharan Africa ,Low income,IDA,-10.7957,6.30039
4259,2016,80.3413621262459,Forest area (% of land area),LR,Liberia,Sub-Saharan Africa ,Low income,IDA,-10.7957,6.30039
4260,2025,,Forest area (% of land area),LY,Libya,"Middle East, North Africa, Afghanistan & Pakistan",Upper middle income,IBRD,13.1072,32.8578
4261,2024,,Forest area (% of land area),LY,Libya,"Middle East, North Africa, Afghanistan & Pakistan",Upper middle income,IBRD,13.1072,32.8578
4262,2023,0.123327687918433,Forest area (% of land area),LY,Libya,"Middle East, North Africa, Afghanistan & Pakistan",Upper middle income,IBRD,13.1072,32.8578
4263,2022,0.123327687918433,Forest area (% of land area),LY,Libya,"Middle East, North Africa, Afghanistan & Pakistan",Upper middle income,IBRD,13.1072,32.8578
4264,2021,0.123327687918433,Forest area (% of land area),LY,Libya,"Middle East, North Africa, Afghanistan & Pakistan",Upper middle income,IBRD,13.1072,32.8578
4265,2020,0.123327687918433,Forest area (% of land area),LY,Libya,"Middle East, North Africa, Afghanistan & Pakistan",Upper middle income,IBRD,13.1072,32.8578
4266,2019,0.123327687918433,Forest area (% of land area),LY,Libya,"Middle East, North Africa, Afghanistan & Pakistan",Upper middle income,IBRD,13.1072,32.8578
4267,2018,0.123327687918433,Forest area (% of land area),LY,Libya,"Middle East, North Africa, Afghanistan & Pakistan",Upper middle income,IBRD,13.1072,32.8578
4268,2017,0.123327687918433,Forest area (% of land area),LY,Libya,"Middle East, North Africa, Afghanistan & Pakistan",Upper middle income,IBRD,13.1072,32.8578
4269,2016,0.123327687918433,Forest area (% of land area),LY,Libya,"Middle East, North Africa, Afghanistan & Pakistan",Upper middle income,IBRD,13.1072,32.8578
4270,2025,,Forest area (% of land area),LI,Liechtenstein,Europe & Central Asia,High income,Not classified,9.52148,47.1411
4271,2024,,Forest area (% of land area),LI,Liechtenstein,Europe & Central Asia,High income,Not classified,9.52148,47.1411
4272,2023,41.875,Forest area (% of land area),LI,Liechtenstein,Europe & Central Asia,High income,Not classified,9.52148,47.1411
4273,2022,41.875,Forest area (% of land area),LI,Liechtenstein,Europe & Central Asia,High income,Not classified,9.52148,47.1411
4274,2021,41.875,Forest area (% of land area),LI,Liechtenstein,Europe & Central Asia,High income,Not classified,9.52148,47.1411
4275,2020,41.875,Forest area (% of land area),LI,Liechtenstein,Europe & Central Asia,High income,Not classified,9.52148,47.1411
4276,2019,41.875,Forest area (% of land area),LI,Liechtenstein,Europe & Central Asia,High income,Not classified,9.52148,47.1411
4277,2018,41.875,Forest area (% of land area),LI,Liechtenstein,Europe & Central Asia,High income,Not classified,9.52148,47.1411
4278,2017,41.875,Forest area (% of land area),LI,Liechtenstein,Europe & Central Asia,High income,Not classified,9.52148,47.1411
4279,2016,41.875,Forest area (% of land area),LI,Liechtenstein,Europe & Central Asia,High income,Not classified,9.52148,47.1411
4280,2025,,Forest area (% of land area),LT,Lithuania,Europe & Central Asia,High income,Not classified,25.2799,54.6896
4281,2024,,Forest area (% of land area),LT,Lithuania,Europe & Central Asia,High income,Not classified,25.2799,54.6896
4282,2023,35.2301501597444,Forest area (% of land area),LT,Lithuania,Europe & Central Asia,High income,Not classified,25.2799,54.6896
4283,2022,35.2036435371542,Forest area (% of land area),LT,Lithuania,Europe & Central Asia,High income,Not classified,25.2799,54.6896
4284,2021,35.1807490816164,Forest area (% of land area),LT,Lithuania,Europe & Central Asia,High income,Not classified,25.2799,54.6896
4285,2020,35.1485148514851,Forest area (% of land area),LT,Lithuania,Europe & Central Asia,High income,Not classified,25.2799,54.6896
4286,2019,35.1325455126158,Forest area (% of land area),LT,Lithuania,Europe & Central Asia,High income,Not classified,25.2799,54.6896
4287,2018,35.0950023950184,Forest area (% of land area),LT,Lithuania,Europe & Central Asia,High income,Not classified,25.2799,54.6896
4288,2017,35.0569116074137,Forest area (% of land area),LT,Lithuania,Europe & Central Asia,High income,Not classified,25.2799,54.6896
4289,2016,34.9605695859008,Forest area (% of land area),LT,Lithuania,Europe & Central Asia,High income,Not classified,25.2799,54.6896
4290,2025,,Forest area (% of land area),LU,Luxembourg,Europe & Central Asia,High income,Not classified,6.1296,49.61
4291,2024,,Forest area (% of land area),LU,Luxembourg,Europe & Central Asia,High income,Not classified,6.1296,49.61
4292,2023,34.4538272103664,Forest area (% of land area),LU,Luxembourg,Europe & Central Asia,High income,Not classified,6.1296,49.61
4293,2022,34.4538272103664,Forest area (% of land area),LU,Luxembourg,Europe & Central Asia,High income,Not classified,6.1296,49.61
4294,2021,34.4538272103664,Forest area (% of land area),LU,Luxembourg,Europe & Central Asia,High income,Not classified,6.1296,49.61
4295,2020,34.4538272103664,Forest area (% of land area),LU,Luxembourg,Europe & Central Asia,High income,Not classified,6.1296,49.61
4296,2019,34.4538272103664,Forest area (% of land area),LU,Luxembourg,Europe & Central Asia,High income,Not classified,6.1296,49.61
4297,2018,34.4538272103664,Forest area (% of land area),LU,Luxembourg,Europe & Central Asia,High income,Not classified,6.1296,49.61
4298,2017,34.4538272103664,Forest area (% of land area),LU,Luxembourg,Europe & Central Asia,High income,Not classified,6.1296,49.61
4299,2016,34.4538272103664,Forest area (% of land area),LU,Luxembourg,Europe & Central Asia,High income,Not classified,6.1296,49.61
4300,2025,,Forest area (% of land area),MO,"Macao SAR, China",East Asia & Pacific,High income,Not classified,113.55,22.1667
4301,2024,,Forest area (% of land area),MO,"Macao SAR, China",East Asia & Pacific,High income,Not classified,113.55,22.1667
4302,2023,,Forest area (% of land area),MO,"Macao SAR, China",East Asia & Pacific,High income,Not classified,113.55,22.1667
4303,2022,,Forest area (% of land area),MO,"Macao SAR, China",East Asia & Pacific,High income,Not classified,113.55,22.1667
4304,2021,,Forest area (% of land area),MO,"Macao SAR, China",East Asia & Pacific,High income,Not classified,113.55,22.1667
4305,2020,,Forest area (% of land area),MO,"Macao SAR, China",East Asia & Pacific,High income,Not classified,113.55,22.1667
4306,2019,,Forest area (% of land area),MO,"Macao SAR, China",East Asia & Pacific,High income,Not classified,113.55,22.1667
4307,2018,,Forest area (% of land area),MO,"Macao SAR, China",East Asia & Pacific,High income,Not classified,113.55,22.1667
4308,2017,,Forest area (% of land area),MO,"Macao SAR, China",East Asia & Pacific,High income,Not classified,113.55,22.1667
4309,2016,,Forest area (% of land area),MO,"Macao SAR, China",East Asia & Pacific,High income,Not classified,113.55,22.1667
4310,2025,,Forest area (% of land area),MG,Madagascar,Sub-Saharan Africa ,Low income,IDA,45.7167,-20.4667
4311,2024,,Forest area (% of land area),MG,Madagascar,Sub-Saharan Africa ,Low income,IDA,45.7167,-20.4667
4312,2023,21.2962600550017,Forest area (% of land area),MG,Madagascar,Sub-Saharan Africa ,Low income,IDA,45.7167,-20.4667
4313,2022,21.3189737023032,Forest area (% of land area),MG,Madagascar,Sub-Saharan Africa ,Low income,IDA,45.7167,-20.4667
4314,2021,21.3416925060158,Forest area (% of land area),MG,Madagascar,Sub-Saharan Africa ,Low income,IDA,45.7167,-20.4667
4315,2020,21.3644035751117,Forest area (% of land area),MG,Madagascar,Sub-Saharan Africa ,Low income,IDA,45.7167,-20.4667
4316,2019,21.3871261601925,Forest area (% of land area),MG,Madagascar,Sub-Saharan Africa ,Low income,IDA,45.7167,-20.4667
4317,2018,21.4098315572362,Forest area (% of land area),MG,Madagascar,Sub-Saharan Africa ,Low income,IDA,45.7167,-20.4667
4318,2017,21.4325541423169,Forest area (% of land area),MG,Madagascar,Sub-Saharan Africa ,Low income,IDA,45.7167,-20.4667
4319,2016,21.4552767273977,Forest area (% of land area),MG,Madagascar,Sub-Saharan Africa ,Low income,IDA,45.7167,-20.4667
4320,2025,,Forest area (% of land area),MW,Malawi,Sub-Saharan Africa ,Low income,IDA,33.7703,-13.9899
4321,2024,,Forest area (% of land area),MW,Malawi,Sub-Saharan Africa ,Low income,IDA,33.7703,-13.9899
4322,2023,22.4406024607552,Forest area (% of land area),MW,Malawi,Sub-Saharan Africa ,Low income,IDA,33.7703,-13.9899
4323,2022,22.8860840050912,Forest area (% of land area),MW,Malawi,Sub-Saharan Africa ,Low income,IDA,33.7703,-13.9899
4324,2021,23.3315655494272,Forest area (% of land area),MW,Malawi,Sub-Saharan Africa ,Low income,IDA,33.7703,-13.9899
4325,2020,23.7770470937633,Forest area (% of land area),MW,Malawi,Sub-Saharan Africa ,Low income,IDA,33.7703,-13.9899
4326,2019,24.2225286380993,Forest area (% of land area),MW,Malawi,Sub-Saharan Africa ,Low income,IDA,33.7703,-13.9899
4327,2018,24.6680101824353,Forest area (% of land area),MW,Malawi,Sub-Saharan Africa ,Low income,IDA,33.7703,-13.9899
4328,2017,25.1134917267713,Forest area (% of land area),MW,Malawi,Sub-Saharan Africa ,Low income,IDA,33.7703,-13.9899
4329,2016,25.5589732711073,Forest area (% of land area),MW,Malawi,Sub-Saharan Africa ,Low income,IDA,33.7703,-13.9899
4330,2025,,Forest area (% of land area),MY,Malaysia,East Asia & Pacific,Upper middle income,IBRD,101.684,3.12433
4331,2024,,Forest area (% of land area),MY,Malaysia,East Asia & Pacific,Upper middle income,IBRD,101.684,3.12433
4332,2023,57.7190381981434,Forest area (% of land area),MY,Malaysia,East Asia & Pacific,Upper middle income,IBRD,101.684,3.12433
4333,2022,57.871678587734,Forest area (% of land area),MY,Malaysia,East Asia & Pacific,Upper middle income,IBRD,101.684,3.12433
4334,2021,58.0243189773246,Forest area (% of land area),MY,Malaysia,East Asia & Pacific,Upper middle income,IBRD,101.684,3.12433
4335,2020,58.1769593669152,Forest area (% of land area),MY,Malaysia,East Asia & Pacific,Upper middle income,IBRD,101.684,3.12433
4336,2019,58.3295997565059,Forest area (% of land area),MY,Malaysia,East Asia & Pacific,Upper middle income,IBRD,101.684,3.12433
4337,2018,58.4822401460965,Forest area (% of land area),MY,Malaysia,East Asia & Pacific,Upper middle income,IBRD,101.684,3.12433
4338,2017,58.6348805356871,Forest area (% of land area),MY,Malaysia,East Asia & Pacific,Upper middle income,IBRD,101.684,3.12433
4339,2016,58.7875209252777,Forest area (% of land area),MY,Malaysia,East Asia & Pacific,Upper middle income,IBRD,101.684,3.12433
4340,2025,,Forest area (% of land area),MV,Maldives,South Asia,Upper middle income,IDA,73.5109,4.1742
4341,2024,,Forest area (% of land area),MV,Maldives,South Asia,Upper middle income,IDA,73.5109,4.1742
4342,2023,2.75167785234899,Forest area (% of land area),MV,Maldives,South Asia,Upper middle income,IDA,73.5109,4.1742
4343,2022,2.73333333333333,Forest area (% of land area),MV,Maldives,South Asia,Upper middle income,IDA,73.5109,4.1742
4344,2021,2.73333333333333,Forest area (% of land area),MV,Maldives,South Asia,Upper middle income,IDA,73.5109,4.1742
4345,2020,2.73333333333333,Forest area (% of land area),MV,Maldives,South Asia,Upper middle income,IDA,73.5109,4.1742
4346,2019,2.73333333333333,Forest area (% of land area),MV,Maldives,South Asia,Upper middle income,IDA,73.5109,4.1742
4347,2018,2.73333333333333,Forest area (% of land area),MV,Maldives,South Asia,Upper middle income,IDA,73.5109,4.1742
4348,2017,2.73333333333333,Forest area (% of land area),MV,Maldives,South Asia,Upper middle income,IDA,73.5109,4.1742
4349,2016,2.73333333333333,Forest area (% of land area),MV,Maldives,South Asia,Upper middle income,IDA,73.5109,4.1742
4350,2025,,Forest area (% of land area),ML,Mali,Sub-Saharan Africa ,Low income,IDA,-7.50034,13.5667
4351,2024,,Forest area (% of land area),ML,Mali,Sub-Saharan Africa ,Low income,IDA,-7.50034,13.5667
4352,2023,10.896663634352,Forest area (% of land area),ML,Mali,Sub-Saharan Africa ,Low income,IDA,-7.50034,13.5667
4353,2022,10.896663634352,Forest area (% of land area),ML,Mali,Sub-Saharan Africa ,Low income,IDA,-7.50034,13.5667
4354,2021,10.896663634352,Forest area (% of land area),ML,Mali,Sub-Saharan Africa ,Low income,IDA,-7.50034,13.5667
4355,2020,10.896663634352,Forest area (% of land area),ML,Mali,Sub-Saharan Africa ,Low income,IDA,-7.50034,13.5667
4356,2019,10.896663634352,Forest area (% of land area),ML,Mali,Sub-Saharan Africa ,Low income,IDA,-7.50034,13.5667
4357,2018,10.896663634352,Forest area (% of land area),ML,Mali,Sub-Saharan Africa ,Low income,IDA,-7.50034,13.5667
4358,2017,10.896663634352,Forest area (% of land area),ML,Mali,Sub-Saharan Africa ,Low income,IDA,-7.50034,13.5667
4359,2016,10.896663634352,Forest area (% of land area),ML,Mali,Sub-Saharan Africa ,Low income,IDA,-7.50034,13.5667
4360,2025,,Forest area (% of land area),MT,Malta,"Middle East, North Africa, Afghanistan & Pakistan",High income,Not classified,14.5189,35.9042
4361,2024,,Forest area (% of land area),MT,Malta,"Middle East, North Africa, Afghanistan & Pakistan",High income,Not classified,14.5189,35.9042
4362,2023,1.4375,Forest area (% of land area),MT,Malta,"Middle East, North Africa, Afghanistan & Pakistan",High income,Not classified,14.5189,35.9042
4363,2022,1.4375,Forest area (% of land area),MT,Malta,"Middle East, North Africa, Afghanistan & Pakistan",High income,Not classified,14.5189,35.9042
4364,2021,1.4375,Forest area (% of land area),MT,Malta,"Middle East, North Africa, Afghanistan & Pakistan",High income,Not classified,14.5189,35.9042
4365,2020,1.4375,Forest area (% of land area),MT,Malta,"Middle East, North Africa, Afghanistan & Pakistan",High income,Not classified,14.5189,35.9042
4366,2019,1.4375,Forest area (% of land area),MT,Malta,"Middle East, North Africa, Afghanistan & Pakistan",High income,Not classified,14.5189,35.9042
4367,2018,1.4375,Forest area (% of land area),MT,Malta,"Middle East, North Africa, Afghanistan & Pakistan",High income,Not classified,14.5189,35.9042
4368,2017,1.3125,Forest area (% of land area),MT,Malta,"Middle East, North Africa, Afghanistan & Pakistan",High income,Not classified,14.5189,35.9042
4369,2016,1.1875,Forest area (% of land area),MT,Malta,"Middle East, North Africa, Afghanistan & Pakistan",High income,Not classified,14.5189,35.9042
4370,2025,,Forest area (% of land area),MH,Marshall Islands,East Asia & Pacific,Upper middle income,IDA,171.135,7.11046
4371,2024,,Forest area (% of land area),MH,Marshall Islands,East Asia & Pacific,Upper middle income,IDA,171.135,7.11046
4372,2023,52.2222222222222,Forest area (% of land area),MH,Marshall Islands,East Asia & Pacific,Upper middle income,IDA,171.135,7.11046
4373,2022,52.2222222222222,Forest area (% of land area),MH,Marshall Islands,East Asia & Pacific,Upper middle income,IDA,171.135,7.11046
4374,2021,52.2222222222222,Forest area (% of land area),MH,Marshall Islands,East Asia & Pacific,Upper middle income,IDA,171.135,7.11046
4375,2020,52.2222222222222,Forest area (% of land area),MH,Marshall Islands,East Asia & Pacific,Upper middle income,IDA,171.135,7.11046
4376,2019,52.2222222222222,Forest area (% of land area),MH,Marshall Islands,East Asia & Pacific,Upper middle income,IDA,171.135,7.11046
4377,2018,52.2222222222222,Forest area (% of land area),MH,Marshall Islands,East Asia & Pacific,Upper middle income,IDA,171.135,7.11046
4378,2017,52.2222222222222,Forest area (% of land area),MH,Marshall Islands,East Asia & Pacific,Upper middle income,IDA,171.135,7.11046
4379,2016,52.2222222222222,Forest area (% of land area),MH,Marshall Islands,East Asia & Pacific,Upper middle income,IDA,171.135,7.11046
4380,2025,,Forest area (% of land area),MR,Mauritania,Sub-Saharan Africa ,Lower middle income,IDA,-15.9824,18.2367
4381,2024,,Forest area (% of land area),MR,Mauritania,Sub-Saharan Africa ,Lower middle income,IDA,-15.9824,18.2367
4382,2023,0.287611138061512,Forest area (% of land area),MR,Mauritania,Sub-Saharan Africa ,Lower middle income,IDA,-15.9824,18.2367
4383,2022,0.292896963228874,Forest area (% of land area),MR,Mauritania,Sub-Saharan Africa ,Lower middle income,IDA,-15.9824,18.2367
4384,2021,0.298211603764432,Forest area (% of land area),MR,Mauritania,Sub-Saharan Africa ,Lower middle income,IDA,-15.9824,18.2367
4385,2020,0.303483069758417,Forest area (% of land area),MR,Mauritania,Sub-Saharan Africa ,Lower middle income,IDA,-15.9824,18.2367
4386,2019,0.308819249054041,Forest area (% of land area),MR,Mauritania,Sub-Saharan Africa ,Lower middle income,IDA,-15.9824,18.2367
4387,2018,0.314058406907927,Forest area (% of land area),MR,Mauritania,Sub-Saharan Africa ,Lower middle income,IDA,-15.9824,18.2367
4388,2017,0.319394586203551,Forest area (% of land area),MR,Mauritania,Sub-Saharan Africa ,Lower middle income,IDA,-15.9824,18.2367
4389,2016,0.324633744057437,Forest area (% of land area),MR,Mauritania,Sub-Saharan Africa ,Lower middle income,IDA,-15.9824,18.2367
4390,2025,,Forest area (% of land area),MU,Mauritius,Sub-Saharan Africa ,Upper middle income,IBRD,57.4977,-20.1605
4391,2024,,Forest area (% of land area),MU,Mauritius,Sub-Saharan Africa ,Upper middle income,IBRD,57.4977,-20.1605
4392,2023,19.4742113169755,Forest area (% of land area),MU,Mauritius,Sub-Saharan Africa ,Upper middle income,IBRD,57.4977,-20.1605
4393,2022,19.4541812719079,Forest area (% of land area),MU,Mauritius,Sub-Saharan Africa ,Upper middle income,IBRD,57.4977,-20.1605
4394,2021,19.4341512268403,Forest area (% of land area),MU,Mauritius,Sub-Saharan Africa ,Upper middle income,IBRD,57.4977,-20.1605
4395,2020,19.4141211817727,Forest area (% of land area),MU,Mauritius,Sub-Saharan Africa ,Upper middle income,IBRD,57.4977,-20.1605
4396,2019,19.3940911367051,Forest area (% of land area),MU,Mauritius,Sub-Saharan Africa ,Upper middle income,IBRD,57.4977,-20.1605
4397,2018,19.3740610916375,Forest area (% of land area),MU,Mauritius,Sub-Saharan Africa ,Upper middle income,IBRD,57.4977,-20.1605
4398,2017,19.3540310465699,Forest area (% of land area),MU,Mauritius,Sub-Saharan Africa ,Upper middle income,IBRD,57.4977,-20.1605
4399,2016,19.1737606409614,Forest area (% of land area),MU,Mauritius,Sub-Saharan Africa ,Upper middle income,IBRD,57.4977,-20.1605
4400,2025,,Forest area (% of land area),MX,Mexico,Latin America & Caribbean ,Upper middle income,IBRD,-99.1276,19.427
4401,2024,,Forest area (% of land area),MX,Mexico,Latin America & Caribbean ,Upper middle income,IBRD,-99.1276,19.427
4402,2023,33.5959176419147,Forest area (% of land area),MX,Mexico,Latin America & Caribbean ,Upper middle income,IBRD,-99.1276,19.427
4403,2022,33.6618740193935,Forest area (% of land area),MX,Mexico,Latin America & Caribbean ,Upper middle income,IBRD,-99.1276,19.427
4404,2021,33.727204917822,Forest area (% of land area),MX,Mexico,Latin America & Caribbean ,Upper middle income,IBRD,-99.1276,19.427
4405,2020,33.7930502327735,Forest area (% of land area),MX,Mexico,Latin America & Caribbean ,Upper middle income,IBRD,-99.1276,19.427
4406,2019,33.858895547725,Forest area (% of land area),MX,Mexico,Latin America & Caribbean ,Upper middle income,IBRD,-99.1276,19.427
4407,2018,33.9247408626765,Forest area (% of land area),MX,Mexico,Latin America & Caribbean ,Upper middle income,IBRD,-99.1276,19.427
4408,2017,33.9902672393837,Forest area (% of land area),MX,Mexico,Latin America & Caribbean ,Upper middle income,IBRD,-99.1276,19.427
4409,2016,34.0559942385349,Forest area (% of land area),MX,Mexico,Latin America & Caribbean ,Upper middle income,IBRD,-99.1276,19.427
4410,2025,,Forest area (% of land area),FM,"Micronesia, Fed. Sts.",East Asia & Pacific,Upper middle income,IDA,158.185,6.91771
4411,2024,,Forest area (% of land area),FM,"Micronesia, Fed. Sts.",East Asia & Pacific,Upper middle income,IDA,158.185,6.91771
4412,2023,92.1571428571429,Forest area (% of land area),FM,"Micronesia, Fed. Sts.",East Asia & Pacific,Upper middle income,IDA,158.185,6.91771
4413,2022,92.1142857142857,Forest area (% of land area),FM,"Micronesia, Fed. Sts.",East Asia & Pacific,Upper middle income,IDA,158.185,6.91771
4414,2021,92.0714285714286,Forest area (% of land area),FM,"Micronesia, Fed. Sts.",East Asia & Pacific,Upper middle income,IDA,158.185,6.91771
4415,2020,92.0285714285714,Forest area (% of land area),FM,"Micronesia, Fed. Sts.",East Asia & Pacific,Upper middle income,IDA,158.185,6.91771
4416,2019,91.9857142857143,Forest area (% of land area),FM,"Micronesia, Fed. Sts.",East Asia & Pacific,Upper middle income,IDA,158.185,6.91771
4417,2018,91.9428571428572,Forest area (% of land area),FM,"Micronesia, Fed. Sts.",East Asia & Pacific,Upper middle income,IDA,158.185,6.91771
4418,2017,91.9,Forest area (% of land area),FM,"Micronesia, Fed. Sts.",East Asia & Pacific,Upper middle income,IDA,158.185,6.91771
4419,2016,91.8571428571429,Forest area (% of land area),FM,"Micronesia, Fed. Sts.",East Asia & Pacific,Upper middle income,IDA,158.185,6.91771
4420,2025,,Forest area (% of land area),MD,Moldova,Europe & Central Asia,Upper middle income,IBRD,28.8497,47.0167
4421,2024,,Forest area (% of land area),MD,Moldova,Europe & Central Asia,Upper middle income,IBRD,28.8497,47.0167
4422,2023,11.7370179167932,Forest area (% of land area),MD,Moldova,Europe & Central Asia,Upper middle income,IBRD,28.8497,47.0167
4423,2022,11.7548661800487,Forest area (% of land area),MD,Moldova,Europe & Central Asia,Upper middle income,IBRD,28.8497,47.0167
4424,2021,11.7512921860748,Forest area (% of land area),MD,Moldova,Europe & Central Asia,Upper middle income,IBRD,28.8497,47.0167
4425,2020,11.7532218728523,Forest area (% of land area),MD,Moldova,Europe & Central Asia,Upper middle income,IBRD,28.8497,47.0167
4426,2019,11.7527572607105,Forest area (% of land area),MD,Moldova,Europe & Central Asia,Upper middle income,IBRD,28.8497,47.0167
4427,2018,11.7529716925191,Forest area (% of land area),MD,Moldova,Europe & Central Asia,Upper middle income,IBRD,28.8497,47.0167
4428,2017,11.7512921860748,Forest area (% of land area),MD,Moldova,Europe & Central Asia,Upper middle income,IBRD,28.8497,47.0167
4429,2016,11.7548661800487,Forest area (% of land area),MD,Moldova,Europe & Central Asia,Upper middle income,IBRD,28.8497,47.0167
4430,2025,,Forest area (% of land area),MC,Monaco,Europe & Central Asia,High income,Not classified,7.41891,43.7325
4431,2024,,Forest area (% of land area),MC,Monaco,Europe & Central Asia,High income,Not classified,7.41891,43.7325
4432,2023,0.0,Forest area (% of land area),MC,Monaco,Europe & Central Asia,High income,Not classified,7.41891,43.7325
4433,2022,0.0,Forest area (% of land area),MC,Monaco,Europe & Central Asia,High income,Not classified,7.41891,43.7325
4434,2021,0.0,Forest area (% of land area),MC,Monaco,Europe & Central Asia,High income,Not classified,7.41891,43.7325
4435,2020,0.0,Forest area (% of land area),MC,Monaco,Europe & Central Asia,High income,Not classified,7.41891,43.7325
4436,2019,0.0,Forest area (% of land area),MC,Monaco,Europe & Central Asia,High income,Not classified,7.41891,43.7325
4437,2018,0.0,Forest area (% of land area),MC,Monaco,Europe & Central Asia,High income,Not classified,7.41891,43.7325
4438,2017,0.0,Forest area (% of land area),MC,Monaco,Europe & Central Asia,High income,Not classified,7.41891,43.7325
4439,2016,0.0,Forest area (% of land area),MC,Monaco,Europe & Central Asia,High income,Not classified,7.41891,43.7325
4440,2025,,Forest area (% of land area),MN,Mongolia,East Asia & Pacific,Upper middle income,IBRD,106.937,47.9129
4441,2024,,Forest area (% of land area),MN,Mongolia,East Asia & Pacific,Upper middle income,IBRD,106.937,47.9129
4442,2023,9.09172405879304,Forest area (% of land area),MN,Mongolia,East Asia & Pacific,Upper middle income,IBRD,106.937,47.9129
4443,2022,9.09849695989111,Forest area (% of land area),MN,Mongolia,East Asia & Pacific,Upper middle income,IBRD,106.937,47.9129
4444,2021,9.09894465963877,Forest area (% of land area),MN,Mongolia,East Asia & Pacific,Upper middle income,IBRD,106.937,47.9129
4445,2020,9.09965848797644,Forest area (% of land area),MN,Mongolia,East Asia & Pacific,Upper middle income,IBRD,106.937,47.9129
4446,2019,9.10182513109581,Forest area (% of land area),MN,Mongolia,East Asia & Pacific,Upper middle income,IBRD,106.937,47.9129
4447,2018,9.10255545816196,Forest area (% of land area),MN,Mongolia,East Asia & Pacific,Upper middle income,IBRD,106.937,47.9129
4448,2017,9.10326591257927,Forest area (% of land area),MN,Mongolia,East Asia & Pacific,Upper middle income,IBRD,106.937,47.9129
4449,2016,9.10397870509873,Forest area (% of land area),MN,Mongolia,East Asia & Pacific,Upper middle income,IBRD,106.937,47.9129
4450,2025,,Forest area (% of land area),ME,Montenegro,Europe & Central Asia,Upper middle income,IBRD,19.2595,42.4602
4451,2024,,Forest area (% of land area),ME,Montenegro,Europe & Central Asia,Upper middle income,IBRD,19.2595,42.4602
4452,2023,61.4869888475836,Forest area (% of land area),ME,Montenegro,Europe & Central Asia,Upper middle income,IBRD,19.2595,42.4602
4453,2022,61.4869888475836,Forest area (% of land area),ME,Montenegro,Europe & Central Asia,Upper middle income,IBRD,19.2595,42.4602
4454,2021,61.4869888475836,Forest area (% of land area),ME,Montenegro,Europe & Central Asia,Upper middle income,IBRD,19.2595,42.4602
4455,2020,61.4869888475836,Forest area (% of land area),ME,Montenegro,Europe & Central Asia,Upper middle income,IBRD,19.2595,42.4602
4456,2019,61.4869888475836,Forest area (% of land area),ME,Montenegro,Europe & Central Asia,Upper middle income,IBRD,19.2595,42.4602
4457,2018,61.4869888475836,Forest area (% of land area),ME,Montenegro,Europe & Central Asia,Upper middle income,IBRD,19.2595,42.4602
4458,2017,61.4869888475836,Forest area (% of land area),ME,Montenegro,Europe & Central Asia,Upper middle income,IBRD,19.2595,42.4602
4459,2016,61.4869888475836,Forest area (% of land area),ME,Montenegro,Europe & Central Asia,Upper middle income,IBRD,19.2595,42.4602
4460,2025,,Forest area (% of land area),MA,Morocco,"Middle East, North Africa, Afghanistan & Pakistan",Lower middle income,IBRD,-6.8704,33.9905
4461,2024,,Forest area (% of land area),MA,Morocco,"Middle East, North Africa, Afghanistan & Pakistan",Lower middle income,IBRD,-6.8704,33.9905
4462,2023,12.9371068787811,Forest area (% of land area),MA,Morocco,"Middle East, North Africa, Afghanistan & Pakistan",Lower middle income,IBRD,-6.8704,33.9905
4463,2022,12.9136878781089,Forest area (% of land area),MA,Morocco,"Middle East, North Africa, Afghanistan & Pakistan",Lower middle income,IBRD,-6.8704,33.9905
4464,2021,12.8903354246023,Forest area (% of land area),MA,Morocco,"Middle East, North Africa, Afghanistan & Pakistan",Lower middle income,IBRD,-6.8704,33.9905
4465,2020,12.8668832623796,Forest area (% of land area),MA,Morocco,"Middle East, North Africa, Afghanistan & Pakistan",Lower middle income,IBRD,-6.8704,33.9905
4466,2019,12.8435805511987,Forest area (% of land area),MA,Morocco,"Middle East, North Africa, Afghanistan & Pakistan",Lower middle income,IBRD,-6.8704,33.9905
4467,2018,12.8200537754873,Forest area (% of land area),MA,Morocco,"Middle East, North Africa, Afghanistan & Pakistan",Lower middle income,IBRD,-6.8704,33.9905
4468,2017,12.7976473224289,Forest area (% of land area),MA,Morocco,"Middle East, North Africa, Afghanistan & Pakistan",Lower middle income,IBRD,-6.8704,33.9905
4469,2016,12.7712077078199,Forest area (% of land area),MA,Morocco,"Middle East, North Africa, Afghanistan & Pakistan",Lower middle income,IBRD,-6.8704,33.9905
4470,2025,,Forest area (% of land area),MZ,Mozambique,Sub-Saharan Africa ,Low income,IDA,32.5713,-25.9664
4471,2024,,Forest area (% of land area),MZ,Mozambique,Sub-Saharan Africa ,Low income,IDA,32.5713,-25.9664
4472,2023,45.8130349195046,Forest area (% of land area),MZ,Mozambique,Sub-Saharan Africa ,Low income,IDA,32.5713,-25.9664
4473,2022,46.1193311121849,Forest area (% of land area),MZ,Mozambique,Sub-Saharan Africa ,Low income,IDA,32.5713,-25.9664
4474,2021,46.412173122409,Forest area (% of land area),MZ,Mozambique,Sub-Saharan Africa ,Low income,IDA,32.5713,-25.9664
4475,2020,46.7251964699,Forest area (% of land area),MZ,Mozambique,Sub-Saharan Africa ,Low income,IDA,32.5713,-25.9664
4476,2019,47.0079478114906,Forest area (% of land area),MZ,Mozambique,Sub-Saharan Africa ,Low income,IDA,32.5713,-25.9664
4477,2018,47.3361072255144,Forest area (% of land area),MZ,Mozambique,Sub-Saharan Africa ,Low income,IDA,32.5713,-25.9664
4478,2017,47.5680968488517,Forest area (% of land area),MZ,Mozambique,Sub-Saharan Africa ,Low income,IDA,32.5713,-25.9664
4479,2016,47.8500089015489,Forest area (% of land area),MZ,Mozambique,Sub-Saharan Africa ,Low income,IDA,32.5713,-25.9664
4480,2025,,Forest area (% of land area),MM,Myanmar,East Asia & Pacific,Lower middle income,IDA,95.9562,21.914
4481,2024,,Forest area (% of land area),MM,Myanmar,East Asia & Pacific,Lower middle income,IDA,95.9562,21.914
4482,2023,42.4023779245254,Forest area (% of land area),MM,Myanmar,East Asia & Pacific,Lower middle income,IDA,95.9562,21.914
4483,2022,42.846262276495,Forest area (% of land area),MM,Myanmar,East Asia & Pacific,Lower middle income,IDA,95.9562,21.914
4484,2021,43.2901466284646,Forest area (% of land area),MM,Myanmar,East Asia & Pacific,Lower middle income,IDA,95.9562,21.914
4485,2020,43.7340309804342,Forest area (% of land area),MM,Myanmar,East Asia & Pacific,Lower middle income,IDA,95.9562,21.914
4486,2019,44.1758847862724,Forest area (% of land area),MM,Myanmar,East Asia & Pacific,Lower middle income,IDA,95.9562,21.914
4487,2018,44.6197487360196,Forest area (% of land area),MM,Myanmar,East Asia & Pacific,Lower middle income,IDA,95.9562,21.914
4488,2017,45.0601608579088,Forest area (% of land area),MM,Myanmar,East Asia & Pacific,Lower middle income,IDA,95.9562,21.914
4489,2016,45.5018995680015,Forest area (% of land area),MM,Myanmar,East Asia & Pacific,Lower middle income,IDA,95.9562,21.914
4490,2025,,Forest area (% of land area),NA,Namibia,Sub-Saharan Africa ,Lower middle income,IBRD,17.0931,-22.5648
4491,2024,,Forest area (% of land area),NA,Namibia,Sub-Saharan Africa ,Lower middle income,IBRD,17.0931,-22.5648
4492,2023,7.80511120018463,Forest area (% of land area),NA,Namibia,Sub-Saharan Africa ,Lower middle income,IBRD,17.0931,-22.5648
4493,2022,7.89136270330017,Forest area (% of land area),NA,Namibia,Sub-Saharan Africa ,Lower middle income,IBRD,17.0931,-22.5648
4494,2021,7.97761420641572,Forest area (% of land area),NA,Namibia,Sub-Saharan Africa ,Lower middle income,IBRD,17.0931,-22.5648
4495,2020,8.06386570953127,Forest area (% of land area),NA,Namibia,Sub-Saharan Africa ,Lower middle income,IBRD,17.0931,-22.5648
4496,2019,8.15011721264682,Forest area (% of land area),NA,Namibia,Sub-Saharan Africa ,Lower middle income,IBRD,17.0931,-22.5648
4497,2018,8.23636871576237,Forest area (% of land area),NA,Namibia,Sub-Saharan Africa ,Lower middle income,IBRD,17.0931,-22.5648
4498,2017,8.32262021887792,Forest area (% of land area),NA,Namibia,Sub-Saharan Africa ,Lower middle income,IBRD,17.0931,-22.5648
4499,2016,8.40887172199347,Forest area (% of land area),NA,Namibia,Sub-Saharan Africa ,Lower middle income,IBRD,17.0931,-22.5648
4500,2025,,Forest area (% of land area),NR,Naoero,East Asia & Pacific,High income,IBRD,166.920867,-0.5477
4501,2024,,Forest area (% of land area),NR,Naoero,East Asia & Pacific,High income,IBRD,166.920867,-0.5477
4502,2023,0.0,Forest area (% of land area),NR,Naoero,East Asia & Pacific,High income,IBRD,166.920867,-0.5477
4503,2022,0.0,Forest area (% of land area),NR,Naoero,East Asia & Pacific,High income,IBRD,166.920867,-0.5477
4504,2021,0.0,Forest area (% of land area),NR,Naoero,East Asia & Pacific,High income,IBRD,166.920867,-0.5477
4505,2020,0.0,Forest area (% of land area),NR,Naoero,East Asia & Pacific,High income,IBRD,166.920867,-0.5477
4506,2019,0.0,Forest area (% of land area),NR,Naoero,East Asia & Pacific,High income,IBRD,166.920867,-0.5477
4507,2018,0.0,Forest area (% of land area),NR,Naoero,East Asia & Pacific,High income,IBRD,166.920867,-0.5477
4508,2017,0.0,Forest area (% of land area),NR,Naoero,East Asia & Pacific,High income,IBRD,166.920867,-0.5477
4509,2016,0.0,Forest area (% of land area),NR,Naoero,East Asia & Pacific,High income,IBRD,166.920867,-0.5477
4510,2025,,Forest area (% of land area),NP,Nepal,South Asia,Lower middle income,IDA,85.3157,27.6939
4511,2024,,Forest area (% of land area),NP,Nepal,South Asia,Lower middle income,IDA,85.3157,27.6939
4512,2023,41.5907220090687,Forest area (% of land area),NP,Nepal,South Asia,Lower middle income,IDA,85.3157,27.6939
4513,2022,41.5907220090687,Forest area (% of land area),NP,Nepal,South Asia,Lower middle income,IDA,85.3157,27.6939
4514,2021,41.5907220090687,Forest area (% of land area),NP,Nepal,South Asia,Lower middle income,IDA,85.3157,27.6939
4515,2020,41.5907220090687,Forest area (% of land area),NP,Nepal,South Asia,Lower middle income,IDA,85.3157,27.6939
4516,2019,41.5907220090687,Forest area (% of land area),NP,Nepal,South Asia,Lower middle income,IDA,85.3157,27.6939
4517,2018,41.5907220090687,Forest area (% of land area),NP,Nepal,South Asia,Lower middle income,IDA,85.3157,27.6939
4518,2017,41.5907220090687,Forest area (% of land area),NP,Nepal,South Asia,Lower middle income,IDA,85.3157,27.6939
4519,2016,41.5907220090687,Forest area (% of land area),NP,Nepal,South Asia,Lower middle income,IDA,85.3157,27.6939
4520,2025,,Forest area (% of land area),NL,Netherlands,Europe & Central Asia,High income,Not classified,4.89095,52.3738
4521,2024,,Forest area (% of land area),NL,Netherlands,Europe & Central Asia,High income,Not classified,4.89095,52.3738
4522,2023,11.0574428274428,Forest area (% of land area),NL,Netherlands,Europe & Central Asia,High income,Not classified,4.89095,52.3738
4523,2022,11.0296673596674,Forest area (% of land area),NL,Netherlands,Europe & Central Asia,High income,Not classified,4.89095,52.3738
4524,2021,11.001980991981,Forest area (% of land area),NL,Netherlands,Europe & Central Asia,High income,Not classified,4.89095,52.3738
4525,2020,10.974160974161,Forest area (% of land area),NL,Netherlands,Europe & Central Asia,High income,Not classified,4.89095,52.3738
4526,2019,10.9465399465399,Forest area (% of land area),NL,Netherlands,Europe & Central Asia,High income,Not classified,4.89095,52.3738
4527,2018,10.9186219186219,Forest area (% of land area),NL,Netherlands,Europe & Central Asia,High income,Not classified,4.89095,52.3738
4528,2017,10.8910008910009,Forest area (% of land area),NL,Netherlands,Europe & Central Asia,High income,Not classified,4.89095,52.3738
4529,2016,10.8630828630829,Forest area (% of land area),NL,Netherlands,Europe & Central Asia,High income,Not classified,4.89095,52.3738
4530,2025,,Forest area (% of land area),NC,New Caledonia,East Asia & Pacific,High income,Not classified,166.464,-22.2677
4531,2024,,Forest area (% of land area),NC,New Caledonia,East Asia & Pacific,High income,Not classified,166.464,-22.2677
4532,2023,45.8271334792123,Forest area (% of land area),NC,New Caledonia,East Asia & Pacific,High income,Not classified,166.464,-22.2677
4533,2022,45.8326039387309,Forest area (% of land area),NC,New Caledonia,East Asia & Pacific,High income,Not classified,166.464,-22.2677
4534,2021,45.8380743982495,Forest area (% of land area),NC,New Caledonia,East Asia & Pacific,High income,Not classified,166.464,-22.2677
4535,2020,45.8435448577681,Forest area (% of land area),NC,New Caledonia,East Asia & Pacific,High income,Not classified,166.464,-22.2677
4536,2019,45.8490153172867,Forest area (% of land area),NC,New Caledonia,East Asia & Pacific,High income,Not classified,166.464,-22.2677
4537,2018,45.8544857768053,Forest area (% of land area),NC,New Caledonia,East Asia & Pacific,High income,Not classified,166.464,-22.2677
4538,2017,45.8599562363239,Forest area (% of land area),NC,New Caledonia,East Asia & Pacific,High income,Not classified,166.464,-22.2677
4539,2016,45.8654266958425,Forest area (% of land area),NC,New Caledonia,East Asia & Pacific,High income,Not classified,166.464,-22.2677
4540,2025,,Forest area (% of land area),NZ,New Zealand,East Asia & Pacific,High income,Not classified,174.776,-41.2865
4541,2024,,Forest area (% of land area),NZ,New Zealand,East Asia & Pacific,High income,Not classified,174.776,-41.2865
4542,2023,37.7892841137822,Forest area (% of land area),NZ,New Zealand,East Asia & Pacific,High income,Not classified,174.776,-41.2865
4543,2022,37.719363487904,Forest area (% of land area),NZ,New Zealand,East Asia & Pacific,High income,Not classified,174.776,-41.2865
4544,2021,37.6306509437545,Forest area (% of land area),NZ,New Zealand,East Asia & Pacific,High income,Not classified,174.776,-41.2865
4545,2020,37.5701264669021,Forest area (% of land area),NZ,New Zealand,East Asia & Pacific,High income,Not classified,174.776,-41.2865
4546,2019,37.4673198891041,Forest area (% of land area),NZ,New Zealand,East Asia & Pacific,High income,Not classified,174.776,-41.2865
4547,2018,37.4279366526148,Forest area (% of land area),NZ,New Zealand,East Asia & Pacific,High income,Not classified,174.776,-41.2865
4548,2017,37.411606091679,Forest area (% of land area),NZ,New Zealand,East Asia & Pacific,High income,Not classified,174.776,-41.2865
4549,2016,37.396035091717,Forest area (% of land area),NZ,New Zealand,East Asia & Pacific,High income,Not classified,174.776,-41.2865
4550,2025,,Forest area (% of land area),NI,Nicaragua,Latin America & Caribbean ,Lower middle income,IDA,-86.2734,12.1475
4551,2024,,Forest area (% of land area),NI,Nicaragua,Latin America & Caribbean ,Lower middle income,IDA,-86.2734,12.1475
4552,2023,25.8229183978727,Forest area (% of land area),NI,Nicaragua,Latin America & Caribbean ,Lower middle income,IDA,-86.2734,12.1475
4553,2022,26.6538972910088,Forest area (% of land area),NI,Nicaragua,Latin America & Caribbean ,Lower middle income,IDA,-86.2734,12.1475
4554,2021,27.4848761841449,Forest area (% of land area),NI,Nicaragua,Latin America & Caribbean ,Lower middle income,IDA,-86.2734,12.1475
4555,2020,28.315855077281,Forest area (% of land area),NI,Nicaragua,Latin America & Caribbean ,Lower middle income,IDA,-86.2734,12.1475
4556,2019,29.1468339704172,Forest area (% of land area),NI,Nicaragua,Latin America & Caribbean ,Lower middle income,IDA,-86.2734,12.1475
4557,2018,29.9778128635533,Forest area (% of land area),NI,Nicaragua,Latin America & Caribbean ,Lower middle income,IDA,-86.2734,12.1475
4558,2017,30.8087917566894,Forest area (% of land area),NI,Nicaragua,Latin America & Caribbean ,Lower middle income,IDA,-86.2734,12.1475
4559,2016,31.6397706498255,Forest area (% of land area),NI,Nicaragua,Latin America & Caribbean ,Lower middle income,IDA,-86.2734,12.1475
4560,2025,,Forest area (% of land area),NE,Niger,Sub-Saharan Africa ,Low income,IDA,2.1073,13.514
4561,2024,,Forest area (% of land area),NE,Niger,Sub-Saharan Africa ,Low income,IDA,2.1073,13.514
4562,2023,0.822957290597616,Forest area (% of land area),NE,Niger,Sub-Saharan Africa ,Low income,IDA,2.1073,13.514
4563,2022,0.83276229572906,Forest area (% of land area),NE,Niger,Sub-Saharan Africa ,Low income,IDA,2.1073,13.514
4564,2021,0.842567300860504,Forest area (% of land area),NE,Niger,Sub-Saharan Africa ,Low income,IDA,2.1073,13.514
4565,2020,0.852372305991948,Forest area (% of land area),NE,Niger,Sub-Saharan Africa ,Low income,IDA,2.1073,13.514
4566,2019,0.862177311123392,Forest area (% of land area),NE,Niger,Sub-Saharan Africa ,Low income,IDA,2.1073,13.514
4567,2018,0.871982316254835,Forest area (% of land area),NE,Niger,Sub-Saharan Africa ,Low income,IDA,2.1073,13.514
4568,2017,0.881787321386279,Forest area (% of land area),NE,Niger,Sub-Saharan Africa ,Low income,IDA,2.1073,13.514
4569,2016,0.891592326517723,Forest area (% of land area),NE,Niger,Sub-Saharan Africa ,Low income,IDA,2.1073,13.514
4570,2025,,Forest area (% of land area),NG,Nigeria,Sub-Saharan Africa ,Lower middle income,Blend,7.48906,9.05804
4571,2024,,Forest area (% of land area),NG,Nigeria,Sub-Saharan Africa ,Lower middle income,Blend,7.48906,9.05804
4572,2023,23.2078900271199,Forest area (% of land area),NG,Nigeria,Sub-Saharan Africa ,Lower middle income,Blend,7.48906,9.05804
4573,2022,23.3871888621716,Forest area (% of land area),NG,Nigeria,Sub-Saharan Africa ,Lower middle income,Blend,7.48906,9.05804
4574,2021,23.5664876972232,Forest area (% of land area),NG,Nigeria,Sub-Saharan Africa ,Lower middle income,Blend,7.48906,9.05804
4575,2020,23.7457865322749,Forest area (% of land area),NG,Nigeria,Sub-Saharan Africa ,Lower middle income,Blend,7.48906,9.05804
4576,2019,23.9250853673265,Forest area (% of land area),NG,Nigeria,Sub-Saharan Africa ,Lower middle income,Blend,7.48906,9.05804
4577,2018,24.1043842023782,Forest area (% of land area),NG,Nigeria,Sub-Saharan Africa ,Lower middle income,Blend,7.48906,9.05804
4578,2017,24.2836830374299,Forest area (% of land area),NG,Nigeria,Sub-Saharan Africa ,Lower middle income,Blend,7.48906,9.05804
4579,2016,24.4629795667402,Forest area (% of land area),NG,Nigeria,Sub-Saharan Africa ,Lower middle income,Blend,7.48906,9.05804
4580,2025,,Forest area (% of land area),MK,North Macedonia,Europe & Central Asia,Upper middle income,IBRD,21.4361,42.0024
4581,2024,,Forest area (% of land area),MK,North Macedonia,Europe & Central Asia,Upper middle income,IBRD,21.4361,42.0024
4582,2023,39.7101506740682,Forest area (% of land area),MK,North Macedonia,Europe & Central Asia,Upper middle income,IBRD,21.4361,42.0024
4583,2022,39.7101506740682,Forest area (% of land area),MK,North Macedonia,Europe & Central Asia,Upper middle income,IBRD,21.4361,42.0024
4584,2021,39.7101506740682,Forest area (% of land area),MK,North Macedonia,Europe & Central Asia,Upper middle income,IBRD,21.4361,42.0024
4585,2020,39.7101506740682,Forest area (% of land area),MK,North Macedonia,Europe & Central Asia,Upper middle income,IBRD,21.4361,42.0024
4586,2019,39.7101506740682,Forest area (% of land area),MK,North Macedonia,Europe & Central Asia,Upper middle income,IBRD,21.4361,42.0024
4587,2018,39.7101506740682,Forest area (% of land area),MK,North Macedonia,Europe & Central Asia,Upper middle income,IBRD,21.4361,42.0024
4588,2017,39.7101506740682,Forest area (% of land area),MK,North Macedonia,Europe & Central Asia,Upper middle income,IBRD,21.4361,42.0024
4589,2016,39.7172878667724,Forest area (% of land area),MK,North Macedonia,Europe & Central Asia,Upper middle income,IBRD,21.4361,42.0024
4590,2025,,Forest area (% of land area),MP,Northern Mariana Islands,East Asia & Pacific,High income,Not classified,145.765,15.1935
4591,2024,,Forest area (% of land area),MP,Northern Mariana Islands,East Asia & Pacific,High income,Not classified,145.765,15.1935
4592,2023,52.9565217391304,Forest area (% of land area),MP,Northern Mariana Islands,East Asia & Pacific,High income,Not classified,145.765,15.1935
4593,2022,52.9565217391304,Forest area (% of land area),MP,Northern Mariana Islands,East Asia & Pacific,High income,Not classified,145.765,15.1935
4594,2021,52.9565217391304,Forest area (% of land area),MP,Northern Mariana Islands,East Asia & Pacific,High income,Not classified,145.765,15.1935
4595,2020,52.9565217391304,Forest area (% of land area),MP,Northern Mariana Islands,East Asia & Pacific,High income,Not classified,145.765,15.1935
4596,2019,52.9565217391304,Forest area (% of land area),MP,Northern Mariana Islands,East Asia & Pacific,High income,Not classified,145.765,15.1935
4597,2018,52.9565217391304,Forest area (% of land area),MP,Northern Mariana Islands,East Asia & Pacific,High income,Not classified,145.765,15.1935
4598,2017,52.9565217391304,Forest area (% of land area),MP,Northern Mariana Islands,East Asia & Pacific,High income,Not classified,145.765,15.1935
4599,2016,52.9565217391304,Forest area (% of land area),MP,Northern Mariana Islands,East Asia & Pacific,High income,Not classified,145.765,15.1935
4600,2025,,Forest area (% of land area),NO,Norway,Europe & Central Asia,High income,Not classified,10.7387,59.9138
4601,2024,,Forest area (% of land area),NO,Norway,Europe & Central Asia,High income,Not classified,10.7387,59.9138
4602,2023,33.5009745518434,Forest area (% of land area),NO,Norway,Europe & Central Asia,High income,Not classified,10.7387,59.9138
4603,2022,33.4795618634529,Forest area (% of land area),NO,Norway,Europe & Central Asia,High income,Not classified,10.7387,59.9138
4604,2021,33.4581491750625,Forest area (% of land area),NO,Norway,Europe & Central Asia,High income,Not classified,10.7387,59.9138
4605,2020,33.4353596771758,Forest area (% of land area),NO,Norway,Europe & Central Asia,High income,Not classified,10.7387,59.9138
4606,2019,33.3399069828592,Forest area (% of land area),NO,Norway,Europe & Central Asia,High income,Not classified,10.7387,59.9138
4607,2018,33.3172650284299,Forest area (% of land area),NO,Norway,Europe & Central Asia,High income,Not classified,10.7387,59.9138
4608,2017,33.2945336229161,Forest area (% of land area),NO,Norway,Europe & Central Asia,High income,Not classified,10.7387,59.9138
4609,2016,33.271099733249,Forest area (% of land area),NO,Norway,Europe & Central Asia,High income,Not classified,10.7387,59.9138
4610,2025,,Forest area (% of land area),OM,Oman,"Middle East, North Africa, Afghanistan & Pakistan",High income,Not classified,58.5874,23.6105
4611,2024,,Forest area (% of land area),OM,Oman,"Middle East, North Africa, Afghanistan & Pakistan",High income,Not classified,58.5874,23.6105
4612,2023,0.00762261712439418,Forest area (% of land area),OM,Oman,"Middle East, North Africa, Afghanistan & Pakistan",High income,Not classified,58.5874,23.6105
4613,2022,0.00779030694668821,Forest area (% of land area),OM,Oman,"Middle East, North Africa, Afghanistan & Pakistan",High income,Not classified,58.5874,23.6105
4614,2021,0.00786203554119548,Forest area (% of land area),OM,Oman,"Middle East, North Africa, Afghanistan & Pakistan",High income,Not classified,58.5874,23.6105
4615,2020,0.00807754442649435,Forest area (% of land area),OM,Oman,"Middle East, North Africa, Afghanistan & Pakistan",High income,Not classified,58.5874,23.6105
4616,2019,0.00807754442649435,Forest area (% of land area),OM,Oman,"Middle East, North Africa, Afghanistan & Pakistan",High income,Not classified,58.5874,23.6105
4617,2018,0.00840064620355412,Forest area (% of land area),OM,Oman,"Middle East, North Africa, Afghanistan & Pakistan",High income,Not classified,58.5874,23.6105
4618,2017,0.00872374798061389,Forest area (% of land area),OM,Oman,"Middle East, North Africa, Afghanistan & Pakistan",High income,Not classified,58.5874,23.6105
4619,2016,0.00904684975767367,Forest area (% of land area),OM,Oman,"Middle East, North Africa, Afghanistan & Pakistan",High income,Not classified,58.5874,23.6105
4620,2025,,Forest area (% of land area),PK,Pakistan,"Middle East, North Africa, Afghanistan & Pakistan",Lower middle income,Blend,72.8,30.5167
4621,2024,,Forest area (% of land area),PK,Pakistan,"Middle East, North Africa, Afghanistan & Pakistan",Lower middle income,Blend,72.8,30.5167
4622,2023,4.67242631797426,Forest area (% of land area),PK,Pakistan,"Middle East, North Africa, Afghanistan & Pakistan",Lower middle income,Blend,72.8,30.5167
4623,2022,4.72605334163553,Forest area (% of land area),PK,Pakistan,"Middle East, North Africa, Afghanistan & Pakistan",Lower middle income,Blend,72.8,30.5167
4624,2021,4.7796803652968,Forest area (% of land area),PK,Pakistan,"Middle East, North Africa, Afghanistan & Pakistan",Lower middle income,Blend,72.8,30.5167
4625,2020,4.83330738895807,Forest area (% of land area),PK,Pakistan,"Middle East, North Africa, Afghanistan & Pakistan",Lower middle income,Blend,72.8,30.5167
4626,2019,4.88693441261934,Forest area (% of land area),PK,Pakistan,"Middle East, North Africa, Afghanistan & Pakistan",Lower middle income,Blend,72.8,30.5167
4627,2018,4.94056143628061,Forest area (% of land area),PK,Pakistan,"Middle East, North Africa, Afghanistan & Pakistan",Lower middle income,Blend,72.8,30.5167
4628,2017,4.99418845994188,Forest area (% of land area),PK,Pakistan,"Middle East, North Africa, Afghanistan & Pakistan",Lower middle income,Blend,72.8,30.5167
4629,2016,5.01795350767954,Forest area (% of land area),PK,Pakistan,"Middle East, North Africa, Afghanistan & Pakistan",Lower middle income,Blend,72.8,30.5167
4630,2025,,Forest area (% of land area),PW,Palau,East Asia & Pacific,High income,IBRD,134.479,7.34194
4631,2024,,Forest area (% of land area),PW,Palau,East Asia & Pacific,High income,IBRD,134.479,7.34194
4632,2023,90.5434782608696,Forest area (% of land area),PW,Palau,East Asia & Pacific,High income,IBRD,134.479,7.34194
4633,2022,90.3695652173913,Forest area (% of land area),PW,Palau,East Asia & Pacific,High income,IBRD,134.479,7.34194
4634,2021,90.195652173913,Forest area (% of land area),PW,Palau,East Asia & Pacific,High income,IBRD,134.479,7.34194
4635,2020,90.0217391304348,Forest area (% of land area),PW,Palau,East Asia & Pacific,High income,IBRD,134.479,7.34194
4636,2019,89.8478260869565,Forest area (% of land area),PW,Palau,East Asia & Pacific,High income,IBRD,134.479,7.34194
4637,2018,89.6739130434783,Forest area (% of land area),PW,Palau,East Asia & Pacific,High income,IBRD,134.479,7.34194
4638,2017,89.4782608695652,Forest area (% of land area),PW,Palau,East Asia & Pacific,High income,IBRD,134.479,7.34194
4639,2016,89.304347826087,Forest area (% of land area),PW,Palau,East Asia & Pacific,High income,IBRD,134.479,7.34194
4640,2025,,Forest area (% of land area),PA,Panama,Latin America & Caribbean ,High income,IBRD,-79.5188,8.99427
4641,2024,,Forest area (% of land area),PA,Panama,Latin America & Caribbean ,High income,IBRD,-79.5188,8.99427
4642,2023,56.3439727689404,Forest area (% of land area),PA,Panama,Latin America & Caribbean ,High income,IBRD,-79.5188,8.99427
4643,2022,56.4978579131842,Forest area (% of land area),PA,Panama,Latin America & Caribbean ,High income,IBRD,-79.5188,8.99427
4644,2021,56.6517026152602,Forest area (% of land area),PA,Panama,Latin America & Caribbean ,High income,IBRD,-79.5188,8.99427
4645,2020,56.8056079805878,Forest area (% of land area),PA,Panama,Latin America & Caribbean ,High income,IBRD,-79.5188,8.99427
4646,2019,56.9594230250741,Forest area (% of land area),PA,Panama,Latin America & Caribbean ,High income,IBRD,-79.5188,8.99427
4647,2018,57.1133728767862,Forest area (% of land area),PA,Panama,Latin America & Caribbean ,High income,IBRD,-79.5188,8.99427
4648,2017,57.3135456017269,Forest area (% of land area),PA,Panama,Latin America & Caribbean ,High income,IBRD,-79.5188,8.99427
4649,2016,57.4676200755532,Forest area (% of land area),PA,Panama,Latin America & Caribbean ,High income,IBRD,-79.5188,8.99427
4650,2025,,Forest area (% of land area),PG,Papua New Guinea,East Asia & Pacific,Lower middle income,Blend,147.194,-9.47357
4651,2024,,Forest area (% of land area),PG,Papua New Guinea,East Asia & Pacific,Lower middle income,Blend,147.194,-9.47357
4652,2023,78.9541359360509,Forest area (% of land area),PG,Papua New Guinea,East Asia & Pacific,Lower middle income,Blend,147.194,-9.47357
4653,2022,79.0281764783818,Forest area (% of land area),PG,Papua New Guinea,East Asia & Pacific,Lower middle income,Blend,147.194,-9.47357
4654,2021,79.1022170207128,Forest area (% of land area),PG,Papua New Guinea,East Asia & Pacific,Lower middle income,Blend,147.194,-9.47357
4655,2020,79.1762575630438,Forest area (% of land area),PG,Papua New Guinea,East Asia & Pacific,Lower middle income,Blend,147.194,-9.47357
4656,2019,79.2502981053747,Forest area (% of land area),PG,Papua New Guinea,East Asia & Pacific,Lower middle income,Blend,147.194,-9.47357
4657,2018,79.3243386477057,Forest area (% of land area),PG,Papua New Guinea,East Asia & Pacific,Lower middle income,Blend,147.194,-9.47357
4658,2017,79.3983791900367,Forest area (% of land area),PG,Papua New Guinea,East Asia & Pacific,Lower middle income,Blend,147.194,-9.47357
4659,2016,79.4724197323676,Forest area (% of land area),PG,Papua New Guinea,East Asia & Pacific,Lower middle income,Blend,147.194,-9.47357
4660,2025,,Forest area (% of land area),PY,Paraguay,Latin America & Caribbean ,Upper middle income,IBRD,-57.6362,-25.3005
4661,2024,,Forest area (% of land area),PY,Paraguay,Latin America & Caribbean ,Upper middle income,IBRD,-57.6362,-25.3005
4662,2023,38.5449252640128,Forest area (% of land area),PY,Paraguay,Latin America & Caribbean ,Upper middle income,IBRD,-57.6362,-25.3005
4663,2022,39.2502935554672,Forest area (% of land area),PY,Paraguay,Latin America & Caribbean ,Upper middle income,IBRD,-57.6362,-25.3005
4664,2021,39.8261432167128,Forest area (% of land area),PY,Paraguay,Latin America & Caribbean ,Upper middle income,IBRD,-57.6362,-25.3005
4665,2020,40.5292222501888,Forest area (% of land area),PY,Paraguay,Latin America & Caribbean ,Upper middle income,IBRD,-57.6362,-25.3005
4666,2019,41.2323181474956,Forest area (% of land area),PY,Paraguay,Latin America & Caribbean ,Upper middle income,IBRD,-57.6362,-25.3005
4667,2018,41.9353888749056,Forest area (% of land area),PY,Paraguay,Latin America & Caribbean ,Upper middle income,IBRD,-57.6362,-25.3005
4668,2017,42.6384847722124,Forest area (% of land area),PY,Paraguay,Latin America & Caribbean ,Upper middle income,IBRD,-57.6362,-25.3005
4669,2016,43.6273093380317,Forest area (% of land area),PY,Paraguay,Latin America & Caribbean ,Upper middle income,IBRD,-57.6362,-25.3005
4670,2025,,Forest area (% of land area),PE,Peru,Latin America & Caribbean ,Upper middle income,IBRD,-77.0465,-12.0931
4671,2024,,Forest area (% of land area),PE,Peru,Latin America & Caribbean ,Upper middle income,IBRD,-77.0465,-12.0931
4672,2023,56.103020234375,Forest area (% of land area),PE,Peru,Latin America & Caribbean ,Upper middle income,IBRD,-77.0465,-12.0931
4673,2022,56.238047734375,Forest area (% of land area),PE,Peru,Latin America & Caribbean ,Upper middle income,IBRD,-77.0465,-12.0931
4674,2021,56.373072890625,Forest area (% of land area),PE,Peru,Latin America & Caribbean ,Upper middle income,IBRD,-77.0465,-12.0931
4675,2020,56.5081015625,Forest area (% of land area),PE,Peru,Latin America & Caribbean ,Upper middle income,IBRD,-77.0465,-12.0931
4676,2019,56.643125,Forest area (% of land area),PE,Peru,Latin America & Caribbean ,Upper middle income,IBRD,-77.0465,-12.0931
4677,2018,56.77815625,Forest area (% of land area),PE,Peru,Latin America & Caribbean ,Upper middle income,IBRD,-77.0465,-12.0931
4678,2017,56.902171875,Forest area (% of land area),PE,Peru,Latin America & Caribbean ,Upper middle income,IBRD,-77.0465,-12.0931
4679,2016,57.03928125,Forest area (% of land area),PE,Peru,Latin America & Caribbean ,Upper middle income,IBRD,-77.0465,-12.0931
4680,2025,,Forest area (% of land area),PH,Philippines,East Asia & Pacific,Upper middle income,IBRD,121.035,14.5515
4681,2024,,Forest area (% of land area),PH,Philippines,East Asia & Pacific,Upper middle income,IBRD,121.035,14.5515
4682,2023,24.4600731126539,Forest area (% of land area),PH,Philippines,East Asia & Pacific,Upper middle income,IBRD,121.035,14.5515
4683,2022,24.3430593285709,Forest area (% of land area),PH,Philippines,East Asia & Pacific,Upper middle income,IBRD,121.035,14.5515
4684,2021,24.226045544488,Forest area (% of land area),PH,Philippines,East Asia & Pacific,Upper middle income,IBRD,121.035,14.5515
4685,2020,24.1090317604051,Forest area (% of land area),PH,Philippines,East Asia & Pacific,Upper middle income,IBRD,121.035,14.5515
4686,2019,23.9920179763222,Forest area (% of land area),PH,Philippines,East Asia & Pacific,Upper middle income,IBRD,121.035,14.5515
4687,2018,23.8750041922393,Forest area (% of land area),PH,Philippines,East Asia & Pacific,Upper middle income,IBRD,121.035,14.5515
4688,2017,23.758023946071,Forest area (% of land area),PH,Philippines,East Asia & Pacific,Upper middle income,IBRD,121.035,14.5515
4689,2016,23.6410101619881,Forest area (% of land area),PH,Philippines,East Asia & Pacific,Upper middle income,IBRD,121.035,14.5515
4690,2025,,Forest area (% of land area),PL,Poland,Europe & Central Asia,High income,IBRD,21.02,52.26
4691,2024,,Forest area (% of land area),PL,Poland,Europe & Central Asia,High income,IBRD,21.02,52.26
4692,2023,31.0804192379273,Forest area (% of land area),PL,Poland,Europe & Central Asia,High income,IBRD,21.02,52.26
4693,2022,31.0594923061845,Forest area (% of land area),PL,Poland,Europe & Central Asia,High income,IBRD,21.02,52.26
4694,2021,31.0192747468148,Forest area (% of land area),PL,Poland,Europe & Central Asia,High income,IBRD,21.02,52.26
4695,2020,30.9770358997811,Forest area (% of land area),PL,Poland,Europe & Central Asia,High income,IBRD,21.02,52.26
4696,2019,30.939858220901,Forest area (% of land area),PL,Poland,Europe & Central Asia,High income,IBRD,21.02,52.26
4697,2018,30.8946010386387,Forest area (% of land area),PL,Poland,Europe & Central Asia,High income,IBRD,21.02,52.26
4698,2017,30.8533916849015,Forest area (% of land area),PL,Poland,Europe & Central Asia,High income,IBRD,21.02,52.26
4699,2016,30.8142003331265,Forest area (% of land area),PL,Poland,Europe & Central Asia,High income,IBRD,21.02,52.26
4700,2025,,Forest area (% of land area),PT,Portugal,Europe & Central Asia,High income,Not classified,-9.13552,38.7072
4701,2024,,Forest area (% of land area),PT,Portugal,Europe & Central Asia,High income,Not classified,-9.13552,38.7072
4702,2023,36.154994891142,Forest area (% of land area),PT,Portugal,Europe & Central Asia,High income,Not classified,-9.13552,38.7072
4703,2022,36.154994891142,Forest area (% of land area),PT,Portugal,Europe & Central Asia,High income,Not classified,-9.13552,38.7072
4704,2021,36.154994891142,Forest area (% of land area),PT,Portugal,Europe & Central Asia,High income,Not classified,-9.13552,38.7072
4705,2020,36.154994891142,Forest area (% of land area),PT,Portugal,Europe & Central Asia,High income,Not classified,-9.13552,38.7072
4706,2019,36.154994891142,Forest area (% of land area),PT,Portugal,Europe & Central Asia,High income,Not classified,-9.13552,38.7072
4707,2018,36.154994891142,Forest area (% of land area),PT,Portugal,Europe & Central Asia,High income,Not classified,-9.13552,38.7072
4708,2017,36.154994891142,Forest area (% of land area),PT,Portugal,Europe & Central Asia,High income,Not classified,-9.13552,38.7072
4709,2016,36.154994891142,Forest area (% of land area),PT,Portugal,Europe & Central Asia,High income,Not classified,-9.13552,38.7072
4710,2025,,Forest area (% of land area),PR,Puerto Rico (US),Latin America & Caribbean ,High income,Not classified,-66,18.23
4711,2024,,Forest area (% of land area),PR,Puerto Rico (US),Latin America & Caribbean ,High income,Not classified,-66,18.23
4712,2023,56.1217587373168,Forest area (% of land area),PR,Puerto Rico (US),Latin America & Caribbean ,High income,Not classified,-66,18.23
4713,2022,56.0665163472379,Forest area (% of land area),PR,Puerto Rico (US),Latin America & Caribbean ,High income,Not classified,-66,18.23
4714,2021,56.011273957159,Forest area (% of land area),PR,Puerto Rico (US),Latin America & Caribbean ,High income,Not classified,-66,18.23
4715,2020,55.95603156708,Forest area (% of land area),PR,Puerto Rico (US),Latin America & Caribbean ,High income,Not classified,-66,18.23
4716,2019,55.9007891770011,Forest area (% of land area),PR,Puerto Rico (US),Latin America & Caribbean ,High income,Not classified,-66,18.23
4717,2018,55.8455467869222,Forest area (% of land area),PR,Puerto Rico (US),Latin America & Caribbean ,High income,Not classified,-66,18.23
4718,2017,55.7903043968433,Forest area (% of land area),PR,Puerto Rico (US),Latin America & Caribbean ,High income,Not classified,-66,18.23
4719,2016,55.7350620067644,Forest area (% of land area),PR,Puerto Rico (US),Latin America & Caribbean ,High income,Not classified,-66,18.23
4720,2025,,Forest area (% of land area),QA,Qatar,"Middle East, North Africa, Afghanistan & Pakistan",High income,Not classified,51.5082,25.2948
4721,2024,,Forest area (% of land area),QA,Qatar,"Middle East, North Africa, Afghanistan & Pakistan",High income,Not classified,51.5082,25.2948
4722,2023,0.0,Forest area (% of land area),QA,Qatar,"Middle East, North Africa, Afghanistan & Pakistan",High income,Not classified,51.5082,25.2948
4723,2022,0.0,Forest area (% of land area),QA,Qatar,"Middle East, North Africa, Afghanistan & Pakistan",High income,Not classified,51.5082,25.2948
4724,2021,0.0,Forest area (% of land area),QA,Qatar,"Middle East, North Africa, Afghanistan & Pakistan",High income,Not classified,51.5082,25.2948
4725,2020,0.0,Forest area (% of land area),QA,Qatar,"Middle East, North Africa, Afghanistan & Pakistan",High income,Not classified,51.5082,25.2948
4726,2019,0.0,Forest area (% of land area),QA,Qatar,"Middle East, North Africa, Afghanistan & Pakistan",High income,Not classified,51.5082,25.2948
4727,2018,0.0,Forest area (% of land area),QA,Qatar,"Middle East, North Africa, Afghanistan & Pakistan",High income,Not classified,51.5082,25.2948
4728,2017,0.0,Forest area (% of land area),QA,Qatar,"Middle East, North Africa, Afghanistan & Pakistan",High income,Not classified,51.5082,25.2948
4729,2016,0.0,Forest area (% of land area),QA,Qatar,"Middle East, North Africa, Afghanistan & Pakistan",High income,Not classified,51.5082,25.2948
4730,2025,,Forest area (% of land area),RO,Romania,Europe & Central Asia,High income,IBRD,26.0979,44.4479
4731,2024,,Forest area (% of land area),RO,Romania,Europe & Central Asia,High income,IBRD,26.0979,44.4479
4732,2023,30.1158292767733,Forest area (% of land area),RO,Romania,Europe & Central Asia,High income,IBRD,26.0979,44.4479
4733,2022,30.1158292767733,Forest area (% of land area),RO,Romania,Europe & Central Asia,High income,IBRD,26.0979,44.4479
4734,2021,30.1158292767733,Forest area (% of land area),RO,Romania,Europe & Central Asia,High income,IBRD,26.0979,44.4479
4735,2020,30.1158292767733,Forest area (% of land area),RO,Romania,Europe & Central Asia,High income,IBRD,26.0979,44.4479
4736,2019,30.1158292767733,Forest area (% of land area),RO,Romania,Europe & Central Asia,High income,IBRD,26.0979,44.4479
4737,2018,30.1158292767733,Forest area (% of land area),RO,Romania,Europe & Central Asia,High income,IBRD,26.0979,44.4479
4738,2017,30.1158292767733,Forest area (% of land area),RO,Romania,Europe & Central Asia,High income,IBRD,26.0979,44.4479
4739,2016,30.1158292767733,Forest area (% of land area),RO,Romania,Europe & Central Asia,High income,IBRD,26.0979,44.4479
4740,2025,,Forest area (% of land area),RU,Russian Federation,Europe & Central Asia,High income,IBRD,37.6176,55.7558
4741,2024,,Forest area (% of land area),RU,Russian Federation,Europe & Central Asia,High income,IBRD,37.6176,55.7558
4742,2023,49.7843605035639,Forest area (% of land area),RU,Russian Federation,Europe & Central Asia,High income,IBRD,37.6176,55.7558
4743,2022,49.7843605035639,Forest area (% of land area),RU,Russian Federation,Europe & Central Asia,High income,IBRD,37.6176,55.7558
4744,2021,49.7843605035639,Forest area (% of land area),RU,Russian Federation,Europe & Central Asia,High income,IBRD,37.6176,55.7558
4745,2020,49.7843605035639,Forest area (% of land area),RU,Russian Federation,Europe & Central Asia,High income,IBRD,37.6176,55.7558
4746,2019,49.7843605035639,Forest area (% of land area),RU,Russian Federation,Europe & Central Asia,High income,IBRD,37.6176,55.7558
4747,2018,49.7843605035639,Forest area (% of land area),RU,Russian Federation,Europe & Central Asia,High income,IBRD,37.6176,55.7558
4748,2017,49.7843605035639,Forest area (% of land area),RU,Russian Federation,Europe & Central Asia,High income,IBRD,37.6176,55.7558
4749,2016,49.7726977132993,Forest area (% of land area),RU,Russian Federation,Europe & Central Asia,High income,IBRD,37.6176,55.7558
4750,2025,,Forest area (% of land area),RW,Rwanda,Sub-Saharan Africa ,Low income,IDA,30.0587,-1.95325
4751,2024,,Forest area (% of land area),RW,Rwanda,Sub-Saharan Africa ,Low income,IDA,30.0587,-1.95325
4752,2023,11.3092825293879,Forest area (% of land area),RW,Rwanda,Sub-Saharan Africa ,Low income,IDA,30.0587,-1.95325
4753,2022,11.2687474665586,Forest area (% of land area),RW,Rwanda,Sub-Saharan Africa ,Low income,IDA,30.0587,-1.95325
4754,2021,11.2282124037292,Forest area (% of land area),RW,Rwanda,Sub-Saharan Africa ,Low income,IDA,30.0587,-1.95325
4755,2020,11.1876773408999,Forest area (% of land area),RW,Rwanda,Sub-Saharan Africa ,Low income,IDA,30.0587,-1.95325
4756,2019,11.1471422780705,Forest area (% of land area),RW,Rwanda,Sub-Saharan Africa ,Low income,IDA,30.0587,-1.95325
4757,2018,11.1066072152412,Forest area (% of land area),RW,Rwanda,Sub-Saharan Africa ,Low income,IDA,30.0587,-1.95325
4758,2017,11.0660721524118,Forest area (% of land area),RW,Rwanda,Sub-Saharan Africa ,Low income,IDA,30.0587,-1.95325
4759,2016,11.0255370895825,Forest area (% of land area),RW,Rwanda,Sub-Saharan Africa ,Low income,IDA,30.0587,-1.95325
4760,2025,,Forest area (% of land area),WS,Samoa,East Asia & Pacific,Upper middle income,IDA,-171.752,-13.8314
4761,2024,,Forest area (% of land area),WS,Samoa,East Asia & Pacific,Upper middle income,IDA,-171.752,-13.8314
4762,2023,57.636690647482,Forest area (% of land area),WS,Samoa,East Asia & Pacific,Upper middle income,IDA,-171.752,-13.8314
4763,2022,57.8093525179856,Forest area (% of land area),WS,Samoa,East Asia & Pacific,Upper middle income,IDA,-171.752,-13.8314
4764,2021,57.9820143884892,Forest area (% of land area),WS,Samoa,East Asia & Pacific,Upper middle income,IDA,-171.752,-13.8314
4765,2020,58.1546762589928,Forest area (% of land area),WS,Samoa,East Asia & Pacific,Upper middle income,IDA,-171.752,-13.8314
4766,2019,58.3273381294964,Forest area (% of land area),WS,Samoa,East Asia & Pacific,Upper middle income,IDA,-171.752,-13.8314
4767,2018,58.5,Forest area (% of land area),WS,Samoa,East Asia & Pacific,Upper middle income,IDA,-171.752,-13.8314
4768,2017,58.6726618705036,Forest area (% of land area),WS,Samoa,East Asia & Pacific,Upper middle income,IDA,-171.752,-13.8314
4769,2016,57.8056537102473,Forest area (% of land area),WS,Samoa,East Asia & Pacific,Upper middle income,IDA,-171.752,-13.8314
4770,2025,,Forest area (% of land area),SM,San Marino,Europe & Central Asia,High income,Not classified,12.4486,43.9322
4771,2024,,Forest area (% of land area),SM,San Marino,Europe & Central Asia,High income,Not classified,12.4486,43.9322
4772,2023,16.6666666666667,Forest area (% of land area),SM,San Marino,Europe & Central Asia,High income,Not classified,12.4486,43.9322
4773,2022,16.6666666666667,Forest area (% of land area),SM,San Marino,Europe & Central Asia,High income,Not classified,12.4486,43.9322
4774,2021,16.6666666666667,Forest area (% of land area),SM,San Marino,Europe & Central Asia,High income,Not classified,12.4486,43.9322
4775,2020,16.6666666666667,Forest area (% of land area),SM,San Marino,Europe & Central Asia,High income,Not classified,12.4486,43.9322
4776,2019,16.6666666666667,Forest area (% of land area),SM,San Marino,Europe & Central Asia,High income,Not classified,12.4486,43.9322
4777,2018,16.6666666666667,Forest area (% of land area),SM,San Marino,Europe & Central Asia,High income,Not classified,12.4486,43.9322
4778,2017,16.6666666666667,Forest area (% of land area),SM,San Marino,Europe & Central Asia,High income,Not classified,12.4486,43.9322
4779,2016,16.6666666666667,Forest area (% of land area),SM,San Marino,Europe & Central Asia,High income,Not classified,12.4486,43.9322
4780,2025,,Forest area (% of land area),ST,Sao Tome and Principe,Sub-Saharan Africa ,Lower middle income,IDA,6.6071,0.20618
4781,2024,,Forest area (% of land area),ST,Sao Tome and Principe,Sub-Saharan Africa ,Lower middle income,IDA,6.6071,0.20618
4782,2023,52.125,Forest area (% of land area),ST,Sao Tome and Principe,Sub-Saharan Africa ,Lower middle income,IDA,6.6071,0.20618
4783,2022,52.7708333333333,Forest area (% of land area),ST,Sao Tome and Principe,Sub-Saharan Africa ,Lower middle income,IDA,6.6071,0.20618
4784,2021,53.4166666666667,Forest area (% of land area),ST,Sao Tome and Principe,Sub-Saharan Africa ,Lower middle income,IDA,6.6071,0.20618
4785,2020,54.0625,Forest area (% of land area),ST,Sao Tome and Principe,Sub-Saharan Africa ,Lower middle income,IDA,6.6071,0.20618
4786,2019,54.7083333333333,Forest area (% of land area),ST,Sao Tome and Principe,Sub-Saharan Africa ,Lower middle income,IDA,6.6071,0.20618
4787,2018,55.3541666666667,Forest area (% of land area),ST,Sao Tome and Principe,Sub-Saharan Africa ,Lower middle income,IDA,6.6071,0.20618
4788,2017,56.0,Forest area (% of land area),ST,Sao Tome and Principe,Sub-Saharan Africa ,Lower middle income,IDA,6.6071,0.20618
4789,2016,56.6458333333333,Forest area (% of land area),ST,Sao Tome and Principe,Sub-Saharan Africa ,Lower middle income,IDA,6.6071,0.20618
4790,2025,,Forest area (% of land area),SA,Saudi Arabia,"Middle East, North Africa, Afghanistan & Pakistan",High income,Not classified,46.6977,24.6748
4791,2024,,Forest area (% of land area),SA,Saudi Arabia,"Middle East, North Africa, Afghanistan & Pakistan",High income,Not classified,46.6977,24.6748
4792,2023,0.454484134921779,Forest area (% of land area),SA,Saudi Arabia,"Middle East, North Africa, Afghanistan & Pakistan",High income,Not classified,46.6977,24.6748
4793,2022,0.454484134921779,Forest area (% of land area),SA,Saudi Arabia,"Middle East, North Africa, Afghanistan & Pakistan",High income,Not classified,46.6977,24.6748
4794,2021,0.454484134921779,Forest area (% of land area),SA,Saudi Arabia,"Middle East, North Africa, Afghanistan & Pakistan",High income,Not classified,46.6977,24.6748
4795,2020,0.454484134921779,Forest area (% of land area),SA,Saudi Arabia,"Middle East, North Africa, Afghanistan & Pakistan",High income,Not classified,46.6977,24.6748
4796,2019,0.454484134921779,Forest area (% of land area),SA,Saudi Arabia,"Middle East, North Africa, Afghanistan & Pakistan",High income,Not classified,46.6977,24.6748
4797,2018,0.454484134921779,Forest area (% of land area),SA,Saudi Arabia,"Middle East, North Africa, Afghanistan & Pakistan",High income,Not classified,46.6977,24.6748
4798,2017,0.454484134921779,Forest area (% of land area),SA,Saudi Arabia,"Middle East, North Africa, Afghanistan & Pakistan",High income,Not classified,46.6977,24.6748
4799,2016,0.454484134921779,Forest area (% of land area),SA,Saudi Arabia,"Middle East, North Africa, Afghanistan & Pakistan",High income,Not classified,46.6977,24.6748
4800,2025,,Forest area (% of land area),SN,Senegal,Sub-Saharan Africa ,Lower middle income,IDA,-17.4734,14.7247
4801,2024,,Forest area (% of land area),SN,Senegal,Sub-Saharan Africa ,Lower middle income,IDA,-17.4734,14.7247
4802,2023,41.2827091881785,Forest area (% of land area),SN,Senegal,Sub-Saharan Africa ,Lower middle income,IDA,-17.4734,14.7247
4803,2022,41.4904690178154,Forest area (% of land area),SN,Senegal,Sub-Saharan Africa ,Lower middle income,IDA,-17.4734,14.7247
4804,2021,41.6982288474523,Forest area (% of land area),SN,Senegal,Sub-Saharan Africa ,Lower middle income,IDA,-17.4734,14.7247
4805,2020,41.9059886770893,Forest area (% of land area),SN,Senegal,Sub-Saharan Africa ,Lower middle income,IDA,-17.4734,14.7247
4806,2019,42.1137485067262,Forest area (% of land area),SN,Senegal,Sub-Saharan Africa ,Lower middle income,IDA,-17.4734,14.7247
4807,2018,42.3215083363632,Forest area (% of land area),SN,Senegal,Sub-Saharan Africa ,Lower middle income,IDA,-17.4734,14.7247
4808,2017,42.5292681660001,Forest area (% of land area),SN,Senegal,Sub-Saharan Africa ,Lower middle income,IDA,-17.4734,14.7247
4809,2016,42.737027995637,Forest area (% of land area),SN,Senegal,Sub-Saharan Africa ,Lower middle income,IDA,-17.4734,14.7247
4810,2025,,Forest area (% of land area),RS,Serbia,Europe & Central Asia,Upper middle income,IBRD,20.4656,44.8024
4811,2024,,Forest area (% of land area),RS,Serbia,Europe & Central Asia,Upper middle income,IBRD,20.4656,44.8024
4812,2023,32.3896349149721,Forest area (% of land area),RS,Serbia,Europe & Central Asia,Upper middle income,IBRD,20.4656,44.8024
4813,2022,32.3858163872042,Forest area (% of land area),RS,Serbia,Europe & Central Asia,Upper middle income,IBRD,20.4656,44.8024
4814,2021,32.3812581757641,Forest area (% of land area),RS,Serbia,Europe & Central Asia,Upper middle income,IBRD,20.4656,44.8024
4815,2020,32.3778094898323,Forest area (% of land area),RS,Serbia,Europe & Central Asia,Upper middle income,IBRD,20.4656,44.8024
4816,2019,31.1253144294535,Forest area (% of land area),RS,Serbia,Europe & Central Asia,Upper middle income,IBRD,20.4656,44.8024
4817,2018,31.1227989938258,Forest area (% of land area),RS,Serbia,Europe & Central Asia,Upper middle income,IBRD,20.4656,44.8024
4818,2017,31.1211982620627,Forest area (% of land area),RS,Serbia,Europe & Central Asia,Upper middle income,IBRD,20.4656,44.8024
4819,2016,31.1019894809056,Forest area (% of land area),RS,Serbia,Europe & Central Asia,Upper middle income,IBRD,20.4656,44.8024
4820,2025,,Forest area (% of land area),SC,Seychelles,Sub-Saharan Africa ,High income,IBRD,55.4466,-4.6309
4821,2024,,Forest area (% of land area),SC,Seychelles,Sub-Saharan Africa ,High income,IBRD,55.4466,-4.6309
4822,2023,73.2608695652174,Forest area (% of land area),SC,Seychelles,Sub-Saharan Africa ,High income,IBRD,55.4466,-4.6309
4823,2022,73.2608695652174,Forest area (% of land area),SC,Seychelles,Sub-Saharan Africa ,High income,IBRD,55.4466,-4.6309
4824,2021,73.2608695652174,Forest area (% of land area),SC,Seychelles,Sub-Saharan Africa ,High income,IBRD,55.4466,-4.6309
4825,2020,73.2608695652174,Forest area (% of land area),SC,Seychelles,Sub-Saharan Africa ,High income,IBRD,55.4466,-4.6309
4826,2019,73.2608695652174,Forest area (% of land area),SC,Seychelles,Sub-Saharan Africa ,High income,IBRD,55.4466,-4.6309
4827,2018,73.2608695652174,Forest area (% of land area),SC,Seychelles,Sub-Saharan Africa ,High income,IBRD,55.4466,-4.6309
4828,2017,73.2608695652174,Forest area (% of land area),SC,Seychelles,Sub-Saharan Africa ,High income,IBRD,55.4466,-4.6309
4829,2016,73.2608695652174,Forest area (% of land area),SC,Seychelles,Sub-Saharan Africa ,High income,IBRD,55.4466,-4.6309
4830,2025,,Forest area (% of land area),SL,Sierra Leone,Sub-Saharan Africa ,Low income,IDA,-13.2134,8.4821
4831,2024,,Forest area (% of land area),SL,Sierra Leone,Sub-Saharan Africa ,Low income,IDA,-13.2134,8.4821
4832,2023,34.2988362427265,Forest area (% of land area),SL,Sierra Leone,Sub-Saharan Africa ,Low income,IDA,-13.2134,8.4821
4833,2022,34.5721806594625,Forest area (% of land area),SL,Sierra Leone,Sub-Saharan Africa ,Low income,IDA,-13.2134,8.4821
4834,2021,34.8455250761984,Forest area (% of land area),SL,Sierra Leone,Sub-Saharan Africa ,Low income,IDA,-13.2134,8.4821
4835,2020,35.1188694929343,Forest area (% of land area),SL,Sierra Leone,Sub-Saharan Africa ,Low income,IDA,-13.2134,8.4821
4836,2019,35.3922139096703,Forest area (% of land area),SL,Sierra Leone,Sub-Saharan Africa ,Low income,IDA,-13.2134,8.4821
4837,2018,35.6655583264062,Forest area (% of land area),SL,Sierra Leone,Sub-Saharan Africa ,Low income,IDA,-13.2134,8.4821
4838,2017,35.9389027431422,Forest area (% of land area),SL,Sierra Leone,Sub-Saharan Africa ,Low income,IDA,-13.2134,8.4821
4839,2016,36.2122471598781,Forest area (% of land area),SL,Sierra Leone,Sub-Saharan Africa ,Low income,IDA,-13.2134,8.4821
4840,2025,,Forest area (% of land area),SG,Singapore,East Asia & Pacific,High income,Not classified,103.85,1.28941
4841,2024,,Forest area (% of land area),SG,Singapore,East Asia & Pacific,High income,Not classified,103.85,1.28941
4842,2023,20.933147632312,Forest area (% of land area),SG,Singapore,East Asia & Pacific,High income,Not classified,103.85,1.28941
4843,2022,21.1838440111421,Forest area (% of land area),SG,Singapore,East Asia & Pacific,High income,Not classified,103.85,1.28941
4844,2021,21.4345403899721,Forest area (% of land area),SG,Singapore,East Asia & Pacific,High income,Not classified,103.85,1.28941
4845,2020,21.6852367688022,Forest area (% of land area),SG,Singapore,East Asia & Pacific,High income,Not classified,103.85,1.28941
4846,2019,21.9972067039106,Forest area (% of land area),SG,Singapore,East Asia & Pacific,High income,Not classified,103.85,1.28941
4847,2018,22.3109243697479,Forest area (% of land area),SG,Singapore,East Asia & Pacific,High income,Not classified,103.85,1.28941
4848,2017,22.626404494382,Forest area (% of land area),SG,Singapore,East Asia & Pacific,High income,Not classified,103.85,1.28941
4849,2016,22.9696755994358,Forest area (% of land area),SG,Singapore,East Asia & Pacific,High income,Not classified,103.85,1.28941
4850,2025,,Forest area (% of land area),SX,Sint Maarten (Dutch part),Latin America & Caribbean ,High income,Not classified,,
4851,2024,,Forest area (% of land area),SX,Sint Maarten (Dutch part),Latin America & Caribbean ,High income,Not classified,,
4852,2023,10.8823529411765,Forest area (% of land area),SX,Sint Maarten (Dutch part),Latin America & Caribbean ,High income,Not classified,,
4853,2022,10.8823529411765,Forest area (% of land area),SX,Sint Maarten (Dutch part),Latin America & Caribbean ,High income,Not classified,,
4854,2021,10.8823529411765,Forest area (% of land area),SX,Sint Maarten (Dutch part),Latin America & Caribbean ,High income,Not classified,,
4855,2020,10.8823529411765,Forest area (% of land area),SX,Sint Maarten (Dutch part),Latin America & Caribbean ,High income,Not classified,,
4856,2019,10.8823529411765,Forest area (% of land area),SX,Sint Maarten (Dutch part),Latin America & Caribbean ,High income,Not classified,,
4857,2018,10.8823529411765,Forest area (% of land area),SX,Sint Maarten (Dutch part),Latin America & Caribbean ,High income,Not classified,,
4858,2017,10.8823529411765,Forest area (% of land area),SX,Sint Maarten (Dutch part),Latin America & Caribbean ,High income,Not classified,,
4859,2016,10.8823529411765,Forest area (% of land area),SX,Sint Maarten (Dutch part),Latin America & Caribbean ,High income,Not classified,,
4860,2025,,Forest area (% of land area),SK,Slovak Republic,Europe & Central Asia,High income,Not classified,17.1073,48.1484
4861,2024,,Forest area (% of land area),SK,Slovak Republic,Europe & Central Asia,High income,Not classified,17.1073,48.1484
4862,2023,40.05615640599,Forest area (% of land area),SK,Slovak Republic,Europe & Central Asia,High income,Not classified,17.1073,48.1484
4863,2022,40.05615640599,Forest area (% of land area),SK,Slovak Republic,Europe & Central Asia,High income,Not classified,17.1073,48.1484
4864,2021,40.05615640599,Forest area (% of land area),SK,Slovak Republic,Europe & Central Asia,High income,Not classified,17.1073,48.1484
4865,2020,40.05615640599,Forest area (% of land area),SK,Slovak Republic,Europe & Central Asia,High income,Not classified,17.1073,48.1484
4866,2019,40.05615640599,Forest area (% of land area),SK,Slovak Republic,Europe & Central Asia,High income,Not classified,17.1073,48.1484
4867,2018,40.05615640599,Forest area (% of land area),SK,Slovak Republic,Europe & Central Asia,High income,Not classified,17.1073,48.1484
4868,2017,40.05615640599,Forest area (% of land area),SK,Slovak Republic,Europe & Central Asia,High income,Not classified,17.1073,48.1484
4869,2016,40.0035357737105,Forest area (% of land area),SK,Slovak Republic,Europe & Central Asia,High income,Not classified,17.1073,48.1484
4870,2025,,Forest area (% of land area),SI,Slovenia,Europe & Central Asia,High income,Not classified,14.5044,46.0546
4871,2024,,Forest area (% of land area),SI,Slovenia,Europe & Central Asia,High income,Not classified,14.5044,46.0546
4872,2023,61.1748938389332,Forest area (% of land area),SI,Slovenia,Europe & Central Asia,High income,Not classified,14.5044,46.0546
4873,2022,61.2701922885918,Forest area (% of land area),SI,Slovenia,Europe & Central Asia,High income,Not classified,14.5044,46.0546
4874,2021,61.3711140025029,Forest area (% of land area),SI,Slovenia,Europe & Central Asia,High income,Not classified,14.5044,46.0546
4875,2020,61.4722591923085,Forest area (% of land area),SI,Slovenia,Europe & Central Asia,High income,Not classified,14.5044,46.0546
4876,2019,61.5730716513379,Forest area (% of land area),SI,Slovenia,Europe & Central Asia,High income,Not classified,14.5044,46.0546
4877,2018,61.674380723466,Forest area (% of land area),SI,Slovenia,Europe & Central Asia,High income,Not classified,14.5044,46.0546
4878,2017,61.7699782998396,Forest area (% of land area),SI,Slovenia,Europe & Central Asia,High income,Not classified,14.5044,46.0546
4879,2016,61.8592989772614,Forest area (% of land area),SI,Slovenia,Europe & Central Asia,High income,Not classified,14.5044,46.0546
4880,2025,,Forest area (% of land area),SB,Solomon Islands,East Asia & Pacific,Lower middle income,IDA,159.949,-9.42676
4881,2024,,Forest area (% of land area),SB,Solomon Islands,East Asia & Pacific,Lower middle income,IDA,159.949,-9.42676
4882,2023,90.0600214362272,Forest area (% of land area),SB,Solomon Islands,East Asia & Pacific,Lower middle income,IDA,159.949,-9.42676
4883,2022,90.0861021793498,Forest area (% of land area),SB,Solomon Islands,East Asia & Pacific,Lower middle income,IDA,159.949,-9.42676
4884,2021,90.1121829224723,Forest area (% of land area),SB,Solomon Islands,East Asia & Pacific,Lower middle income,IDA,159.949,-9.42676
4885,2020,90.1382636655948,Forest area (% of land area),SB,Solomon Islands,East Asia & Pacific,Lower middle income,IDA,159.949,-9.42676
4886,2019,90.1643444087174,Forest area (% of land area),SB,Solomon Islands,East Asia & Pacific,Lower middle income,IDA,159.949,-9.42676
4887,2018,90.1904251518399,Forest area (% of land area),SB,Solomon Islands,East Asia & Pacific,Lower middle income,IDA,159.949,-9.42676
4888,2017,90.2165058949625,Forest area (% of land area),SB,Solomon Islands,East Asia & Pacific,Lower middle income,IDA,159.949,-9.42676
4889,2016,90.242586638085,Forest area (% of land area),SB,Solomon Islands,East Asia & Pacific,Lower middle income,IDA,159.949,-9.42676
4890,2025,,Forest area (% of land area),SO,"Somalia, Fed. Rep.",Sub-Saharan Africa ,Low income,IDA,45.3254,2.07515
4891,2024,,Forest area (% of land area),SO,"Somalia, Fed. Rep.",Sub-Saharan Africa ,Low income,IDA,45.3254,2.07515
4892,2023,9.16528517231485,Forest area (% of land area),SO,"Somalia, Fed. Rep.",Sub-Saharan Africa ,Low income,IDA,45.3254,2.07515
4893,2022,9.28762712404757,Forest area (% of land area),SO,"Somalia, Fed. Rep.",Sub-Saharan Africa ,Low income,IDA,45.3254,2.07515
4894,2021,9.40996907578028,Forest area (% of land area),SO,"Somalia, Fed. Rep.",Sub-Saharan Africa ,Low income,IDA,45.3254,2.07515
4895,2020,9.53231102751299,Forest area (% of land area),SO,"Somalia, Fed. Rep.",Sub-Saharan Africa ,Low income,IDA,45.3254,2.07515
4896,2019,9.6546529792457,Forest area (% of land area),SO,"Somalia, Fed. Rep.",Sub-Saharan Africa ,Low income,IDA,45.3254,2.07515
4897,2018,9.77699493097842,Forest area (% of land area),SO,"Somalia, Fed. Rep.",Sub-Saharan Africa ,Low income,IDA,45.3254,2.07515
4898,2017,9.89933688271113,Forest area (% of land area),SO,"Somalia, Fed. Rep.",Sub-Saharan Africa ,Low income,IDA,45.3254,2.07515
4899,2016,10.0216788344438,Forest area (% of land area),SO,"Somalia, Fed. Rep.",Sub-Saharan Africa ,Low income,IDA,45.3254,2.07515
4900,2025,,Forest area (% of land area),ZA,South Africa,Sub-Saharan Africa ,Upper middle income,IBRD,28.1871,-25.746
4901,2024,,Forest area (% of land area),ZA,South Africa,Sub-Saharan Africa ,Upper middle income,IBRD,28.1871,-25.746
4902,2023,13.965072665672,Forest area (% of land area),ZA,South Africa,Sub-Saharan Africa ,Upper middle income,IBRD,28.1871,-25.746
4903,2022,13.9950786833623,Forest area (% of land area),ZA,South Africa,Sub-Saharan Africa ,Upper middle income,IBRD,28.1871,-25.746
4904,2021,14.0250847010527,Forest area (% of land area),ZA,South Africa,Sub-Saharan Africa ,Upper middle income,IBRD,28.1871,-25.746
4905,2020,14.055090718743,Forest area (% of land area),ZA,South Africa,Sub-Saharan Africa ,Upper middle income,IBRD,28.1871,-25.746
4906,2019,14.0850967364334,Forest area (% of land area),ZA,South Africa,Sub-Saharan Africa ,Upper middle income,IBRD,28.1871,-25.746
4907,2018,14.1151027541238,Forest area (% of land area),ZA,South Africa,Sub-Saharan Africa ,Upper middle income,IBRD,28.1871,-25.746
4908,2017,14.1451087718141,Forest area (% of land area),ZA,South Africa,Sub-Saharan Africa ,Upper middle income,IBRD,28.1871,-25.746
4909,2016,14.1751147895045,Forest area (% of land area),ZA,South Africa,Sub-Saharan Africa ,Upper middle income,IBRD,28.1871,-25.746
4910,2025,,Forest area (% of land area),SS,South Sudan,Sub-Saharan Africa ,Low income,IDA,31.6,4.85
4911,2024,,Forest area (% of land area),SS,South Sudan,Sub-Saharan Africa ,Low income,IDA,31.6,4.85
4912,2023,11.3256215087114,Forest area (% of land area),SS,South Sudan,Sub-Saharan Africa ,Low income,IDA,31.6,4.85
4913,2022,11.3256215087114,Forest area (% of land area),SS,South Sudan,Sub-Saharan Africa ,Low income,IDA,31.6,4.85
4914,2021,11.3256215087114,Forest area (% of land area),SS,South Sudan,Sub-Saharan Africa ,Low income,IDA,31.6,4.85
4915,2020,11.3256215087114,Forest area (% of land area),SS,South Sudan,Sub-Saharan Africa ,Low income,IDA,31.6,4.85
4916,2019,11.3256215087114,Forest area (% of land area),SS,South Sudan,Sub-Saharan Africa ,Low income,IDA,31.6,4.85
4917,2018,11.3256215087114,Forest area (% of land area),SS,South Sudan,Sub-Saharan Africa ,Low income,IDA,31.6,4.85
4918,2017,11.3256215087114,Forest area (% of land area),SS,South Sudan,Sub-Saharan Africa ,Low income,IDA,31.6,4.85
4919,2016,11.3256215087114,Forest area (% of land area),SS,South Sudan,Sub-Saharan Africa ,Low income,IDA,31.6,4.85
4920,2025,,Forest area (% of land area),ES,Spain,Europe & Central Asia,High income,Not classified,-3.70327,40.4167
4921,2024,,Forest area (% of land area),ES,Spain,Europe & Central Asia,High income,Not classified,-3.70327,40.4167
4922,2023,37.1925889548355,Forest area (% of land area),ES,Spain,Europe & Central Asia,High income,Not classified,-3.70327,40.4167
4923,2022,37.1827922798055,Forest area (% of land area),ES,Spain,Europe & Central Asia,High income,Not classified,-3.70327,40.4167
4924,2021,37.1727521093233,Forest area (% of land area),ES,Spain,Europe & Central Asia,High income,Not classified,-3.70327,40.4167
4925,2020,37.1773054885498,Forest area (% of land area),ES,Spain,Europe & Central Asia,High income,Not classified,-3.70327,40.4167
4926,2019,37.1677215644695,Forest area (% of land area),ES,Spain,Europe & Central Asia,High income,Not classified,-3.70327,40.4167
4927,2018,37.1566467814769,Forest area (% of land area),ES,Spain,Europe & Central Asia,High income,Not classified,-3.70327,40.4167
4928,2017,37.1522339173654,Forest area (% of land area),ES,Spain,Europe & Central Asia,High income,Not classified,-3.70327,40.4167
4929,2016,37.142868581403,Forest area (% of land area),ES,Spain,Europe & Central Asia,High income,Not classified,-3.70327,40.4167
4930,2025,,Forest area (% of land area),LK,Sri Lanka,South Asia,Upper middle income,IDA,79.8528,6.92148
4931,2024,,Forest area (% of land area),LK,Sri Lanka,South Asia,Upper middle income,IDA,79.8528,6.92148
4932,2023,34.0048496605238,Forest area (% of land area),LK,Sri Lanka,South Asia,Upper middle income,IDA,79.8528,6.92148
4933,2022,34.0559327513741,Forest area (% of land area),LK,Sri Lanka,South Asia,Upper middle income,IDA,79.8528,6.92148
4934,2021,34.1070158422244,Forest area (% of land area),LK,Sri Lanka,South Asia,Upper middle income,IDA,79.8528,6.92148
4935,2020,34.1580989330747,Forest area (% of land area),LK,Sri Lanka,South Asia,Upper middle income,IDA,79.8528,6.92148
4936,2019,34.2067102490331,Forest area (% of land area),LK,Sri Lanka,South Asia,Upper middle income,IDA,79.8528,6.92148
4937,2018,34.2580499159447,Forest area (% of land area),LK,Sri Lanka,South Asia,Upper middle income,IDA,79.8528,6.92148
4938,2017,34.2930541418254,Forest area (% of land area),LK,Sri Lanka,South Asia,Upper middle income,IDA,79.8528,6.92148
4939,2016,34.3441099962839,Forest area (% of land area),LK,Sri Lanka,South Asia,Upper middle income,IDA,79.8528,6.92148
4940,2025,,Forest area (% of land area),KN,St. Kitts and Nevis,Latin America & Caribbean ,High income,IBRD,-62.7309,17.3
4941,2024,,Forest area (% of land area),KN,St. Kitts and Nevis,Latin America & Caribbean ,High income,IBRD,-62.7309,17.3
4942,2023,42.3076923076923,Forest area (% of land area),KN,St. Kitts and Nevis,Latin America & Caribbean ,High income,IBRD,-62.7309,17.3
4943,2022,42.3076923076923,Forest area (% of land area),KN,St. Kitts and Nevis,Latin America & Caribbean ,High income,IBRD,-62.7309,17.3
4944,2021,42.3076923076923,Forest area (% of land area),KN,St. Kitts and Nevis,Latin America & Caribbean ,High income,IBRD,-62.7309,17.3
4945,2020,42.3076923076923,Forest area (% of land area),KN,St. Kitts and Nevis,Latin America & Caribbean ,High income,IBRD,-62.7309,17.3
4946,2019,42.3076923076923,Forest area (% of land area),KN,St. Kitts and Nevis,Latin America & Caribbean ,High income,IBRD,-62.7309,17.3
4947,2018,42.3076923076923,Forest area (% of land area),KN,St. Kitts and Nevis,Latin America & Caribbean ,High income,IBRD,-62.7309,17.3
4948,2017,42.3076923076923,Forest area (% of land area),KN,St. Kitts and Nevis,Latin America & Caribbean ,High income,IBRD,-62.7309,17.3
4949,2016,42.3076923076923,Forest area (% of land area),KN,St. Kitts and Nevis,Latin America & Caribbean ,High income,IBRD,-62.7309,17.3
4950,2025,,Forest area (% of land area),LC,St. Lucia,Latin America & Caribbean ,Upper middle income,Blend,-60.9832,14
4951,2024,,Forest area (% of land area),LC,St. Lucia,Latin America & Caribbean ,Upper middle income,Blend,-60.9832,14
4952,2023,34.0491803278688,Forest area (% of land area),LC,St. Lucia,Latin America & Caribbean ,Upper middle income,Blend,-60.9832,14
4953,2022,34.0491803278688,Forest area (% of land area),LC,St. Lucia,Latin America & Caribbean ,Upper middle income,Blend,-60.9832,14
4954,2021,34.0491803278688,Forest area (% of land area),LC,St. Lucia,Latin America & Caribbean ,Upper middle income,Blend,-60.9832,14
4955,2020,34.0491803278688,Forest area (% of land area),LC,St. Lucia,Latin America & Caribbean ,Upper middle income,Blend,-60.9832,14
4956,2019,34.0491803278688,Forest area (% of land area),LC,St. Lucia,Latin America & Caribbean ,Upper middle income,Blend,-60.9832,14
4957,2018,34.0491803278688,Forest area (% of land area),LC,St. Lucia,Latin America & Caribbean ,Upper middle income,Blend,-60.9832,14
4958,2017,34.0491803278688,Forest area (% of land area),LC,St. Lucia,Latin America & Caribbean ,Upper middle income,Blend,-60.9832,14
4959,2016,34.0491803278688,Forest area (% of land area),LC,St. Lucia,Latin America & Caribbean ,Upper middle income,Blend,-60.9832,14
4960,2025,,Forest area (% of land area),MF,St. Martin (French part),Latin America & Caribbean ,High income,Not classified,,
4961,2024,,Forest area (% of land area),MF,St. Martin (French part),Latin America & Caribbean ,High income,Not classified,,
4962,2023,24.8,Forest area (% of land area),MF,St. Martin (French part),Latin America & Caribbean ,High income,Not classified,,
4963,2022,24.8,Forest area (% of land area),MF,St. Martin (French part),Latin America & Caribbean ,High income,Not classified,,
4964,2021,24.8,Forest area (% of land area),MF,St. Martin (French part),Latin America & Caribbean ,High income,Not classified,,
4965,2020,24.8,Forest area (% of land area),MF,St. Martin (French part),Latin America & Caribbean ,High income,Not classified,,
4966,2019,24.8,Forest area (% of land area),MF,St. Martin (French part),Latin America & Caribbean ,High income,Not classified,,
4967,2018,24.8,Forest area (% of land area),MF,St. Martin (French part),Latin America & Caribbean ,High income,Not classified,,
4968,2017,24.8,Forest area (% of land area),MF,St. Martin (French part),Latin America & Caribbean ,High income,Not classified,,
4969,2016,24.8,Forest area (% of land area),MF,St. Martin (French part),Latin America & Caribbean ,High income,Not classified,,
4970,2025,,Forest area (% of land area),VC,St. Vincent and the Grenadines,Latin America & Caribbean ,Upper middle income,Blend,-61.2653,13.2035
4971,2024,,Forest area (% of land area),VC,St. Vincent and the Grenadines,Latin America & Caribbean ,Upper middle income,Blend,-61.2653,13.2035
4972,2023,73.1794871794872,Forest area (% of land area),VC,St. Vincent and the Grenadines,Latin America & Caribbean ,Upper middle income,Blend,-61.2653,13.2035
4973,2022,73.1794871794872,Forest area (% of land area),VC,St. Vincent and the Grenadines,Latin America & Caribbean ,Upper middle income,Blend,-61.2653,13.2035
4974,2021,73.1794871794872,Forest area (% of land area),VC,St. Vincent and the Grenadines,Latin America & Caribbean ,Upper middle income,Blend,-61.2653,13.2035
4975,2020,73.1794871794872,Forest area (% of land area),VC,St. Vincent and the Grenadines,Latin America & Caribbean ,Upper middle income,Blend,-61.2653,13.2035
4976,2019,73.1794871794872,Forest area (% of land area),VC,St. Vincent and the Grenadines,Latin America & Caribbean ,Upper middle income,Blend,-61.2653,13.2035
4977,2018,73.1794871794872,Forest area (% of land area),VC,St. Vincent and the Grenadines,Latin America & Caribbean ,Upper middle income,Blend,-61.2653,13.2035
4978,2017,73.1794871794872,Forest area (% of land area),VC,St. Vincent and the Grenadines,Latin America & Caribbean ,Upper middle income,Blend,-61.2653,13.2035
4979,2016,73.1794871794872,Forest area (% of land area),VC,St. Vincent and the Grenadines,Latin America & Caribbean ,Upper middle income,Blend,-61.2653,13.2035
4980,2025,,Forest area (% of land area),SD,Sudan,Sub-Saharan Africa ,Low income,IDA,32.5363,15.5932
4981,2024,,Forest area (% of land area),SD,Sudan,Sub-Saharan Africa ,Low income,IDA,32.5363,15.5932
4982,2023,9.55196466809422,Forest area (% of land area),SD,Sudan,Sub-Saharan Africa ,Low income,IDA,32.5363,15.5932
4983,2022,9.64400428265525,Forest area (% of land area),SD,Sudan,Sub-Saharan Africa ,Low income,IDA,32.5363,15.5932
4984,2021,9.73608137044968,Forest area (% of land area),SD,Sudan,Sub-Saharan Africa ,Low income,IDA,32.5363,15.5932
4985,2020,9.82869379014989,Forest area (% of land area),SD,Sudan,Sub-Saharan Africa ,Low income,IDA,32.5363,15.5932
4986,2019,9.92077087794432,Forest area (% of land area),SD,Sudan,Sub-Saharan Africa ,Low income,IDA,32.5363,15.5932
4987,2018,10.0128479657388,Forest area (% of land area),SD,Sudan,Sub-Saharan Africa ,Low income,IDA,32.5363,15.5932
4988,2017,10.1049411134904,Forest area (% of land area),SD,Sudan,Sub-Saharan Africa ,Low income,IDA,32.5363,15.5932
4989,2016,10.1971038543897,Forest area (% of land area),SD,Sudan,Sub-Saharan Africa ,Low income,IDA,32.5363,15.5932
4990,2025,,Forest area (% of land area),SR,Suriname,Latin America & Caribbean ,Upper middle income,Blend,-55.1679,5.8232
4991,2024,,Forest area (% of land area),SR,Suriname,Latin America & Caribbean ,Upper middle income,Blend,-55.1679,5.8232
4992,2023,94.44758351333,Forest area (% of land area),SR,Suriname,Latin America & Caribbean ,Upper middle income,Blend,-55.1679,5.8232
4993,2022,94.5238739770656,Forest area (% of land area),SR,Suriname,Latin America & Caribbean ,Upper middle income,Blend,-55.1679,5.8232
4994,2021,94.6001457500987,Forest area (% of land area),SR,Suriname,Latin America & Caribbean ,Upper middle income,Blend,-55.1679,5.8232
4995,2020,94.6764455591856,Forest area (% of land area),SR,Suriname,Latin America & Caribbean ,Upper middle income,Blend,-55.1679,5.8232
4996,2019,94.7527036257035,Forest area (% of land area),SR,Suriname,Latin America & Caribbean ,Upper middle income,Blend,-55.1679,5.8232
4997,2018,94.8290239945632,Forest area (% of land area),SR,Suriname,Latin America & Caribbean ,Upper middle income,Blend,-55.1679,5.8232
4998,2017,94.9052820610811,Forest area (% of land area),SR,Suriname,Latin America & Caribbean ,Upper middle income,Blend,-55.1679,5.8232
4999,2016,94.9507627706873,Forest area (% of land area),SR,Suriname,Latin America & Caribbean ,Upper middle income,Blend,-55.1679,5.8232
5000,2025,,Forest area (% of land area),SE,Sweden,Europe & Central Asia,High income,Not classified,18.0645,59.3327
5001,2024,,Forest area (% of land area),SE,Sweden,Europe & Central Asia,High income,Not classified,18.0645,59.3327
5002,2023,68.7013529108454,Forest area (% of land area),SE,Sweden,Europe & Central Asia,High income,Not classified,18.0645,59.3327
5003,2022,68.6996660773915,Forest area (% of land area),SE,Sweden,Europe & Central Asia,High income,Not classified,18.0645,59.3327
5004,2021,68.6996660773915,Forest area (% of land area),SE,Sweden,Europe & Central Asia,High income,Not classified,18.0645,59.3327
5005,2020,68.6996660773915,Forest area (% of land area),SE,Sweden,Europe & Central Asia,High income,Not classified,18.0645,59.3327
5006,2019,68.6996660773915,Forest area (% of land area),SE,Sweden,Europe & Central Asia,High income,Not classified,18.0645,59.3327
5007,2018,68.6944981353789,Forest area (% of land area),SE,Sweden,Europe & Central Asia,High income,Not classified,18.0645,59.3327
5008,2017,68.6944981353789,Forest area (% of land area),SE,Sweden,Europe & Central Asia,High income,Not classified,18.0645,59.3327
5009,2016,68.6944981353789,Forest area (% of land area),SE,Sweden,Europe & Central Asia,High income,Not classified,18.0645,59.3327
5010,2025,,Forest area (% of land area),CH,Switzerland,Europe & Central Asia,High income,Not classified,7.44821,46.948
5011,2024,,Forest area (% of land area),CH,Switzerland,Europe & Central Asia,High income,Not classified,7.44821,46.948
5012,2023,32.3827380818297,Forest area (% of land area),CH,Switzerland,Europe & Central Asia,High income,Not classified,7.44821,46.948
5013,2022,32.2956707010417,Forest area (% of land area),CH,Switzerland,Europe & Central Asia,High income,Not classified,7.44821,46.948
5014,2021,32.2086033202538,Forest area (% of land area),CH,Switzerland,Europe & Central Asia,High income,Not classified,7.44821,46.948
5015,2020,32.1215359394659,Forest area (% of land area),CH,Switzerland,Europe & Central Asia,High income,Not classified,7.44821,46.948
5016,2019,32.034468558678,Forest area (% of land area),CH,Switzerland,Europe & Central Asia,High income,Not classified,7.44821,46.948
5017,2018,31.9474011778901,Forest area (% of land area),CH,Switzerland,Europe & Central Asia,High income,Not classified,7.44821,46.948
5018,2017,31.8603337971021,Forest area (% of land area),CH,Switzerland,Europe & Central Asia,High income,Not classified,7.44821,46.948
5019,2016,31.7732664163142,Forest area (% of land area),CH,Switzerland,Europe & Central Asia,High income,Not classified,7.44821,46.948
5020,2025,,Forest area (% of land area),SY,Syrian Arab Republic,"Middle East, North Africa, Afghanistan & Pakistan",Low income,IDA,36.3119,33.5146
5021,2024,,Forest area (% of land area),SY,Syrian Arab Republic,"Middle East, North Africa, Afghanistan & Pakistan",Low income,IDA,36.3119,33.5146
5022,2023,2.84310842454937,Forest area (% of land area),SY,Syrian Arab Republic,"Middle East, North Africa, Afghanistan & Pakistan",Low income,IDA,36.3119,33.5146
5023,2022,2.84267276588793,Forest area (% of land area),SY,Syrian Arab Republic,"Middle East, North Africa, Afghanistan & Pakistan",Low income,IDA,36.3119,33.5146
5024,2021,2.84310842454937,Forest area (% of land area),SY,Syrian Arab Republic,"Middle East, North Africa, Afghanistan & Pakistan",Low income,IDA,36.3119,33.5146
5025,2020,2.84310842454937,Forest area (% of land area),SY,Syrian Arab Republic,"Middle East, North Africa, Afghanistan & Pakistan",Low income,IDA,36.3119,33.5146
5026,2019,2.84310842454937,Forest area (% of land area),SY,Syrian Arab Republic,"Middle East, North Africa, Afghanistan & Pakistan",Low income,IDA,36.3119,33.5146
5027,2018,2.84310842454937,Forest area (% of land area),SY,Syrian Arab Republic,"Middle East, North Africa, Afghanistan & Pakistan",Low income,IDA,36.3119,33.5146
5028,2017,2.84310842454937,Forest area (% of land area),SY,Syrian Arab Republic,"Middle East, North Africa, Afghanistan & Pakistan",Low income,IDA,36.3119,33.5146
5029,2016,2.84310842454937,Forest area (% of land area),SY,Syrian Arab Republic,"Middle East, North Africa, Afghanistan & Pakistan",Low income,IDA,36.3119,33.5146
5030,2025,,Forest area (% of land area),TJ,Tajikistan,Europe & Central Asia,Lower middle income,IDA,68.7864,38.5878
5031,2024,,Forest area (% of land area),TJ,Tajikistan,Europe & Central Asia,Lower middle income,IDA,68.7864,38.5878
5032,2023,3.07514950644859,Forest area (% of land area),TJ,Tajikistan,Europe & Central Asia,Lower middle income,IDA,68.7864,38.5878
5033,2022,3.06794437639599,Forest area (% of land area),TJ,Tajikistan,Europe & Central Asia,Lower middle income,IDA,68.7864,38.5878
5034,2021,3.0607392463434,Forest area (% of land area),TJ,Tajikistan,Europe & Central Asia,Lower middle income,IDA,68.7864,38.5878
5035,2020,3.0535341162908,Forest area (% of land area),TJ,Tajikistan,Europe & Central Asia,Lower middle income,IDA,68.7864,38.5878
5036,2019,3.0463289862382,Forest area (% of land area),TJ,Tajikistan,Europe & Central Asia,Lower middle income,IDA,68.7864,38.5878
5037,2018,3.0391238561856,Forest area (% of land area),TJ,Tajikistan,Europe & Central Asia,Lower middle income,IDA,68.7864,38.5878
5038,2017,3.0391238561856,Forest area (% of land area),TJ,Tajikistan,Europe & Central Asia,Lower middle income,IDA,68.7864,38.5878
5039,2016,3.0391238561856,Forest area (% of land area),TJ,Tajikistan,Europe & Central Asia,Lower middle income,IDA,68.7864,38.5878
5040,2025,,Forest area (% of land area),TZ,Tanzania,Sub-Saharan Africa ,Lower middle income,IDA,35.7382,-6.17486
5041,2024,,Forest area (% of land area),TZ,Tanzania,Sub-Saharan Africa ,Lower middle income,IDA,35.7382,-6.17486
5042,2023,50.0541883043576,Forest area (% of land area),TZ,Tanzania,Sub-Saharan Africa ,Lower middle income,IDA,35.7382,-6.17486
5043,2022,50.5836531948521,Forest area (% of land area),TZ,Tanzania,Sub-Saharan Africa ,Lower middle income,IDA,35.7382,-6.17486
5044,2021,51.1131180853466,Forest area (% of land area),TZ,Tanzania,Sub-Saharan Africa ,Lower middle income,IDA,35.7382,-6.17486
5045,2020,51.642582975841,Forest area (% of land area),TZ,Tanzania,Sub-Saharan Africa ,Lower middle income,IDA,35.7382,-6.17486
5046,2019,52.1720478663355,Forest area (% of land area),TZ,Tanzania,Sub-Saharan Africa ,Lower middle income,IDA,35.7382,-6.17486
5047,2018,52.70151275683,Forest area (% of land area),TZ,Tanzania,Sub-Saharan Africa ,Lower middle income,IDA,35.7382,-6.17486
5048,2017,53.2309776473245,Forest area (% of land area),TZ,Tanzania,Sub-Saharan Africa ,Lower middle income,IDA,35.7382,-6.17486
5049,2016,53.7604425378189,Forest area (% of land area),TZ,Tanzania,Sub-Saharan Africa ,Lower middle income,IDA,35.7382,-6.17486
5050,2025,,Forest area (% of land area),TH,Thailand,East Asia & Pacific,Upper middle income,IBRD,100.521,13.7308
5051,2024,,Forest area (% of land area),TH,Thailand,East Asia & Pacific,Upper middle income,IBRD,100.521,13.7308
5052,2023,38.6873886746658,Forest area (% of land area),TH,Thailand,East Asia & Pacific,Upper middle income,IBRD,100.521,13.7308
5053,2022,38.7578539411615,Forest area (% of land area),TH,Thailand,East Asia & Pacific,Upper middle income,IBRD,100.521,13.7308
5054,2021,38.8283192076572,Forest area (% of land area),TH,Thailand,East Asia & Pacific,Upper middle income,IBRD,100.521,13.7308
5055,2020,38.8987844741529,Forest area (% of land area),TH,Thailand,East Asia & Pacific,Upper middle income,IBRD,100.521,13.7308
5056,2019,38.9692497406487,Forest area (% of land area),TH,Thailand,East Asia & Pacific,Upper middle income,IBRD,100.521,13.7308
5057,2018,39.0397150071444,Forest area (% of land area),TH,Thailand,East Asia & Pacific,Upper middle income,IBRD,100.521,13.7308
5058,2017,39.1101802736401,Forest area (% of land area),TH,Thailand,East Asia & Pacific,Upper middle income,IBRD,100.521,13.7308
5059,2016,39.1806455401358,Forest area (% of land area),TH,Thailand,East Asia & Pacific,Upper middle income,IBRD,100.521,13.7308
5060,2025,,Forest area (% of land area),TL,Timor-Leste,East Asia & Pacific,Lower middle income,Blend,125.567,-8.56667
5061,2024,,Forest area (% of land area),TL,Timor-Leste,East Asia & Pacific,Lower middle income,Blend,125.567,-8.56667
5062,2023,61.6610625420309,Forest area (% of land area),TL,Timor-Leste,East Asia & Pacific,Lower middle income,Blend,125.567,-8.56667
5063,2022,61.7552118359112,Forest area (% of land area),TL,Timor-Leste,East Asia & Pacific,Lower middle income,Blend,125.567,-8.56667
5064,2021,61.8493611297915,Forest area (% of land area),TL,Timor-Leste,East Asia & Pacific,Lower middle income,Blend,125.567,-8.56667
5065,2020,61.9435104236718,Forest area (% of land area),TL,Timor-Leste,East Asia & Pacific,Lower middle income,Blend,125.567,-8.56667
5066,2019,62.0376597175521,Forest area (% of land area),TL,Timor-Leste,East Asia & Pacific,Lower middle income,Blend,125.567,-8.56667
5067,2018,62.1318090114324,Forest area (% of land area),TL,Timor-Leste,East Asia & Pacific,Lower middle income,Blend,125.567,-8.56667
5068,2017,62.2461331540013,Forest area (% of land area),TL,Timor-Leste,East Asia & Pacific,Lower middle income,Blend,125.567,-8.56667
5069,2016,62.320107599193,Forest area (% of land area),TL,Timor-Leste,East Asia & Pacific,Lower middle income,Blend,125.567,-8.56667
5070,2025,,Forest area (% of land area),TG,Togo,Sub-Saharan Africa ,Lower middle income,IDA,1.2255,6.1228
5071,2024,,Forest area (% of land area),TG,Togo,Sub-Saharan Africa ,Lower middle income,IDA,1.2255,6.1228
5072,2023,22.0700496414782,Forest area (% of land area),TG,Togo,Sub-Saharan Africa ,Lower middle income,IDA,1.2255,6.1228
5073,2022,22.1244714101857,Forest area (% of land area),TG,Togo,Sub-Saharan Africa ,Lower middle income,IDA,1.2255,6.1228
5074,2021,22.1788931788932,Forest area (% of land area),TG,Togo,Sub-Saharan Africa ,Lower middle income,IDA,1.2255,6.1228
5075,2020,22.2333149476007,Forest area (% of land area),TG,Togo,Sub-Saharan Africa ,Lower middle income,IDA,1.2255,6.1228
5076,2019,22.2877367163081,Forest area (% of land area),TG,Togo,Sub-Saharan Africa ,Lower middle income,IDA,1.2255,6.1228
5077,2018,22.3421584850156,Forest area (% of land area),TG,Togo,Sub-Saharan Africa ,Lower middle income,IDA,1.2255,6.1228
5078,2017,22.3965802537231,Forest area (% of land area),TG,Togo,Sub-Saharan Africa ,Lower middle income,IDA,1.2255,6.1228
5079,2016,22.4510020224306,Forest area (% of land area),TG,Togo,Sub-Saharan Africa ,Lower middle income,IDA,1.2255,6.1228
5080,2025,,Forest area (% of land area),TO,Tonga,East Asia & Pacific,Upper middle income,IDA,-175.216,-21.136
5081,2024,,Forest area (% of land area),TO,Tonga,East Asia & Pacific,Upper middle income,IDA,-175.216,-21.136
5082,2023,12.4305555555556,Forest area (% of land area),TO,Tonga,East Asia & Pacific,Upper middle income,IDA,-175.216,-21.136
5083,2022,12.4305555555556,Forest area (% of land area),TO,Tonga,East Asia & Pacific,Upper middle income,IDA,-175.216,-21.136
5084,2021,12.4305555555556,Forest area (% of land area),TO,Tonga,East Asia & Pacific,Upper middle income,IDA,-175.216,-21.136
5085,2020,12.4305555555556,Forest area (% of land area),TO,Tonga,East Asia & Pacific,Upper middle income,IDA,-175.216,-21.136
5086,2019,12.4305555555556,Forest area (% of land area),TO,Tonga,East Asia & Pacific,Upper middle income,IDA,-175.216,-21.136
5087,2018,12.4305555555556,Forest area (% of land area),TO,Tonga,East Asia & Pacific,Upper middle income,IDA,-175.216,-21.136
5088,2017,12.4305555555556,Forest area (% of land area),TO,Tonga,East Asia & Pacific,Upper middle income,IDA,-175.216,-21.136
5089,2016,12.4305555555556,Forest area (% of land area),TO,Tonga,East Asia & Pacific,Upper middle income,IDA,-175.216,-21.136
5090,2025,,Forest area (% of land area),TT,Trinidad and Tobago,Latin America & Caribbean ,High income,IBRD,-61.4789,10.6596
5091,2024,,Forest area (% of land area),TT,Trinidad and Tobago,Latin America & Caribbean ,High income,IBRD,-61.4789,10.6596
5092,2023,44.2358674463938,Forest area (% of land area),TT,Trinidad and Tobago,Latin America & Caribbean ,High income,IBRD,-61.4789,10.6596
5093,2022,44.317738791423,Forest area (% of land area),TT,Trinidad and Tobago,Latin America & Caribbean ,High income,IBRD,-61.4789,10.6596
5094,2021,44.3996101364522,Forest area (% of land area),TT,Trinidad and Tobago,Latin America & Caribbean ,High income,IBRD,-61.4789,10.6596
5095,2020,44.4814814814815,Forest area (% of land area),TT,Trinidad and Tobago,Latin America & Caribbean ,High income,IBRD,-61.4789,10.6596
5096,2019,44.5633528265107,Forest area (% of land area),TT,Trinidad and Tobago,Latin America & Caribbean ,High income,IBRD,-61.4789,10.6596
5097,2018,44.64522417154,Forest area (% of land area),TT,Trinidad and Tobago,Latin America & Caribbean ,High income,IBRD,-61.4789,10.6596
5098,2017,44.7270955165692,Forest area (% of land area),TT,Trinidad and Tobago,Latin America & Caribbean ,High income,IBRD,-61.4789,10.6596
5099,2016,44.8089668615984,Forest area (% of land area),TT,Trinidad and Tobago,Latin America & Caribbean ,High income,IBRD,-61.4789,10.6596
5100,2025,,Forest area (% of land area),TN,Tunisia,"Middle East, North Africa, Afghanistan & Pakistan",Lower middle income,IBRD,10.21,36.7899
5101,2024,,Forest area (% of land area),TN,Tunisia,"Middle East, North Africa, Afghanistan & Pakistan",Lower middle income,IBRD,10.21,36.7899
5102,2023,4.55278063851699,Forest area (% of land area),TN,Tunisia,"Middle East, North Africa, Afghanistan & Pakistan",Lower middle income,IBRD,10.21,36.7899
5103,2022,4.54293254376931,Forest area (% of land area),TN,Tunisia,"Middle East, North Africa, Afghanistan & Pakistan",Lower middle income,IBRD,10.21,36.7899
5104,2021,4.53308444902163,Forest area (% of land area),TN,Tunisia,"Middle East, North Africa, Afghanistan & Pakistan",Lower middle income,IBRD,10.21,36.7899
5105,2020,4.52323635427395,Forest area (% of land area),TN,Tunisia,"Middle East, North Africa, Afghanistan & Pakistan",Lower middle income,IBRD,10.21,36.7899
5106,2019,4.51338825952626,Forest area (% of land area),TN,Tunisia,"Middle East, North Africa, Afghanistan & Pakistan",Lower middle income,IBRD,10.21,36.7899
5107,2018,4.50354016477858,Forest area (% of land area),TN,Tunisia,"Middle East, North Africa, Afghanistan & Pakistan",Lower middle income,IBRD,10.21,36.7899
5108,2017,4.4936920700309,Forest area (% of land area),TN,Tunisia,"Middle East, North Africa, Afghanistan & Pakistan",Lower middle income,IBRD,10.21,36.7899
5109,2016,4.48384397528321,Forest area (% of land area),TN,Tunisia,"Middle East, North Africa, Afghanistan & Pakistan",Lower middle income,IBRD,10.21,36.7899
5110,2025,,Forest area (% of land area),TR,Turkiye,Europe & Central Asia,Upper middle income,IBRD,32.3606,39.7153
5111,2024,,Forest area (% of land area),TR,Turkiye,Europe & Central Asia,Upper middle income,IBRD,32.3606,39.7153
5112,2023,29.4795681041539,Forest area (% of land area),TR,Turkiye,Europe & Central Asia,Upper middle income,IBRD,32.3606,39.7153
5113,2022,29.2768733027559,Forest area (% of land area),TR,Turkiye,Europe & Central Asia,Upper middle income,IBRD,32.3606,39.7153
5114,2021,29.0741785013578,Forest area (% of land area),TR,Turkiye,Europe & Central Asia,Upper middle income,IBRD,32.3606,39.7153
5115,2020,28.8714836999597,Forest area (% of land area),TR,Turkiye,Europe & Central Asia,Upper middle income,IBRD,32.3606,39.7153
5116,2019,28.6687888985616,Forest area (% of land area),TR,Turkiye,Europe & Central Asia,Upper middle income,IBRD,32.3606,39.7153
5117,2018,28.4660940971636,Forest area (% of land area),TR,Turkiye,Europe & Central Asia,Upper middle income,IBRD,32.3606,39.7153
5118,2017,28.2635292283305,Forest area (% of land area),TR,Turkiye,Europe & Central Asia,Upper middle income,IBRD,32.3606,39.7153
5119,2016,28.104803606928,Forest area (% of land area),TR,Turkiye,Europe & Central Asia,Upper middle income,IBRD,32.3606,39.7153
5120,2025,,Forest area (% of land area),TM,Turkmenistan,Europe & Central Asia,Upper middle income,IBRD,58.3794,37.9509
5121,2024,,Forest area (% of land area),TM,Turkmenistan,Europe & Central Asia,Upper middle income,IBRD,58.3794,37.9509
5122,2023,8.78215904496414,Forest area (% of land area),TM,Turkmenistan,Europe & Central Asia,Upper middle income,IBRD,58.3794,37.9509
5123,2022,8.78215904496414,Forest area (% of land area),TM,Turkmenistan,Europe & Central Asia,Upper middle income,IBRD,58.3794,37.9509
5124,2021,8.78215904496414,Forest area (% of land area),TM,Turkmenistan,Europe & Central Asia,Upper middle income,IBRD,58.3794,37.9509
5125,2020,8.78215904496414,Forest area (% of land area),TM,Turkmenistan,Europe & Central Asia,Upper middle income,IBRD,58.3794,37.9509
5126,2019,8.78215904496414,Forest area (% of land area),TM,Turkmenistan,Europe & Central Asia,Upper middle income,IBRD,58.3794,37.9509
5127,2018,8.78215904496414,Forest area (% of land area),TM,Turkmenistan,Europe & Central Asia,Upper middle income,IBRD,58.3794,37.9509
5128,2017,8.78215904496414,Forest area (% of land area),TM,Turkmenistan,Europe & Central Asia,Upper middle income,IBRD,58.3794,37.9509
5129,2016,8.78215904496414,Forest area (% of land area),TM,Turkmenistan,Europe & Central Asia,Upper middle income,IBRD,58.3794,37.9509
5130,2025,,Forest area (% of land area),TC,Turks and Caicos Islands,Latin America & Caribbean ,High income,Not classified,-71.141389,21.4602778
5131,2024,,Forest area (% of land area),TC,Turks and Caicos Islands,Latin America & Caribbean ,High income,Not classified,-71.141389,21.4602778
5132,2023,11.0736842105263,Forest area (% of land area),TC,Turks and Caicos Islands,Latin America & Caribbean ,High income,Not classified,-71.141389,21.4602778
5133,2022,11.0736842105263,Forest area (% of land area),TC,Turks and Caicos Islands,Latin America & Caribbean ,High income,Not classified,-71.141389,21.4602778
5134,2021,11.0736842105263,Forest area (% of land area),TC,Turks and Caicos Islands,Latin America & Caribbean ,High income,Not classified,-71.141389,21.4602778
5135,2020,11.0736842105263,Forest area (% of land area),TC,Turks and Caicos Islands,Latin America & Caribbean ,High income,Not classified,-71.141389,21.4602778
5136,2019,11.0736842105263,Forest area (% of land area),TC,Turks and Caicos Islands,Latin America & Caribbean ,High income,Not classified,-71.141389,21.4602778
5137,2018,11.0736842105263,Forest area (% of land area),TC,Turks and Caicos Islands,Latin America & Caribbean ,High income,Not classified,-71.141389,21.4602778
5138,2017,11.0736842105263,Forest area (% of land area),TC,Turks and Caicos Islands,Latin America & Caribbean ,High income,Not classified,-71.141389,21.4602778
5139,2016,11.0736842105263,Forest area (% of land area),TC,Turks and Caicos Islands,Latin America & Caribbean ,High income,Not classified,-71.141389,21.4602778
5140,2025,,Forest area (% of land area),TV,Tuvalu,East Asia & Pacific,Upper middle income,IDA,179.089567,-8.6314877
5141,2024,,Forest area (% of land area),TV,Tuvalu,East Asia & Pacific,Upper middle income,IDA,179.089567,-8.6314877
5142,2023,33.3333333333333,Forest area (% of land area),TV,Tuvalu,East Asia & Pacific,Upper middle income,IDA,179.089567,-8.6314877
5143,2022,33.3333333333333,Forest area (% of land area),TV,Tuvalu,East Asia & Pacific,Upper middle income,IDA,179.089567,-8.6314877
5144,2021,33.3333333333333,Forest area (% of land area),TV,Tuvalu,East Asia & Pacific,Upper middle income,IDA,179.089567,-8.6314877
5145,2020,33.3333333333333,Forest area (% of land area),TV,Tuvalu,East Asia & Pacific,Upper middle income,IDA,179.089567,-8.6314877
5146,2019,33.3333333333333,Forest area (% of land area),TV,Tuvalu,East Asia & Pacific,Upper middle income,IDA,179.089567,-8.6314877
5147,2018,33.3333333333333,Forest area (% of land area),TV,Tuvalu,East Asia & Pacific,Upper middle income,IDA,179.089567,-8.6314877
5148,2017,33.3333333333333,Forest area (% of land area),TV,Tuvalu,East Asia & Pacific,Upper middle income,IDA,179.089567,-8.6314877
5149,2016,33.3333333333333,Forest area (% of land area),TV,Tuvalu,East Asia & Pacific,Upper middle income,IDA,179.089567,-8.6314877
5150,2025,,Forest area (% of land area),UG,Uganda,Sub-Saharan Africa ,Low income,IDA,32.5729,0.314269
5151,2024,,Forest area (% of land area),UG,Uganda,Sub-Saharan Africa ,Low income,IDA,32.5729,0.314269
5152,2023,11.0419703770197,Forest area (% of land area),UG,Uganda,Sub-Saharan Africa ,Low income,IDA,32.5729,0.314269
5153,2022,11.2477114502294,Forest area (% of land area),UG,Uganda,Sub-Saharan Africa ,Low income,IDA,32.5729,0.314269
5154,2021,11.4534375623379,Forest area (% of land area),UG,Uganda,Sub-Saharan Africa ,Low income,IDA,32.5729,0.314269
5155,2020,11.6591861160981,Forest area (% of land area),UG,Uganda,Sub-Saharan Africa ,Low income,IDA,32.5729,0.314269
5156,2019,11.8649012567325,Forest area (% of land area),UG,Uganda,Sub-Saharan Africa ,Low income,IDA,32.5729,0.314269
5157,2018,12.070666267704,Forest area (% of land area),UG,Uganda,Sub-Saharan Africa ,Low income,IDA,32.5729,0.314269
5158,2017,12.2763814083383,Forest area (% of land area),UG,Uganda,Sub-Saharan Africa ,Low income,IDA,32.5729,0.314269
5159,2016,12.4820965489727,Forest area (% of land area),UG,Uganda,Sub-Saharan Africa ,Low income,IDA,32.5729,0.314269
5160,2025,,Forest area (% of land area),UA,Ukraine,Europe & Central Asia,Upper middle income,IBRD,30.5038,50.4536
5161,2024,,Forest area (% of land area),UA,Ukraine,Europe & Central Asia,Upper middle income,IBRD,30.5038,50.4536
5162,2023,16.7552640662755,Forest area (% of land area),UA,Ukraine,Europe & Central Asia,Upper middle income,IBRD,30.5038,50.4536
5163,2022,16.7449085260614,Forest area (% of land area),UA,Ukraine,Europe & Central Asia,Upper middle income,IBRD,30.5038,50.4536
5164,2021,16.7345529858474,Forest area (% of land area),UA,Ukraine,Europe & Central Asia,Upper middle income,IBRD,30.5038,50.4536
5165,2020,16.7241974456334,Forest area (% of land area),UA,Ukraine,Europe & Central Asia,Upper middle income,IBRD,30.5038,50.4536
5166,2019,16.7138419054194,Forest area (% of land area),UA,Ukraine,Europe & Central Asia,Upper middle income,IBRD,30.5038,50.4536
5167,2018,16.7034863652054,Forest area (% of land area),UA,Ukraine,Europe & Central Asia,Upper middle income,IBRD,30.5038,50.4536
5168,2017,16.6942862074918,Forest area (% of land area),UA,Ukraine,Europe & Central Asia,Upper middle income,IBRD,30.5038,50.4536
5169,2016,16.6824906350878,Forest area (% of land area),UA,Ukraine,Europe & Central Asia,Upper middle income,IBRD,30.5038,50.4536
5170,2025,,Forest area (% of land area),AE,United Arab Emirates,"Middle East, North Africa, Afghanistan & Pakistan",High income,Not classified,54.3705,24.4764
5171,2024,,Forest area (% of land area),AE,United Arab Emirates,"Middle East, North Africa, Afghanistan & Pakistan",High income,Not classified,54.3705,24.4764
5172,2023,4.46775556181357,Forest area (% of land area),AE,United Arab Emirates,"Middle East, North Africa, Afghanistan & Pakistan",High income,Not classified,54.3705,24.4764
5173,2022,4.46775556181357,Forest area (% of land area),AE,United Arab Emirates,"Middle East, North Africa, Afghanistan & Pakistan",High income,Not classified,54.3705,24.4764
5174,2021,4.46775556181357,Forest area (% of land area),AE,United Arab Emirates,"Middle East, North Africa, Afghanistan & Pakistan",High income,Not classified,54.3705,24.4764
5175,2020,4.46775556181357,Forest area (% of land area),AE,United Arab Emirates,"Middle East, North Africa, Afghanistan & Pakistan",High income,Not classified,54.3705,24.4764
5176,2019,4.46775556181357,Forest area (% of land area),AE,United Arab Emirates,"Middle East, North Africa, Afghanistan & Pakistan",High income,Not classified,54.3705,24.4764
5177,2018,4.46775556181357,Forest area (% of land area),AE,United Arab Emirates,"Middle East, North Africa, Afghanistan & Pakistan",High income,Not classified,54.3705,24.4764
5178,2017,4.46775556181357,Forest area (% of land area),AE,United Arab Emirates,"Middle East, North Africa, Afghanistan & Pakistan",High income,Not classified,54.3705,24.4764
5179,2016,4.46775556181357,Forest area (% of land area),AE,United Arab Emirates,"Middle East, North Africa, Afghanistan & Pakistan",High income,Not classified,54.3705,24.4764
5180,2025,,Forest area (% of land area),GB,United Kingdom,Europe & Central Asia,High income,Not classified,-0.126236,51.5002
5181,2024,,Forest area (% of land area),GB,United Kingdom,Europe & Central Asia,High income,Not classified,-0.126236,51.5002
5182,2023,13.2907130161617,Forest area (% of land area),GB,United Kingdom,Europe & Central Asia,High income,Not classified,-0.126236,51.5002
5183,2022,13.2554871243748,Forest area (% of land area),GB,United Kingdom,Europe & Central Asia,High income,Not classified,-0.126236,51.5002
5184,2021,13.2214553796553,Forest area (% of land area),GB,United Kingdom,Europe & Central Asia,High income,Not classified,-0.126236,51.5002
5185,2020,13.1856322076634,Forest area (% of land area),GB,United Kingdom,Europe & Central Asia,High income,Not classified,-0.126236,51.5002
5186,2019,13.1525647914686,Forest area (% of land area),GB,United Kingdom,Europe & Central Asia,High income,Not classified,-0.126236,51.5002
5187,2018,13.1153639482495,Forest area (% of land area),GB,United Kingdom,Europe & Central Asia,High income,Not classified,-0.126236,51.5002
5188,2017,13.0781631050304,Forest area (% of land area),GB,United Kingdom,Europe & Central Asia,High income,Not classified,-0.126236,51.5002
5189,2016,13.0574959699087,Forest area (% of land area),GB,United Kingdom,Europe & Central Asia,High income,Not classified,-0.126236,51.5002
5190,2025,,Forest area (% of land area),US,United States,North America,High income,Not classified,-77.032,38.8895
5191,2024,,Forest area (% of land area),US,United States,North America,High income,Not classified,-77.032,38.8895
5192,2023,33.8669264120375,Forest area (% of land area),US,United States,North America,High income,Not classified,-77.032,38.8895
5193,2022,33.8669264120375,Forest area (% of land area),US,United States,North America,High income,Not classified,-77.032,38.8895
5194,2021,33.8669264120375,Forest area (% of land area),US,United States,North America,High income,Not classified,-77.032,38.8895
5195,2020,33.8669264120375,Forest area (% of land area),US,United States,North America,High income,Not classified,-77.032,38.8895
5196,2019,33.8669264120375,Forest area (% of land area),US,United States,North America,High income,Not classified,-77.032,38.8895
5197,2018,33.8669264120375,Forest area (% of land area),US,United States,North America,High income,Not classified,-77.032,38.8895
5198,2017,33.8669264120375,Forest area (% of land area),US,United States,North America,High income,Not classified,-77.032,38.8895
5199,2016,33.8997225447175,Forest area (% of land area),US,United States,North America,High income,Not classified,-77.032,38.8895
5200,2025,,Forest area (% of land area),UY,Uruguay,Latin America & Caribbean ,High income,IBRD,-56.0675,-34.8941
5201,2024,,Forest area (% of land area),UY,Uruguay,Latin America & Caribbean ,High income,IBRD,-56.0675,-34.8941
5202,2023,11.9643469317792,Forest area (% of land area),UY,Uruguay,Latin America & Caribbean ,High income,IBRD,-56.0675,-34.8941
5203,2022,11.8443606444978,Forest area (% of land area),UY,Uruguay,Latin America & Caribbean ,High income,IBRD,-56.0675,-34.8941
5204,2021,11.7243743572163,Forest area (% of land area),UY,Uruguay,Latin America & Caribbean ,High income,IBRD,-56.0675,-34.8941
5205,2020,11.6043880699349,Forest area (% of land area),UY,Uruguay,Latin America & Caribbean ,High income,IBRD,-56.0675,-34.8941
5206,2019,11.4844017826534,Forest area (% of land area),UY,Uruguay,Latin America & Caribbean ,High income,IBRD,-56.0675,-34.8941
5207,2018,11.364415495372,Forest area (% of land area),UY,Uruguay,Latin America & Caribbean ,High income,IBRD,-56.0675,-34.8941
5208,2017,11.2444292080905,Forest area (% of land area),UY,Uruguay,Latin America & Caribbean ,High income,IBRD,-56.0675,-34.8941
5209,2016,11.1244429208091,Forest area (% of land area),UY,Uruguay,Latin America & Caribbean ,High income,IBRD,-56.0675,-34.8941
5210,2025,,Forest area (% of land area),UZ,Uzbekistan,Europe & Central Asia,Lower middle income,Blend,69.269,41.3052
5211,2024,,Forest area (% of land area),UZ,Uzbekistan,Europe & Central Asia,Lower middle income,Blend,69.269,41.3052
5212,2023,8.54914331101781,Forest area (% of land area),UZ,Uzbekistan,Europe & Central Asia,Lower middle income,Blend,69.269,41.3052
5213,2022,8.49046413042492,Forest area (% of land area),UZ,Uzbekistan,Europe & Central Asia,Lower middle income,Blend,69.269,41.3052
5214,2021,8.43180461723851,Forest area (% of land area),UZ,Uzbekistan,Europe & Central Asia,Lower middle income,Blend,69.269,41.3052
5215,2020,8.37322137751049,Forest area (% of land area),UZ,Uzbekistan,Europe & Central Asia,Lower middle income,Blend,69.269,41.3052
5216,2019,8.31637366503615,Forest area (% of land area),UZ,Uzbekistan,Europe & Central Asia,Lower middle income,Blend,69.269,41.3052
5217,2018,8.25712061408984,Forest area (% of land area),UZ,Uzbekistan,Europe & Central Asia,Lower middle income,Blend,69.269,41.3052
5218,2017,8.19844389770035,Forest area (% of land area),UZ,Uzbekistan,Europe & Central Asia,Lower middle income,Blend,69.269,41.3052
5219,2016,8.1397486557828,Forest area (% of land area),UZ,Uzbekistan,Europe & Central Asia,Lower middle income,Blend,69.269,41.3052
5220,2025,,Forest area (% of land area),VU,Vanuatu,East Asia & Pacific,Lower middle income,IDA,168.321,-17.7404
5221,2024,,Forest area (% of land area),VU,Vanuatu,East Asia & Pacific,Lower middle income,IDA,168.321,-17.7404
5222,2023,36.2838392124692,Forest area (% of land area),VU,Vanuatu,East Asia & Pacific,Lower middle income,IDA,168.321,-17.7404
5223,2022,36.2838392124692,Forest area (% of land area),VU,Vanuatu,East Asia & Pacific,Lower middle income,IDA,168.321,-17.7404
5224,2021,36.2838392124692,Forest area (% of land area),VU,Vanuatu,East Asia & Pacific,Lower middle income,IDA,168.321,-17.7404
5225,2020,36.2838392124692,Forest area (% of land area),VU,Vanuatu,East Asia & Pacific,Lower middle income,IDA,168.321,-17.7404
5226,2019,36.2838392124692,Forest area (% of land area),VU,Vanuatu,East Asia & Pacific,Lower middle income,IDA,168.321,-17.7404
5227,2018,36.2838392124692,Forest area (% of land area),VU,Vanuatu,East Asia & Pacific,Lower middle income,IDA,168.321,-17.7404
5228,2017,36.2838392124692,Forest area (% of land area),VU,Vanuatu,East Asia & Pacific,Lower middle income,IDA,168.321,-17.7404
5229,2016,36.2838392124692,Forest area (% of land area),VU,Vanuatu,East Asia & Pacific,Lower middle income,IDA,168.321,-17.7404
5230,2025,,Forest area (% of land area),VE,"Venezuela, RB",Latin America & Caribbean ,Lower middle income,IBRD,-69.8371,9.08165
5231,2024,,Forest area (% of land area),VE,"Venezuela, RB",Latin America & Caribbean ,Lower middle income,IBRD,-69.8371,9.08165
5232,2023,52.2338793719177,Forest area (% of land area),VE,"Venezuela, RB",Latin America & Caribbean ,Lower middle income,IBRD,-69.8371,9.08165
5233,2022,52.2949719403662,Forest area (% of land area),VE,"Venezuela, RB",Latin America & Caribbean ,Lower middle income,IBRD,-69.8371,9.08165
5234,2021,52.3477807380534,Forest area (% of land area),VE,"Venezuela, RB",Latin America & Caribbean ,Lower middle income,IBRD,-69.8371,9.08165
5235,2020,52.4130151351964,Forest area (% of land area),VE,"Venezuela, RB",Latin America & Caribbean ,Lower middle income,IBRD,-69.8371,9.08165
5236,2019,52.4596111331557,Forest area (% of land area),VE,"Venezuela, RB",Latin America & Caribbean ,Lower middle income,IBRD,-69.8371,9.08165
5237,2018,52.5341647298906,Forest area (% of land area),VE,"Venezuela, RB",Latin America & Caribbean ,Lower middle income,IBRD,-69.8371,9.08165
5238,2017,52.6366759254011,Forest area (% of land area),VE,"Venezuela, RB",Latin America & Caribbean ,Lower middle income,IBRD,-69.8371,9.08165
5239,2016,52.7671447196871,Forest area (% of land area),VE,"Venezuela, RB",Latin America & Caribbean ,Lower middle income,IBRD,-69.8371,9.08165
5240,2025,,Forest area (% of land area),VN,Viet Nam,East Asia & Pacific,Upper middle income,IBRD,105.825,21.0069
5241,2024,,Forest area (% of land area),VN,Viet Nam,East Asia & Pacific,Upper middle income,IBRD,105.825,21.0069
5242,2023,47.4454820708996,Forest area (% of land area),VN,Viet Nam,East Asia & Pacific,Upper middle income,IBRD,105.825,21.0069
5243,2022,47.203321964464,Forest area (% of land area),VN,Viet Nam,East Asia & Pacific,Upper middle income,IBRD,105.825,21.0069
5244,2021,46.9611618580284,Forest area (% of land area),VN,Viet Nam,East Asia & Pacific,Upper middle income,IBRD,105.825,21.0069
5245,2020,46.7190017515929,Forest area (% of land area),VN,Viet Nam,East Asia & Pacific,Upper middle income,IBRD,105.825,21.0069
5246,2019,46.4768416451573,Forest area (% of land area),VN,Viet Nam,East Asia & Pacific,Upper middle income,IBRD,105.825,21.0069
5247,2018,46.2346815387217,Forest area (% of land area),VN,Viet Nam,East Asia & Pacific,Upper middle income,IBRD,105.825,21.0069
5248,2017,45.9963369846492,Forest area (% of land area),VN,Viet Nam,East Asia & Pacific,Upper middle income,IBRD,105.825,21.0069
5249,2016,45.8783548775157,Forest area (% of land area),VN,Viet Nam,East Asia & Pacific,Upper middle income,IBRD,105.825,21.0069
5250,2025,,Forest area (% of land area),VI,Virgin Islands (U.S.),Latin America & Caribbean ,High income,Not classified,-64.8963,18.3358
5251,2024,,Forest area (% of land area),VI,Virgin Islands (U.S.),Latin America & Caribbean ,High income,Not classified,-64.8963,18.3358
5252,2023,58.1714285714286,Forest area (% of land area),VI,Virgin Islands (U.S.),Latin America & Caribbean ,High income,Not classified,-64.8963,18.3358
5253,2022,57.7428571428571,Forest area (% of land area),VI,Virgin Islands (U.S.),Latin America & Caribbean ,High income,Not classified,-64.8963,18.3358
5254,2021,57.3142857142857,Forest area (% of land area),VI,Virgin Islands (U.S.),Latin America & Caribbean ,High income,Not classified,-64.8963,18.3358
5255,2020,56.8857142857143,Forest area (% of land area),VI,Virgin Islands (U.S.),Latin America & Caribbean ,High income,Not classified,-64.8963,18.3358
5256,2019,56.4571428571428,Forest area (% of land area),VI,Virgin Islands (U.S.),Latin America & Caribbean ,High income,Not classified,-64.8963,18.3358
5257,2018,56.0285714285714,Forest area (% of land area),VI,Virgin Islands (U.S.),Latin America & Caribbean ,High income,Not classified,-64.8963,18.3358
5258,2017,55.6,Forest area (% of land area),VI,Virgin Islands (U.S.),Latin America & Caribbean ,High income,Not classified,-64.8963,18.3358
5259,2016,55.1714285714286,Forest area (% of land area),VI,Virgin Islands (U.S.),Latin America & Caribbean ,High income,Not classified,-64.8963,18.3358
5260,2025,,Forest area (% of land area),PS,West Bank and Gaza,"Middle East, North Africa, Afghanistan & Pakistan",Lower middle income,Not classified,,
5261,2024,,Forest area (% of land area),PS,West Bank and Gaza,"Middle East, North Africa, Afghanistan & Pakistan",Lower middle income,Not classified,,
5262,2023,1.68298755186722,Forest area (% of land area),PS,West Bank and Gaza,"Middle East, North Africa, Afghanistan & Pakistan",Lower middle income,Not classified,,
5263,2022,1.68298755186722,Forest area (% of land area),PS,West Bank and Gaza,"Middle East, North Africa, Afghanistan & Pakistan",Lower middle income,Not classified,,
5264,2021,1.68298755186722,Forest area (% of land area),PS,West Bank and Gaza,"Middle East, North Africa, Afghanistan & Pakistan",Lower middle income,Not classified,,
5265,2020,1.6843853820598,Forest area (% of land area),PS,West Bank and Gaza,"Middle East, North Africa, Afghanistan & Pakistan",Lower middle income,Not classified,,
5266,2019,1.6843853820598,Forest area (% of land area),PS,West Bank and Gaza,"Middle East, North Africa, Afghanistan & Pakistan",Lower middle income,Not classified,,
5267,2018,1.6843853820598,Forest area (% of land area),PS,West Bank and Gaza,"Middle East, North Africa, Afghanistan & Pakistan",Lower middle income,Not classified,,
5268,2017,1.6843853820598,Forest area (% of land area),PS,West Bank and Gaza,"Middle East, North Africa, Afghanistan & Pakistan",Lower middle income,Not classified,,
5269,2016,1.6843853820598,Forest area (% of land area),PS,West Bank and Gaza,"Middle East, North Africa, Afghanistan & Pakistan",Lower middle income,Not classified,,
5270,2025,,Forest area (% of land area),YE,"Yemen, Rep.","Middle East, North Africa, Afghanistan & Pakistan",Low income,IDA,44.2075,15.352
5271,2024,,Forest area (% of land area),YE,"Yemen, Rep.","Middle East, North Africa, Afghanistan & Pakistan",Low income,IDA,44.2075,15.352
5272,2023,1.03983180862549,Forest area (% of land area),YE,"Yemen, Rep.","Middle East, North Africa, Afghanistan & Pakistan",Low income,IDA,44.2075,15.352
5273,2022,1.03983180862549,Forest area (% of land area),YE,"Yemen, Rep.","Middle East, North Africa, Afghanistan & Pakistan",Low income,IDA,44.2075,15.352
5274,2021,1.03983180862549,Forest area (% of land area),YE,"Yemen, Rep.","Middle East, North Africa, Afghanistan & Pakistan",Low income,IDA,44.2075,15.352
5275,2020,1.03983180862549,Forest area (% of land area),YE,"Yemen, Rep.","Middle East, North Africa, Afghanistan & Pakistan",Low income,IDA,44.2075,15.352
5276,2019,1.03983180862549,Forest area (% of land area),YE,"Yemen, Rep.","Middle East, North Africa, Afghanistan & Pakistan",Low income,IDA,44.2075,15.352
5277,2018,1.03983180862549,Forest area (% of land area),YE,"Yemen, Rep.","Middle East, North Africa, Afghanistan & Pakistan",Low income,IDA,44.2075,15.352
5278,2017,1.03983180862549,Forest area (% of land area),YE,"Yemen, Rep.","Middle East, North Africa, Afghanistan & Pakistan",Low income,IDA,44.2075,15.352
5279,2016,1.03983180862549,Forest area (% of land area),YE,"Yemen, Rep.","Middle East, North Africa, Afghanistan & Pakistan",Low income,IDA,44.2075,15.352
5280,2025,,Forest area (% of land area),ZM,Zambia,Sub-Saharan Africa ,Lower middle income,IDA,28.2937,-15.3982
5281,2024,,Forest area (% of land area),ZM,Zambia,Sub-Saharan Africa ,Lower middle income,IDA,28.2937,-15.3982
5282,2023,59.523784150984,Forest area (% of land area),ZM,Zambia,Sub-Saharan Africa ,Lower middle income,IDA,28.2937,-15.3982
5283,2022,59.7769691548178,Forest area (% of land area),ZM,Zambia,Sub-Saharan Africa ,Lower middle income,IDA,28.2937,-15.3982
5284,2021,60.0301501230848,Forest area (% of land area),ZM,Zambia,Sub-Saharan Africa ,Lower middle income,IDA,28.2937,-15.3982
5285,2020,60.283337144702,Forest area (% of land area),ZM,Zambia,Sub-Saharan Africa ,Lower middle income,IDA,28.2937,-15.3982
5286,2019,60.5365151535533,Forest area (% of land area),ZM,Zambia,Sub-Saharan Africa ,Lower middle income,IDA,28.2937,-15.3982
5287,2018,60.789706614294,Forest area (% of land area),ZM,Zambia,Sub-Saharan Africa ,Lower middle income,IDA,28.2937,-15.3982
5288,2017,61.0428846231453,Forest area (% of land area),ZM,Zambia,Sub-Saharan Africa ,Lower middle income,IDA,28.2937,-15.3982
5289,2016,61.2959550168821,Forest area (% of land area),ZM,Zambia,Sub-Saharan Africa ,Lower middle income,IDA,28.2937,-15.3982
5290,2025,,Forest area (% of land area),ZW,Zimbabwe,Sub-Saharan Africa ,Lower middle income,Blend,31.0672,-17.8312
5291,2024,,Forest area (% of land area),ZW,Zimbabwe,Sub-Saharan Africa ,Lower middle income,Blend,31.0672,-17.8312
5292,2023,44.7366421093447,Forest area (% of land area),ZW,Zimbabwe,Sub-Saharan Africa ,Lower middle income,Blend,31.0672,-17.8312
5293,2022,44.8557321959416,Forest area (% of land area),ZW,Zimbabwe,Sub-Saharan Africa ,Lower middle income,Blend,31.0672,-17.8312
5294,2021,44.9748222825385,Forest area (% of land area),ZW,Zimbabwe,Sub-Saharan Africa ,Lower middle income,Blend,31.0672,-17.8312
5295,2020,45.0939123691353,Forest area (% of land area),ZW,Zimbabwe,Sub-Saharan Africa ,Lower middle income,Blend,31.0672,-17.8312
5296,2019,45.2130024557322,Forest area (% of land area),ZW,Zimbabwe,Sub-Saharan Africa ,Lower middle income,Blend,31.0672,-17.8312
5297,2018,45.3320925423291,Forest area (% of land area),ZW,Zimbabwe,Sub-Saharan Africa ,Lower middle income,Blend,31.0672,-17.8312
5298,2017,45.4511826289259,Forest area (% of land area),ZW,Zimbabwe,Sub-Saharan Africa ,Lower middle income,Blend,31.0672,-17.8312
5299,2016,45.5702727155228,Forest area (% of land area),ZW,Zimbabwe,Sub-Saharan Africa ,Lower middle income,Blend,31.0672,-17.8312
