,year,value,indicator_value,country_id,country_value,region,incomeLevel,lendingType,longitude,latitude
0,2025,30.4,Individuals using the Internet (% of population),ZH,Africa Eastern and Southern,Aggregates,Aggregates,Aggregates,,
1,2024,28.8,Individuals using the Internet (% of population),ZH,Africa Eastern and Southern,Aggregates,Aggregates,Aggregates,,
2,2023,27.8,Individuals using the Internet (% of population),ZH,Africa Eastern and Southern,Aggregates,Aggregates,Aggregates,,
3,2022,26.8,Individuals using the Internet (% of population),ZH,Africa Eastern and Southern,Aggregates,Aggregates,Aggregates,,
4,2021,25.0,Individuals using the Internet (% of population),ZH,Africa Eastern and Southern,Aggregates,Aggregates,Aggregates,,
5,2020,23.5,Individuals using the Internet (% of population),ZH,Africa Eastern and Southern,Aggregates,Aggregates,Aggregates,,
6,2019,21.6,Individuals using the Internet (% of population),ZH,Africa Eastern and Southern,Aggregates,Aggregates,Aggregates,,
7,2018,19.6,Individuals using the Internet (% of population),ZH,Africa Eastern and Southern,Aggregates,Aggregates,Aggregates,,
8,2017,17.3,Individuals using the Internet (% of population),ZH,Africa Eastern and Southern,Aggregates,Aggregates,Aggregates,,
9,2016,16.3,Individuals using the Internet (% of population),ZH,Africa Eastern and Southern,Aggregates,Aggregates,Aggregates,,
10,2025,42.4,Individuals using the Internet (% of population),ZI,Africa Western and Central,Aggregates,Aggregates,Aggregates,,
11,2024,40.0,Individuals using the Internet (% of population),ZI,Africa Western and Central,Aggregates,Aggregates,Aggregates,,
12,2023,38.5,Individuals using the Internet (% of population),ZI,Africa Western and Central,Aggregates,Aggregates,Aggregates,,
13,2022,37.5,Individuals using the Internet (% of population),ZI,Africa Western and Central,Aggregates,Aggregates,Aggregates,,
14,2021,34.7,Individuals using the Internet (% of population),ZI,Africa Western and Central,Aggregates,Aggregates,Aggregates,,
15,2020,31.5,Individuals using the Internet (% of population),ZI,Africa Western and Central,Aggregates,Aggregates,Aggregates,,
16,2019,28.5,Individuals using the Internet (% of population),ZI,Africa Western and Central,Aggregates,Aggregates,Aggregates,,
17,2018,25.7,Individuals using the Internet (% of population),ZI,Africa Western and Central,Aggregates,Aggregates,Aggregates,,
18,2017,23.8,Individuals using the Internet (% of population),ZI,Africa Western and Central,Aggregates,Aggregates,Aggregates,,
19,2016,20.9,Individuals using the Internet (% of population),ZI,Africa Western and Central,Aggregates,Aggregates,Aggregates,,
20,2025,,Individuals using the Internet (% of population),1A,Arab World,Aggregates,Aggregates,Aggregates,,
21,2024,,Individuals using the Internet (% of population),1A,Arab World,Aggregates,Aggregates,Aggregates,,
22,2023,,Individuals using the Internet (% of population),1A,Arab World,Aggregates,Aggregates,Aggregates,,
23,2022,,Individuals using the Internet (% of population),1A,Arab World,Aggregates,Aggregates,Aggregates,,
24,2021,,Individuals using the Internet (% of population),1A,Arab World,Aggregates,Aggregates,Aggregates,,
25,2020,,Individuals using the Internet (% of population),1A,Arab World,Aggregates,Aggregates,Aggregates,,
26,2019,,Individuals using the Internet (% of population),1A,Arab World,Aggregates,Aggregates,Aggregates,,
27,2018,,Individuals using the Internet (% of population),1A,Arab World,Aggregates,Aggregates,Aggregates,,
28,2017,,Individuals using the Internet (% of population),1A,Arab World,Aggregates,Aggregates,Aggregates,,
29,2016,,Individuals using the Internet (% of population),1A,Arab World,Aggregates,Aggregates,Aggregates,,
30,2025,,Individuals using the Internet (% of population),S3,Caribbean small states,Aggregates,Aggregates,Aggregates,,
31,2024,,Individuals using the Internet (% of population),S3,Caribbean small states,Aggregates,Aggregates,Aggregates,,
32,2023,,Individuals using the Internet (% of population),S3,Caribbean small states,Aggregates,Aggregates,Aggregates,,
33,2022,,Individuals using the Internet (% of population),S3,Caribbean small states,Aggregates,Aggregates,Aggregates,,
34,2021,,Individuals using the Internet (% of population),S3,Caribbean small states,Aggregates,Aggregates,Aggregates,,
35,2020,,Individuals using the Internet (% of population),S3,Caribbean small states,Aggregates,Aggregates,Aggregates,,
36,2019,,Individuals using the Internet (% of population),S3,Caribbean small states,Aggregates,Aggregates,Aggregates,,
37,2018,,Individuals using the Internet (% of population),S3,Caribbean small states,Aggregates,Aggregates,Aggregates,,
38,2017,,Individuals using the Internet (% of population),S3,Caribbean small states,Aggregates,Aggregates,Aggregates,,
39,2016,,Individuals using the Internet (% of population),S3,Caribbean small states,Aggregates,Aggregates,Aggregates,,
40,2025,,Individuals using the Internet (% of population),B8,Central Europe and the Baltics,Aggregates,Aggregates,Aggregates,,
41,2024,,Individuals using the Internet (% of population),B8,Central Europe and the Baltics,Aggregates,Aggregates,Aggregates,,
42,2023,,Individuals using the Internet (% of population),B8,Central Europe and the Baltics,Aggregates,Aggregates,Aggregates,,
43,2022,,Individuals using the Internet (% of population),B8,Central Europe and the Baltics,Aggregates,Aggregates,Aggregates,,
44,2021,,Individuals using the Internet (% of population),B8,Central Europe and the Baltics,Aggregates,Aggregates,Aggregates,,
45,2020,,Individuals using the Internet (% of population),B8,Central Europe and the Baltics,Aggregates,Aggregates,Aggregates,,
46,2019,,Individuals using the Internet (% of population),B8,Central Europe and the Baltics,Aggregates,Aggregates,Aggregates,,
47,2018,,Individuals using the Internet (% of population),B8,Central Europe and the Baltics,Aggregates,Aggregates,Aggregates,,
48,2017,,Individuals using the Internet (% of population),B8,Central Europe and the Baltics,Aggregates,Aggregates,Aggregates,,
49,2016,,Individuals using the Internet (% of population),B8,Central Europe and the Baltics,Aggregates,Aggregates,Aggregates,,
50,2025,,Individuals using the Internet (% of population),V2,Early-demographic dividend,Aggregates,Aggregates,Aggregates,,
51,2024,,Individuals using the Internet (% of population),V2,Early-demographic dividend,Aggregates,Aggregates,Aggregates,,
52,2023,,Individuals using the Internet (% of population),V2,Early-demographic dividend,Aggregates,Aggregates,Aggregates,,
53,2022,,Individuals using the Internet (% of population),V2,Early-demographic dividend,Aggregates,Aggregates,Aggregates,,
54,2021,,Individuals using the Internet (% of population),V2,Early-demographic dividend,Aggregates,Aggregates,Aggregates,,
55,2020,,Individuals using the Internet (% of population),V2,Early-demographic dividend,Aggregates,Aggregates,Aggregates,,
56,2019,,Individuals using the Internet (% of population),V2,Early-demographic dividend,Aggregates,Aggregates,Aggregates,,
57,2018,,Individuals using the Internet (% of population),V2,Early-demographic dividend,Aggregates,Aggregates,Aggregates,,
58,2017,,Individuals using the Internet (% of population),V2,Early-demographic dividend,Aggregates,Aggregates,Aggregates,,
59,2016,,Individuals using the Internet (% of population),V2,Early-demographic dividend,Aggregates,Aggregates,Aggregates,,
60,2025,88.4,Individuals using the Internet (% of population),Z4,East Asia & Pacific,Aggregates,Aggregates,Aggregates,,
61,2024,86.6,Individuals using the Internet (% of population),Z4,East Asia & Pacific,Aggregates,Aggregates,Aggregates,,
62,2023,84.9,Individuals using the Internet (% of population),Z4,East Asia & Pacific,Aggregates,Aggregates,Aggregates,,
63,2022,82.4,Individuals using the Internet (% of population),Z4,East Asia & Pacific,Aggregates,Aggregates,Aggregates,,
64,2021,78.8,Individuals using the Internet (% of population),Z4,East Asia & Pacific,Aggregates,Aggregates,Aggregates,,
65,2020,73.9,Individuals using the Internet (% of population),Z4,East Asia & Pacific,Aggregates,Aggregates,Aggregates,,
66,2019,67.1,Individuals using the Internet (% of population),Z4,East Asia & Pacific,Aggregates,Aggregates,Aggregates,,
67,2018,62.5,Individuals using the Internet (% of population),Z4,East Asia & Pacific,Aggregates,Aggregates,Aggregates,,
68,2017,57.8,Individuals using the Internet (% of population),Z4,East Asia & Pacific,Aggregates,Aggregates,Aggregates,,
69,2016,53.9,Individuals using the Internet (% of population),Z4,East Asia & Pacific,Aggregates,Aggregates,Aggregates,,
70,2025,88.1,Individuals using the Internet (% of population),4E,East Asia & Pacific (excluding high income),Aggregates,Aggregates,Aggregates,,
71,2024,86.1,Individuals using the Internet (% of population),4E,East Asia & Pacific (excluding high income),Aggregates,Aggregates,Aggregates,,
72,2023,84.2,Individuals using the Internet (% of population),4E,East Asia & Pacific (excluding high income),Aggregates,Aggregates,Aggregates,,
73,2022,81.6,Individuals using the Internet (% of population),4E,East Asia & Pacific (excluding high income),Aggregates,Aggregates,Aggregates,,
74,2021,77.6,Individuals using the Internet (% of population),4E,East Asia & Pacific (excluding high income),Aggregates,Aggregates,Aggregates,,
75,2020,72.2,Individuals using the Internet (% of population),4E,East Asia & Pacific (excluding high income),Aggregates,Aggregates,Aggregates,,
76,2019,64.0,Individuals using the Internet (% of population),4E,East Asia & Pacific (excluding high income),Aggregates,Aggregates,Aggregates,,
77,2018,59.1,Individuals using the Internet (% of population),4E,East Asia & Pacific (excluding high income),Aggregates,Aggregates,Aggregates,,
78,2017,53.9,Individuals using the Internet (% of population),4E,East Asia & Pacific (excluding high income),Aggregates,Aggregates,Aggregates,,
79,2016,49.6,Individuals using the Internet (% of population),4E,East Asia & Pacific (excluding high income),Aggregates,Aggregates,Aggregates,,
80,2025,88.9,Individuals using the Internet (% of population),T4,East Asia & Pacific (IDA & IBRD countries),Aggregates,Aggregates,Aggregates,,
81,2024,86.8,Individuals using the Internet (% of population),T4,East Asia & Pacific (IDA & IBRD countries),Aggregates,Aggregates,Aggregates,,
82,2023,85.0,Individuals using the Internet (% of population),T4,East Asia & Pacific (IDA & IBRD countries),Aggregates,Aggregates,Aggregates,,
83,2022,82.3,Individuals using the Internet (% of population),T4,East Asia & Pacific (IDA & IBRD countries),Aggregates,Aggregates,Aggregates,,
84,2021,78.3,Individuals using the Internet (% of population),T4,East Asia & Pacific (IDA & IBRD countries),Aggregates,Aggregates,Aggregates,,
85,2020,72.7,Individuals using the Internet (% of population),T4,East Asia & Pacific (IDA & IBRD countries),Aggregates,Aggregates,Aggregates,,
86,2019,64.3,Individuals using the Internet (% of population),T4,East Asia & Pacific (IDA & IBRD countries),Aggregates,Aggregates,Aggregates,,
87,2018,59.8,Individuals using the Internet (% of population),T4,East Asia & Pacific (IDA & IBRD countries),Aggregates,Aggregates,Aggregates,,
88,2017,54.6,Individuals using the Internet (% of population),T4,East Asia & Pacific (IDA & IBRD countries),Aggregates,Aggregates,Aggregates,,
89,2016,50.2,Individuals using the Internet (% of population),T4,East Asia & Pacific (IDA & IBRD countries),Aggregates,Aggregates,Aggregates,,
90,2025,,Individuals using the Internet (% of population),XC,Euro area,Aggregates,Aggregates,Aggregates,,
91,2024,,Individuals using the Internet (% of population),XC,Euro area,Aggregates,Aggregates,Aggregates,,
92,2023,,Individuals using the Internet (% of population),XC,Euro area,Aggregates,Aggregates,Aggregates,,
93,2022,,Individuals using the Internet (% of population),XC,Euro area,Aggregates,Aggregates,Aggregates,,
94,2021,,Individuals using the Internet (% of population),XC,Euro area,Aggregates,Aggregates,Aggregates,,
95,2020,,Individuals using the Internet (% of population),XC,Euro area,Aggregates,Aggregates,Aggregates,,
96,2019,,Individuals using the Internet (% of population),XC,Euro area,Aggregates,Aggregates,Aggregates,,
97,2018,,Individuals using the Internet (% of population),XC,Euro area,Aggregates,Aggregates,Aggregates,,
98,2017,,Individuals using the Internet (% of population),XC,Euro area,Aggregates,Aggregates,Aggregates,,
99,2016,,Individuals using the Internet (% of population),XC,Euro area,Aggregates,Aggregates,Aggregates,,
100,2025,92.4,Individuals using the Internet (% of population),Z7,Europe & Central Asia,Aggregates,Aggregates,Aggregates,,
101,2024,90.9,Individuals using the Internet (% of population),Z7,Europe & Central Asia,Aggregates,Aggregates,Aggregates,,
102,2023,89.6,Individuals using the Internet (% of population),Z7,Europe & Central Asia,Aggregates,Aggregates,Aggregates,,
103,2022,87.9,Individuals using the Internet (% of population),Z7,Europe & Central Asia,Aggregates,Aggregates,Aggregates,,
104,2021,86.3,Individuals using the Internet (% of population),Z7,Europe & Central Asia,Aggregates,Aggregates,Aggregates,,
105,2020,83.4,Individuals using the Internet (% of population),Z7,Europe & Central Asia,Aggregates,Aggregates,Aggregates,,
106,2019,80.3,Individuals using the Internet (% of population),Z7,Europe & Central Asia,Aggregates,Aggregates,Aggregates,,
107,2018,78.1,Individuals using the Internet (% of population),Z7,Europe & Central Asia,Aggregates,Aggregates,Aggregates,,
108,2017,74.5,Individuals using the Internet (% of population),Z7,Europe & Central Asia,Aggregates,Aggregates,Aggregates,,
109,2016,72.3,Individuals using the Internet (% of population),Z7,Europe & Central Asia,Aggregates,Aggregates,Aggregates,,
110,2025,87.5,Individuals using the Internet (% of population),7E,Europe & Central Asia (excluding high income),Aggregates,Aggregates,Aggregates,,
111,2024,85.8,Individuals using the Internet (% of population),7E,Europe & Central Asia (excluding high income),Aggregates,Aggregates,Aggregates,,
112,2023,84.6,Individuals using the Internet (% of population),7E,Europe & Central Asia (excluding high income),Aggregates,Aggregates,Aggregates,,
113,2022,82.0,Individuals using the Internet (% of population),7E,Europe & Central Asia (excluding high income),Aggregates,Aggregates,Aggregates,,
114,2021,79.1,Individuals using the Internet (% of population),7E,Europe & Central Asia (excluding high income),Aggregates,Aggregates,Aggregates,,
115,2020,74.5,Individuals using the Internet (% of population),7E,Europe & Central Asia (excluding high income),Aggregates,Aggregates,Aggregates,,
116,2019,70.3,Individuals using the Internet (% of population),7E,Europe & Central Asia (excluding high income),Aggregates,Aggregates,Aggregates,,
117,2018,65.8,Individuals using the Internet (% of population),7E,Europe & Central Asia (excluding high income),Aggregates,Aggregates,Aggregates,,
118,2017,60.6,Individuals using the Internet (% of population),7E,Europe & Central Asia (excluding high income),Aggregates,Aggregates,Aggregates,,
119,2016,56.2,Individuals using the Internet (% of population),7E,Europe & Central Asia (excluding high income),Aggregates,Aggregates,Aggregates,,
120,2025,90.8,Individuals using the Internet (% of population),T7,Europe & Central Asia (IDA & IBRD countries),Aggregates,Aggregates,Aggregates,,
121,2024,88.9,Individuals using the Internet (% of population),T7,Europe & Central Asia (IDA & IBRD countries),Aggregates,Aggregates,Aggregates,,
122,2023,87.3,Individuals using the Internet (% of population),T7,Europe & Central Asia (IDA & IBRD countries),Aggregates,Aggregates,Aggregates,,
123,2022,85.2,Individuals using the Internet (% of population),T7,Europe & Central Asia (IDA & IBRD countries),Aggregates,Aggregates,Aggregates,,
124,2021,82.6,Individuals using the Internet (% of population),T7,Europe & Central Asia (IDA & IBRD countries),Aggregates,Aggregates,Aggregates,,
125,2020,78.6,Individuals using the Internet (% of population),T7,Europe & Central Asia (IDA & IBRD countries),Aggregates,Aggregates,Aggregates,,
126,2019,75.2,Individuals using the Internet (% of population),T7,Europe & Central Asia (IDA & IBRD countries),Aggregates,Aggregates,Aggregates,,
127,2018,71.8,Individuals using the Internet (% of population),T7,Europe & Central Asia (IDA & IBRD countries),Aggregates,Aggregates,Aggregates,,
128,2017,67.0,Individuals using the Internet (% of population),T7,Europe & Central Asia (IDA & IBRD countries),Aggregates,Aggregates,Aggregates,,
129,2016,63.3,Individuals using the Internet (% of population),T7,Europe & Central Asia (IDA & IBRD countries),Aggregates,Aggregates,Aggregates,,
130,2025,,Individuals using the Internet (% of population),EU,European Union,Aggregates,Aggregates,Aggregates,,
131,2024,,Individuals using the Internet (% of population),EU,European Union,Aggregates,Aggregates,Aggregates,,
132,2023,,Individuals using the Internet (% of population),EU,European Union,Aggregates,Aggregates,Aggregates,,
133,2022,,Individuals using the Internet (% of population),EU,European Union,Aggregates,Aggregates,Aggregates,,
134,2021,,Individuals using the Internet (% of population),EU,European Union,Aggregates,Aggregates,Aggregates,,
135,2020,,Individuals using the Internet (% of population),EU,European Union,Aggregates,Aggregates,Aggregates,,
136,2019,,Individuals using the Internet (% of population),EU,European Union,Aggregates,Aggregates,Aggregates,,
137,2018,,Individuals using the Internet (% of population),EU,European Union,Aggregates,Aggregates,Aggregates,,
138,2017,,Individuals using the Internet (% of population),EU,European Union,Aggregates,Aggregates,Aggregates,,
139,2016,,Individuals using the Internet (% of population),EU,European Union,Aggregates,Aggregates,Aggregates,,
140,2025,,Individuals using the Internet (% of population),XE,Heavily indebted poor countries (HIPC),Aggregates,Aggregates,Aggregates,,
141,2024,,Individuals using the Internet (% of population),XE,Heavily indebted poor countries (HIPC),Aggregates,Aggregates,Aggregates,,
142,2023,,Individuals using the Internet (% of population),XE,Heavily indebted poor countries (HIPC),Aggregates,Aggregates,Aggregates,,
143,2022,,Individuals using the Internet (% of population),XE,Heavily indebted poor countries (HIPC),Aggregates,Aggregates,Aggregates,,
144,2021,,Individuals using the Internet (% of population),XE,Heavily indebted poor countries (HIPC),Aggregates,Aggregates,Aggregates,,
145,2020,,Individuals using the Internet (% of population),XE,Heavily indebted poor countries (HIPC),Aggregates,Aggregates,Aggregates,,
146,2019,,Individuals using the Internet (% of population),XE,Heavily indebted poor countries (HIPC),Aggregates,Aggregates,Aggregates,,
147,2018,,Individuals using the Internet (% of population),XE,Heavily indebted poor countries (HIPC),Aggregates,Aggregates,Aggregates,,
148,2017,,Individuals using the Internet (% of population),XE,Heavily indebted poor countries (HIPC),Aggregates,Aggregates,Aggregates,,
149,2016,,Individuals using the Internet (% of population),XE,Heavily indebted poor countries (HIPC),Aggregates,Aggregates,Aggregates,,
150,2025,94.2,Individuals using the Internet (% of population),XD,High income,Aggregates,Aggregates,Aggregates,,
151,2024,93.0,Individuals using the Internet (% of population),XD,High income,Aggregates,Aggregates,Aggregates,,
152,2023,91.9,Individuals using the Internet (% of population),XD,High income,Aggregates,Aggregates,Aggregates,,
153,2022,91.0,Individuals using the Internet (% of population),XD,High income,Aggregates,Aggregates,Aggregates,,
154,2021,90.0,Individuals using the Internet (% of population),XD,High income,Aggregates,Aggregates,Aggregates,,
155,2020,88.4,Individuals using the Internet (% of population),XD,High income,Aggregates,Aggregates,Aggregates,,
156,2019,87.5,Individuals using the Internet (% of population),XD,High income,Aggregates,Aggregates,Aggregates,,
157,2018,86.3,Individuals using the Internet (% of population),XD,High income,Aggregates,Aggregates,Aggregates,,
158,2017,84.2,Individuals using the Internet (% of population),XD,High income,Aggregates,Aggregates,Aggregates,,
159,2016,82.5,Individuals using the Internet (% of population),XD,High income,Aggregates,Aggregates,Aggregates,,
160,2025,82.7,Individuals using the Internet (% of population),XF,IBRD only,Aggregates,Aggregates,Aggregates,,
161,2024,79.9,Individuals using the Internet (% of population),XF,IBRD only,Aggregates,Aggregates,Aggregates,,
162,2023,77.3,Individuals using the Internet (% of population),XF,IBRD only,Aggregates,Aggregates,Aggregates,,
163,2022,74.4,Individuals using the Internet (% of population),XF,IBRD only,Aggregates,Aggregates,Aggregates,,
164,2021,70.3,Individuals using the Internet (% of population),XF,IBRD only,Aggregates,Aggregates,Aggregates,,
165,2020,65.4,Individuals using the Internet (% of population),XF,IBRD only,Aggregates,Aggregates,Aggregates,,
166,2019,56.3,Individuals using the Internet (% of population),XF,IBRD only,Aggregates,Aggregates,Aggregates,,
167,2018,50.3,Individuals using the Internet (% of population),XF,IBRD only,Aggregates,Aggregates,Aggregates,,
168,2017,46.6,Individuals using the Internet (% of population),XF,IBRD only,Aggregates,Aggregates,Aggregates,,
169,2016,43.2,Individuals using the Internet (% of population),XF,IBRD only,Aggregates,Aggregates,Aggregates,,
170,2025,70.3,Individuals using the Internet (% of population),ZT,IDA & IBRD total,Aggregates,Aggregates,Aggregates,,
171,2024,67.7,Individuals using the Internet (% of population),ZT,IDA & IBRD total,Aggregates,Aggregates,Aggregates,,
172,2023,65.5,Individuals using the Internet (% of population),ZT,IDA & IBRD total,Aggregates,Aggregates,Aggregates,,
173,2022,63.0,Individuals using the Internet (% of population),ZT,IDA & IBRD total,Aggregates,Aggregates,Aggregates,,
174,2021,59.3,Individuals using the Internet (% of population),ZT,IDA & IBRD total,Aggregates,Aggregates,Aggregates,,
175,2020,55.1,Individuals using the Internet (% of population),ZT,IDA & IBRD total,Aggregates,Aggregates,Aggregates,,
176,2019,47.8,Individuals using the Internet (% of population),ZT,IDA & IBRD total,Aggregates,Aggregates,Aggregates,,
177,2018,42.9,Individuals using the Internet (% of population),ZT,IDA & IBRD total,Aggregates,Aggregates,Aggregates,,
178,2017,39.5,Individuals using the Internet (% of population),ZT,IDA & IBRD total,Aggregates,Aggregates,Aggregates,,
179,2016,36.4,Individuals using the Internet (% of population),ZT,IDA & IBRD total,Aggregates,Aggregates,Aggregates,,
180,2025,44.2,Individuals using the Internet (% of population),XH,IDA blend,Aggregates,Aggregates,Aggregates,,
181,2024,41.2,Individuals using the Internet (% of population),XH,IDA blend,Aggregates,Aggregates,Aggregates,,
182,2023,38.3,Individuals using the Internet (% of population),XH,IDA blend,Aggregates,Aggregates,Aggregates,,
183,2022,36.5,Individuals using the Internet (% of population),XH,IDA blend,Aggregates,Aggregates,Aggregates,,
184,2021,32.4,Individuals using the Internet (% of population),XH,IDA blend,Aggregates,Aggregates,Aggregates,,
185,2020,28.7,Individuals using the Internet (% of population),XH,IDA blend,Aggregates,Aggregates,Aggregates,,
186,2019,26.9,Individuals using the Internet (% of population),XH,IDA blend,Aggregates,Aggregates,Aggregates,,
187,2018,24.1,Individuals using the Internet (% of population),XH,IDA blend,Aggregates,Aggregates,Aggregates,,
188,2017,22.3,Individuals using the Internet (% of population),XH,IDA blend,Aggregates,Aggregates,Aggregates,,
189,2016,20.6,Individuals using the Internet (% of population),XH,IDA blend,Aggregates,Aggregates,Aggregates,,
190,2025,36.1,Individuals using the Internet (% of population),XI,IDA only,Aggregates,Aggregates,Aggregates,,
191,2024,33.9,Individuals using the Internet (% of population),XI,IDA only,Aggregates,Aggregates,Aggregates,,
192,2023,32.5,Individuals using the Internet (% of population),XI,IDA only,Aggregates,Aggregates,Aggregates,,
193,2022,30.7,Individuals using the Internet (% of population),XI,IDA only,Aggregates,Aggregates,Aggregates,,
194,2021,28.4,Individuals using the Internet (% of population),XI,IDA only,Aggregates,Aggregates,Aggregates,,
195,2020,26.0,Individuals using the Internet (% of population),XI,IDA only,Aggregates,Aggregates,Aggregates,,
196,2019,22.8,Individuals using the Internet (% of population),XI,IDA only,Aggregates,Aggregates,Aggregates,,
197,2018,20.9,Individuals using the Internet (% of population),XI,IDA only,Aggregates,Aggregates,Aggregates,,
198,2017,17.5,Individuals using the Internet (% of population),XI,IDA only,Aggregates,Aggregates,Aggregates,,
199,2016,14.9,Individuals using the Internet (% of population),XI,IDA only,Aggregates,Aggregates,Aggregates,,
200,2025,38.9,Individuals using the Internet (% of population),XG,IDA total,Aggregates,Aggregates,Aggregates,,
201,2024,36.4,Individuals using the Internet (% of population),XG,IDA total,Aggregates,Aggregates,Aggregates,,
202,2023,34.5,Individuals using the Internet (% of population),XG,IDA total,Aggregates,Aggregates,Aggregates,,
203,2022,32.8,Individuals using the Internet (% of population),XG,IDA total,Aggregates,Aggregates,Aggregates,,
204,2021,29.8,Individuals using the Internet (% of population),XG,IDA total,Aggregates,Aggregates,Aggregates,,
205,2020,27.0,Individuals using the Internet (% of population),XG,IDA total,Aggregates,Aggregates,Aggregates,,
206,2019,24.2,Individuals using the Internet (% of population),XG,IDA total,Aggregates,Aggregates,Aggregates,,
207,2018,22.0,Individuals using the Internet (% of population),XG,IDA total,Aggregates,Aggregates,Aggregates,,
208,2017,19.2,Individuals using the Internet (% of population),XG,IDA total,Aggregates,Aggregates,Aggregates,,
209,2016,16.9,Individuals using the Internet (% of population),XG,IDA total,Aggregates,Aggregates,Aggregates,,
210,2025,,Individuals using the Internet (% of population),V3,Late-demographic dividend,Aggregates,Aggregates,Aggregates,,
211,2024,,Individuals using the Internet (% of population),V3,Late-demographic dividend,Aggregates,Aggregates,Aggregates,,
212,2023,,Individuals using the Internet (% of population),V3,Late-demographic dividend,Aggregates,Aggregates,Aggregates,,
213,2022,,Individuals using the Internet (% of population),V3,Late-demographic dividend,Aggregates,Aggregates,Aggregates,,
214,2021,,Individuals using the Internet (% of population),V3,Late-demographic dividend,Aggregates,Aggregates,Aggregates,,
215,2020,,Individuals using the Internet (% of population),V3,Late-demographic dividend,Aggregates,Aggregates,Aggregates,,
216,2019,,Individuals using the Internet (% of population),V3,Late-demographic dividend,Aggregates,Aggregates,Aggregates,,
217,2018,,Individuals using the Internet (% of population),V3,Late-demographic dividend,Aggregates,Aggregates,Aggregates,,
218,2017,,Individuals using the Internet (% of population),V3,Late-demographic dividend,Aggregates,Aggregates,Aggregates,,
219,2016,,Individuals using the Internet (% of population),V3,Late-demographic dividend,Aggregates,Aggregates,Aggregates,,
220,2025,83.7,Individuals using the Internet (% of population),ZJ,Latin America & Caribbean,Aggregates,Aggregates,Aggregates,,
221,2024,81.7,Individuals using the Internet (% of population),ZJ,Latin America & Caribbean,Aggregates,Aggregates,Aggregates,,
222,2023,80.0,Individuals using the Internet (% of population),ZJ,Latin America & Caribbean,Aggregates,Aggregates,Aggregates,,
223,2022,77.1,Individuals using the Internet (% of population),ZJ,Latin America & Caribbean,Aggregates,Aggregates,Aggregates,,
224,2021,75.8,Individuals using the Internet (% of population),ZJ,Latin America & Caribbean,Aggregates,Aggregates,Aggregates,,
225,2020,73.8,Individuals using the Internet (% of population),ZJ,Latin America & Caribbean,Aggregates,Aggregates,Aggregates,,
226,2019,67.8,Individuals using the Internet (% of population),ZJ,Latin America & Caribbean,Aggregates,Aggregates,Aggregates,,
227,2018,63.5,Individuals using the Internet (% of population),ZJ,Latin America & Caribbean,Aggregates,Aggregates,Aggregates,,
228,2017,60.2,Individuals using the Internet (% of population),ZJ,Latin America & Caribbean,Aggregates,Aggregates,Aggregates,,
229,2016,57.5,Individuals using the Internet (% of population),ZJ,Latin America & Caribbean,Aggregates,Aggregates,Aggregates,,
230,2025,83.6,Individuals using the Internet (% of population),XJ,Latin America & Caribbean (excluding high income),Aggregates,Aggregates,Aggregates,,
231,2024,81.4,Individuals using the Internet (% of population),XJ,Latin America & Caribbean (excluding high income),Aggregates,Aggregates,Aggregates,,
232,2023,79.7,Individuals using the Internet (% of population),XJ,Latin America & Caribbean (excluding high income),Aggregates,Aggregates,Aggregates,,
233,2022,76.6,Individuals using the Internet (% of population),XJ,Latin America & Caribbean (excluding high income),Aggregates,Aggregates,Aggregates,,
234,2021,75.3,Individuals using the Internet (% of population),XJ,Latin America & Caribbean (excluding high income),Aggregates,Aggregates,Aggregates,,
235,2020,73.3,Individuals using the Internet (% of population),XJ,Latin America & Caribbean (excluding high income),Aggregates,Aggregates,Aggregates,,
236,2019,67.9,Individuals using the Internet (% of population),XJ,Latin America & Caribbean (excluding high income),Aggregates,Aggregates,Aggregates,,
237,2018,62.6,Individuals using the Internet (% of population),XJ,Latin America & Caribbean (excluding high income),Aggregates,Aggregates,Aggregates,,
238,2017,59.2,Individuals using the Internet (% of population),XJ,Latin America & Caribbean (excluding high income),Aggregates,Aggregates,Aggregates,,
239,2016,56.4,Individuals using the Internet (% of population),XJ,Latin America & Caribbean (excluding high income),Aggregates,Aggregates,Aggregates,,
240,2025,83.9,Individuals using the Internet (% of population),T2,Latin America & the Caribbean (IDA & IBRD countries),Aggregates,Aggregates,Aggregates,,
241,2024,81.8,Individuals using the Internet (% of population),T2,Latin America & the Caribbean (IDA & IBRD countries),Aggregates,Aggregates,Aggregates,,
242,2023,80.2,Individuals using the Internet (% of population),T2,Latin America & the Caribbean (IDA & IBRD countries),Aggregates,Aggregates,Aggregates,,
243,2022,77.3,Individuals using the Internet (% of population),T2,Latin America & the Caribbean (IDA & IBRD countries),Aggregates,Aggregates,Aggregates,,
244,2021,75.9,Individuals using the Internet (% of population),T2,Latin America & the Caribbean (IDA & IBRD countries),Aggregates,Aggregates,Aggregates,,
245,2020,73.8,Individuals using the Internet (% of population),T2,Latin America & the Caribbean (IDA & IBRD countries),Aggregates,Aggregates,Aggregates,,
246,2019,67.7,Individuals using the Internet (% of population),T2,Latin America & the Caribbean (IDA & IBRD countries),Aggregates,Aggregates,Aggregates,,
247,2018,63.5,Individuals using the Internet (% of population),T2,Latin America & the Caribbean (IDA & IBRD countries),Aggregates,Aggregates,Aggregates,,
248,2017,60.2,Individuals using the Internet (% of population),T2,Latin America & the Caribbean (IDA & IBRD countries),Aggregates,Aggregates,Aggregates,,
249,2016,57.7,Individuals using the Internet (% of population),T2,Latin America & the Caribbean (IDA & IBRD countries),Aggregates,Aggregates,Aggregates,,
250,2025,33.7,Individuals using the Internet (% of population),XL,Least developed countries: UN classification,Aggregates,Aggregates,Aggregates,,
251,2024,31.4,Individuals using the Internet (% of population),XL,Least developed countries: UN classification,Aggregates,Aggregates,Aggregates,,
252,2023,29.9,Individuals using the Internet (% of population),XL,Least developed countries: UN classification,Aggregates,Aggregates,Aggregates,,
253,2022,28.2,Individuals using the Internet (% of population),XL,Least developed countries: UN classification,Aggregates,Aggregates,Aggregates,,
254,2021,26.1,Individuals using the Internet (% of population),XL,Least developed countries: UN classification,Aggregates,Aggregates,Aggregates,,
255,2020,24.1,Individuals using the Internet (% of population),XL,Least developed countries: UN classification,Aggregates,Aggregates,Aggregates,,
256,2019,21.2,Individuals using the Internet (% of population),XL,Least developed countries: UN classification,Aggregates,Aggregates,Aggregates,,
257,2018,19.5,Individuals using the Internet (% of population),XL,Least developed countries: UN classification,Aggregates,Aggregates,Aggregates,,
258,2017,16.2,Individuals using the Internet (% of population),XL,Least developed countries: UN classification,Aggregates,Aggregates,Aggregates,,
259,2016,13.8,Individuals using the Internet (% of population),XL,Least developed countries: UN classification,Aggregates,Aggregates,Aggregates,,
260,2025,,Individuals using the Internet (% of population),XO,Low & middle income,Aggregates,Aggregates,Aggregates,,
261,2024,,Individuals using the Internet (% of population),XO,Low & middle income,Aggregates,Aggregates,Aggregates,,
262,2023,,Individuals using the Internet (% of population),XO,Low & middle income,Aggregates,Aggregates,Aggregates,,
263,2022,,Individuals using the Internet (% of population),XO,Low & middle income,Aggregates,Aggregates,Aggregates,,
264,2021,,Individuals using the Internet (% of population),XO,Low & middle income,Aggregates,Aggregates,Aggregates,,
265,2020,,Individuals using the Internet (% of population),XO,Low & middle income,Aggregates,Aggregates,Aggregates,,
266,2019,,Individuals using the Internet (% of population),XO,Low & middle income,Aggregates,Aggregates,Aggregates,,
267,2018,,Individuals using the Internet (% of population),XO,Low & middle income,Aggregates,Aggregates,Aggregates,,
268,2017,,Individuals using the Internet (% of population),XO,Low & middle income,Aggregates,Aggregates,Aggregates,,
269,2016,,Individuals using the Internet (% of population),XO,Low & middle income,Aggregates,Aggregates,Aggregates,,
270,2025,23.4,Individuals using the Internet (% of population),XM,Low income,Aggregates,Aggregates,Aggregates,,
271,2024,22.5,Individuals using the Internet (% of population),XM,Low income,Aggregates,Aggregates,Aggregates,,
272,2023,22.0,Individuals using the Internet (% of population),XM,Low income,Aggregates,Aggregates,Aggregates,,
273,2022,21.2,Individuals using the Internet (% of population),XM,Low income,Aggregates,Aggregates,Aggregates,,
274,2021,19.0,Individuals using the Internet (% of population),XM,Low income,Aggregates,Aggregates,Aggregates,,
275,2020,17.6,Individuals using the Internet (% of population),XM,Low income,Aggregates,Aggregates,Aggregates,,
276,2019,16.4,Individuals using the Internet (% of population),XM,Low income,Aggregates,Aggregates,Aggregates,,
277,2018,13.8,Individuals using the Internet (% of population),XM,Low income,Aggregates,Aggregates,Aggregates,,
278,2017,11.4,Individuals using the Internet (% of population),XM,Low income,Aggregates,Aggregates,Aggregates,,
279,2016,10.0,Individuals using the Internet (% of population),XM,Low income,Aggregates,Aggregates,Aggregates,,
280,2025,62.9,Individuals using the Internet (% of population),XN,Lower middle income,Aggregates,Aggregates,Aggregates,,
281,2024,58.9,Individuals using the Internet (% of population),XN,Lower middle income,Aggregates,Aggregates,Aggregates,,
282,2023,55.4,Individuals using the Internet (% of population),XN,Lower middle income,Aggregates,Aggregates,Aggregates,,
283,2022,52.3,Individuals using the Internet (% of population),XN,Lower middle income,Aggregates,Aggregates,Aggregates,,
284,2021,47.4,Individuals using the Internet (% of population),XN,Lower middle income,Aggregates,Aggregates,Aggregates,,
285,2020,42.5,Individuals using the Internet (% of population),XN,Lower middle income,Aggregates,Aggregates,Aggregates,,
286,2019,33.4,Individuals using the Internet (% of population),XN,Lower middle income,Aggregates,Aggregates,Aggregates,,
287,2018,27.2,Individuals using the Internet (% of population),XN,Lower middle income,Aggregates,Aggregates,Aggregates,,
288,2017,24.4,Individuals using the Internet (% of population),XN,Lower middle income,Aggregates,Aggregates,Aggregates,,
289,2016,21.9,Individuals using the Internet (% of population),XN,Lower middle income,Aggregates,Aggregates,Aggregates,,
290,2025,63.7,Individuals using the Internet (% of population),ZQ,"Middle East, North Africa, Afghanistan & Pakistan",Aggregates,Aggregates,Aggregates,,
291,2024,61.5,Individuals using the Internet (% of population),ZQ,"Middle East, North Africa, Afghanistan & Pakistan",Aggregates,Aggregates,Aggregates,,
292,2023,59.5,Individuals using the Internet (% of population),ZQ,"Middle East, North Africa, Afghanistan & Pakistan",Aggregates,Aggregates,Aggregates,,
293,2022,57.8,Individuals using the Internet (% of population),ZQ,"Middle East, North Africa, Afghanistan & Pakistan",Aggregates,Aggregates,Aggregates,,
294,2021,54.2,Individuals using the Internet (% of population),ZQ,"Middle East, North Africa, Afghanistan & Pakistan",Aggregates,Aggregates,Aggregates,,
295,2020,50.6,Individuals using the Internet (% of population),ZQ,"Middle East, North Africa, Afghanistan & Pakistan",Aggregates,Aggregates,Aggregates,,
296,2019,46.0,Individuals using the Internet (% of population),ZQ,"Middle East, North Africa, Afghanistan & Pakistan",Aggregates,Aggregates,Aggregates,,
297,2018,42.3,Individuals using the Internet (% of population),ZQ,"Middle East, North Africa, Afghanistan & Pakistan",Aggregates,Aggregates,Aggregates,,
298,2017,39.7,Individuals using the Internet (% of population),ZQ,"Middle East, North Africa, Afghanistan & Pakistan",Aggregates,Aggregates,Aggregates,,
299,2016,35.0,Individuals using the Internet (% of population),ZQ,"Middle East, North Africa, Afghanistan & Pakistan",Aggregates,Aggregates,Aggregates,,
300,2025,0.0,Individuals using the Internet (% of population),XQ,"Middle East, North Africa, Afghanistan & Pakistan (excluding high income)",Aggregates,Aggregates,Aggregates,,
301,2024,58.0,Individuals using the Internet (% of population),XQ,"Middle East, North Africa, Afghanistan & Pakistan (excluding high income)",Aggregates,Aggregates,Aggregates,,
302,2023,55.9,Individuals using the Internet (% of population),XQ,"Middle East, North Africa, Afghanistan & Pakistan (excluding high income)",Aggregates,Aggregates,Aggregates,,
303,2022,54.1,Individuals using the Internet (% of population),XQ,"Middle East, North Africa, Afghanistan & Pakistan (excluding high income)",Aggregates,Aggregates,Aggregates,,
304,2021,50.2,Individuals using the Internet (% of population),XQ,"Middle East, North Africa, Afghanistan & Pakistan (excluding high income)",Aggregates,Aggregates,Aggregates,,
305,2020,46.4,Individuals using the Internet (% of population),XQ,"Middle East, North Africa, Afghanistan & Pakistan (excluding high income)",Aggregates,Aggregates,Aggregates,,
306,2019,41.5,Individuals using the Internet (% of population),XQ,"Middle East, North Africa, Afghanistan & Pakistan (excluding high income)",Aggregates,Aggregates,Aggregates,,
307,2018,37.6,Individuals using the Internet (% of population),XQ,"Middle East, North Africa, Afghanistan & Pakistan (excluding high income)",Aggregates,Aggregates,Aggregates,,
308,2017,34.8,Individuals using the Internet (% of population),XQ,"Middle East, North Africa, Afghanistan & Pakistan (excluding high income)",Aggregates,Aggregates,Aggregates,,
309,2016,30.8,Individuals using the Internet (% of population),XQ,"Middle East, North Africa, Afghanistan & Pakistan (excluding high income)",Aggregates,Aggregates,Aggregates,,
310,2025,60.2,Individuals using the Internet (% of population),T3,"Middle East, North Africa, Afghanistan & Pakistan (IDA & IBRD)",Aggregates,Aggregates,Aggregates,,
311,2024,57.8,Individuals using the Internet (% of population),T3,"Middle East, North Africa, Afghanistan & Pakistan (IDA & IBRD)",Aggregates,Aggregates,Aggregates,,
312,2023,55.7,Individuals using the Internet (% of population),T3,"Middle East, North Africa, Afghanistan & Pakistan (IDA & IBRD)",Aggregates,Aggregates,Aggregates,,
313,2022,53.8,Individuals using the Internet (% of population),T3,"Middle East, North Africa, Afghanistan & Pakistan (IDA & IBRD)",Aggregates,Aggregates,Aggregates,,
314,2021,50.0,Individuals using the Internet (% of population),T3,"Middle East, North Africa, Afghanistan & Pakistan (IDA & IBRD)",Aggregates,Aggregates,Aggregates,,
315,2020,46.2,Individuals using the Internet (% of population),T3,"Middle East, North Africa, Afghanistan & Pakistan (IDA & IBRD)",Aggregates,Aggregates,Aggregates,,
316,2019,41.3,Individuals using the Internet (% of population),T3,"Middle East, North Africa, Afghanistan & Pakistan (IDA & IBRD)",Aggregates,Aggregates,Aggregates,,
317,2018,37.4,Individuals using the Internet (% of population),T3,"Middle East, North Africa, Afghanistan & Pakistan (IDA & IBRD)",Aggregates,Aggregates,Aggregates,,
318,2017,34.6,Individuals using the Internet (% of population),T3,"Middle East, North Africa, Afghanistan & Pakistan (IDA & IBRD)",Aggregates,Aggregates,Aggregates,,
319,2016,30.6,Individuals using the Internet (% of population),T3,"Middle East, North Africa, Afghanistan & Pakistan (IDA & IBRD)",Aggregates,Aggregates,Aggregates,,
320,2025,,Individuals using the Internet (% of population),XP,Middle income,Aggregates,Aggregates,Aggregates,,
321,2024,,Individuals using the Internet (% of population),XP,Middle income,Aggregates,Aggregates,Aggregates,,
322,2023,,Individuals using the Internet (% of population),XP,Middle income,Aggregates,Aggregates,Aggregates,,
323,2022,,Individuals using the Internet (% of population),XP,Middle income,Aggregates,Aggregates,Aggregates,,
324,2021,,Individuals using the Internet (% of population),XP,Middle income,Aggregates,Aggregates,Aggregates,,
325,2020,,Individuals using the Internet (% of population),XP,Middle income,Aggregates,Aggregates,Aggregates,,
326,2019,,Individuals using the Internet (% of population),XP,Middle income,Aggregates,Aggregates,Aggregates,,
327,2018,,Individuals using the Internet (% of population),XP,Middle income,Aggregates,Aggregates,Aggregates,,
328,2017,,Individuals using the Internet (% of population),XP,Middle income,Aggregates,Aggregates,Aggregates,,
329,2016,,Individuals using the Internet (% of population),XP,Middle income,Aggregates,Aggregates,Aggregates,,
330,2025,95.6,Individuals using the Internet (% of population),XU,North America,Aggregates,Aggregates,Aggregates,,
331,2024,94.4,Individuals using the Internet (% of population),XU,North America,Aggregates,Aggregates,Aggregates,,
332,2023,93.3,Individuals using the Internet (% of population),XU,North America,Aggregates,Aggregates,Aggregates,,
333,2022,92.6,Individuals using the Internet (% of population),XU,North America,Aggregates,Aggregates,Aggregates,,
334,2021,91.5,Individuals using the Internet (% of population),XU,North America,Aggregates,Aggregates,Aggregates,,
335,2020,90.5,Individuals using the Internet (% of population),XU,North America,Aggregates,Aggregates,Aggregates,,
336,2019,89.7,Individuals using the Internet (% of population),XU,North America,Aggregates,Aggregates,Aggregates,,
337,2018,89.1,Individuals using the Internet (% of population),XU,North America,Aggregates,Aggregates,Aggregates,,
338,2017,87.8,Individuals using the Internet (% of population),XU,North America,Aggregates,Aggregates,Aggregates,,
339,2016,86.1,Individuals using the Internet (% of population),XU,North America,Aggregates,Aggregates,Aggregates,,
340,2025,,Individuals using the Internet (% of population),XY,Not classified,Aggregates,Aggregates,Aggregates,,
341,2024,,Individuals using the Internet (% of population),XY,Not classified,Aggregates,Aggregates,Aggregates,,
342,2023,,Individuals using the Internet (% of population),XY,Not classified,Aggregates,Aggregates,Aggregates,,
343,2022,,Individuals using the Internet (% of population),XY,Not classified,Aggregates,Aggregates,Aggregates,,
344,2021,,Individuals using the Internet (% of population),XY,Not classified,Aggregates,Aggregates,Aggregates,,
345,2020,,Individuals using the Internet (% of population),XY,Not classified,Aggregates,Aggregates,Aggregates,,
346,2019,,Individuals using the Internet (% of population),XY,Not classified,Aggregates,Aggregates,Aggregates,,
347,2018,,Individuals using the Internet (% of population),XY,Not classified,Aggregates,Aggregates,Aggregates,,
348,2017,,Individuals using the Internet (% of population),XY,Not classified,Aggregates,Aggregates,Aggregates,,
349,2016,,Individuals using the Internet (% of population),XY,Not classified,Aggregates,Aggregates,Aggregates,,
350,2025,,Individuals using the Internet (% of population),OE,OECD members,Aggregates,Aggregates,Aggregates,,
351,2024,,Individuals using the Internet (% of population),OE,OECD members,Aggregates,Aggregates,Aggregates,,
352,2023,,Individuals using the Internet (% of population),OE,OECD members,Aggregates,Aggregates,Aggregates,,
353,2022,,Individuals using the Internet (% of population),OE,OECD members,Aggregates,Aggregates,Aggregates,,
354,2021,,Individuals using the Internet (% of population),OE,OECD members,Aggregates,Aggregates,Aggregates,,
355,2020,,Individuals using the Internet (% of population),OE,OECD members,Aggregates,Aggregates,Aggregates,,
356,2019,,Individuals using the Internet (% of population),OE,OECD members,Aggregates,Aggregates,Aggregates,,
357,2018,,Individuals using the Internet (% of population),OE,OECD members,Aggregates,Aggregates,Aggregates,,
358,2017,,Individuals using the Internet (% of population),OE,OECD members,Aggregates,Aggregates,Aggregates,,
359,2016,,Individuals using the Internet (% of population),OE,OECD members,Aggregates,Aggregates,Aggregates,,
360,2025,,Individuals using the Internet (% of population),S4,Other small states,Aggregates,Aggregates,Aggregates,,
361,2024,,Individuals using the Internet (% of population),S4,Other small states,Aggregates,Aggregates,Aggregates,,
362,2023,,Individuals using the Internet (% of population),S4,Other small states,Aggregates,Aggregates,Aggregates,,
363,2022,,Individuals using the Internet (% of population),S4,Other small states,Aggregates,Aggregates,Aggregates,,
364,2021,,Individuals using the Internet (% of population),S4,Other small states,Aggregates,Aggregates,Aggregates,,
365,2020,,Individuals using the Internet (% of population),S4,Other small states,Aggregates,Aggregates,Aggregates,,
366,2019,,Individuals using the Internet (% of population),S4,Other small states,Aggregates,Aggregates,Aggregates,,
367,2018,,Individuals using the Internet (% of population),S4,Other small states,Aggregates,Aggregates,Aggregates,,
368,2017,,Individuals using the Internet (% of population),S4,Other small states,Aggregates,Aggregates,Aggregates,,
369,2016,,Individuals using the Internet (% of population),S4,Other small states,Aggregates,Aggregates,Aggregates,,
370,2025,,Individuals using the Internet (% of population),S2,Pacific island small states,Aggregates,Aggregates,Aggregates,,
371,2024,,Individuals using the Internet (% of population),S2,Pacific island small states,Aggregates,Aggregates,Aggregates,,
372,2023,,Individuals using the Internet (% of population),S2,Pacific island small states,Aggregates,Aggregates,Aggregates,,
373,2022,,Individuals using the Internet (% of population),S2,Pacific island small states,Aggregates,Aggregates,Aggregates,,
374,2021,,Individuals using the Internet (% of population),S2,Pacific island small states,Aggregates,Aggregates,Aggregates,,
375,2020,,Individuals using the Internet (% of population),S2,Pacific island small states,Aggregates,Aggregates,Aggregates,,
376,2019,,Individuals using the Internet (% of population),S2,Pacific island small states,Aggregates,Aggregates,Aggregates,,
377,2018,,Individuals using the Internet (% of population),S2,Pacific island small states,Aggregates,Aggregates,Aggregates,,
378,2017,,Individuals using the Internet (% of population),S2,Pacific island small states,Aggregates,Aggregates,Aggregates,,
379,2016,,Individuals using the Internet (% of population),S2,Pacific island small states,Aggregates,Aggregates,Aggregates,,
380,2025,,Individuals using the Internet (% of population),V4,Post-demographic dividend,Aggregates,Aggregates,Aggregates,,
381,2024,,Individuals using the Internet (% of population),V4,Post-demographic dividend,Aggregates,Aggregates,Aggregates,,
382,2023,,Individuals using the Internet (% of population),V4,Post-demographic dividend,Aggregates,Aggregates,Aggregates,,
383,2022,,Individuals using the Internet (% of population),V4,Post-demographic dividend,Aggregates,Aggregates,Aggregates,,
384,2021,,Individuals using the Internet (% of population),V4,Post-demographic dividend,Aggregates,Aggregates,Aggregates,,
385,2020,,Individuals using the Internet (% of population),V4,Post-demographic dividend,Aggregates,Aggregates,Aggregates,,
386,2019,,Individuals using the Internet (% of population),V4,Post-demographic dividend,Aggregates,Aggregates,Aggregates,,
387,2018,,Individuals using the Internet (% of population),V4,Post-demographic dividend,Aggregates,Aggregates,Aggregates,,
388,2017,,Individuals using the Internet (% of population),V4,Post-demographic dividend,Aggregates,Aggregates,Aggregates,,
389,2016,,Individuals using the Internet (% of population),V4,Post-demographic dividend,Aggregates,Aggregates,Aggregates,,
390,2025,,Individuals using the Internet (% of population),V1,Pre-demographic dividend,Aggregates,Aggregates,Aggregates,,
391,2024,,Individuals using the Internet (% of population),V1,Pre-demographic dividend,Aggregates,Aggregates,Aggregates,,
392,2023,,Individuals using the Internet (% of population),V1,Pre-demographic dividend,Aggregates,Aggregates,Aggregates,,
393,2022,,Individuals using the Internet (% of population),V1,Pre-demographic dividend,Aggregates,Aggregates,Aggregates,,
394,2021,,Individuals using the Internet (% of population),V1,Pre-demographic dividend,Aggregates,Aggregates,Aggregates,,
395,2020,,Individuals using the Internet (% of population),V1,Pre-demographic dividend,Aggregates,Aggregates,Aggregates,,
396,2019,,Individuals using the Internet (% of population),V1,Pre-demographic dividend,Aggregates,Aggregates,Aggregates,,
397,2018,,Individuals using the Internet (% of population),V1,Pre-demographic dividend,Aggregates,Aggregates,Aggregates,,
398,2017,,Individuals using the Internet (% of population),V1,Pre-demographic dividend,Aggregates,Aggregates,Aggregates,,
399,2016,,Individuals using the Internet (% of population),V1,Pre-demographic dividend,Aggregates,Aggregates,Aggregates,,
400,2025,0.0,Individuals using the Internet (% of population),S1,Small states,Aggregates,Aggregates,Aggregates,,
401,2024,72.5,Individuals using the Internet (% of population),S1,Small states,Aggregates,Aggregates,Aggregates,,
402,2023,71.7,Individuals using the Internet (% of population),S1,Small states,Aggregates,Aggregates,Aggregates,,
403,2022,70.5,Individuals using the Internet (% of population),S1,Small states,Aggregates,Aggregates,Aggregates,,
404,2021,69.1,Individuals using the Internet (% of population),S1,Small states,Aggregates,Aggregates,Aggregates,,
405,2020,65.6,Individuals using the Internet (% of population),S1,Small states,Aggregates,Aggregates,Aggregates,,
406,2019,62.1,Individuals using the Internet (% of population),S1,Small states,Aggregates,Aggregates,Aggregates,,
407,2018,58.0,Individuals using the Internet (% of population),S1,Small states,Aggregates,Aggregates,Aggregates,,
408,2017,55.6,Individuals using the Internet (% of population),S1,Small states,Aggregates,Aggregates,Aggregates,,
409,2016,50.9,Individuals using the Internet (% of population),S1,Small states,Aggregates,Aggregates,Aggregates,,
410,2025,67.8,Individuals using the Internet (% of population),8S,South Asia,Aggregates,Aggregates,Aggregates,,
411,2024,62.8,Individuals using the Internet (% of population),8S,South Asia,Aggregates,Aggregates,Aggregates,,
412,2023,58.3,Individuals using the Internet (% of population),8S,South Asia,Aggregates,Aggregates,Aggregates,,
413,2022,54.2,Individuals using the Internet (% of population),8S,South Asia,Aggregates,Aggregates,Aggregates,,
414,2021,48.0,Individuals using the Internet (% of population),8S,South Asia,Aggregates,Aggregates,Aggregates,,
415,2020,42.5,Individuals using the Internet (% of population),8S,South Asia,Aggregates,Aggregates,Aggregates,,
416,2019,29.7,Individuals using the Internet (% of population),8S,South Asia,Aggregates,Aggregates,Aggregates,,
417,2018,20.9,Individuals using the Internet (% of population),8S,South Asia,Aggregates,Aggregates,Aggregates,,
418,2017,18.8,Individuals using the Internet (% of population),8S,South Asia,Aggregates,Aggregates,Aggregates,,
419,2016,16.7,Individuals using the Internet (% of population),8S,South Asia,Aggregates,Aggregates,Aggregates,,
420,2025,67.8,Individuals using the Internet (% of population),T5,South Asia (IDA & IBRD),Aggregates,Aggregates,Aggregates,,
421,2024,62.8,Individuals using the Internet (% of population),T5,South Asia (IDA & IBRD),Aggregates,Aggregates,Aggregates,,
422,2023,58.3,Individuals using the Internet (% of population),T5,South Asia (IDA & IBRD),Aggregates,Aggregates,Aggregates,,
423,2022,54.2,Individuals using the Internet (% of population),T5,South Asia (IDA & IBRD),Aggregates,Aggregates,Aggregates,,
424,2021,48.0,Individuals using the Internet (% of population),T5,South Asia (IDA & IBRD),Aggregates,Aggregates,Aggregates,,
425,2020,42.5,Individuals using the Internet (% of population),T5,South Asia (IDA & IBRD),Aggregates,Aggregates,Aggregates,,
426,2019,29.7,Individuals using the Internet (% of population),T5,South Asia (IDA & IBRD),Aggregates,Aggregates,Aggregates,,
427,2018,20.9,Individuals using the Internet (% of population),T5,South Asia (IDA & IBRD),Aggregates,Aggregates,Aggregates,,
428,2017,18.8,Individuals using the Internet (% of population),T5,South Asia (IDA & IBRD),Aggregates,Aggregates,Aggregates,,
429,2016,16.7,Individuals using the Internet (% of population),T5,South Asia (IDA & IBRD),Aggregates,Aggregates,Aggregates,,
430,2025,35.7,Individuals using the Internet (% of population),ZG,Sub-Saharan Africa,Aggregates,Aggregates,Aggregates,,
431,2024,33.6,Individuals using the Internet (% of population),ZG,Sub-Saharan Africa,Aggregates,Aggregates,Aggregates,,
432,2023,32.3,Individuals using the Internet (% of population),ZG,Sub-Saharan Africa,Aggregates,Aggregates,Aggregates,,
433,2022,31.1,Individuals using the Internet (% of population),ZG,Sub-Saharan Africa,Aggregates,Aggregates,Aggregates,,
434,2021,29.0,Individuals using the Internet (% of population),ZG,Sub-Saharan Africa,Aggregates,Aggregates,Aggregates,,
435,2020,26.7,Individuals using the Internet (% of population),ZG,Sub-Saharan Africa,Aggregates,Aggregates,Aggregates,,
436,2019,24.4,Individuals using the Internet (% of population),ZG,Sub-Saharan Africa,Aggregates,Aggregates,Aggregates,,
437,2018,22.0,Individuals using the Internet (% of population),ZG,Sub-Saharan Africa,Aggregates,Aggregates,Aggregates,,
438,2017,20.0,Individuals using the Internet (% of population),ZG,Sub-Saharan Africa,Aggregates,Aggregates,Aggregates,,
439,2016,18.3,Individuals using the Internet (% of population),ZG,Sub-Saharan Africa,Aggregates,Aggregates,Aggregates,,
440,2025,36.5,Individuals using the Internet (% of population),ZF,Sub-Saharan Africa (excluding high income),Aggregates,Aggregates,Aggregates,,
441,2024,34.7,Individuals using the Internet (% of population),ZF,Sub-Saharan Africa (excluding high income),Aggregates,Aggregates,Aggregates,,
442,2023,33.5,Individuals using the Internet (% of population),ZF,Sub-Saharan Africa (excluding high income),Aggregates,Aggregates,Aggregates,,
443,2022,32.7,Individuals using the Internet (% of population),ZF,Sub-Saharan Africa (excluding high income),Aggregates,Aggregates,Aggregates,,
444,2021,30.3,Individuals using the Internet (% of population),ZF,Sub-Saharan Africa (excluding high income),Aggregates,Aggregates,Aggregates,,
445,2020,28.0,Individuals using the Internet (% of population),ZF,Sub-Saharan Africa (excluding high income),Aggregates,Aggregates,Aggregates,,
446,2019,25.3,Individuals using the Internet (% of population),ZF,Sub-Saharan Africa (excluding high income),Aggregates,Aggregates,Aggregates,,
447,2018,22.8,Individuals using the Internet (% of population),ZF,Sub-Saharan Africa (excluding high income),Aggregates,Aggregates,Aggregates,,
448,2017,20.4,Individuals using the Internet (% of population),ZF,Sub-Saharan Africa (excluding high income),Aggregates,Aggregates,Aggregates,,
449,2016,18.5,Individuals using the Internet (% of population),ZF,Sub-Saharan Africa (excluding high income),Aggregates,Aggregates,Aggregates,,
450,2025,35.2,Individuals using the Internet (% of population),T6,Sub-Saharan Africa (IDA & IBRD countries),Aggregates,Aggregates,Aggregates,,
451,2024,33.3,Individuals using the Internet (% of population),T6,Sub-Saharan Africa (IDA & IBRD countries),Aggregates,Aggregates,Aggregates,,
452,2023,32.1,Individuals using the Internet (% of population),T6,Sub-Saharan Africa (IDA & IBRD countries),Aggregates,Aggregates,Aggregates,,
453,2022,31.1,Individuals using the Internet (% of population),T6,Sub-Saharan Africa (IDA & IBRD countries),Aggregates,Aggregates,Aggregates,,
454,2021,28.9,Individuals using the Internet (% of population),T6,Sub-Saharan Africa (IDA & IBRD countries),Aggregates,Aggregates,Aggregates,,
455,2020,26.8,Individuals using the Internet (% of population),T6,Sub-Saharan Africa (IDA & IBRD countries),Aggregates,Aggregates,Aggregates,,
456,2019,24.4,Individuals using the Internet (% of population),T6,Sub-Saharan Africa (IDA & IBRD countries),Aggregates,Aggregates,Aggregates,,
457,2018,22.1,Individuals using the Internet (% of population),T6,Sub-Saharan Africa (IDA & IBRD countries),Aggregates,Aggregates,Aggregates,,
458,2017,19.9,Individuals using the Internet (% of population),T6,Sub-Saharan Africa (IDA & IBRD countries),Aggregates,Aggregates,Aggregates,,
459,2016,18.2,Individuals using the Internet (% of population),T6,Sub-Saharan Africa (IDA & IBRD countries),Aggregates,Aggregates,Aggregates,,
460,2025,88.8,Individuals using the Internet (% of population),XT,Upper middle income,Aggregates,Aggregates,Aggregates,,
461,2024,86.9,Individuals using the Internet (% of population),XT,Upper middle income,Aggregates,Aggregates,Aggregates,,
462,2023,85.3,Individuals using the Internet (% of population),XT,Upper middle income,Aggregates,Aggregates,Aggregates,,
463,2022,82.7,Individuals using the Internet (% of population),XT,Upper middle income,Aggregates,Aggregates,Aggregates,,
464,2021,79.4,Individuals using the Internet (% of population),XT,Upper middle income,Aggregates,Aggregates,Aggregates,,
465,2020,74.9,Individuals using the Internet (% of population),XT,Upper middle income,Aggregates,Aggregates,Aggregates,,
466,2019,67.5,Individuals using the Internet (% of population),XT,Upper middle income,Aggregates,Aggregates,Aggregates,,
467,2018,62.2,Individuals using the Internet (% of population),XT,Upper middle income,Aggregates,Aggregates,Aggregates,,
468,2017,57.7,Individuals using the Internet (% of population),XT,Upper middle income,Aggregates,Aggregates,Aggregates,,
469,2016,53.3,Individuals using the Internet (% of population),XT,Upper middle income,Aggregates,Aggregates,Aggregates,,
470,2025,73.6,Individuals using the Internet (% of population),1W,World,Aggregates,Aggregates,Aggregates,,
471,2024,71.2,Individuals using the Internet (% of population),1W,World,Aggregates,Aggregates,Aggregates,,
472,2023,69.2,Individuals using the Internet (% of population),1W,World,Aggregates,Aggregates,Aggregates,,
473,2022,67.0,Individuals using the Internet (% of population),1W,World,Aggregates,Aggregates,Aggregates,,
474,2021,63.8,Individuals using the Internet (% of population),1W,World,Aggregates,Aggregates,Aggregates,,
475,2020,60.1,Individuals using the Internet (% of population),1W,World,Aggregates,Aggregates,Aggregates,,
476,2019,53.9,Individuals using the Internet (% of population),1W,World,Aggregates,Aggregates,Aggregates,,
477,2018,49.4,Individuals using the Internet (% of population),1W,World,Aggregates,Aggregates,Aggregates,,
478,2017,46.3,Individuals using the Internet (% of population),1W,World,Aggregates,Aggregates,Aggregates,,
479,2016,43.6,Individuals using the Internet (% of population),1W,World,Aggregates,Aggregates,Aggregates,,
480,2025,,Individuals using the Internet (% of population),AF,Afghanistan,"Middle East, North Africa, Afghanistan & Pakistan",Low income,IDA,69.1761,34.5228
481,2024,16.09499931,Individuals using the Internet (% of population),AF,Afghanistan,"Middle East, North Africa, Afghanistan & Pakistan",Low income,IDA,69.1761,34.5228
482,2023,15.92840004,Individuals using the Internet (% of population),AF,Afghanistan,"Middle East, North Africa, Afghanistan & Pakistan",Low income,IDA,69.1761,34.5228
483,2022,15.86629963,Individuals using the Internet (% of population),AF,Afghanistan,"Middle East, North Africa, Afghanistan & Pakistan",Low income,IDA,69.1761,34.5228
484,2021,16.51429939,Individuals using the Internet (% of population),AF,Afghanistan,"Middle East, North Africa, Afghanistan & Pakistan",Low income,IDA,69.1761,34.5228
485,2020,17.04850006,Individuals using the Internet (% of population),AF,Afghanistan,"Middle East, North Africa, Afghanistan & Pakistan",Low income,IDA,69.1761,34.5228
486,2019,17.60000038,Individuals using the Internet (% of population),AF,Afghanistan,"Middle East, North Africa, Afghanistan & Pakistan",Low income,IDA,69.1761,34.5228
487,2018,16.79999924,Individuals using the Internet (% of population),AF,Afghanistan,"Middle East, North Africa, Afghanistan & Pakistan",Low income,IDA,69.1761,34.5228
488,2017,13.5,Individuals using the Internet (% of population),AF,Afghanistan,"Middle East, North Africa, Afghanistan & Pakistan",Low income,IDA,69.1761,34.5228
489,2016,11.0,Individuals using the Internet (% of population),AF,Afghanistan,"Middle East, North Africa, Afghanistan & Pakistan",Low income,IDA,69.1761,34.5228
490,2025,,Individuals using the Internet (% of population),AL,Albania,Europe & Central Asia,Upper middle income,IBRD,19.8172,41.3317
491,2024,85.86389923,Individuals using the Internet (% of population),AL,Albania,Europe & Central Asia,Upper middle income,IBRD,19.8172,41.3317
492,2023,83.13559161,Individuals using the Internet (% of population),AL,Albania,Europe & Central Asia,Upper middle income,IBRD,19.8172,41.3317
493,2022,82.61367544,Individuals using the Internet (% of population),AL,Albania,Europe & Central Asia,Upper middle income,IBRD,19.8172,41.3317
494,2021,79.32371752,Individuals using the Internet (% of population),AL,Albania,Europe & Central Asia,Upper middle income,IBRD,19.8172,41.3317
495,2020,72.23767711,Individuals using the Internet (% of population),AL,Albania,Europe & Central Asia,Upper middle income,IBRD,19.8172,41.3317
496,2019,68.5503911218006,Individuals using the Internet (% of population),AL,Albania,Europe & Central Asia,Upper middle income,IBRD,19.8172,41.3317
497,2018,65.40000153,Individuals using the Internet (% of population),AL,Albania,Europe & Central Asia,Upper middle income,IBRD,19.8172,41.3317
498,2017,62.40000153,Individuals using the Internet (% of population),AL,Albania,Europe & Central Asia,Upper middle income,IBRD,19.8172,41.3317
499,2016,59.59999847,Individuals using the Internet (% of population),AL,Albania,Europe & Central Asia,Upper middle income,IBRD,19.8172,41.3317
500,2025,,Individuals using the Internet (% of population),DZ,Algeria,"Middle East, North Africa, Afghanistan & Pakistan",Upper middle income,IBRD,3.05097,36.7397
501,2024,77.4178009,Individuals using the Internet (% of population),DZ,Algeria,"Middle East, North Africa, Afghanistan & Pakistan",Upper middle income,IBRD,3.05097,36.7397
502,2023,76.19760132,Individuals using the Internet (% of population),DZ,Algeria,"Middle East, North Africa, Afghanistan & Pakistan",Upper middle income,IBRD,3.05097,36.7397
503,2022,74.78150177,Individuals using the Internet (% of population),DZ,Algeria,"Middle East, North Africa, Afghanistan & Pakistan",Upper middle income,IBRD,3.05097,36.7397
504,2021,72.21240234,Individuals using the Internet (% of population),DZ,Algeria,"Middle East, North Africa, Afghanistan & Pakistan",Upper middle income,IBRD,3.05097,36.7397
505,2020,63.47269821,Individuals using the Internet (% of population),DZ,Algeria,"Middle East, North Africa, Afghanistan & Pakistan",Upper middle income,IBRD,3.05097,36.7397
506,2019,55.79069901,Individuals using the Internet (% of population),DZ,Algeria,"Middle East, North Africa, Afghanistan & Pakistan",Upper middle income,IBRD,3.05097,36.7397
507,2018,49.0384680793271,Individuals using the Internet (% of population),DZ,Algeria,"Middle East, North Africa, Afghanistan & Pakistan",Upper middle income,IBRD,3.05097,36.7397
508,2017,47.69110107,Individuals using the Internet (% of population),DZ,Algeria,"Middle East, North Africa, Afghanistan & Pakistan",Upper middle income,IBRD,3.05097,36.7397
509,2016,42.94549942,Individuals using the Internet (% of population),DZ,Algeria,"Middle East, North Africa, Afghanistan & Pakistan",Upper middle income,IBRD,3.05097,36.7397
510,2025,,Individuals using the Internet (% of population),AS,American Samoa,East Asia & Pacific,High income,Not classified,-170.691,-14.2846
511,2024,,Individuals using the Internet (% of population),AS,American Samoa,East Asia & Pacific,High income,Not classified,-170.691,-14.2846
512,2023,,Individuals using the Internet (% of population),AS,American Samoa,East Asia & Pacific,High income,Not classified,-170.691,-14.2846
513,2022,,Individuals using the Internet (% of population),AS,American Samoa,East Asia & Pacific,High income,Not classified,-170.691,-14.2846
514,2021,,Individuals using the Internet (% of population),AS,American Samoa,East Asia & Pacific,High income,Not classified,-170.691,-14.2846
515,2020,,Individuals using the Internet (% of population),AS,American Samoa,East Asia & Pacific,High income,Not classified,-170.691,-14.2846
516,2019,,Individuals using the Internet (% of population),AS,American Samoa,East Asia & Pacific,High income,Not classified,-170.691,-14.2846
517,2018,,Individuals using the Internet (% of population),AS,American Samoa,East Asia & Pacific,High income,Not classified,-170.691,-14.2846
518,2017,,Individuals using the Internet (% of population),AS,American Samoa,East Asia & Pacific,High income,Not classified,-170.691,-14.2846
519,2016,,Individuals using the Internet (% of population),AS,American Samoa,East Asia & Pacific,High income,Not classified,-170.691,-14.2846
520,2025,,Individuals using the Internet (% of population),AD,Andorra,Europe & Central Asia,High income,Not classified,1.5218,42.5075
521,2024,94.39759827,Individuals using the Internet (% of population),AD,Andorra,Europe & Central Asia,High income,Not classified,1.5218,42.5075
522,2023,94.21499634,Individuals using the Internet (% of population),AD,Andorra,Europe & Central Asia,High income,Not classified,1.5218,42.5075
523,2022,94.05169678,Individuals using the Internet (% of population),AD,Andorra,Europe & Central Asia,High income,Not classified,1.5218,42.5075
524,2021,93.89749908,Individuals using the Internet (% of population),AD,Andorra,Europe & Central Asia,High income,Not classified,1.5218,42.5075
525,2020,93.20570374,Individuals using the Internet (% of population),AD,Andorra,Europe & Central Asia,High income,Not classified,1.5218,42.5075
526,2019,90.71869659,Individuals using the Internet (% of population),AD,Andorra,Europe & Central Asia,High income,Not classified,1.5218,42.5075
527,2018,93.5,Individuals using the Internet (% of population),AD,Andorra,Europe & Central Asia,High income,Not classified,1.5218,42.5075
528,2017,91.5674670273926,Individuals using the Internet (% of population),AD,Andorra,Europe & Central Asia,High income,Not classified,1.5218,42.5075
529,2016,89.69999695,Individuals using the Internet (% of population),AD,Andorra,Europe & Central Asia,High income,Not classified,1.5218,42.5075
530,2025,,Individuals using the Internet (% of population),AO,Angola,Sub-Saharan Africa ,Lower middle income,IBRD,13.242,-8.81155
531,2024,40.70479965,Individuals using the Internet (% of population),AO,Angola,Sub-Saharan Africa ,Lower middle income,IBRD,13.242,-8.81155
532,2023,37.88589859,Individuals using the Internet (% of population),AO,Angola,Sub-Saharan Africa ,Lower middle income,IBRD,13.242,-8.81155
533,2022,35.83800125,Individuals using the Internet (% of population),AO,Angola,Sub-Saharan Africa ,Lower middle income,IBRD,13.242,-8.81155
534,2021,34.55649948,Individuals using the Internet (% of population),AO,Angola,Sub-Saharan Africa ,Lower middle income,IBRD,13.242,-8.81155
535,2020,33.32089996,Individuals using the Internet (% of population),AO,Angola,Sub-Saharan Africa ,Lower middle income,IBRD,13.242,-8.81155
536,2019,32.12939835,Individuals using the Internet (% of population),AO,Angola,Sub-Saharan Africa ,Lower middle income,IBRD,13.242,-8.81155
537,2018,29.0,Individuals using the Internet (% of population),AO,Angola,Sub-Saharan Africa ,Lower middle income,IBRD,13.242,-8.81155
538,2017,26.0,Individuals using the Internet (% of population),AO,Angola,Sub-Saharan Africa ,Lower middle income,IBRD,13.242,-8.81155
539,2016,23.20000076,Individuals using the Internet (% of population),AO,Angola,Sub-Saharan Africa ,Lower middle income,IBRD,13.242,-8.81155
540,2025,,Individuals using the Internet (% of population),AG,Antigua and Barbuda,Latin America & Caribbean ,High income,IBRD,-61.8456,17.1175
541,2024,72.73040009,Individuals using the Internet (% of population),AG,Antigua and Barbuda,Latin America & Caribbean ,High income,IBRD,-61.8456,17.1175
542,2023,72.12409973,Individuals using the Internet (% of population),AG,Antigua and Barbuda,Latin America & Caribbean ,High income,IBRD,-61.8456,17.1175
543,2022,71.9233017,Individuals using the Internet (% of population),AG,Antigua and Barbuda,Latin America & Caribbean ,High income,IBRD,-61.8456,17.1175
544,2021,71.64530182,Individuals using the Internet (% of population),AG,Antigua and Barbuda,Latin America & Caribbean ,High income,IBRD,-61.8456,17.1175
545,2020,71.36840057,Individuals using the Internet (% of population),AG,Antigua and Barbuda,Latin America & Caribbean ,High income,IBRD,-61.8456,17.1175
546,2019,71.09259796,Individuals using the Internet (% of population),AG,Antigua and Barbuda,Latin America & Caribbean ,High income,IBRD,-61.8456,17.1175
547,2018,70.81790161,Individuals using the Internet (% of population),AG,Antigua and Barbuda,Latin America & Caribbean ,High income,IBRD,-61.8456,17.1175
548,2017,70.54419708,Individuals using the Internet (% of population),AG,Antigua and Barbuda,Latin America & Caribbean ,High income,IBRD,-61.8456,17.1175
549,2016,70.27159882,Individuals using the Internet (% of population),AG,Antigua and Barbuda,Latin America & Caribbean ,High income,IBRD,-61.8456,17.1175
550,2025,,Individuals using the Internet (% of population),AR,Argentina,Latin America & Caribbean ,Upper middle income,IBRD,-58.4173,-34.6118
551,2024,89.66715228,Individuals using the Internet (% of population),AR,Argentina,Latin America & Caribbean ,Upper middle income,IBRD,-58.4173,-34.6118
552,2023,89.22897166,Individuals using the Internet (% of population),AR,Argentina,Latin America & Caribbean ,Upper middle income,IBRD,-58.4173,-34.6118
553,2022,88.37535691,Individuals using the Internet (% of population),AR,Argentina,Latin America & Caribbean ,Upper middle income,IBRD,-58.4173,-34.6118
554,2021,87.15070683,Individuals using the Internet (% of population),AR,Argentina,Latin America & Caribbean ,Upper middle income,IBRD,-58.4173,-34.6118
555,2020,85.51438646,Individuals using the Internet (% of population),AR,Argentina,Latin America & Caribbean ,Upper middle income,IBRD,-58.4173,-34.6118
556,2019,79.9469520347551,Individuals using the Internet (% of population),AR,Argentina,Latin America & Caribbean ,Upper middle income,IBRD,-58.4173,-34.6118
557,2018,77.7,Individuals using the Internet (% of population),AR,Argentina,Latin America & Caribbean ,Upper middle income,IBRD,-58.4173,-34.6118
558,2017,74.2949068657957,Individuals using the Internet (% of population),AR,Argentina,Latin America & Caribbean ,Upper middle income,IBRD,-58.4173,-34.6118
559,2016,70.9689808206024,Individuals using the Internet (% of population),AR,Argentina,Latin America & Caribbean ,Upper middle income,IBRD,-58.4173,-34.6118
560,2025,,Individuals using the Internet (% of population),AM,Armenia,Europe & Central Asia,Upper middle income,IBRD,44.509,40.1596
561,2024,81.33930206,Individuals using the Internet (% of population),AM,Armenia,Europe & Central Asia,Upper middle income,IBRD,44.509,40.1596
562,2023,79.99663036,Individuals using the Internet (% of population),AM,Armenia,Europe & Central Asia,Upper middle income,IBRD,44.509,40.1596
563,2022,77.02767465,Individuals using the Internet (% of population),AM,Armenia,Europe & Central Asia,Upper middle income,IBRD,44.509,40.1596
564,2021,78.61225758,Individuals using the Internet (% of population),AM,Armenia,Europe & Central Asia,Upper middle income,IBRD,44.509,40.1596
565,2020,76.50770055,Individuals using the Internet (% of population),AM,Armenia,Europe & Central Asia,Upper middle income,IBRD,44.509,40.1596
566,2019,66.5439496866159,Individuals using the Internet (% of population),AM,Armenia,Europe & Central Asia,Upper middle income,IBRD,44.509,40.1596
567,2018,68.2450522610271,Individuals using the Internet (% of population),AM,Armenia,Europe & Central Asia,Upper middle income,IBRD,44.509,40.1596
568,2017,64.7448843250726,Individuals using the Internet (% of population),AM,Armenia,Europe & Central Asia,Upper middle income,IBRD,44.509,40.1596
569,2016,64.3460297653742,Individuals using the Internet (% of population),AM,Armenia,Europe & Central Asia,Upper middle income,IBRD,44.509,40.1596
570,2025,,Individuals using the Internet (% of population),AW,Aruba,Latin America & Caribbean ,High income,Not classified,-70.0167,12.5167
571,2024,,Individuals using the Internet (% of population),AW,Aruba,Latin America & Caribbean ,High income,Not classified,-70.0167,12.5167
572,2023,,Individuals using the Internet (% of population),AW,Aruba,Latin America & Caribbean ,High income,Not classified,-70.0167,12.5167
573,2022,,Individuals using the Internet (% of population),AW,Aruba,Latin America & Caribbean ,High income,Not classified,-70.0167,12.5167
574,2021,,Individuals using the Internet (% of population),AW,Aruba,Latin America & Caribbean ,High income,Not classified,-70.0167,12.5167
575,2020,,Individuals using the Internet (% of population),AW,Aruba,Latin America & Caribbean ,High income,Not classified,-70.0167,12.5167
576,2019,,Individuals using the Internet (% of population),AW,Aruba,Latin America & Caribbean ,High income,Not classified,-70.0167,12.5167
577,2018,,Individuals using the Internet (% of population),AW,Aruba,Latin America & Caribbean ,High income,Not classified,-70.0167,12.5167
578,2017,97.17,Individuals using the Internet (% of population),AW,Aruba,Latin America & Caribbean ,High income,Not classified,-70.0167,12.5167
579,2016,93.542453865048,Individuals using the Internet (% of population),AW,Aruba,Latin America & Caribbean ,High income,Not classified,-70.0167,12.5167
580,2025,,Individuals using the Internet (% of population),AU,Australia,East Asia & Pacific,High income,Not classified,149.129,-35.282
581,2024,96.13140106,Individuals using the Internet (% of population),AU,Australia,East Asia & Pacific,High income,Not classified,149.129,-35.282
582,2023,96.1160965,Individuals using the Internet (% of population),AU,Australia,East Asia & Pacific,High income,Not classified,149.129,-35.282
583,2022,96.11940002,Individuals using the Internet (% of population),AU,Australia,East Asia & Pacific,High income,Not classified,149.129,-35.282
584,2021,96.97219849,Individuals using the Internet (% of population),AU,Australia,East Asia & Pacific,High income,Not classified,149.129,-35.282
585,2020,94.6934967,Individuals using the Internet (% of population),AU,Australia,East Asia & Pacific,High income,Not classified,149.129,-35.282
586,2019,93.60990143,Individuals using the Internet (% of population),AU,Australia,East Asia & Pacific,High income,Not classified,149.129,-35.282
587,2018,90.0082016,Individuals using the Internet (% of population),AU,Australia,East Asia & Pacific,High income,Not classified,149.129,-35.282
588,2017,86.5450488476768,Individuals using the Internet (% of population),AU,Australia,East Asia & Pacific,High income,Not classified,149.129,-35.282
589,2016,86.54000092,Individuals using the Internet (% of population),AU,Australia,East Asia & Pacific,High income,Not classified,149.129,-35.282
590,2025,91.92573373,Individuals using the Internet (% of population),AT,Austria,Europe & Central Asia,High income,Not classified,16.3798,48.2201
591,2024,94.91974877,Individuals using the Internet (% of population),AT,Austria,Europe & Central Asia,High income,Not classified,16.3798,48.2201
592,2023,95.33467117,Individuals using the Internet (% of population),AT,Austria,Europe & Central Asia,High income,Not classified,16.3798,48.2201
593,2022,93.61409139,Individuals using the Internet (% of population),AT,Austria,Europe & Central Asia,High income,Not classified,16.3798,48.2201
594,2021,92.52915104,Individuals using the Internet (% of population),AT,Austria,Europe & Central Asia,High income,Not classified,16.3798,48.2201
595,2020,87.52942813,Individuals using the Internet (% of population),AT,Austria,Europe & Central Asia,High income,Not classified,16.3798,48.2201
596,2019,87.7522047870069,Individuals using the Internet (% of population),AT,Austria,Europe & Central Asia,High income,Not classified,16.3798,48.2201
597,2018,87.4791372262556,Individuals using the Internet (% of population),AT,Austria,Europe & Central Asia,High income,Not classified,16.3798,48.2201
598,2017,87.9355865856062,Individuals using the Internet (% of population),AT,Austria,Europe & Central Asia,High income,Not classified,16.3798,48.2201
599,2016,84.3237425711653,Individuals using the Internet (% of population),AT,Austria,Europe & Central Asia,High income,Not classified,16.3798,48.2201
600,2025,90.80000181,Individuals using the Internet (% of population),AZ,Azerbaijan,Europe & Central Asia,Upper middle income,IBRD,49.8932,40.3834
601,2024,90.43979645,Individuals using the Internet (% of population),AZ,Azerbaijan,Europe & Central Asia,Upper middle income,IBRD,49.8932,40.3834
602,2023,89.0,Individuals using the Internet (% of population),AZ,Azerbaijan,Europe & Central Asia,Upper middle income,IBRD,49.8932,40.3834
603,2022,88.0,Individuals using the Internet (% of population),AZ,Azerbaijan,Europe & Central Asia,Upper middle income,IBRD,49.8932,40.3834
604,2021,85.99998954,Individuals using the Internet (% of population),AZ,Azerbaijan,Europe & Central Asia,Upper middle income,IBRD,49.8932,40.3834
605,2020,84.59999573,Individuals using the Internet (% of population),AZ,Azerbaijan,Europe & Central Asia,Upper middle income,IBRD,49.8932,40.3834
606,2019,81.0999990651547,Individuals using the Internet (% of population),AZ,Azerbaijan,Europe & Central Asia,Upper middle income,IBRD,49.8932,40.3834
607,2018,79.7999954887896,Individuals using the Internet (% of population),AZ,Azerbaijan,Europe & Central Asia,Upper middle income,IBRD,49.8932,40.3834
608,2017,79.0,Individuals using the Internet (% of population),AZ,Azerbaijan,Europe & Central Asia,Upper middle income,IBRD,49.8932,40.3834
609,2016,78.2,Individuals using the Internet (% of population),AZ,Azerbaijan,Europe & Central Asia,Upper middle income,IBRD,49.8932,40.3834
610,2025,,Individuals using the Internet (% of population),BS,"Bahamas, The",Latin America & Caribbean ,High income,Not classified,-77.339,25.0661
611,2024,92.47270203,Individuals using the Internet (% of population),BS,"Bahamas, The",Latin America & Caribbean ,High income,Not classified,-77.339,25.0661
612,2023,92.38729858,Individuals using the Internet (% of population),BS,"Bahamas, The",Latin America & Caribbean ,High income,Not classified,-77.339,25.0661
613,2022,92.2559967,Individuals using the Internet (% of population),BS,"Bahamas, The",Latin America & Caribbean ,High income,Not classified,-77.339,25.0661
614,2021,92.34980011,Individuals using the Internet (% of population),BS,"Bahamas, The",Latin America & Caribbean ,High income,Not classified,-77.339,25.0661
615,2020,92.4437027,Individuals using the Internet (% of population),BS,"Bahamas, The",Latin America & Caribbean ,High income,Not classified,-77.339,25.0661
616,2019,90.69329834,Individuals using the Internet (% of population),BS,"Bahamas, The",Latin America & Caribbean ,High income,Not classified,-77.339,25.0661
617,2018,83.0,Individuals using the Internet (% of population),BS,"Bahamas, The",Latin America & Caribbean ,High income,Not classified,-77.339,25.0661
618,2017,80.59999847,Individuals using the Internet (% of population),BS,"Bahamas, The",Latin America & Caribbean ,High income,Not classified,-77.339,25.0661
619,2016,80.0,Individuals using the Internet (% of population),BS,"Bahamas, The",Latin America & Caribbean ,High income,Not classified,-77.339,25.0661
620,2025,,Individuals using the Internet (% of population),BH,Bahrain,"Middle East, North Africa, Afghanistan & Pakistan",High income,Not classified,50.5354,26.1921
621,2024,100.0,Individuals using the Internet (% of population),BH,Bahrain,"Middle East, North Africa, Afghanistan & Pakistan",High income,Not classified,50.5354,26.1921
622,2023,100.0,Individuals using the Internet (% of population),BH,Bahrain,"Middle East, North Africa, Afghanistan & Pakistan",High income,Not classified,50.5354,26.1921
623,2022,100.0,Individuals using the Internet (% of population),BH,Bahrain,"Middle East, North Africa, Afghanistan & Pakistan",High income,Not classified,50.5354,26.1921
624,2021,100.0,Individuals using the Internet (% of population),BH,Bahrain,"Middle East, North Africa, Afghanistan & Pakistan",High income,Not classified,50.5354,26.1921
625,2020,99.67103159,Individuals using the Internet (% of population),BH,Bahrain,"Middle East, North Africa, Afghanistan & Pakistan",High income,Not classified,50.5354,26.1921
626,2019,99.7015043807778,Individuals using the Internet (% of population),BH,Bahrain,"Middle East, North Africa, Afghanistan & Pakistan",High income,Not classified,50.5354,26.1921
627,2018,98.6446725799886,Individuals using the Internet (% of population),BH,Bahrain,"Middle East, North Africa, Afghanistan & Pakistan",High income,Not classified,50.5354,26.1921
628,2017,95.8781357543453,Individuals using the Internet (% of population),BH,Bahrain,"Middle East, North Africa, Afghanistan & Pakistan",High income,Not classified,50.5354,26.1921
629,2016,97.9999807024146,Individuals using the Internet (% of population),BH,Bahrain,"Middle East, North Africa, Afghanistan & Pakistan",High income,Not classified,50.5354,26.1921
630,2025,,Individuals using the Internet (% of population),BD,Bangladesh,South Asia,Lower middle income,IDA,90.4113,23.7055
631,2024,53.42171316,Individuals using the Internet (% of population),BD,Bangladesh,South Asia,Lower middle income,IDA,90.4113,23.7055
632,2023,44.50274195,Individuals using the Internet (% of population),BD,Bangladesh,South Asia,Lower middle income,IDA,90.4113,23.7055
633,2022,41.61650085,Individuals using the Internet (% of population),BD,Bangladesh,South Asia,Lower middle income,IDA,90.4113,23.7055
634,2021,38.91744466,Individuals using the Internet (% of population),BD,Bangladesh,South Asia,Lower middle income,IDA,90.4113,23.7055
635,2020,36.10910034,Individuals using the Internet (% of population),BD,Bangladesh,South Asia,Lower middle income,IDA,90.4113,23.7055
636,2019,30.38310051,Individuals using the Internet (% of population),BD,Bangladesh,South Asia,Lower middle income,IDA,90.4113,23.7055
637,2018,25.56509972,Individuals using the Internet (% of population),BD,Bangladesh,South Asia,Lower middle income,IDA,90.4113,23.7055
638,2017,21.5,Individuals using the Internet (% of population),BD,Bangladesh,South Asia,Lower middle income,IDA,90.4113,23.7055
639,2016,16.89909935,Individuals using the Internet (% of population),BD,Bangladesh,South Asia,Lower middle income,IDA,90.4113,23.7055
640,2025,,Individuals using the Internet (% of population),BB,Barbados,Latin America & Caribbean ,High income,IBRD,-59.6105,13.0935
641,2024,70.36470032,Individuals using the Internet (% of population),BB,Barbados,Latin America & Caribbean ,High income,IBRD,-59.6105,13.0935
642,2023,69.67510223,Individuals using the Internet (% of population),BB,Barbados,Latin America & Caribbean ,High income,IBRD,-59.6105,13.0935
643,2022,69.06359863,Individuals using the Internet (% of population),BB,Barbados,Latin America & Caribbean ,High income,IBRD,-59.6105,13.0935
644,2021,69.4756012,Individuals using the Internet (% of population),BB,Barbados,Latin America & Caribbean ,High income,IBRD,-59.6105,13.0935
645,2020,69.89009857,Individuals using the Internet (% of population),BB,Barbados,Latin America & Caribbean ,High income,IBRD,-59.6105,13.0935
646,2019,70.30709839,Individuals using the Internet (% of population),BB,Barbados,Latin America & Caribbean ,High income,IBRD,-59.6105,13.0935
647,2018,70.72650146,Individuals using the Internet (% of population),BB,Barbados,Latin America & Caribbean ,High income,IBRD,-59.6105,13.0935
648,2017,71.14849854,Individuals using the Internet (% of population),BB,Barbados,Latin America & Caribbean ,High income,IBRD,-59.6105,13.0935
649,2016,71.57299805,Individuals using the Internet (% of population),BB,Barbados,Latin America & Caribbean ,High income,IBRD,-59.6105,13.0935
650,2025,,Individuals using the Internet (% of population),BY,Belarus,Europe & Central Asia,Upper middle income,IBRD,27.5766,53.9678
651,2024,94.26182128,Individuals using the Internet (% of population),BY,Belarus,Europe & Central Asia,Upper middle income,IBRD,27.5766,53.9678
652,2023,91.51249979,Individuals using the Internet (% of population),BY,Belarus,Europe & Central Asia,Upper middle income,IBRD,27.5766,53.9678
653,2022,89.50733148,Individuals using the Internet (% of population),BY,Belarus,Europe & Central Asia,Upper middle income,IBRD,27.5766,53.9678
654,2021,86.88841196,Individuals using the Internet (% of population),BY,Belarus,Europe & Central Asia,Upper middle income,IBRD,27.5766,53.9678
655,2020,85.08791245,Individuals using the Internet (% of population),BY,Belarus,Europe & Central Asia,Upper middle income,IBRD,27.5766,53.9678
656,2019,82.7891520910901,Individuals using the Internet (% of population),BY,Belarus,Europe & Central Asia,Upper middle income,IBRD,27.5766,53.9678
657,2018,79.1298866919307,Individuals using the Internet (% of population),BY,Belarus,Europe & Central Asia,Upper middle income,IBRD,27.5766,53.9678
658,2017,74.4364454136036,Individuals using the Internet (% of population),BY,Belarus,Europe & Central Asia,Upper middle income,IBRD,27.5766,53.9678
659,2016,71.1130457603832,Individuals using the Internet (% of population),BY,Belarus,Europe & Central Asia,Upper middle income,IBRD,27.5766,53.9678
660,2025,,Individuals using the Internet (% of population),BE,Belgium,Europe & Central Asia,High income,Not classified,4.36761,50.8371
661,2024,95.77579144,Individuals using the Internet (% of population),BE,Belgium,Europe & Central Asia,High income,Not classified,4.36761,50.8371
662,2023,94.62625074,Individuals using the Internet (% of population),BE,Belgium,Europe & Central Asia,High income,Not classified,4.36761,50.8371
663,2022,94.00783071,Individuals using the Internet (% of population),BE,Belgium,Europe & Central Asia,High income,Not classified,4.36761,50.8371
664,2021,92.78867618,Individuals using the Internet (% of population),BE,Belgium,Europe & Central Asia,High income,Not classified,4.36761,50.8371
665,2020,91.52641629,Individuals using the Internet (% of population),BE,Belgium,Europe & Central Asia,High income,Not classified,4.36761,50.8371
666,2019,90.275428012141,Individuals using the Internet (% of population),BE,Belgium,Europe & Central Asia,High income,Not classified,4.36761,50.8371
667,2018,88.6473429951691,Individuals using the Internet (% of population),BE,Belgium,Europe & Central Asia,High income,Not classified,4.36761,50.8371
668,2017,87.6796808175598,Individuals using the Internet (% of population),BE,Belgium,Europe & Central Asia,High income,Not classified,4.36761,50.8371
669,2016,86.5164766644457,Individuals using the Internet (% of population),BE,Belgium,Europe & Central Asia,High income,Not classified,4.36761,50.8371
670,2025,,Individuals using the Internet (% of population),BZ,Belize,Latin America & Caribbean ,Upper middle income,Blend,-88.7713,17.2534
671,2024,80.00582262,Individuals using the Internet (% of population),BZ,Belize,Latin America & Caribbean ,Upper middle income,Blend,-88.7713,17.2534
672,2023,70.18720245,Individuals using the Internet (% of population),BZ,Belize,Latin America & Caribbean ,Upper middle income,Blend,-88.7713,17.2534
673,2022,69.98329926,Individuals using the Internet (% of population),BZ,Belize,Latin America & Caribbean ,Upper middle income,Blend,-88.7713,17.2534
674,2021,70.65370178,Individuals using the Internet (% of population),BZ,Belize,Latin America & Caribbean ,Upper middle income,Blend,-88.7713,17.2534
675,2020,64.43589783,Individuals using the Internet (% of population),BZ,Belize,Latin America & Caribbean ,Upper middle income,Blend,-88.7713,17.2534
676,2019,58.76520157,Individuals using the Internet (% of population),BZ,Belize,Latin America & Caribbean ,Upper middle income,Blend,-88.7713,17.2534
677,2018,53.59360123,Individuals using the Internet (% of population),BZ,Belize,Latin America & Caribbean ,Upper middle income,Blend,-88.7713,17.2534
678,2017,48.8771019,Individuals using the Internet (% of population),BZ,Belize,Latin America & Caribbean ,Upper middle income,Blend,-88.7713,17.2534
679,2016,44.57569885,Individuals using the Internet (% of population),BZ,Belize,Latin America & Caribbean ,Upper middle income,Blend,-88.7713,17.2534
680,2025,,Individuals using the Internet (% of population),BJ,Benin,Sub-Saharan Africa ,Lower middle income,IDA,2.6323,6.4779
681,2024,33.98379898,Individuals using the Internet (% of population),BJ,Benin,Sub-Saharan Africa ,Lower middle income,IDA,2.6323,6.4779
682,2023,32.39400101,Individuals using the Internet (% of population),BJ,Benin,Sub-Saharan Africa ,Lower middle income,IDA,2.6323,6.4779
683,2022,30.53730011,Individuals using the Internet (% of population),BJ,Benin,Sub-Saharan Africa ,Lower middle income,IDA,2.6323,6.4779
684,2021,28.20470047,Individuals using the Internet (% of population),BJ,Benin,Sub-Saharan Africa ,Lower middle income,IDA,2.6323,6.4779
685,2020,22.12059975,Individuals using the Internet (% of population),BJ,Benin,Sub-Saharan Africa ,Lower middle income,IDA,2.6323,6.4779
686,2019,20.50099945,Individuals using the Internet (% of population),BJ,Benin,Sub-Saharan Africa ,Lower middle income,IDA,2.6323,6.4779
687,2018,19.0,Individuals using the Internet (% of population),BJ,Benin,Sub-Saharan Africa ,Lower middle income,IDA,2.6323,6.4779
688,2017,18.7,Individuals using the Internet (% of population),BJ,Benin,Sub-Saharan Africa ,Lower middle income,IDA,2.6323,6.4779
689,2016,14.5,Individuals using the Internet (% of population),BJ,Benin,Sub-Saharan Africa ,Lower middle income,IDA,2.6323,6.4779
690,2025,,Individuals using the Internet (% of population),BM,Bermuda,North America,High income,Not classified,-64.706,32.3293
691,2024,,Individuals using the Internet (% of population),BM,Bermuda,North America,High income,Not classified,-64.706,32.3293
692,2023,,Individuals using the Internet (% of population),BM,Bermuda,North America,High income,Not classified,-64.706,32.3293
693,2022,,Individuals using the Internet (% of population),BM,Bermuda,North America,High income,Not classified,-64.706,32.3293
694,2021,,Individuals using the Internet (% of population),BM,Bermuda,North America,High income,Not classified,-64.706,32.3293
695,2020,,Individuals using the Internet (% of population),BM,Bermuda,North America,High income,Not classified,-64.706,32.3293
696,2019,,Individuals using the Internet (% of population),BM,Bermuda,North America,High income,Not classified,-64.706,32.3293
697,2018,,Individuals using the Internet (% of population),BM,Bermuda,North America,High income,Not classified,-64.706,32.3293
698,2017,98.37,Individuals using the Internet (% of population),BM,Bermuda,North America,High income,Not classified,-64.706,32.3293
699,2016,98.0,Individuals using the Internet (% of population),BM,Bermuda,North America,High income,Not classified,-64.706,32.3293
700,2025,,Individuals using the Internet (% of population),BT,Bhutan,South Asia,Lower middle income,IDA,89.6177,27.5768
701,2024,91.27739716,Individuals using the Internet (% of population),BT,Bhutan,South Asia,Lower middle income,IDA,89.6177,27.5768
702,2023,90.02140045,Individuals using the Internet (% of population),BT,Bhutan,South Asia,Lower middle income,IDA,89.6177,27.5768
703,2022,88.35620117,Individuals using the Internet (% of population),BT,Bhutan,South Asia,Lower middle income,IDA,89.6177,27.5768
704,2021,85.63688389,Individuals using the Internet (% of population),BT,Bhutan,South Asia,Lower middle income,IDA,89.6177,27.5768
705,2020,76.85079956,Individuals using the Internet (% of population),BT,Bhutan,South Asia,Lower middle income,IDA,89.6177,27.5768
706,2019,74.17939758,Individuals using the Internet (% of population),BT,Bhutan,South Asia,Lower middle income,IDA,89.6177,27.5768
707,2018,63.48680115,Individuals using the Internet (% of population),BT,Bhutan,South Asia,Lower middle income,IDA,89.6177,27.5768
708,2017,54.33549881,Individuals using the Internet (% of population),BT,Bhutan,South Asia,Lower middle income,IDA,89.6177,27.5768
709,2016,46.50320053,Individuals using the Internet (% of population),BT,Bhutan,South Asia,Lower middle income,IDA,89.6177,27.5768
710,2025,,Individuals using the Internet (% of population),BO,Bolivia,Latin America & Caribbean ,Lower middle income,IBRD,-66.1936,-13.9908
711,2024,79.70469666,Individuals using the Internet (% of population),BO,Bolivia,Latin America & Caribbean ,Lower middle income,IBRD,-66.1936,-13.9908
712,2023,77.30039978,Individuals using the Internet (% of population),BO,Bolivia,Latin America & Caribbean ,Lower middle income,IBRD,-66.1936,-13.9908
713,2022,72.62270355,Individuals using the Internet (% of population),BO,Bolivia,Latin America & Caribbean ,Lower middle income,IBRD,-66.1936,-13.9908
714,2021,65.9773785,Individuals using the Internet (% of population),BO,Bolivia,Latin America & Caribbean ,Lower middle income,IBRD,-66.1936,-13.9908
715,2020,59.94010155,Individuals using the Internet (% of population),BO,Bolivia,Latin America & Caribbean ,Lower middle income,IBRD,-66.1936,-13.9908
716,2019,47.4748191121692,Individuals using the Internet (% of population),BO,Bolivia,Latin America & Caribbean ,Lower middle income,IBRD,-66.1936,-13.9908
717,2018,44.2861422024283,Individuals using the Internet (% of population),BO,Bolivia,Latin America & Caribbean ,Lower middle income,IBRD,-66.1936,-13.9908
718,2017,43.83229828,Individuals using the Internet (% of population),BO,Bolivia,Latin America & Caribbean ,Lower middle income,IBRD,-66.1936,-13.9908
719,2016,39.69749832,Individuals using the Internet (% of population),BO,Bolivia,Latin America & Caribbean ,Lower middle income,IBRD,-66.1936,-13.9908
720,2025,,Individuals using the Internet (% of population),BA,Bosnia and Herzegovina,Europe & Central Asia,Upper middle income,IBRD,18.4214,43.8607
721,2024,86.10091103,Individuals using the Internet (% of population),BA,Bosnia and Herzegovina,Europe & Central Asia,Upper middle income,IBRD,18.4214,43.8607
722,2023,83.3771539,Individuals using the Internet (% of population),BA,Bosnia and Herzegovina,Europe & Central Asia,Upper middle income,IBRD,18.4214,43.8607
723,2022,78.8455371,Individuals using the Internet (% of population),BA,Bosnia and Herzegovina,Europe & Central Asia,Upper middle income,IBRD,18.4214,43.8607
724,2021,75.67620138,Individuals using the Internet (% of population),BA,Bosnia and Herzegovina,Europe & Central Asia,Upper middle income,IBRD,18.4214,43.8607
725,2020,73.21175294,Individuals using the Internet (% of population),BA,Bosnia and Herzegovina,Europe & Central Asia,Upper middle income,IBRD,18.4214,43.8607
726,2019,69.9463476317266,Individuals using the Internet (% of population),BA,Bosnia and Herzegovina,Europe & Central Asia,Upper middle income,IBRD,18.4214,43.8607
727,2018,70.1201350394885,Individuals using the Internet (% of population),BA,Bosnia and Herzegovina,Europe & Central Asia,Upper middle income,IBRD,18.4214,43.8607
728,2017,64.8920205128383,Individuals using the Internet (% of population),BA,Bosnia and Herzegovina,Europe & Central Asia,Upper middle income,IBRD,18.4214,43.8607
729,2016,60.2565354318987,Individuals using the Internet (% of population),BA,Bosnia and Herzegovina,Europe & Central Asia,Upper middle income,IBRD,18.4214,43.8607
730,2025,,Individuals using the Internet (% of population),BW,Botswana,Sub-Saharan Africa ,Upper middle income,IBRD,25.9201,-24.6544
731,2024,57.45950036,Individuals using the Internet (% of population),BW,Botswana,Sub-Saharan Africa ,Upper middle income,IBRD,25.9201,-24.6544
732,2023,,Individuals using the Internet (% of population),BW,Botswana,Sub-Saharan Africa ,Upper middle income,IBRD,25.9201,-24.6544
733,2022,57.9,Individuals using the Internet (% of population),BW,Botswana,Sub-Saharan Africa ,Upper middle income,IBRD,25.9201,-24.6544
734,2021,54.70069885,Individuals using the Internet (% of population),BW,Botswana,Sub-Saharan Africa ,Upper middle income,IBRD,25.9201,-24.6544
735,2020,51.67819977,Individuals using the Internet (% of population),BW,Botswana,Sub-Saharan Africa ,Upper middle income,IBRD,25.9201,-24.6544
736,2019,48.82279968,Individuals using the Internet (% of population),BW,Botswana,Sub-Saharan Africa ,Upper middle income,IBRD,25.9201,-24.6544
737,2018,46.12509918,Individuals using the Internet (% of population),BW,Botswana,Sub-Saharan Africa ,Upper middle income,IBRD,25.9201,-24.6544
738,2017,43.57640076,Individuals using the Internet (% of population),BW,Botswana,Sub-Saharan Africa ,Upper middle income,IBRD,25.9201,-24.6544
739,2016,41.16859818,Individuals using the Internet (% of population),BW,Botswana,Sub-Saharan Africa ,Upper middle income,IBRD,25.9201,-24.6544
740,2025,,Individuals using the Internet (% of population),BR,Brazil,Latin America & Caribbean ,Upper middle income,IBRD,-47.9292,-15.7801
741,2024,84.46347227,Individuals using the Internet (% of population),BR,Brazil,Latin America & Caribbean ,Upper middle income,IBRD,-47.9292,-15.7801
742,2023,84.15060238,Individuals using the Internet (% of population),BR,Brazil,Latin America & Caribbean ,Upper middle income,IBRD,-47.9292,-15.7801
743,2022,80.52775094,Individuals using the Internet (% of population),BR,Brazil,Latin America & Caribbean ,Upper middle income,IBRD,-47.9292,-15.7801
744,2021,80.68989314,Individuals using the Internet (% of population),BR,Brazil,Latin America & Caribbean ,Upper middle income,IBRD,-47.9292,-15.7801
745,2020,81.34269353,Individuals using the Internet (% of population),BR,Brazil,Latin America & Caribbean ,Upper middle income,IBRD,-47.9292,-15.7801
746,2019,73.9124399133589,Individuals using the Internet (% of population),BR,Brazil,Latin America & Caribbean ,Upper middle income,IBRD,-47.9292,-15.7801
747,2018,70.4342825404361,Individuals using the Internet (% of population),BR,Brazil,Latin America & Caribbean ,Upper middle income,IBRD,-47.9292,-15.7801
748,2017,67.4712845236305,Individuals using the Internet (% of population),BR,Brazil,Latin America & Caribbean ,Upper middle income,IBRD,-47.9292,-15.7801
749,2016,60.8725400681261,Individuals using the Internet (% of population),BR,Brazil,Latin America & Caribbean ,Upper middle income,IBRD,-47.9292,-15.7801
750,2025,,Individuals using the Internet (% of population),VG,British Virgin Islands,Latin America & Caribbean ,High income,Not classified,-64.623056,18.431389
751,2024,,Individuals using the Internet (% of population),VG,British Virgin Islands,Latin America & Caribbean ,High income,Not classified,-64.623056,18.431389
752,2023,,Individuals using the Internet (% of population),VG,British Virgin Islands,Latin America & Caribbean ,High income,Not classified,-64.623056,18.431389
753,2022,,Individuals using the Internet (% of population),VG,British Virgin Islands,Latin America & Caribbean ,High income,Not classified,-64.623056,18.431389
754,2021,,Individuals using the Internet (% of population),VG,British Virgin Islands,Latin America & Caribbean ,High income,Not classified,-64.623056,18.431389
755,2020,,Individuals using the Internet (% of population),VG,British Virgin Islands,Latin America & Caribbean ,High income,Not classified,-64.623056,18.431389
756,2019,,Individuals using the Internet (% of population),VG,British Virgin Islands,Latin America & Caribbean ,High income,Not classified,-64.623056,18.431389
757,2018,,Individuals using the Internet (% of population),VG,British Virgin Islands,Latin America & Caribbean ,High income,Not classified,-64.623056,18.431389
758,2017,77.7042682926829,Individuals using the Internet (% of population),VG,British Virgin Islands,Latin America & Caribbean ,High income,Not classified,-64.623056,18.431389
759,2016,77.7014296797074,Individuals using the Internet (% of population),VG,British Virgin Islands,Latin America & Caribbean ,High income,Not classified,-64.623056,18.431389
760,2025,,Individuals using the Internet (% of population),BN,Brunei Darussalam,East Asia & Pacific,High income,Not classified,114.946,4.94199
761,2024,96.29828801,Individuals using the Internet (% of population),BN,Brunei Darussalam,East Asia & Pacific,High income,Not classified,114.946,4.94199
762,2023,98.97039795,Individuals using the Internet (% of population),BN,Brunei Darussalam,East Asia & Pacific,High income,Not classified,114.946,4.94199
763,2022,98.97042579,Individuals using the Internet (% of population),BN,Brunei Darussalam,East Asia & Pacific,High income,Not classified,114.946,4.94199
764,2021,97.62879944,Individuals using the Internet (% of population),BN,Brunei Darussalam,East Asia & Pacific,High income,Not classified,114.946,4.94199
765,2020,96.30549622,Individuals using the Internet (% of population),BN,Brunei Darussalam,East Asia & Pacific,High income,Not classified,114.946,4.94199
766,2019,95.0,Individuals using the Internet (% of population),BN,Brunei Darussalam,East Asia & Pacific,High income,Not classified,114.946,4.94199
767,2018,95.0,Individuals using the Internet (% of population),BN,Brunei Darussalam,East Asia & Pacific,High income,Not classified,114.946,4.94199
768,2017,94.86669922,Individuals using the Internet (% of population),BN,Brunei Darussalam,East Asia & Pacific,High income,Not classified,114.946,4.94199
769,2016,90.0,Individuals using the Internet (% of population),BN,Brunei Darussalam,East Asia & Pacific,High income,Not classified,114.946,4.94199
770,2025,,Individuals using the Internet (% of population),BG,Bulgaria,Europe & Central Asia,High income,IBRD,23.3238,42.7105
771,2024,82.438955,Individuals using the Internet (% of population),BG,Bulgaria,Europe & Central Asia,High income,IBRD,23.3238,42.7105
772,2023,80.38956462,Individuals using the Internet (% of population),BG,Bulgaria,Europe & Central Asia,High income,IBRD,23.3238,42.7105
773,2022,79.12686326,Individuals using the Internet (% of population),BG,Bulgaria,Europe & Central Asia,High income,IBRD,23.3238,42.7105
774,2021,75.27144583,Individuals using the Internet (% of population),BG,Bulgaria,Europe & Central Asia,High income,IBRD,23.3238,42.7105
775,2020,70.16248359,Individuals using the Internet (% of population),BG,Bulgaria,Europe & Central Asia,High income,IBRD,23.3238,42.7105
776,2019,67.9469809417603,Individuals using the Internet (% of population),BG,Bulgaria,Europe & Central Asia,High income,IBRD,23.3238,42.7105
777,2018,64.78201069118,Individuals using the Internet (% of population),BG,Bulgaria,Europe & Central Asia,High income,IBRD,23.3238,42.7105
778,2017,63.4101013837926,Individuals using the Internet (% of population),BG,Bulgaria,Europe & Central Asia,High income,IBRD,23.3238,42.7105
779,2016,59.825547661014,Individuals using the Internet (% of population),BG,Bulgaria,Europe & Central Asia,High income,IBRD,23.3238,42.7105
780,2025,,Individuals using the Internet (% of population),BF,Burkina Faso,Sub-Saharan Africa ,Low income,IDA,-1.53395,12.3605
781,2024,28.25270081,Individuals using the Internet (% of population),BF,Burkina Faso,Sub-Saharan Africa ,Low income,IDA,-1.53395,12.3605
782,2023,25.36120033,Individuals using the Internet (% of population),BF,Burkina Faso,Sub-Saharan Africa ,Low income,IDA,-1.53395,12.3605
783,2022,25.3987999,Individuals using the Internet (% of population),BF,Burkina Faso,Sub-Saharan Africa ,Low income,IDA,-1.53395,12.3605
784,2021,18.1522007,Individuals using the Internet (% of population),BF,Burkina Faso,Sub-Saharan Africa ,Low income,IDA,-1.53395,12.3605
785,2020,12.97319984,Individuals using the Internet (% of population),BF,Burkina Faso,Sub-Saharan Africa ,Low income,IDA,-1.53395,12.3605
786,2019,9.27180600953186,Individuals using the Internet (% of population),BF,Burkina Faso,Sub-Saharan Africa ,Low income,IDA,-1.53395,12.3605
787,2018,8.498900414,Individuals using the Internet (% of population),BF,Burkina Faso,Sub-Saharan Africa ,Low income,IDA,-1.53395,12.3605
788,2017,7.790400028,Individuals using the Internet (% of population),BF,Burkina Faso,Sub-Saharan Africa ,Low income,IDA,-1.53395,12.3605
789,2016,7.140999794,Individuals using the Internet (% of population),BF,Burkina Faso,Sub-Saharan Africa ,Low income,IDA,-1.53395,12.3605
790,2025,,Individuals using the Internet (% of population),BI,Burundi,Sub-Saharan Africa ,Low income,IDA,29.3639,-3.3784
791,2024,8.595999718,Individuals using the Internet (% of population),BI,Burundi,Sub-Saharan Africa ,Low income,IDA,29.3639,-3.3784
792,2023,7.172299862,Individuals using the Internet (% of population),BI,Burundi,Sub-Saharan Africa ,Low income,IDA,29.3639,-3.3784
793,2022,7.144800186,Individuals using the Internet (% of population),BI,Burundi,Sub-Saharan Africa ,Low income,IDA,29.3639,-3.3784
794,2021,6.777999878,Individuals using the Internet (% of population),BI,Burundi,Sub-Saharan Africa ,Low income,IDA,29.3639,-3.3784
795,2020,6.430099964,Individuals using the Internet (% of population),BI,Burundi,Sub-Saharan Africa ,Low income,IDA,29.3639,-3.3784
796,2019,6.072199821,Individuals using the Internet (% of population),BI,Burundi,Sub-Saharan Africa ,Low income,IDA,29.3639,-3.3784
797,2018,4.019499779,Individuals using the Internet (% of population),BI,Burundi,Sub-Saharan Africa ,Low income,IDA,29.3639,-3.3784
798,2017,2.6607485347534,Individuals using the Internet (% of population),BI,Burundi,Sub-Saharan Africa ,Low income,IDA,29.3639,-3.3784
799,2016,2.200000048,Individuals using the Internet (% of population),BI,Burundi,Sub-Saharan Africa ,Low income,IDA,29.3639,-3.3784
800,2025,,Individuals using the Internet (% of population),CV,Cabo Verde,Sub-Saharan Africa ,Upper middle income,Blend,-23.5087,14.9218
801,2024,74.73519897,Individuals using the Internet (% of population),CV,Cabo Verde,Sub-Saharan Africa ,Upper middle income,Blend,-23.5087,14.9218
802,2023,74.59919739,Individuals using the Internet (% of population),CV,Cabo Verde,Sub-Saharan Africa ,Upper middle income,Blend,-23.5087,14.9218
803,2022,73.32740021,Individuals using the Internet (% of population),CV,Cabo Verde,Sub-Saharan Africa ,Upper middle income,Blend,-23.5087,14.9218
804,2021,70.28250122,Individuals using the Internet (% of population),CV,Cabo Verde,Sub-Saharan Africa ,Upper middle income,Blend,-23.5087,14.9218
805,2020,69.37339783,Individuals using the Internet (% of population),CV,Cabo Verde,Sub-Saharan Africa ,Upper middle income,Blend,-23.5087,14.9218
806,2019,61.9433977593088,Individuals using the Internet (% of population),CV,Cabo Verde,Sub-Saharan Africa ,Upper middle income,Blend,-23.5087,14.9218
807,2018,59.5,Individuals using the Internet (% of population),CV,Cabo Verde,Sub-Saharan Africa ,Upper middle income,Blend,-23.5087,14.9218
808,2017,57.1621463484891,Individuals using the Internet (% of population),CV,Cabo Verde,Sub-Saharan Africa ,Upper middle income,Blend,-23.5087,14.9218
809,2016,50.3228178676892,Individuals using the Internet (% of population),CV,Cabo Verde,Sub-Saharan Africa ,Upper middle income,Blend,-23.5087,14.9218
810,2025,,Individuals using the Internet (% of population),KH,Cambodia,East Asia & Pacific,Lower middle income,IDA,104.874,11.5556
811,2024,68.47530365,Individuals using the Internet (% of population),KH,Cambodia,East Asia & Pacific,Lower middle income,IDA,104.874,11.5556
812,2023,68.92549896,Individuals using the Internet (% of population),KH,Cambodia,East Asia & Pacific,Lower middle income,IDA,104.874,11.5556
813,2022,65.49079895,Individuals using the Internet (% of population),KH,Cambodia,East Asia & Pacific,Lower middle income,IDA,104.874,11.5556
814,2021,60.76269913,Individuals using the Internet (% of population),KH,Cambodia,East Asia & Pacific,Lower middle income,IDA,104.874,11.5556
815,2020,56.37590027,Individuals using the Internet (% of population),KH,Cambodia,East Asia & Pacific,Lower middle income,IDA,104.874,11.5556
816,2019,52.305878224498,Individuals using the Internet (% of population),KH,Cambodia,East Asia & Pacific,Lower middle income,IDA,104.874,11.5556
817,2018,65.0,Individuals using the Internet (% of population),KH,Cambodia,East Asia & Pacific,Lower middle income,IDA,104.874,11.5556
818,2017,32.9002785437986,Individuals using the Internet (% of population),KH,Cambodia,East Asia & Pacific,Lower middle income,IDA,104.874,11.5556
819,2016,32.3984517141849,Individuals using the Internet (% of population),KH,Cambodia,East Asia & Pacific,Lower middle income,IDA,104.874,11.5556
820,2025,,Individuals using the Internet (% of population),CM,Cameroon,Sub-Saharan Africa ,Lower middle income,Blend,11.5174,3.8721
821,2024,46.25880051,Individuals using the Internet (% of population),CM,Cameroon,Sub-Saharan Africa ,Lower middle income,Blend,11.5174,3.8721
822,2023,42.24380112,Individuals using the Internet (% of population),CM,Cameroon,Sub-Saharan Africa ,Lower middle income,Blend,11.5174,3.8721
823,2022,40.12559891,Individuals using the Internet (% of population),CM,Cameroon,Sub-Saharan Africa ,Lower middle income,Blend,11.5174,3.8721
824,2021,38.89260101,Individuals using the Internet (% of population),CM,Cameroon,Sub-Saharan Africa ,Lower middle income,Blend,11.5174,3.8721
825,2020,37.69749832,Individuals using the Internet (% of population),CM,Cameroon,Sub-Saharan Africa ,Lower middle income,Blend,11.5174,3.8721
826,2019,36.53919983,Individuals using the Internet (% of population),CM,Cameroon,Sub-Saharan Africa ,Lower middle income,Blend,11.5174,3.8721
827,2018,29.70000076,Individuals using the Internet (% of population),CM,Cameroon,Sub-Saharan Africa ,Lower middle income,Blend,11.5174,3.8721
828,2017,23.2029719748646,Individuals using the Internet (% of population),CM,Cameroon,Sub-Saharan Africa ,Lower middle income,Blend,11.5174,3.8721
829,2016,20.60000038,Individuals using the Internet (% of population),CM,Cameroon,Sub-Saharan Africa ,Lower middle income,Blend,11.5174,3.8721
830,2025,,Individuals using the Internet (% of population),CA,Canada,North America,High income,Not classified,-75.6919,45.4215
831,2024,94.353302,Individuals using the Internet (% of population),CA,Canada,North America,High income,Not classified,-75.6919,45.4215
832,2023,94.14530182,Individuals using the Internet (% of population),CA,Canada,North America,High income,Not classified,-75.6919,45.4215
833,2022,94.0,Individuals using the Internet (% of population),CA,Canada,North America,High income,Not classified,-75.6919,45.4215
834,2021,93.93710327,Individuals using the Internet (% of population),CA,Canada,North America,High income,Not classified,-75.6919,45.4215
835,2020,92.3,Individuals using the Internet (% of population),CA,Canada,North America,High income,Not classified,-75.6919,45.4215
836,2019,91.91290283,Individuals using the Internet (% of population),CA,Canada,North America,High income,Not classified,-75.6919,45.4215
837,2018,94.64,Individuals using the Internet (% of population),CA,Canada,North America,High income,Not classified,-75.6919,45.4215
838,2017,92.70140076,Individuals using the Internet (% of population),CA,Canada,North America,High income,Not classified,-75.6919,45.4215
839,2016,91.16000366,Individuals using the Internet (% of population),CA,Canada,North America,High income,Not classified,-75.6919,45.4215
840,2025,,Individuals using the Internet (% of population),KY,Cayman Islands,Latin America & Caribbean ,High income,Not classified,-81.3857,19.3022
841,2024,,Individuals using the Internet (% of population),KY,Cayman Islands,Latin America & Caribbean ,High income,Not classified,-81.3857,19.3022
842,2023,,Individuals using the Internet (% of population),KY,Cayman Islands,Latin America & Caribbean ,High income,Not classified,-81.3857,19.3022
843,2022,,Individuals using the Internet (% of population),KY,Cayman Islands,Latin America & Caribbean ,High income,Not classified,-81.3857,19.3022
844,2021,,Individuals using the Internet (% of population),KY,Cayman Islands,Latin America & Caribbean ,High income,Not classified,-81.3857,19.3022
845,2020,,Individuals using the Internet (% of population),KY,Cayman Islands,Latin America & Caribbean ,High income,Not classified,-81.3857,19.3022
846,2019,,Individuals using the Internet (% of population),KY,Cayman Islands,Latin America & Caribbean ,High income,Not classified,-81.3857,19.3022
847,2018,,Individuals using the Internet (% of population),KY,Cayman Islands,Latin America & Caribbean ,High income,Not classified,-81.3857,19.3022
848,2017,81.0676932508161,Individuals using the Internet (% of population),KY,Cayman Islands,Latin America & Caribbean ,High income,Not classified,-81.3857,19.3022
849,2016,79.0,Individuals using the Internet (% of population),KY,Cayman Islands,Latin America & Caribbean ,High income,Not classified,-81.3857,19.3022
850,2025,,Individuals using the Internet (% of population),CF,Central African Republic,Sub-Saharan Africa ,Low income,IDA,21.6407,5.63056
851,2024,13.78250027,Individuals using the Internet (% of population),CF,Central African Republic,Sub-Saharan Africa ,Low income,IDA,21.6407,5.63056
852,2023,13.8416996,Individuals using the Internet (% of population),CF,Central African Republic,Sub-Saharan Africa ,Low income,IDA,21.6407,5.63056
853,2022,13.75360012,Individuals using the Internet (% of population),CF,Central African Republic,Sub-Saharan Africa ,Low income,IDA,21.6407,5.63056
854,2021,,Individuals using the Internet (% of population),CF,Central African Republic,Sub-Saharan Africa ,Low income,IDA,21.6407,5.63056
855,2020,,Individuals using the Internet (% of population),CF,Central African Republic,Sub-Saharan Africa ,Low income,IDA,21.6407,5.63056
856,2019,7.509200096,Individuals using the Internet (% of population),CF,Central African Republic,Sub-Saharan Africa ,Low income,IDA,21.6407,5.63056
857,2018,5.099999905,Individuals using the Internet (% of population),CF,Central African Republic,Sub-Saharan Africa ,Low income,IDA,21.6407,5.63056
858,2017,4.0,Individuals using the Internet (% of population),CF,Central African Republic,Sub-Saharan Africa ,Low income,IDA,21.6407,5.63056
859,2016,3.099999905,Individuals using the Internet (% of population),CF,Central African Republic,Sub-Saharan Africa ,Low income,IDA,21.6407,5.63056
860,2025,,Individuals using the Internet (% of population),TD,Chad,Sub-Saharan Africa ,Low income,IDA,15.0445,12.1048
861,2024,12.62689972,Individuals using the Internet (% of population),TD,Chad,Sub-Saharan Africa ,Low income,IDA,15.0445,12.1048
862,2023,12.03590012,Individuals using the Internet (% of population),TD,Chad,Sub-Saharan Africa ,Low income,IDA,15.0445,12.1048
863,2022,11.17029953,Individuals using the Internet (% of population),TD,Chad,Sub-Saharan Africa ,Low income,IDA,15.0445,12.1048
864,2021,9.653699875,Individuals using the Internet (% of population),TD,Chad,Sub-Saharan Africa ,Low income,IDA,15.0445,12.1048
865,2020,8.343099594,Individuals using the Internet (% of population),TD,Chad,Sub-Saharan Africa ,Low income,IDA,15.0445,12.1048
866,2019,7.618199825,Individuals using the Internet (% of population),TD,Chad,Sub-Saharan Africa ,Low income,IDA,15.0445,12.1048
867,2018,6.956299782,Individuals using the Internet (% of population),TD,Chad,Sub-Saharan Africa ,Low income,IDA,15.0445,12.1048
868,2017,6.351900101,Individuals using the Internet (% of population),TD,Chad,Sub-Saharan Africa ,Low income,IDA,15.0445,12.1048
869,2016,5.800000191,Individuals using the Internet (% of population),TD,Chad,Sub-Saharan Africa ,Low income,IDA,15.0445,12.1048
870,2025,,Individuals using the Internet (% of population),JG,Channel Islands,Europe & Central Asia,High income,Not classified,,
871,2024,,Individuals using the Internet (% of population),JG,Channel Islands,Europe & Central Asia,High income,Not classified,,
872,2023,,Individuals using the Internet (% of population),JG,Channel Islands,Europe & Central Asia,High income,Not classified,,
873,2022,,Individuals using the Internet (% of population),JG,Channel Islands,Europe & Central Asia,High income,Not classified,,
874,2021,,Individuals using the Internet (% of population),JG,Channel Islands,Europe & Central Asia,High income,Not classified,,
875,2020,,Individuals using the Internet (% of population),JG,Channel Islands,Europe & Central Asia,High income,Not classified,,
876,2019,,Individuals using the Internet (% of population),JG,Channel Islands,Europe & Central Asia,High income,Not classified,,
877,2018,,Individuals using the Internet (% of population),JG,Channel Islands,Europe & Central Asia,High income,Not classified,,
878,2017,,Individuals using the Internet (% of population),JG,Channel Islands,Europe & Central Asia,High income,Not classified,,
879,2016,,Individuals using the Internet (% of population),JG,Channel Islands,Europe & Central Asia,High income,Not classified,,
880,2025,,Individuals using the Internet (% of population),CL,Chile,Latin America & Caribbean ,High income,IBRD,-70.6475,-33.475
881,2024,95.590243,Individuals using the Internet (% of population),CL,Chile,Latin America & Caribbean ,High income,IBRD,-70.6475,-33.475
882,2023,94.45742345,Individuals using the Internet (% of population),CL,Chile,Latin America & Caribbean ,High income,IBRD,-70.6475,-33.475
883,2022,92.31819916,Individuals using the Internet (% of population),CL,Chile,Latin America & Caribbean ,High income,IBRD,-70.6475,-33.475
884,2021,90.23280334,Individuals using the Internet (% of population),CL,Chile,Latin America & Caribbean ,High income,IBRD,-70.6475,-33.475
885,2020,87.45929718,Individuals using the Internet (% of population),CL,Chile,Latin America & Caribbean ,High income,IBRD,-70.6475,-33.475
886,2019,85.01760101,Individuals using the Internet (% of population),CL,Chile,Latin America & Caribbean ,High income,IBRD,-70.6475,-33.475
887,2018,84.90000153,Individuals using the Internet (% of population),CL,Chile,Latin America & Caribbean ,High income,IBRD,-70.6475,-33.475
888,2017,82.3274869338464,Individuals using the Internet (% of population),CL,Chile,Latin America & Caribbean ,High income,IBRD,-70.6475,-33.475
889,2016,83.5585860244169,Individuals using the Internet (% of population),CL,Chile,Latin America & Caribbean ,High income,IBRD,-70.6475,-33.475
890,2025,91.6,Individuals using the Internet (% of population),CN,China,East Asia & Pacific,Upper middle income,IBRD,116.286,40.0495
891,2024,92.0,Individuals using the Internet (% of population),CN,China,East Asia & Pacific,Upper middle income,IBRD,116.286,40.0495
892,2023,90.6,Individuals using the Internet (% of population),CN,China,East Asia & Pacific,Upper middle income,IBRD,116.286,40.0495
893,2022,75.61131603,Individuals using the Internet (% of population),CN,China,East Asia & Pacific,Upper middle income,IBRD,116.286,40.0495
894,2021,73.05323517,Individuals using the Internet (% of population),CN,China,East Asia & Pacific,Upper middle income,IBRD,116.286,40.0495
895,2020,70.05275998,Individuals using the Internet (% of population),CN,China,East Asia & Pacific,Upper middle income,IBRD,116.286,40.0495
896,2019,64.080881297515,Individuals using the Internet (% of population),CN,China,East Asia & Pacific,Upper middle income,IBRD,116.286,40.0495
897,2018,65.35839844,Individuals using the Internet (% of population),CN,China,East Asia & Pacific,Upper middle income,IBRD,116.286,40.0495
898,2017,54.3,Individuals using the Internet (% of population),CN,China,East Asia & Pacific,Upper middle income,IBRD,116.286,40.0495
899,2016,53.2,Individuals using the Internet (% of population),CN,China,East Asia & Pacific,Upper middle income,IBRD,116.286,40.0495
900,2025,,Individuals using the Internet (% of population),CO,Colombia,Latin America & Caribbean ,Upper middle income,IBRD,-74.082,4.60987
901,2024,79.34543299,Individuals using the Internet (% of population),CO,Colombia,Latin America & Caribbean ,Upper middle income,IBRD,-74.082,4.60987
902,2023,77.33686322,Individuals using the Internet (% of population),CO,Colombia,Latin America & Caribbean ,Upper middle income,IBRD,-74.082,4.60987
903,2022,72.79637855,Individuals using the Internet (% of population),CO,Colombia,Latin America & Caribbean ,Upper middle income,IBRD,-74.082,4.60987
904,2021,73.02837449,Individuals using the Internet (% of population),CO,Colombia,Latin America & Caribbean ,Upper middle income,IBRD,-74.082,4.60987
905,2020,69.79533474,Individuals using the Internet (% of population),CO,Colombia,Latin America & Caribbean ,Upper middle income,IBRD,-74.082,4.60987
906,2019,65.0069007159493,Individuals using the Internet (% of population),CO,Colombia,Latin America & Caribbean ,Upper middle income,IBRD,-74.082,4.60987
907,2018,64.1263768204459,Individuals using the Internet (% of population),CO,Colombia,Latin America & Caribbean ,Upper middle income,IBRD,-74.082,4.60987
908,2017,62.2598803162841,Individuals using the Internet (% of population),CO,Colombia,Latin America & Caribbean ,Upper middle income,IBRD,-74.082,4.60987
909,2016,58.1364935728703,Individuals using the Internet (% of population),CO,Colombia,Latin America & Caribbean ,Upper middle income,IBRD,-74.082,4.60987
910,2025,,Individuals using the Internet (% of population),KM,Comoros,Sub-Saharan Africa ,Lower middle income,IDA,43.2418,-11.6986
911,2024,32.51750183,Individuals using the Internet (% of population),KM,Comoros,Sub-Saharan Africa ,Lower middle income,IDA,43.2418,-11.6986
912,2023,31.92749977,Individuals using the Internet (% of population),KM,Comoros,Sub-Saharan Africa ,Lower middle income,IDA,43.2418,-11.6986
913,2022,31.37409973,Individuals using the Internet (% of population),KM,Comoros,Sub-Saharan Africa ,Lower middle income,IDA,43.2418,-11.6986
914,2021,30.68120003,Individuals using the Internet (% of population),KM,Comoros,Sub-Saharan Africa ,Lower middle income,IDA,43.2418,-11.6986
915,2020,22.42040062,Individuals using the Internet (% of population),KM,Comoros,Sub-Saharan Africa ,Lower middle income,IDA,43.2418,-11.6986
916,2019,16.38380051,Individuals using the Internet (% of population),KM,Comoros,Sub-Saharan Africa ,Lower middle income,IDA,43.2418,-11.6986
917,2018,,Individuals using the Internet (% of population),KM,Comoros,Sub-Saharan Africa ,Lower middle income,IDA,43.2418,-11.6986
918,2017,8.478199959,Individuals using the Internet (% of population),KM,Comoros,Sub-Saharan Africa ,Lower middle income,IDA,43.2418,-11.6986
919,2016,7.938300133,Individuals using the Internet (% of population),KM,Comoros,Sub-Saharan Africa ,Lower middle income,IDA,43.2418,-11.6986
920,2025,,Individuals using the Internet (% of population),CD,"Congo, Dem. Rep.",Sub-Saharan Africa ,Low income,IDA,15.3222,-4.325
921,2024,19.67350006,Individuals using the Internet (% of population),CD,"Congo, Dem. Rep.",Sub-Saharan Africa ,Low income,IDA,15.3222,-4.325
922,2023,18.96789932,Individuals using the Internet (% of population),CD,"Congo, Dem. Rep.",Sub-Saharan Africa ,Low income,IDA,15.3222,-4.325
923,2022,17.99620056,Individuals using the Internet (% of population),CD,"Congo, Dem. Rep.",Sub-Saharan Africa ,Low income,IDA,15.3222,-4.325
924,2021,16.1595993,Individuals using the Internet (% of population),CD,"Congo, Dem. Rep.",Sub-Saharan Africa ,Low income,IDA,15.3222,-4.325
925,2020,14.51049995,Individuals using the Internet (% of population),CD,"Congo, Dem. Rep.",Sub-Saharan Africa ,Low income,IDA,15.3222,-4.325
926,2019,13.02970028,Individuals using the Internet (% of population),CD,"Congo, Dem. Rep.",Sub-Saharan Africa ,Low income,IDA,15.3222,-4.325
927,2018,11.69999981,Individuals using the Internet (% of population),CD,"Congo, Dem. Rep.",Sub-Saharan Africa ,Low income,IDA,15.3222,-4.325
928,2017,,Individuals using the Internet (% of population),CD,"Congo, Dem. Rep.",Sub-Saharan Africa ,Low income,IDA,15.3222,-4.325
929,2016,10.1,Individuals using the Internet (% of population),CD,"Congo, Dem. Rep.",Sub-Saharan Africa ,Low income,IDA,15.3222,-4.325
930,2025,,Individuals using the Internet (% of population),CG,"Congo, Rep.",Sub-Saharan Africa ,Lower middle income,Blend,15.2662,-4.2767
931,2024,47.25159836,Individuals using the Internet (% of population),CG,"Congo, Rep.",Sub-Saharan Africa ,Lower middle income,Blend,15.2662,-4.2767
932,2023,43.15039825,Individuals using the Internet (% of population),CG,"Congo, Rep.",Sub-Saharan Africa ,Lower middle income,Blend,15.2662,-4.2767
933,2022,40.98669815,Individuals using the Internet (% of population),CG,"Congo, Rep.",Sub-Saharan Africa ,Lower middle income,Blend,15.2662,-4.2767
934,2021,30.02739906,Individuals using the Internet (% of population),CG,"Congo, Rep.",Sub-Saharan Africa ,Lower middle income,Blend,15.2662,-4.2767
935,2020,21.99850082,Individuals using the Internet (% of population),CG,"Congo, Rep.",Sub-Saharan Africa ,Lower middle income,Blend,15.2662,-4.2767
936,2019,16.11639977,Individuals using the Internet (% of population),CG,"Congo, Rep.",Sub-Saharan Africa ,Lower middle income,Blend,15.2662,-4.2767
937,2018,11.8071003,Individuals using the Internet (% of population),CG,"Congo, Rep.",Sub-Saharan Africa ,Lower middle income,Blend,15.2662,-4.2767
938,2017,8.649999619,Individuals using the Internet (% of population),CG,"Congo, Rep.",Sub-Saharan Africa ,Lower middle income,Blend,15.2662,-4.2767
939,2016,8.121899605,Individuals using the Internet (% of population),CG,"Congo, Rep.",Sub-Saharan Africa ,Lower middle income,Blend,15.2662,-4.2767
940,2025,,Individuals using the Internet (% of population),CR,Costa Rica,Latin America & Caribbean ,High income,IBRD,-84.0089,9.63701
941,2024,87.17019653,Individuals using the Internet (% of population),CR,Costa Rica,Latin America & Caribbean ,High income,IBRD,-84.0089,9.63701
942,2023,85.39514799,Individuals using the Internet (% of population),CR,Costa Rica,Latin America & Caribbean ,High income,IBRD,-84.0089,9.63701
943,2022,82.59801121,Individuals using the Internet (% of population),CR,Costa Rica,Latin America & Caribbean ,High income,IBRD,-84.0089,9.63701
944,2021,82.74901607,Individuals using the Internet (% of population),CR,Costa Rica,Latin America & Caribbean ,High income,IBRD,-84.0089,9.63701
945,2020,80.53018608,Individuals using the Internet (% of population),CR,Costa Rica,Latin America & Caribbean ,High income,IBRD,-84.0089,9.63701
946,2019,81.2025964435269,Individuals using the Internet (% of population),CR,Costa Rica,Latin America & Caribbean ,High income,IBRD,-84.0089,9.63701
947,2018,73.4797284369906,Individuals using the Internet (% of population),CR,Costa Rica,Latin America & Caribbean ,High income,IBRD,-84.0089,9.63701
948,2017,71.5816646195022,Individuals using the Internet (% of population),CR,Costa Rica,Latin America & Caribbean ,High income,IBRD,-84.0089,9.63701
949,2016,65.8804491942718,Individuals using the Internet (% of population),CR,Costa Rica,Latin America & Caribbean ,High income,IBRD,-84.0089,9.63701
950,2025,,Individuals using the Internet (% of population),CI,Cote d'Ivoire,Sub-Saharan Africa ,Lower middle income,Blend,-4.0305,5.332
951,2024,41.43219902,Individuals using the Internet (% of population),CI,Cote d'Ivoire,Sub-Saharan Africa ,Lower middle income,Blend,-4.0305,5.332
952,2023,40.65284979,Individuals using the Internet (% of population),CI,Cote d'Ivoire,Sub-Saharan Africa ,Lower middle income,Blend,-4.0305,5.332
953,2022,38.41328122,Individuals using the Internet (% of population),CI,Cote d'Ivoire,Sub-Saharan Africa ,Lower middle income,Blend,-4.0305,5.332
954,2021,35.95069885,Individuals using the Internet (% of population),CI,Cote d'Ivoire,Sub-Saharan Africa ,Lower middle income,Blend,-4.0305,5.332
955,2020,36.01660156,Individuals using the Internet (% of population),CI,Cote d'Ivoire,Sub-Saharan Africa ,Lower middle income,Blend,-4.0305,5.332
956,2019,36.2889545655205,Individuals using the Internet (% of population),CI,Cote d'Ivoire,Sub-Saharan Africa ,Lower middle income,Blend,-4.0305,5.332
957,2018,37.5465361301281,Individuals using the Internet (% of population),CI,Cote d'Ivoire,Sub-Saharan Africa ,Lower middle income,Blend,-4.0305,5.332
958,2017,43.8399208514876,Individuals using the Internet (% of population),CI,Cote d'Ivoire,Sub-Saharan Africa ,Lower middle income,Blend,-4.0305,5.332
959,2016,41.2078149304414,Individuals using the Internet (% of population),CI,Cote d'Ivoire,Sub-Saharan Africa ,Lower middle income,Blend,-4.0305,5.332
960,2025,,Individuals using the Internet (% of population),HR,Croatia,Europe & Central Asia,High income,IBRD,15.9614,45.8069
961,2024,83.63240029,Individuals using the Internet (% of population),HR,Croatia,Europe & Central Asia,High income,IBRD,15.9614,45.8069
962,2023,83.24117599,Individuals using the Internet (% of population),HR,Croatia,Europe & Central Asia,High income,IBRD,15.9614,45.8069
963,2022,82.07155532,Individuals using the Internet (% of population),HR,Croatia,Europe & Central Asia,High income,IBRD,15.9614,45.8069
964,2021,81.25396608,Individuals using the Internet (% of population),HR,Croatia,Europe & Central Asia,High income,IBRD,15.9614,45.8069
965,2020,78.32090004,Individuals using the Internet (% of population),HR,Croatia,Europe & Central Asia,High income,IBRD,15.9614,45.8069
966,2019,79.0797836757554,Individuals using the Internet (% of population),HR,Croatia,Europe & Central Asia,High income,IBRD,15.9614,45.8069
967,2018,75.2946259897258,Individuals using the Internet (% of population),HR,Croatia,Europe & Central Asia,High income,IBRD,15.9614,45.8069
968,2017,67.0961920368478,Individuals using the Internet (% of population),HR,Croatia,Europe & Central Asia,High income,IBRD,15.9614,45.8069
969,2016,72.6972696701463,Individuals using the Internet (% of population),HR,Croatia,Europe & Central Asia,High income,IBRD,15.9614,45.8069
970,2025,,Individuals using the Internet (% of population),CU,Cuba,Latin America & Caribbean ,Upper middle income,Not classified,-82.3667,23.1333
971,2024,70.47699738,Individuals using the Internet (% of population),CU,Cuba,Latin America & Caribbean ,Upper middle income,Not classified,-82.3667,23.1333
972,2023,69.55580139,Individuals using the Internet (% of population),CU,Cuba,Latin America & Caribbean ,Upper middle income,Not classified,-82.3667,23.1333
973,2022,67.88410187,Individuals using the Internet (% of population),CU,Cuba,Latin America & Caribbean ,Upper middle income,Not classified,-82.3667,23.1333
974,2021,67.64354869,Individuals using the Internet (% of population),CU,Cuba,Latin America & Caribbean ,Upper middle income,Not classified,-82.3667,23.1333
975,2020,71.11907507,Individuals using the Internet (% of population),CU,Cuba,Latin America & Caribbean ,Upper middle income,Not classified,-82.3667,23.1333
976,2019,67.9708086565152,Individuals using the Internet (% of population),CU,Cuba,Latin America & Caribbean ,Upper middle income,Not classified,-82.3667,23.1333
977,2018,62.6789236230601,Individuals using the Internet (% of population),CU,Cuba,Latin America & Caribbean ,Upper middle income,Not classified,-82.3667,23.1333
978,2017,57.1484043170788,Individuals using the Internet (% of population),CU,Cuba,Latin America & Caribbean ,Upper middle income,Not classified,-82.3667,23.1333
979,2016,42.9786751910106,Individuals using the Internet (% of population),CU,Cuba,Latin America & Caribbean ,Upper middle income,Not classified,-82.3667,23.1333
980,2025,,Individuals using the Internet (% of population),CW,Curacao,Latin America & Caribbean ,High income,Not classified,,
981,2024,,Individuals using the Internet (% of population),CW,Curacao,Latin America & Caribbean ,High income,Not classified,,
982,2023,,Individuals using the Internet (% of population),CW,Curacao,Latin America & Caribbean ,High income,Not classified,,
983,2022,,Individuals using the Internet (% of population),CW,Curacao,Latin America & Caribbean ,High income,Not classified,,
984,2021,,Individuals using the Internet (% of population),CW,Curacao,Latin America & Caribbean ,High income,Not classified,,
985,2020,,Individuals using the Internet (% of population),CW,Curacao,Latin America & Caribbean ,High income,Not classified,,
986,2019,,Individuals using the Internet (% of population),CW,Curacao,Latin America & Caribbean ,High income,Not classified,,
987,2018,,Individuals using the Internet (% of population),CW,Curacao,Latin America & Caribbean ,High income,Not classified,,
988,2017,68.1272162511339,Individuals using the Internet (% of population),CW,Curacao,Latin America & Caribbean ,High income,Not classified,,
989,2016,61.855510740634,Individuals using the Internet (% of population),CW,Curacao,Latin America & Caribbean ,High income,Not classified,,
990,2025,,Individuals using the Internet (% of population),CY,Cyprus,Europe & Central Asia,High income,Not classified,33.3736,35.1676
991,2024,89.60099246,Individuals using the Internet (% of population),CY,Cyprus,Europe & Central Asia,High income,Not classified,33.3736,35.1676
992,2023,91.22110357,Individuals using the Internet (% of population),CY,Cyprus,Europe & Central Asia,High income,Not classified,33.3736,35.1676
993,2022,89.60099194,Individuals using the Internet (% of population),CY,Cyprus,Europe & Central Asia,High income,Not classified,33.3736,35.1676
994,2021,90.75951564,Individuals using the Internet (% of population),CY,Cyprus,Europe & Central Asia,High income,Not classified,33.3736,35.1676
995,2020,90.80194644,Individuals using the Internet (% of population),CY,Cyprus,Europe & Central Asia,High income,Not classified,33.3736,35.1676
996,2019,86.0636299618935,Individuals using the Internet (% of population),CY,Cyprus,Europe & Central Asia,High income,Not classified,33.3736,35.1676
997,2018,84.4335825186889,Individuals using the Internet (% of population),CY,Cyprus,Europe & Central Asia,High income,Not classified,33.3736,35.1676
998,2017,80.743188971932,Individuals using the Internet (% of population),CY,Cyprus,Europe & Central Asia,High income,Not classified,33.3736,35.1676
999,2016,75.9002054030125,Individuals using the Internet (% of population),CY,Cyprus,Europe & Central Asia,High income,Not classified,33.3736,35.1676
1000,2025,,Individuals using the Internet (% of population),CZ,Czechia,Europe & Central Asia,High income,Not classified,14.4205,50.0878
1001,2024,87.68776014,Individuals using the Internet (% of population),CZ,Czechia,Europe & Central Asia,High income,Not classified,14.4205,50.0878
1002,2023,85.99404818,Individuals using the Internet (% of population),CZ,Czechia,Europe & Central Asia,High income,Not classified,14.4205,50.0878
1003,2022,84.54009378,Individuals using the Internet (% of population),CZ,Czechia,Europe & Central Asia,High income,Not classified,14.4205,50.0878
1004,2021,82.67062427,Individuals using the Internet (% of population),CZ,Czechia,Europe & Central Asia,High income,Not classified,14.4205,50.0878
1005,2020,81.33889705,Individuals using the Internet (% of population),CZ,Czechia,Europe & Central Asia,High income,Not classified,14.4205,50.0878
1006,2019,80.8669444139622,Individuals using the Internet (% of population),CZ,Czechia,Europe & Central Asia,High income,Not classified,14.4205,50.0878
1007,2018,80.6881675434288,Individuals using the Internet (% of population),CZ,Czechia,Europe & Central Asia,High income,Not classified,14.4205,50.0878
1008,2017,78.7191728513432,Individuals using the Internet (% of population),CZ,Czechia,Europe & Central Asia,High income,Not classified,14.4205,50.0878
1009,2016,76.4811986951838,Individuals using the Internet (% of population),CZ,Czechia,Europe & Central Asia,High income,Not classified,14.4205,50.0878
1010,2025,,Individuals using the Internet (% of population),DK,Denmark,Europe & Central Asia,High income,Not classified,12.5681,55.6763
1011,2024,99.76915157,Individuals using the Internet (% of population),DK,Denmark,Europe & Central Asia,High income,Not classified,12.5681,55.6763
1012,2023,98.77559197,Individuals using the Internet (% of population),DK,Denmark,Europe & Central Asia,High income,Not classified,12.5681,55.6763
1013,2022,97.86011812,Individuals using the Internet (% of population),DK,Denmark,Europe & Central Asia,High income,Not classified,12.5681,55.6763
1014,2021,98.8658506,Individuals using the Internet (% of population),DK,Denmark,Europe & Central Asia,High income,Not classified,12.5681,55.6763
1015,2020,96.54914573,Individuals using the Internet (% of population),DK,Denmark,Europe & Central Asia,High income,Not classified,12.5681,55.6763
1016,2019,98.0464347521549,Individuals using the Internet (% of population),DK,Denmark,Europe & Central Asia,High income,Not classified,12.5681,55.6763
1017,2018,97.3192043651002,Individuals using the Internet (% of population),DK,Denmark,Europe & Central Asia,High income,Not classified,12.5681,55.6763
1018,2017,97.0993621555621,Individuals using the Internet (% of population),DK,Denmark,Europe & Central Asia,High income,Not classified,12.5681,55.6763
1019,2016,96.9677852516645,Individuals using the Internet (% of population),DK,Denmark,Europe & Central Asia,High income,Not classified,12.5681,55.6763
1020,2025,,Individuals using the Internet (% of population),DJ,Djibouti,"Middle East, North Africa, Afghanistan & Pakistan",Lower middle income,IDA,43.1425,11.5806
1021,2024,65.29889679,Individuals using the Internet (% of population),DJ,Djibouti,"Middle East, North Africa, Afghanistan & Pakistan",Lower middle income,IDA,43.1425,11.5806
1022,2023,64.75869751,Individuals using the Internet (% of population),DJ,Djibouti,"Middle East, North Africa, Afghanistan & Pakistan",Lower middle income,IDA,43.1425,11.5806
1023,2022,63.77600098,Individuals using the Internet (% of population),DJ,Djibouti,"Middle East, North Africa, Afghanistan & Pakistan",Lower middle income,IDA,43.1425,11.5806
1024,2021,61.41120148,Individuals using the Internet (% of population),DJ,Djibouti,"Middle East, North Africa, Afghanistan & Pakistan",Lower middle income,IDA,43.1425,11.5806
1025,2020,59.92570114,Individuals using the Internet (% of population),DJ,Djibouti,"Middle East, North Africa, Afghanistan & Pakistan",Lower middle income,IDA,43.1425,11.5806
1026,2019,58.4762001,Individuals using the Internet (% of population),DJ,Djibouti,"Middle East, North Africa, Afghanistan & Pakistan",Lower middle income,IDA,43.1425,11.5806
1027,2018,57.06169891,Individuals using the Internet (% of population),DJ,Djibouti,"Middle East, North Africa, Afghanistan & Pakistan",Lower middle income,IDA,43.1425,11.5806
1028,2017,55.6814092453962,Individuals using the Internet (% of population),DJ,Djibouti,"Middle East, North Africa, Afghanistan & Pakistan",Lower middle income,IDA,43.1425,11.5806
1029,2016,30.79999924,Individuals using the Internet (% of population),DJ,Djibouti,"Middle East, North Africa, Afghanistan & Pakistan",Lower middle income,IDA,43.1425,11.5806
1030,2025,,Individuals using the Internet (% of population),DM,Dominica,Latin America & Caribbean ,Upper middle income,Blend,-61.39,15.2976
1031,2024,82.04689789,Individuals using the Internet (% of population),DM,Dominica,Latin America & Caribbean ,Upper middle income,Blend,-61.39,15.2976
1032,2023,81.33650208,Individuals using the Internet (% of population),DM,Dominica,Latin America & Caribbean ,Upper middle income,Blend,-61.39,15.2976
1033,2022,80.57980347,Individuals using the Internet (% of population),DM,Dominica,Latin America & Caribbean ,Upper middle income,Blend,-61.39,15.2976
1034,2021,78.07949829,Individuals using the Internet (% of population),DM,Dominica,Latin America & Caribbean ,Upper middle income,Blend,-61.39,15.2976
1035,2020,75.65670013,Individuals using the Internet (% of population),DM,Dominica,Latin America & Caribbean ,Upper middle income,Blend,-61.39,15.2976
1036,2019,73.38200378,Individuals using the Internet (% of population),DM,Dominica,Latin America & Caribbean ,Upper middle income,Blend,-61.39,15.2976
1037,2018,,Individuals using the Internet (% of population),DM,Dominica,Latin America & Caribbean ,Upper middle income,Blend,-61.39,15.2976
1038,2017,69.61969757,Individuals using the Internet (% of population),DM,Dominica,Latin America & Caribbean ,Upper middle income,Blend,-61.39,15.2976
1039,2016,67.02999878,Individuals using the Internet (% of population),DM,Dominica,Latin America & Caribbean ,Upper middle income,Blend,-61.39,15.2976
1040,2025,,Individuals using the Internet (% of population),DO,Dominican Republic,Latin America & Caribbean ,Upper middle income,IBRD,-69.8908,18.479
1041,2024,91.0022446,Individuals using the Internet (% of population),DO,Dominican Republic,Latin America & Caribbean ,Upper middle income,IBRD,-69.8908,18.479
1042,2023,86.12689972,Individuals using the Internet (% of population),DO,Dominican Republic,Latin America & Caribbean ,Upper middle income,IBRD,-69.8908,18.479
1043,2022,81.51269675,Individuals using the Internet (% of population),DO,Dominican Republic,Latin America & Caribbean ,Upper middle income,IBRD,-69.8908,18.479
1044,2021,85.24298638,Individuals using the Internet (% of population),DO,Dominican Republic,Latin America & Caribbean ,Upper middle income,IBRD,-69.8908,18.479
1045,2020,81.61730194,Individuals using the Internet (% of population),DO,Dominican Republic,Latin America & Caribbean ,Upper middle income,IBRD,-69.8908,18.479
1046,2019,79.71549988,Individuals using the Internet (% of population),DO,Dominican Republic,Latin America & Caribbean ,Upper middle income,IBRD,-69.8908,18.479
1047,2018,74.8220483597284,Individuals using the Internet (% of population),DO,Dominican Republic,Latin America & Caribbean ,Upper middle income,IBRD,-69.8908,18.479
1048,2017,67.5712453277737,Individuals using the Internet (% of population),DO,Dominican Republic,Latin America & Caribbean ,Upper middle income,IBRD,-69.8908,18.479
1049,2016,63.8708647408206,Individuals using the Internet (% of population),DO,Dominican Republic,Latin America & Caribbean ,Upper middle income,IBRD,-69.8908,18.479
1050,2025,,Individuals using the Internet (% of population),EC,Ecuador,Latin America & Caribbean ,Upper middle income,IBRD,-78.5243,-0.229498
1051,2024,77.17273115,Individuals using the Internet (% of population),EC,Ecuador,Latin America & Caribbean ,Upper middle income,IBRD,-78.5243,-0.229498
1052,2023,72.6943146,Individuals using the Internet (% of population),EC,Ecuador,Latin America & Caribbean ,Upper middle income,IBRD,-78.5243,-0.229498
1053,2022,69.71811356,Individuals using the Internet (% of population),EC,Ecuador,Latin America & Caribbean ,Upper middle income,IBRD,-78.5243,-0.229498
1054,2021,69.1147995,Individuals using the Internet (% of population),EC,Ecuador,Latin America & Caribbean ,Upper middle income,IBRD,-78.5243,-0.229498
1055,2020,70.7,Individuals using the Internet (% of population),EC,Ecuador,Latin America & Caribbean ,Upper middle income,IBRD,-78.5243,-0.229498
1056,2019,59.2,Individuals using the Internet (% of population),EC,Ecuador,Latin America & Caribbean ,Upper middle income,IBRD,-78.5243,-0.229498
1057,2018,57.5,Individuals using the Internet (% of population),EC,Ecuador,Latin America & Caribbean ,Upper middle income,IBRD,-78.5243,-0.229498
1058,2017,55.79999924,Individuals using the Internet (% of population),EC,Ecuador,Latin America & Caribbean ,Upper middle income,IBRD,-78.5243,-0.229498
1059,2016,54.0629247288864,Individuals using the Internet (% of population),EC,Ecuador,Latin America & Caribbean ,Upper middle income,IBRD,-78.5243,-0.229498
1060,2025,,Individuals using the Internet (% of population),EG,"Egypt, Arab Rep.","Middle East, North Africa, Afghanistan & Pakistan",Lower middle income,IBRD,31.2461,30.0982
1061,2024,74.64839935,Individuals using the Internet (% of population),EG,"Egypt, Arab Rep.","Middle East, North Africa, Afghanistan & Pakistan",Lower middle income,IBRD,31.2461,30.0982
1062,2023,74.01190186,Individuals using the Internet (% of population),EG,"Egypt, Arab Rep.","Middle East, North Africa, Afghanistan & Pakistan",Lower middle income,IBRD,31.2461,30.0982
1063,2022,72.19806556,Individuals using the Internet (% of population),EG,"Egypt, Arab Rep.","Middle East, North Africa, Afghanistan & Pakistan",Lower middle income,IBRD,31.2461,30.0982
1064,2021,72.05599976,Individuals using the Internet (% of population),EG,"Egypt, Arab Rep.","Middle East, North Africa, Afghanistan & Pakistan",Lower middle income,IBRD,31.2461,30.0982
1065,2020,71.91420096,Individuals using the Internet (% of population),EG,"Egypt, Arab Rep.","Middle East, North Africa, Afghanistan & Pakistan",Lower middle income,IBRD,31.2461,30.0982
1066,2019,57.2828663990195,Individuals using the Internet (% of population),EG,"Egypt, Arab Rep.","Middle East, North Africa, Afghanistan & Pakistan",Lower middle income,IBRD,31.2461,30.0982
1067,2018,46.92433676792,Individuals using the Internet (% of population),EG,"Egypt, Arab Rep.","Middle East, North Africa, Afghanistan & Pakistan",Lower middle income,IBRD,31.2461,30.0982
1068,2017,44.9502042452857,Individuals using the Internet (% of population),EG,"Egypt, Arab Rep.","Middle East, North Africa, Afghanistan & Pakistan",Lower middle income,IBRD,31.2461,30.0982
1069,2016,41.2480670885772,Individuals using the Internet (% of population),EG,"Egypt, Arab Rep.","Middle East, North Africa, Afghanistan & Pakistan",Lower middle income,IBRD,31.2461,30.0982
1070,2025,,Individuals using the Internet (% of population),SV,El Salvador,Latin America & Caribbean ,Upper middle income,IBRD,-89.2073,13.7034
1071,2024,66.47769928,Individuals using the Internet (% of population),SV,El Salvador,Latin America & Caribbean ,Upper middle income,IBRD,-89.2073,13.7034
1072,2023,62.61989975,Individuals using the Internet (% of population),SV,El Salvador,Latin America & Caribbean ,Upper middle income,IBRD,-89.2073,13.7034
1073,2022,60.05609894,Individuals using the Internet (% of population),SV,El Salvador,Latin America & Caribbean ,Upper middle income,IBRD,-89.2073,13.7034
1074,2021,57.26380157,Individuals using the Internet (% of population),SV,El Salvador,Latin America & Caribbean ,Upper middle income,IBRD,-89.2073,13.7034
1075,2020,54.60136976,Individuals using the Internet (% of population),SV,El Salvador,Latin America & Caribbean ,Upper middle income,IBRD,-89.2073,13.7034
1076,2019,50.4911940673888,Individuals using the Internet (% of population),SV,El Salvador,Latin America & Caribbean ,Upper middle income,IBRD,-89.2073,13.7034
1077,2018,43.79999924,Individuals using the Internet (% of population),SV,El Salvador,Latin America & Caribbean ,Upper middle income,IBRD,-89.2073,13.7034
1078,2017,33.8207289048526,Individuals using the Internet (% of population),SV,El Salvador,Latin America & Caribbean ,Upper middle income,IBRD,-89.2073,13.7034
1079,2016,28.99710083,Individuals using the Internet (% of population),SV,El Salvador,Latin America & Caribbean ,Upper middle income,IBRD,-89.2073,13.7034
1080,2025,,Individuals using the Internet (% of population),GQ,Equatorial Guinea,Sub-Saharan Africa ,Upper middle income,IBRD,8.7741,3.7523
1081,2024,63.29930115,Individuals using the Internet (% of population),GQ,Equatorial Guinea,Sub-Saharan Africa ,Upper middle income,IBRD,8.7741,3.7523
1082,2023,63.51950073,Individuals using the Internet (% of population),GQ,Equatorial Guinea,Sub-Saharan Africa ,Upper middle income,IBRD,8.7741,3.7523
1083,2022,63.65950012,Individuals using the Internet (% of population),GQ,Equatorial Guinea,Sub-Saharan Africa ,Upper middle income,IBRD,8.7741,3.7523
1084,2021,58.71730042,Individuals using the Internet (% of population),GQ,Equatorial Guinea,Sub-Saharan Africa ,Upper middle income,IBRD,8.7741,3.7523
1085,2020,55.00130081,Individuals using the Internet (% of population),GQ,Equatorial Guinea,Sub-Saharan Africa ,Upper middle income,IBRD,8.7741,3.7523
1086,2019,49.13370132,Individuals using the Internet (% of population),GQ,Equatorial Guinea,Sub-Saharan Africa ,Upper middle income,IBRD,8.7741,3.7523
1087,2018,29.39999962,Individuals using the Internet (% of population),GQ,Equatorial Guinea,Sub-Saharan Africa ,Upper middle income,IBRD,8.7741,3.7523
1088,2017,26.23999977,Individuals using the Internet (% of population),GQ,Equatorial Guinea,Sub-Saharan Africa ,Upper middle income,IBRD,8.7741,3.7523
1089,2016,23.78000069,Individuals using the Internet (% of population),GQ,Equatorial Guinea,Sub-Saharan Africa ,Upper middle income,IBRD,8.7741,3.7523
1090,2025,,Individuals using the Internet (% of population),ER,Eritrea,Sub-Saharan Africa ,Low income,IDA,38.9183,15.3315
1091,2024,,Individuals using the Internet (% of population),ER,Eritrea,Sub-Saharan Africa ,Low income,IDA,38.9183,15.3315
1092,2023,,Individuals using the Internet (% of population),ER,Eritrea,Sub-Saharan Africa ,Low income,IDA,38.9183,15.3315
1093,2022,,Individuals using the Internet (% of population),ER,Eritrea,Sub-Saharan Africa ,Low income,IDA,38.9183,15.3315
1094,2021,,Individuals using the Internet (% of population),ER,Eritrea,Sub-Saharan Africa ,Low income,IDA,38.9183,15.3315
1095,2020,14.34939957,Individuals using the Internet (% of population),ER,Eritrea,Sub-Saharan Africa ,Low income,IDA,38.9183,15.3315
1096,2019,11.22379971,Individuals using the Internet (% of population),ER,Eritrea,Sub-Saharan Africa ,Low income,IDA,38.9183,15.3315
1097,2018,5.293000221,Individuals using the Internet (% of population),ER,Eritrea,Sub-Saharan Africa ,Low income,IDA,38.9183,15.3315
1098,2017,2.496099949,Individuals using the Internet (% of population),ER,Eritrea,Sub-Saharan Africa ,Low income,IDA,38.9183,15.3315
1099,2016,1.177099943,Individuals using the Internet (% of population),ER,Eritrea,Sub-Saharan Africa ,Low income,IDA,38.9183,15.3315
1100,2025,,Individuals using the Internet (% of population),EE,Estonia,Europe & Central Asia,High income,Not classified,24.7586,59.4392
1101,2024,92.23796204,Individuals using the Internet (% of population),EE,Estonia,Europe & Central Asia,High income,Not classified,24.7586,59.4392
1102,2023,93.18342241,Individuals using the Internet (% of population),EE,Estonia,Europe & Central Asia,High income,Not classified,24.7586,59.4392
1103,2022,91.52016546,Individuals using the Internet (% of population),EE,Estonia,Europe & Central Asia,High income,Not classified,24.7586,59.4392
1104,2021,90.97970174,Individuals using the Internet (% of population),EE,Estonia,Europe & Central Asia,High income,Not classified,24.7586,59.4392
1105,2020,89.05828666,Individuals using the Internet (% of population),EE,Estonia,Europe & Central Asia,High income,Not classified,24.7586,59.4392
1106,2019,90.2289281997919,Individuals using the Internet (% of population),EE,Estonia,Europe & Central Asia,High income,Not classified,24.7586,59.4392
1107,2018,89.3570077747426,Individuals using the Internet (% of population),EE,Estonia,Europe & Central Asia,High income,Not classified,24.7586,59.4392
1108,2017,88.1024568740199,Individuals using the Internet (% of population),EE,Estonia,Europe & Central Asia,High income,Not classified,24.7586,59.4392
1109,2016,87.2402327514547,Individuals using the Internet (% of population),EE,Estonia,Europe & Central Asia,High income,Not classified,24.7586,59.4392
1110,2025,,Individuals using the Internet (% of population),SZ,Eswatini,Sub-Saharan Africa ,Lower middle income,Blend,31.4659,-26.5225
1111,2024,63.40309906,Individuals using the Internet (% of population),SZ,Eswatini,Sub-Saharan Africa ,Lower middle income,Blend,31.4659,-26.5225
1112,2023,61.33330154,Individuals using the Internet (% of population),SZ,Eswatini,Sub-Saharan Africa ,Lower middle income,Blend,31.4659,-26.5225
1113,2022,57.34370041,Individuals using the Internet (% of population),SZ,Eswatini,Sub-Saharan Africa ,Lower middle income,Blend,31.4659,-26.5225
1114,2021,53.99530029,Individuals using the Internet (% of population),SZ,Eswatini,Sub-Saharan Africa ,Lower middle income,Blend,31.4659,-26.5225
1115,2020,49.01300049,Individuals using the Internet (% of population),SZ,Eswatini,Sub-Saharan Africa ,Lower middle income,Blend,31.4659,-26.5225
1116,2019,43.93389893,Individuals using the Internet (% of population),SZ,Eswatini,Sub-Saharan Africa ,Lower middle income,Blend,31.4659,-26.5225
1117,2018,39.38100052,Individuals using the Internet (% of population),SZ,Eswatini,Sub-Saharan Africa ,Lower middle income,Blend,31.4659,-26.5225
1118,2017,35.33160019,Individuals using the Internet (% of population),SZ,Eswatini,Sub-Saharan Africa ,Lower middle income,Blend,31.4659,-26.5225
1119,2016,28.56999969,Individuals using the Internet (% of population),SZ,Eswatini,Sub-Saharan Africa ,Lower middle income,Blend,31.4659,-26.5225
1120,2025,,Individuals using the Internet (% of population),ET,Ethiopia,Sub-Saharan Africa ,Low income,IDA,38.7468,9.02274
1121,2024,21.94129944,Individuals using the Internet (% of population),ET,Ethiopia,Sub-Saharan Africa ,Low income,IDA,38.7468,9.02274
1122,2023,20.33749962,Individuals using the Internet (% of population),ET,Ethiopia,Sub-Saharan Africa ,Low income,IDA,38.7468,9.02274
1123,2022,17.9836998,Individuals using the Internet (% of population),ET,Ethiopia,Sub-Saharan Africa ,Low income,IDA,38.7468,9.02274
1124,2021,16.6981031,Individuals using the Internet (% of population),ET,Ethiopia,Sub-Saharan Africa ,Low income,IDA,38.7468,9.02274
1125,2020,16.06959915,Individuals using the Internet (% of population),ET,Ethiopia,Sub-Saharan Africa ,Low income,IDA,38.7468,9.02274
1126,2019,15.98460007,Individuals using the Internet (% of population),ET,Ethiopia,Sub-Saharan Africa ,Low income,IDA,38.7468,9.02274
1127,2018,15.88619995,Individuals using the Internet (% of population),ET,Ethiopia,Sub-Saharan Africa ,Low income,IDA,38.7468,9.02274
1128,2017,15.62440014,Individuals using the Internet (% of population),ET,Ethiopia,Sub-Saharan Africa ,Low income,IDA,38.7468,9.02274
1129,2016,15.3669238595896,Individuals using the Internet (% of population),ET,Ethiopia,Sub-Saharan Africa ,Low income,IDA,38.7468,9.02274
1130,2025,,Individuals using the Internet (% of population),FO,Faroe Islands,Europe & Central Asia,High income,Not classified,-6.91181,61.8926
1131,2024,,Individuals using the Internet (% of population),FO,Faroe Islands,Europe & Central Asia,High income,Not classified,-6.91181,61.8926
1132,2023,,Individuals using the Internet (% of population),FO,Faroe Islands,Europe & Central Asia,High income,Not classified,-6.91181,61.8926
1133,2022,,Individuals using the Internet (% of population),FO,Faroe Islands,Europe & Central Asia,High income,Not classified,-6.91181,61.8926
1134,2021,,Individuals using the Internet (% of population),FO,Faroe Islands,Europe & Central Asia,High income,Not classified,-6.91181,61.8926
1135,2020,,Individuals using the Internet (% of population),FO,Faroe Islands,Europe & Central Asia,High income,Not classified,-6.91181,61.8926
1136,2019,,Individuals using the Internet (% of population),FO,Faroe Islands,Europe & Central Asia,High income,Not classified,-6.91181,61.8926
1137,2018,,Individuals using the Internet (% of population),FO,Faroe Islands,Europe & Central Asia,High income,Not classified,-6.91181,61.8926
1138,2017,97.5819589384468,Individuals using the Internet (% of population),FO,Faroe Islands,Europe & Central Asia,High income,Not classified,-6.91181,61.8926
1139,2016,95.1086816720257,Individuals using the Internet (% of population),FO,Faroe Islands,Europe & Central Asia,High income,Not classified,-6.91181,61.8926
1140,2025,,Individuals using the Internet (% of population),FJ,Fiji,East Asia & Pacific,Upper middle income,Blend,178.399,-18.1149
1141,2024,74.7052002,Individuals using the Internet (% of population),FJ,Fiji,East Asia & Pacific,Upper middle income,Blend,178.399,-18.1149
1142,2023,74.1160965,Individuals using the Internet (% of population),FJ,Fiji,East Asia & Pacific,Upper middle income,Blend,178.399,-18.1149
1143,2022,72.56549835,Individuals using the Internet (% of population),FJ,Fiji,East Asia & Pacific,Upper middle income,Blend,178.399,-18.1149
1144,2021,70.56800079,Individuals using the Internet (% of population),FJ,Fiji,East Asia & Pacific,Upper middle income,Blend,178.399,-18.1149
1145,2020,68.62560272,Individuals using the Internet (% of population),FJ,Fiji,East Asia & Pacific,Upper middle income,Blend,178.399,-18.1149
1146,2019,63.21789932,Individuals using the Internet (% of population),FJ,Fiji,East Asia & Pacific,Upper middle income,Blend,178.399,-18.1149
1147,2018,58.2364006,Individuals using the Internet (% of population),FJ,Fiji,East Asia & Pacific,Upper middle income,Blend,178.399,-18.1149
1148,2017,53.6473999,Individuals using the Internet (% of population),FJ,Fiji,East Asia & Pacific,Upper middle income,Blend,178.399,-18.1149
1149,2016,49.41999817,Individuals using the Internet (% of population),FJ,Fiji,East Asia & Pacific,Upper middle income,Blend,178.399,-18.1149
1150,2025,,Individuals using the Internet (% of population),FI,Finland,Europe & Central Asia,High income,Not classified,24.9525,60.1608
1151,2024,93.72405196,Individuals using the Internet (% of population),FI,Finland,Europe & Central Asia,High income,Not classified,24.9525,60.1608
1152,2023,93.51385075,Individuals using the Internet (% of population),FI,Finland,Europe & Central Asia,High income,Not classified,24.9525,60.1608
1153,2022,92.98879471,Individuals using the Internet (% of population),FI,Finland,Europe & Central Asia,High income,Not classified,24.9525,60.1608
1154,2021,92.80806082,Individuals using the Internet (% of population),FI,Finland,Europe & Central Asia,High income,Not classified,24.9525,60.1608
1155,2020,92.17027106,Individuals using the Internet (% of population),FI,Finland,Europe & Central Asia,High income,Not classified,24.9525,60.1608
1156,2019,89.6073851129779,Individuals using the Internet (% of population),FI,Finland,Europe & Central Asia,High income,Not classified,24.9525,60.1608
1157,2018,88.8899599985585,Individuals using the Internet (% of population),FI,Finland,Europe & Central Asia,High income,Not classified,24.9525,60.1608
1158,2017,87.4689290730615,Individuals using the Internet (% of population),FI,Finland,Europe & Central Asia,High income,Not classified,24.9525,60.1608
1159,2016,87.7036499599455,Individuals using the Internet (% of population),FI,Finland,Europe & Central Asia,High income,Not classified,24.9525,60.1608
1160,2025,,Individuals using the Internet (% of population),FR,France,Europe & Central Asia,High income,Not classified,2.35097,48.8566
1161,2024,88.65381638,Individuals using the Internet (% of population),FR,France,Europe & Central Asia,High income,Not classified,2.35097,48.8566
1162,2023,86.83635789,Individuals using the Internet (% of population),FR,France,Europe & Central Asia,High income,Not classified,2.35097,48.8566
1163,2022,85.33331734,Individuals using the Internet (% of population),FR,France,Europe & Central Asia,High income,Not classified,2.35097,48.8566
1164,2021,86.09548575,Individuals using the Internet (% of population),FR,France,Europe & Central Asia,High income,Not classified,2.35097,48.8566
1165,2020,84.70639801,Individuals using the Internet (% of population),FR,France,Europe & Central Asia,High income,Not classified,2.35097,48.8566
1166,2019,83.3397440866883,Individuals using the Internet (% of population),FR,France,Europe & Central Asia,High income,Not classified,2.35097,48.8566
1167,2018,82.0431867788484,Individuals using the Internet (% of population),FR,France,Europe & Central Asia,High income,Not classified,2.35097,48.8566
1168,2017,80.5024597243607,Individuals using the Internet (% of population),FR,France,Europe & Central Asia,High income,Not classified,2.35097,48.8566
1169,2016,79.2698113207547,Individuals using the Internet (% of population),FR,France,Europe & Central Asia,High income,Not classified,2.35097,48.8566
1170,2025,,Individuals using the Internet (% of population),PF,French Polynesia,East Asia & Pacific,High income,Not classified,-149.57,-17.535
1171,2024,,Individuals using the Internet (% of population),PF,French Polynesia,East Asia & Pacific,High income,Not classified,-149.57,-17.535
1172,2023,,Individuals using the Internet (% of population),PF,French Polynesia,East Asia & Pacific,High income,Not classified,-149.57,-17.535
1173,2022,,Individuals using the Internet (% of population),PF,French Polynesia,East Asia & Pacific,High income,Not classified,-149.57,-17.535
1174,2021,,Individuals using the Internet (% of population),PF,French Polynesia,East Asia & Pacific,High income,Not classified,-149.57,-17.535
1175,2020,,Individuals using the Internet (% of population),PF,French Polynesia,East Asia & Pacific,High income,Not classified,-149.57,-17.535
1176,2019,,Individuals using the Internet (% of population),PF,French Polynesia,East Asia & Pacific,High income,Not classified,-149.57,-17.535
1177,2018,,Individuals using the Internet (% of population),PF,French Polynesia,East Asia & Pacific,High income,Not classified,-149.57,-17.535
1178,2017,72.7038953132942,Individuals using the Internet (% of population),PF,French Polynesia,East Asia & Pacific,High income,Not classified,-149.57,-17.535
1179,2016,68.440419493378,Individuals using the Internet (% of population),PF,French Polynesia,East Asia & Pacific,High income,Not classified,-149.57,-17.535
1180,2025,,Individuals using the Internet (% of population),GA,Gabon,Sub-Saharan Africa ,Upper middle income,IBRD,9.45162,0.38832
1181,2024,68.72090149,Individuals using the Internet (% of population),GA,Gabon,Sub-Saharan Africa ,Upper middle income,IBRD,9.45162,0.38832
1182,2023,68.19789886,Individuals using the Internet (% of population),GA,Gabon,Sub-Saharan Africa ,Upper middle income,IBRD,9.45162,0.38832
1183,2022,67.67169952,Individuals using the Internet (% of population),GA,Gabon,Sub-Saharan Africa ,Upper middle income,IBRD,9.45162,0.38832
1184,2021,65.76809692,Individuals using the Internet (% of population),GA,Gabon,Sub-Saharan Africa ,Upper middle income,IBRD,9.45162,0.38832
1185,2020,63.91790009,Individuals using the Internet (% of population),GA,Gabon,Sub-Saharan Africa ,Upper middle income,IBRD,9.45162,0.38832
1186,2019,59.51760101,Individuals using the Internet (% of population),GA,Gabon,Sub-Saharan Africa ,Upper middle income,IBRD,9.45162,0.38832
1187,2018,55.42020035,Individuals using the Internet (% of population),GA,Gabon,Sub-Saharan Africa ,Upper middle income,IBRD,9.45162,0.38832
1188,2017,51.60490036,Individuals using the Internet (% of population),GA,Gabon,Sub-Saharan Africa ,Upper middle income,IBRD,9.45162,0.38832
1189,2016,48.0522995,Individuals using the Internet (% of population),GA,Gabon,Sub-Saharan Africa ,Upper middle income,IBRD,9.45162,0.38832
1190,2025,,Individuals using the Internet (% of population),GM,"Gambia, The",Sub-Saharan Africa ,Low income,IDA,-16.5885,13.4495
1191,2024,49.49430084,Individuals using the Internet (% of population),GM,"Gambia, The",Sub-Saharan Africa ,Low income,IDA,-16.5885,13.4495
1192,2023,48.72829819,Individuals using the Internet (% of population),GM,"Gambia, The",Sub-Saharan Africa ,Low income,IDA,-16.5885,13.4495
1193,2022,48.22539902,Individuals using the Internet (% of population),GM,"Gambia, The",Sub-Saharan Africa ,Low income,IDA,-16.5885,13.4495
1194,2021,41.67309952,Individuals using the Internet (% of population),GM,"Gambia, The",Sub-Saharan Africa ,Low income,IDA,-16.5885,13.4495
1195,2020,36.01100159,Individuals using the Internet (% of population),GM,"Gambia, The",Sub-Saharan Africa ,Low income,IDA,-16.5885,13.4495
1196,2019,31.11829948,Individuals using the Internet (% of population),GM,"Gambia, The",Sub-Saharan Africa ,Low income,IDA,-16.5885,13.4495
1197,2018,28.30900002,Individuals using the Internet (% of population),GM,"Gambia, The",Sub-Saharan Africa ,Low income,IDA,-16.5885,13.4495
1198,2017,22.5156002,Individuals using the Internet (% of population),GM,"Gambia, The",Sub-Saharan Africa ,Low income,IDA,-16.5885,13.4495
1199,2016,19.90640068,Individuals using the Internet (% of population),GM,"Gambia, The",Sub-Saharan Africa ,Low income,IDA,-16.5885,13.4495
1200,2025,,Individuals using the Internet (% of population),GE,Georgia,Europe & Central Asia,Upper middle income,IBRD,44.793,41.71
1201,2024,83.79855689,Individuals using the Internet (% of population),GE,Georgia,Europe & Central Asia,Upper middle income,IBRD,44.793,41.71
1202,2023,81.88425624,Individuals using the Internet (% of population),GE,Georgia,Europe & Central Asia,Upper middle income,IBRD,44.793,41.71
1203,2022,78.71127536,Individuals using the Internet (% of population),GE,Georgia,Europe & Central Asia,Upper middle income,IBRD,44.793,41.71
1204,2021,76.4427093,Individuals using the Internet (% of population),GE,Georgia,Europe & Central Asia,Upper middle income,IBRD,44.793,41.71
1205,2020,72.53157487,Individuals using the Internet (% of population),GE,Georgia,Europe & Central Asia,Upper middle income,IBRD,44.793,41.71
1206,2019,68.8467135616978,Individuals using the Internet (% of population),GE,Georgia,Europe & Central Asia,Upper middle income,IBRD,44.793,41.71
1207,2018,62.7179081974285,Individuals using the Internet (% of population),GE,Georgia,Europe & Central Asia,Upper middle income,IBRD,44.793,41.71
1208,2017,59.7055045962571,Individuals using the Internet (% of population),GE,Georgia,Europe & Central Asia,Upper middle income,IBRD,44.793,41.71
1209,2016,58.4592896118725,Individuals using the Internet (% of population),GE,Georgia,Europe & Central Asia,Upper middle income,IBRD,44.793,41.71
1210,2025,,Individuals using the Internet (% of population),DE,Germany,Europe & Central Asia,High income,Not classified,13.4115,52.5235
1211,2024,93.49999579,Individuals using the Internet (% of population),DE,Germany,Europe & Central Asia,High income,Not classified,13.4115,52.5235
1212,2023,92.4763763,Individuals using the Internet (% of population),DE,Germany,Europe & Central Asia,High income,Not classified,13.4115,52.5235
1213,2022,91.62984383,Individuals using the Internet (% of population),DE,Germany,Europe & Central Asia,High income,Not classified,13.4115,52.5235
1214,2021,91.43060973,Individuals using the Internet (% of population),DE,Germany,Europe & Central Asia,High income,Not classified,13.4115,52.5235
1215,2020,89.81294133,Individuals using the Internet (% of population),DE,Germany,Europe & Central Asia,High income,Not classified,13.4115,52.5235
1216,2019,88.1345169091916,Individuals using the Internet (% of population),DE,Germany,Europe & Central Asia,High income,Not classified,13.4115,52.5235
1217,2018,87.037112092841,Individuals using the Internet (% of population),DE,Germany,Europe & Central Asia,High income,Not classified,13.4115,52.5235
1218,2017,84.3941537010844,Individuals using the Internet (% of population),DE,Germany,Europe & Central Asia,High income,Not classified,13.4115,52.5235
1219,2016,84.1652066441212,Individuals using the Internet (% of population),DE,Germany,Europe & Central Asia,High income,Not classified,13.4115,52.5235
1220,2025,,Individuals using the Internet (% of population),GH,Ghana,Sub-Saharan Africa ,Lower middle income,IDA,-0.20795,5.57045
1221,2024,72.17569733,Individuals using the Internet (% of population),GH,Ghana,Sub-Saharan Africa ,Lower middle income,IDA,-0.20795,5.57045
1222,2023,70.67430115,Individuals using the Internet (% of population),GH,Ghana,Sub-Saharan Africa ,Lower middle income,IDA,-0.20795,5.57045
1223,2022,69.91329956,Individuals using the Internet (% of population),GH,Ghana,Sub-Saharan Africa ,Lower middle income,IDA,-0.20795,5.57045
1224,2021,68.6,Individuals using the Internet (% of population),GH,Ghana,Sub-Saharan Africa ,Lower middle income,IDA,-0.20795,5.57045
1225,2020,62.51760101,Individuals using the Internet (% of population),GH,Ghana,Sub-Saharan Africa ,Lower middle income,IDA,-0.20795,5.57045
1226,2019,22.0732,Individuals using the Internet (% of population),GH,Ghana,Sub-Saharan Africa ,Lower middle income,IDA,-0.20795,5.57045
1227,2018,43.0,Individuals using the Internet (% of population),GH,Ghana,Sub-Saharan Africa ,Lower middle income,IDA,-0.20795,5.57045
1228,2017,37.88420105,Individuals using the Internet (% of population),GH,Ghana,Sub-Saharan Africa ,Lower middle income,IDA,-0.20795,5.57045
1229,2016,28.0,Individuals using the Internet (% of population),GH,Ghana,Sub-Saharan Africa ,Lower middle income,IDA,-0.20795,5.57045
1230,2025,,Individuals using the Internet (% of population),GI,Gibraltar,Europe & Central Asia,High income,Not classified,,
1231,2024,,Individuals using the Internet (% of population),GI,Gibraltar,Europe & Central Asia,High income,Not classified,,
1232,2023,,Individuals using the Internet (% of population),GI,Gibraltar,Europe & Central Asia,High income,Not classified,,
1233,2022,,Individuals using the Internet (% of population),GI,Gibraltar,Europe & Central Asia,High income,Not classified,,
1234,2021,,Individuals using the Internet (% of population),GI,Gibraltar,Europe & Central Asia,High income,Not classified,,
1235,2020,,Individuals using the Internet (% of population),GI,Gibraltar,Europe & Central Asia,High income,Not classified,,
1236,2019,,Individuals using the Internet (% of population),GI,Gibraltar,Europe & Central Asia,High income,Not classified,,
1237,2018,,Individuals using the Internet (% of population),GI,Gibraltar,Europe & Central Asia,High income,Not classified,,
1238,2017,,Individuals using the Internet (% of population),GI,Gibraltar,Europe & Central Asia,High income,Not classified,,
1239,2016,94.4444715818151,Individuals using the Internet (% of population),GI,Gibraltar,Europe & Central Asia,High income,Not classified,,
1240,2025,,Individuals using the Internet (% of population),GR,Greece,Europe & Central Asia,High income,Not classified,23.7166,37.9792
1241,2024,86.26968886,Individuals using the Internet (% of population),GR,Greece,Europe & Central Asia,High income,Not classified,23.7166,37.9792
1242,2023,85.0102229,Individuals using the Internet (% of population),GR,Greece,Europe & Central Asia,High income,Not classified,23.7166,37.9792
1243,2022,83.17066333,Individuals using the Internet (% of population),GR,Greece,Europe & Central Asia,High income,Not classified,23.7166,37.9792
1244,2021,78.49426371,Individuals using the Internet (% of population),GR,Greece,Europe & Central Asia,High income,Not classified,23.7166,37.9792
1245,2020,78.11584474,Individuals using the Internet (% of population),GR,Greece,Europe & Central Asia,High income,Not classified,23.7166,37.9792
1246,2019,75.6712066931757,Individuals using the Internet (% of population),GR,Greece,Europe & Central Asia,High income,Not classified,23.7166,37.9792
1247,2018,72.2383733920483,Individuals using the Internet (% of population),GR,Greece,Europe & Central Asia,High income,Not classified,23.7166,37.9792
1248,2017,69.8929706543154,Individuals using the Internet (% of population),GR,Greece,Europe & Central Asia,High income,Not classified,23.7166,37.9792
1249,2016,69.0879154723892,Individuals using the Internet (% of population),GR,Greece,Europe & Central Asia,High income,Not classified,23.7166,37.9792
1250,2025,,Individuals using the Internet (% of population),GL,Greenland,Europe & Central Asia,High income,Not classified,-51.7214,64.1836
1251,2024,,Individuals using the Internet (% of population),GL,Greenland,Europe & Central Asia,High income,Not classified,-51.7214,64.1836
1252,2023,,Individuals using the Internet (% of population),GL,Greenland,Europe & Central Asia,High income,Not classified,-51.7214,64.1836
1253,2022,,Individuals using the Internet (% of population),GL,Greenland,Europe & Central Asia,High income,Not classified,-51.7214,64.1836
1254,2021,,Individuals using the Internet (% of population),GL,Greenland,Europe & Central Asia,High income,Not classified,-51.7214,64.1836
1255,2020,,Individuals using the Internet (% of population),GL,Greenland,Europe & Central Asia,High income,Not classified,-51.7214,64.1836
1256,2019,,Individuals using the Internet (% of population),GL,Greenland,Europe & Central Asia,High income,Not classified,-51.7214,64.1836
1257,2018,,Individuals using the Internet (% of population),GL,Greenland,Europe & Central Asia,High income,Not classified,-51.7214,64.1836
1258,2017,69.4824617821988,Individuals using the Internet (% of population),GL,Greenland,Europe & Central Asia,High income,Not classified,-51.7214,64.1836
1259,2016,68.500873675421,Individuals using the Internet (% of population),GL,Greenland,Europe & Central Asia,High income,Not classified,-51.7214,64.1836
1260,2025,,Individuals using the Internet (% of population),GD,Grenada,Latin America & Caribbean ,Upper middle income,Blend,-61.7449,12.0653
1261,2024,70.16159821,Individuals using the Internet (% of population),GD,Grenada,Latin America & Caribbean ,Upper middle income,Blend,-61.7449,12.0653
1262,2023,69.4131012,Individuals using the Internet (% of population),GD,Grenada,Latin America & Caribbean ,Upper middle income,Blend,-61.7449,12.0653
1263,2022,68.42030334,Individuals using the Internet (% of population),GD,Grenada,Latin America & Caribbean ,Upper middle income,Blend,-61.7449,12.0653
1264,2021,67.02279663,Individuals using the Internet (% of population),GD,Grenada,Latin America & Caribbean ,Upper middle income,Blend,-61.7449,12.0653
1265,2020,65.65380096,Individuals using the Internet (% of population),GD,Grenada,Latin America & Caribbean ,Upper middle income,Blend,-61.7449,12.0653
1266,2019,64.31279755,Individuals using the Internet (% of population),GD,Grenada,Latin America & Caribbean ,Upper middle income,Blend,-61.7449,12.0653
1267,2018,61.42459869,Individuals using the Internet (% of population),GD,Grenada,Latin America & Caribbean ,Upper middle income,Blend,-61.7449,12.0653
1268,2017,54.20000076,Individuals using the Internet (% of population),GD,Grenada,Latin America & Caribbean ,Upper middle income,Blend,-61.7449,12.0653
1269,2016,53.29999924,Individuals using the Internet (% of population),GD,Grenada,Latin America & Caribbean ,Upper middle income,Blend,-61.7449,12.0653
1270,2025,,Individuals using the Internet (% of population),GU,Guam,East Asia & Pacific,High income,Not classified,144.794,13.4443
1271,2024,,Individuals using the Internet (% of population),GU,Guam,East Asia & Pacific,High income,Not classified,144.794,13.4443
1272,2023,,Individuals using the Internet (% of population),GU,Guam,East Asia & Pacific,High income,Not classified,144.794,13.4443
1273,2022,,Individuals using the Internet (% of population),GU,Guam,East Asia & Pacific,High income,Not classified,144.794,13.4443
1274,2021,,Individuals using the Internet (% of population),GU,Guam,East Asia & Pacific,High income,Not classified,144.794,13.4443
1275,2020,,Individuals using the Internet (% of population),GU,Guam,East Asia & Pacific,High income,Not classified,144.794,13.4443
1276,2019,,Individuals using the Internet (% of population),GU,Guam,East Asia & Pacific,High income,Not classified,144.794,13.4443
1277,2018,,Individuals using the Internet (% of population),GU,Guam,East Asia & Pacific,High income,Not classified,144.794,13.4443
1278,2017,80.5054655600831,Individuals using the Internet (% of population),GU,Guam,East Asia & Pacific,High income,Not classified,144.794,13.4443
1279,2016,77.009999893206,Individuals using the Internet (% of population),GU,Guam,East Asia & Pacific,High income,Not classified,144.794,13.4443
1280,2025,,Individuals using the Internet (% of population),GT,Guatemala,Latin America & Caribbean ,Upper middle income,IBRD,-90.5328,14.6248
1281,2024,60.22140121,Individuals using the Internet (% of population),GT,Guatemala,Latin America & Caribbean ,Upper middle income,IBRD,-90.5328,14.6248
1282,2023,56.72669983,Individuals using the Internet (% of population),GT,Guatemala,Latin America & Caribbean ,Upper middle income,IBRD,-90.5328,14.6248
1283,2022,54.40430069,Individuals using the Internet (% of population),GT,Guatemala,Latin America & Caribbean ,Upper middle income,IBRD,-90.5328,14.6248
1284,2021,50.84164945,Individuals using the Internet (% of population),GT,Guatemala,Latin America & Caribbean ,Upper middle income,IBRD,-90.5328,14.6248
1285,2020,47.51229858,Individuals using the Internet (% of population),GT,Guatemala,Latin America & Caribbean ,Upper middle income,IBRD,-90.5328,14.6248
1286,2019,44.401049838502,Individuals using the Internet (% of population),GT,Guatemala,Latin America & Caribbean ,Upper middle income,IBRD,-90.5328,14.6248
1287,2018,41.5,Individuals using the Internet (% of population),GT,Guatemala,Latin America & Caribbean ,Upper middle income,IBRD,-90.5328,14.6248
1288,2017,37.90000153,Individuals using the Internet (% of population),GT,Guatemala,Latin America & Caribbean ,Upper middle income,IBRD,-90.5328,14.6248
1289,2016,34.50930023,Individuals using the Internet (% of population),GT,Guatemala,Latin America & Caribbean ,Upper middle income,IBRD,-90.5328,14.6248
1290,2025,,Individuals using the Internet (% of population),GN,Guinea,Sub-Saharan Africa ,Lower middle income,IDA,-13.7,9.51667
1291,2024,33.30469894,Individuals using the Internet (% of population),GN,Guinea,Sub-Saharan Africa ,Lower middle income,IDA,-13.7,9.51667
1292,2023,32.31560135,Individuals using the Internet (% of population),GN,Guinea,Sub-Saharan Africa ,Lower middle income,IDA,-13.7,9.51667
1293,2022,31.31399918,Individuals using the Internet (% of population),GN,Guinea,Sub-Saharan Africa ,Lower middle income,IDA,-13.7,9.51667
1294,2021,28.61330032,Individuals using the Internet (% of population),GN,Guinea,Sub-Saharan Africa ,Lower middle income,IDA,-13.7,9.51667
1295,2020,26.14550018,Individuals using the Internet (% of population),GN,Guinea,Sub-Saharan Africa ,Lower middle income,IDA,-13.7,9.51667
1296,2019,23.89049911,Individuals using the Internet (% of population),GN,Guinea,Sub-Saharan Africa ,Lower middle income,IDA,-13.7,9.51667
1297,2018,21.8300230430563,Individuals using the Internet (% of population),GN,Guinea,Sub-Saharan Africa ,Lower middle income,IDA,-13.7,9.51667
1298,2017,18.70000076,Individuals using the Internet (% of population),GN,Guinea,Sub-Saharan Africa ,Lower middle income,IDA,-13.7,9.51667
1299,2016,13.10000038,Individuals using the Internet (% of population),GN,Guinea,Sub-Saharan Africa ,Lower middle income,IDA,-13.7,9.51667
1300,2025,,Individuals using the Internet (% of population),GW,Guinea-Bissau,Sub-Saharan Africa ,Low income,IDA,-15.1804,11.8037
1301,2024,29.77739906,Individuals using the Internet (% of population),GW,Guinea-Bissau,Sub-Saharan Africa ,Low income,IDA,-15.1804,11.8037
1302,2023,28.71240044,Individuals using the Internet (% of population),GW,Guinea-Bissau,Sub-Saharan Africa ,Low income,IDA,-15.1804,11.8037
1303,2022,27.67379951,Individuals using the Internet (% of population),GW,Guinea-Bissau,Sub-Saharan Africa ,Low income,IDA,-15.1804,11.8037
1304,2021,23.3519001,Individuals using the Internet (% of population),GW,Guinea-Bissau,Sub-Saharan Africa ,Low income,IDA,-15.1804,11.8037
1305,2020,20.45730019,Individuals using the Internet (% of population),GW,Guinea-Bissau,Sub-Saharan Africa ,Low income,IDA,-15.1804,11.8037
1306,2019,17.92149925,Individuals using the Internet (% of population),GW,Guinea-Bissau,Sub-Saharan Africa ,Low income,IDA,-15.1804,11.8037
1307,2018,15.69999981,Individuals using the Internet (% of population),GW,Guinea-Bissau,Sub-Saharan Africa ,Low income,IDA,-15.1804,11.8037
1308,2017,14.80000019,Individuals using the Internet (% of population),GW,Guinea-Bissau,Sub-Saharan Africa ,Low income,IDA,-15.1804,11.8037
1309,2016,13.80000019,Individuals using the Internet (% of population),GW,Guinea-Bissau,Sub-Saharan Africa ,Low income,IDA,-15.1804,11.8037
1310,2025,,Individuals using the Internet (% of population),GY,Guyana,Latin America & Caribbean ,High income,IDA,-58.1548,6.80461
1311,2024,83.00080109,Individuals using the Internet (% of population),GY,Guyana,Latin America & Caribbean ,High income,IDA,-58.1548,6.80461
1312,2023,79.3553009,Individuals using the Internet (% of population),GY,Guyana,Latin America & Caribbean ,High income,IDA,-58.1548,6.80461
1313,2022,76.56240082,Individuals using the Internet (% of population),GY,Guyana,Latin America & Caribbean ,High income,IDA,-58.1548,6.80461
1314,2021,71.65090179,Individuals using the Internet (% of population),GY,Guyana,Latin America & Caribbean ,High income,IDA,-58.1548,6.80461
1315,2020,62.95399857,Individuals using the Internet (% of population),GY,Guyana,Latin America & Caribbean ,High income,IDA,-58.1548,6.80461
1316,2019,55.31269836,Individuals using the Internet (% of population),GY,Guyana,Latin America & Caribbean ,High income,IDA,-58.1548,6.80461
1317,2018,48.59889984,Individuals using the Internet (% of population),GY,Guyana,Latin America & Caribbean ,High income,IDA,-58.1548,6.80461
1318,2017,42.6753006,Individuals using the Internet (% of population),GY,Guyana,Latin America & Caribbean ,High income,IDA,-58.1548,6.80461
1319,2016,35.65999985,Individuals using the Internet (% of population),GY,Guyana,Latin America & Caribbean ,High income,IDA,-58.1548,6.80461
1320,2025,,Individuals using the Internet (% of population),HT,Haiti,Latin America & Caribbean ,Lower middle income,IDA,-72.3288,18.5392
1321,2024,47.8614006,Individuals using the Internet (% of population),HT,Haiti,Latin America & Caribbean ,Lower middle income,IDA,-72.3288,18.5392
1322,2023,47.99269867,Individuals using the Internet (% of population),HT,Haiti,Latin America & Caribbean ,Lower middle income,IDA,-72.3288,18.5392
1323,2022,47.77470016,Individuals using the Internet (% of population),HT,Haiti,Latin America & Caribbean ,Lower middle income,IDA,-72.3288,18.5392
1324,2021,43.37919998,Individuals using the Internet (% of population),HT,Haiti,Latin America & Caribbean ,Lower middle income,IDA,-72.3288,18.5392
1325,2020,39.38809967,Individuals using the Internet (% of population),HT,Haiti,Latin America & Caribbean ,Lower middle income,IDA,-72.3288,18.5392
1326,2019,35.76409912,Individuals using the Internet (% of population),HT,Haiti,Latin America & Caribbean ,Lower middle income,IDA,-72.3288,18.5392
1327,2018,32.4736271300557,Individuals using the Internet (% of population),HT,Haiti,Latin America & Caribbean ,Lower middle income,IDA,-72.3288,18.5392
1328,2017,27.20000076,Individuals using the Internet (% of population),HT,Haiti,Latin America & Caribbean ,Lower middle income,IDA,-72.3288,18.5392
1329,2016,22.79999924,Individuals using the Internet (% of population),HT,Haiti,Latin America & Caribbean ,Lower middle income,IDA,-72.3288,18.5392
1330,2025,,Individuals using the Internet (% of population),HN,Honduras,Latin America & Caribbean ,Lower middle income,IDA,-87.4667,15.1333
1331,2024,58.62269974,Individuals using the Internet (% of population),HN,Honduras,Latin America & Caribbean ,Lower middle income,IDA,-87.4667,15.1333
1332,2023,58.0685997,Individuals using the Internet (% of population),HN,Honduras,Latin America & Caribbean ,Lower middle income,IDA,-87.4667,15.1333
1333,2022,56.88069916,Individuals using the Internet (% of population),HN,Honduras,Latin America & Caribbean ,Lower middle income,IDA,-87.4667,15.1333
1334,2021,51.95159912,Individuals using the Internet (% of population),HN,Honduras,Latin America & Caribbean ,Lower middle income,IDA,-87.4667,15.1333
1335,2020,45.24829865,Individuals using the Internet (% of population),HN,Honduras,Latin America & Caribbean ,Lower middle income,IDA,-87.4667,15.1333
1336,2019,39.3883521850111,Individuals using the Internet (% of population),HN,Honduras,Latin America & Caribbean ,Lower middle income,IDA,-87.4667,15.1333
1337,2018,36.0400608231468,Individuals using the Internet (% of population),HN,Honduras,Latin America & Caribbean ,Lower middle income,IDA,-87.4667,15.1333
1338,2017,31.7357924661485,Individuals using the Internet (% of population),HN,Honduras,Latin America & Caribbean ,Lower middle income,IDA,-87.4667,15.1333
1339,2016,29.5282180796457,Individuals using the Internet (% of population),HN,Honduras,Latin America & Caribbean ,Lower middle income,IDA,-87.4667,15.1333
1340,2025,,Individuals using the Internet (% of population),HK,"Hong Kong SAR, China",East Asia & Pacific,High income,Not classified,114.109,22.3964
1341,2024,95.75536971,Individuals using the Internet (% of population),HK,"Hong Kong SAR, China",East Asia & Pacific,High income,Not classified,114.109,22.3964
1342,2023,95.97781908,Individuals using the Internet (% of population),HK,"Hong Kong SAR, China",East Asia & Pacific,High income,Not classified,114.109,22.3964
1343,2022,95.61357052,Individuals using the Internet (% of population),HK,"Hong Kong SAR, China",East Asia & Pacific,High income,Not classified,114.109,22.3964
1344,2021,93.08715788,Individuals using the Internet (% of population),HK,"Hong Kong SAR, China",East Asia & Pacific,High income,Not classified,114.109,22.3964
1345,2020,92.41313602,Individuals using the Internet (% of population),HK,"Hong Kong SAR, China",East Asia & Pacific,High income,Not classified,114.109,22.3964
1346,2019,91.7434003891587,Individuals using the Internet (% of population),HK,"Hong Kong SAR, China",East Asia & Pacific,High income,Not classified,114.109,22.3964
1347,2018,90.5073953294283,Individuals using the Internet (% of population),HK,"Hong Kong SAR, China",East Asia & Pacific,High income,Not classified,114.109,22.3964
1348,2017,89.4159446487565,Individuals using the Internet (% of population),HK,"Hong Kong SAR, China",East Asia & Pacific,High income,Not classified,114.109,22.3964
1349,2016,87.47941467087,Individuals using the Internet (% of population),HK,"Hong Kong SAR, China",East Asia & Pacific,High income,Not classified,114.109,22.3964
1350,2025,,Individuals using the Internet (% of population),HU,Hungary,Europe & Central Asia,High income,Not classified,19.0408,47.4984
1351,2024,93.77898628,Individuals using the Internet (% of population),HU,Hungary,Europe & Central Asia,High income,Not classified,19.0408,47.4984
1352,2023,91.4500713,Individuals using the Internet (% of population),HU,Hungary,Europe & Central Asia,High income,Not classified,19.0408,47.4984
1353,2022,89.14282688,Individuals using the Internet (% of population),HU,Hungary,Europe & Central Asia,High income,Not classified,19.0408,47.4984
1354,2021,88.64083466,Individuals using the Internet (% of population),HU,Hungary,Europe & Central Asia,High income,Not classified,19.0408,47.4984
1355,2020,84.77115202,Individuals using the Internet (% of population),HU,Hungary,Europe & Central Asia,High income,Not classified,19.0408,47.4984
1356,2019,80.3716936050482,Individuals using the Internet (% of population),HU,Hungary,Europe & Central Asia,High income,Not classified,19.0408,47.4984
1357,2018,76.0743606365063,Individuals using the Internet (% of population),HU,Hungary,Europe & Central Asia,High income,Not classified,19.0408,47.4984
1358,2017,76.7505471201922,Individuals using the Internet (% of population),HU,Hungary,Europe & Central Asia,High income,Not classified,19.0408,47.4984
1359,2016,79.2594121273057,Individuals using the Internet (% of population),HU,Hungary,Europe & Central Asia,High income,Not classified,19.0408,47.4984
1360,2025,,Individuals using the Internet (% of population),IS,Iceland,Europe & Central Asia,High income,Not classified,-21.8952,64.1353
1361,2024,98.209198,Individuals using the Internet (% of population),IS,Iceland,Europe & Central Asia,High income,Not classified,-21.8952,64.1353
1362,2023,97.94860077,Individuals using the Internet (% of population),IS,Iceland,Europe & Central Asia,High income,Not classified,-21.8952,64.1353
1363,2022,97.58339691,Individuals using the Internet (% of population),IS,Iceland,Europe & Central Asia,High income,Not classified,-21.8952,64.1353
1364,2021,99.68701957,Individuals using the Internet (% of population),IS,Iceland,Europe & Central Asia,High income,Not classified,-21.8952,64.1353
1365,2020,99.5327519,Individuals using the Internet (% of population),IS,Iceland,Europe & Central Asia,High income,Not classified,-21.8952,64.1353
1366,2019,99.5049411693787,Individuals using the Internet (% of population),IS,Iceland,Europe & Central Asia,High income,Not classified,-21.8952,64.1353
1367,2018,99.0109539916991,Individuals using the Internet (% of population),IS,Iceland,Europe & Central Asia,High income,Not classified,-21.8952,64.1353
1368,2017,98.2552011867973,Individuals using the Internet (% of population),IS,Iceland,Europe & Central Asia,High income,Not classified,-21.8952,64.1353
1369,2016,98.23999786,Individuals using the Internet (% of population),IS,Iceland,Europe & Central Asia,High income,Not classified,-21.8952,64.1353
1370,2025,70.0,Individuals using the Internet (% of population),IN,India,South Asia,Lower middle income,IBRD,77.225,28.6353
1371,2024,64.9434967,Individuals using the Internet (% of population),IN,India,South Asia,Lower middle income,IBRD,77.225,28.6353
1372,2023,60.25230026,Individuals using the Internet (% of population),IN,India,South Asia,Lower middle income,IBRD,77.225,28.6353
1373,2022,55.9,Individuals using the Internet (% of population),IN,India,South Asia,Lower middle income,IBRD,77.225,28.6353
1374,2021,49.2580986,Individuals using the Internet (% of population),IN,India,South Asia,Lower middle income,IBRD,77.225,28.6353
1375,2020,43.40544313,Individuals using the Internet (% of population),IN,India,South Asia,Lower middle income,IBRD,77.225,28.6353
1376,2019,29.52350044,Individuals using the Internet (% of population),IN,India,South Asia,Lower middle income,IBRD,77.225,28.6353
1377,2018,20.0813000379384,Individuals using the Internet (% of population),IN,India,South Asia,Lower middle income,IBRD,77.225,28.6353
1378,2017,18.20000076,Individuals using the Internet (% of population),IN,India,South Asia,Lower middle income,IBRD,77.225,28.6353
1379,2016,16.5,Individuals using the Internet (% of population),IN,India,South Asia,Lower middle income,IBRD,77.225,28.6353
1380,2025,,Individuals using the Internet (% of population),ID,Indonesia,East Asia & Pacific,Upper middle income,IBRD,106.83,-6.19752
1381,2024,72.78075544,Individuals using the Internet (% of population),ID,Indonesia,East Asia & Pacific,Upper middle income,IBRD,106.83,-6.19752
1382,2023,69.20836554,Individuals using the Internet (% of population),ID,Indonesia,East Asia & Pacific,Upper middle income,IBRD,106.83,-6.19752
1383,2022,66.48461277,Individuals using the Internet (% of population),ID,Indonesia,East Asia & Pacific,Upper middle income,IBRD,106.83,-6.19752
1384,2021,62.10447842,Individuals using the Internet (% of population),ID,Indonesia,East Asia & Pacific,Upper middle income,IBRD,106.83,-6.19752
1385,2020,53.72649449,Individuals using the Internet (% of population),ID,Indonesia,East Asia & Pacific,Upper middle income,IBRD,106.83,-6.19752
1386,2019,47.6906489788375,Individuals using the Internet (% of population),ID,Indonesia,East Asia & Pacific,Upper middle income,IBRD,106.83,-6.19752
1387,2018,39.9046386385762,Individuals using the Internet (% of population),ID,Indonesia,East Asia & Pacific,Upper middle income,IBRD,106.83,-6.19752
1388,2017,32.335806250688,Individuals using the Internet (% of population),ID,Indonesia,East Asia & Pacific,Upper middle income,IBRD,106.83,-6.19752
1389,2016,25.447353701827,Individuals using the Internet (% of population),ID,Indonesia,East Asia & Pacific,Upper middle income,IBRD,106.83,-6.19752
1390,2025,,Individuals using the Internet (% of population),IR,"Iran, Islamic Rep.","Middle East, North Africa, Afghanistan & Pakistan",Upper middle income,IBRD,51.4447,35.6878
1391,2024,85.3404007,Individuals using the Internet (% of population),IR,"Iran, Islamic Rep.","Middle East, North Africa, Afghanistan & Pakistan",Upper middle income,IBRD,51.4447,35.6878
1392,2023,83.71050262,Individuals using the Internet (% of population),IR,"Iran, Islamic Rep.","Middle East, North Africa, Afghanistan & Pakistan",Upper middle income,IBRD,51.4447,35.6878
1393,2022,81.71649933,Individuals using the Internet (% of population),IR,"Iran, Islamic Rep.","Middle East, North Africa, Afghanistan & Pakistan",Upper middle income,IBRD,51.4447,35.6878
1394,2021,78.5957366,Individuals using the Internet (% of population),IR,"Iran, Islamic Rep.","Middle East, North Africa, Afghanistan & Pakistan",Upper middle income,IBRD,51.4447,35.6878
1395,2020,75.56986637,Individuals using the Internet (% of population),IR,"Iran, Islamic Rep.","Middle East, North Africa, Afghanistan & Pakistan",Upper middle income,IBRD,51.4447,35.6878
1396,2019,72.4509047672065,Individuals using the Internet (% of population),IR,"Iran, Islamic Rep.","Middle East, North Africa, Afghanistan & Pakistan",Upper middle income,IBRD,51.4447,35.6878
1397,2018,70.2005650008363,Individuals using the Internet (% of population),IR,"Iran, Islamic Rep.","Middle East, North Africa, Afghanistan & Pakistan",Upper middle income,IBRD,51.4447,35.6878
1398,2017,64.0439736249513,Individuals using the Internet (% of population),IR,"Iran, Islamic Rep.","Middle East, North Africa, Afghanistan & Pakistan",Upper middle income,IBRD,51.4447,35.6878
1399,2016,53.2267716709857,Individuals using the Internet (% of population),IR,"Iran, Islamic Rep.","Middle East, North Africa, Afghanistan & Pakistan",Upper middle income,IBRD,51.4447,35.6878
1400,2025,,Individuals using the Internet (% of population),IQ,Iraq,"Middle East, North Africa, Afghanistan & Pakistan",Upper middle income,IBRD,44.394,33.3302
1401,2024,81.47450256,Individuals using the Internet (% of population),IQ,Iraq,"Middle East, North Africa, Afghanistan & Pakistan",Upper middle income,IBRD,44.394,33.3302
1402,2023,81.80889893,Individuals using the Internet (% of population),IQ,Iraq,"Middle East, North Africa, Afghanistan & Pakistan",Upper middle income,IBRD,44.394,33.3302
1403,2022,78.71560926,Individuals using the Internet (% of population),IQ,Iraq,"Middle East, North Africa, Afghanistan & Pakistan",Upper middle income,IBRD,44.394,33.3302
1404,2021,65.00219727,Individuals using the Internet (% of population),IQ,Iraq,"Middle East, North Africa, Afghanistan & Pakistan",Upper middle income,IBRD,44.394,33.3302
1405,2020,53.67779922,Individuals using the Internet (% of population),IQ,Iraq,"Middle East, North Africa, Afghanistan & Pakistan",Upper middle income,IBRD,44.394,33.3302
1406,2019,44.3263465511579,Individuals using the Internet (% of population),IQ,Iraq,"Middle East, North Africa, Afghanistan & Pakistan",Upper middle income,IBRD,44.394,33.3302
1407,2018,33.92810059,Individuals using the Internet (% of population),IQ,Iraq,"Middle East, North Africa, Afghanistan & Pakistan",Upper middle income,IBRD,44.394,33.3302
1408,2017,25.96920013,Individuals using the Internet (% of population),IQ,Iraq,"Middle East, North Africa, Afghanistan & Pakistan",Upper middle income,IBRD,44.394,33.3302
1409,2016,19.87719917,Individuals using the Internet (% of population),IQ,Iraq,"Middle East, North Africa, Afghanistan & Pakistan",Upper middle income,IBRD,44.394,33.3302
1410,2025,,Individuals using the Internet (% of population),IE,Ireland,Europe & Central Asia,High income,Not classified,-6.26749,53.3441
1411,2024,97.18769836,Individuals using the Internet (% of population),IE,Ireland,Europe & Central Asia,High income,Not classified,-6.26749,53.3441
1412,2023,96.8660965,Individuals using the Internet (% of population),IE,Ireland,Europe & Central Asia,High income,Not classified,-6.26749,53.3441
1413,2022,95.03690338,Individuals using the Internet (% of population),IE,Ireland,Europe & Central Asia,High income,Not classified,-6.26749,53.3441
1414,2021,93.50610352,Individuals using the Internet (% of population),IE,Ireland,Europe & Central Asia,High income,Not classified,-6.26749,53.3441
1415,2020,91.99989097,Individuals using the Internet (% of population),IE,Ireland,Europe & Central Asia,High income,Not classified,-6.26749,53.3441
1416,2019,87.0000552425146,Individuals using the Internet (% of population),IE,Ireland,Europe & Central Asia,High income,Not classified,-6.26749,53.3441
1417,2018,87.0001401148942,Individuals using the Internet (% of population),IE,Ireland,Europe & Central Asia,High income,Not classified,-6.26749,53.3441
1418,2017,84.1140070623844,Individuals using the Internet (% of population),IE,Ireland,Europe & Central Asia,High income,Not classified,-6.26749,53.3441
1419,2016,83.5,Individuals using the Internet (% of population),IE,Ireland,Europe & Central Asia,High income,Not classified,-6.26749,53.3441
1420,2025,,Individuals using the Internet (% of population),IM,Isle of Man,Europe & Central Asia,High income,Not classified,-4.47928,54.1509
1421,2024,,Individuals using the Internet (% of population),IM,Isle of Man,Europe & Central Asia,High income,Not classified,-4.47928,54.1509
1422,2023,,Individuals using the Internet (% of population),IM,Isle of Man,Europe & Central Asia,High income,Not classified,-4.47928,54.1509
1423,2022,,Individuals using the Internet (% of population),IM,Isle of Man,Europe & Central Asia,High income,Not classified,-4.47928,54.1509
1424,2021,,Individuals using the Internet (% of population),IM,Isle of Man,Europe & Central Asia,High income,Not classified,-4.47928,54.1509
1425,2020,,Individuals using the Internet (% of population),IM,Isle of Man,Europe & Central Asia,High income,Not classified,-4.47928,54.1509
1426,2019,,Individuals using the Internet (% of population),IM,Isle of Man,Europe & Central Asia,High income,Not classified,-4.47928,54.1509
1427,2018,,Individuals using the Internet (% of population),IM,Isle of Man,Europe & Central Asia,High income,Not classified,-4.47928,54.1509
1428,2017,,Individuals using the Internet (% of population),IM,Isle of Man,Europe & Central Asia,High income,Not classified,-4.47928,54.1509
1429,2016,,Individuals using the Internet (% of population),IM,Isle of Man,Europe & Central Asia,High income,Not classified,-4.47928,54.1509
1430,2025,,Individuals using the Internet (% of population),IL,Israel,"Middle East, North Africa, Afghanistan & Pakistan",High income,Not classified,35.2035,31.7717
1431,2024,88.18242225,Individuals using the Internet (% of population),IL,Israel,"Middle East, North Africa, Afghanistan & Pakistan",High income,Not classified,35.2035,31.7717
1432,2023,87.03842615,Individuals using the Internet (% of population),IL,Israel,"Middle East, North Africa, Afghanistan & Pakistan",High income,Not classified,35.2035,31.7717
1433,2022,91.85079615,Individuals using the Internet (% of population),IL,Israel,"Middle East, North Africa, Afghanistan & Pakistan",High income,Not classified,35.2035,31.7717
1434,2021,90.29689758,Individuals using the Internet (% of population),IL,Israel,"Middle East, North Africa, Afghanistan & Pakistan",High income,Not classified,35.2035,31.7717
1435,2020,90.12734091,Individuals using the Internet (% of population),IL,Israel,"Middle East, North Africa, Afghanistan & Pakistan",High income,Not classified,35.2035,31.7717
1436,2019,86.7878776180583,Individuals using the Internet (% of population),IL,Israel,"Middle East, North Africa, Afghanistan & Pakistan",High income,Not classified,35.2035,31.7717
1437,2018,83.7331569615326,Individuals using the Internet (% of population),IL,Israel,"Middle East, North Africa, Afghanistan & Pakistan",High income,Not classified,35.2035,31.7717
1438,2017,81.5811835871611,Individuals using the Internet (% of population),IL,Israel,"Middle East, North Africa, Afghanistan & Pakistan",High income,Not classified,35.2035,31.7717
1439,2016,79.6531241815281,Individuals using the Internet (% of population),IL,Israel,"Middle East, North Africa, Afghanistan & Pakistan",High income,Not classified,35.2035,31.7717
1440,2025,,Individuals using the Internet (% of population),IT,Italy,Europe & Central Asia,High income,Not classified,12.4823,41.8955
1441,2024,89.2207202,Individuals using the Internet (% of population),IT,Italy,Europe & Central Asia,High income,Not classified,12.4823,41.8955
1442,2023,87.0278292,Individuals using the Internet (% of population),IT,Italy,Europe & Central Asia,High income,Not classified,12.4823,41.8955
1443,2022,85.06074504,Individuals using the Internet (% of population),IT,Italy,Europe & Central Asia,High income,Not classified,12.4823,41.8955
1444,2021,74.8623274,Individuals using the Internet (% of population),IT,Italy,Europe & Central Asia,High income,Not classified,12.4823,41.8955
1445,2020,70.48342785,Individuals using the Internet (% of population),IT,Italy,Europe & Central Asia,High income,Not classified,12.4823,41.8955
1446,2019,67.8507102874836,Individuals using the Internet (% of population),IT,Italy,Europe & Central Asia,High income,Not classified,12.4823,41.8955
1447,2018,74.3871829234822,Individuals using the Internet (% of population),IT,Italy,Europe & Central Asia,High income,Not classified,12.4823,41.8955
1448,2017,63.0773469984291,Individuals using the Internet (% of population),IT,Italy,Europe & Central Asia,High income,Not classified,12.4823,41.8955
1449,2016,61.3242527666303,Individuals using the Internet (% of population),IT,Italy,Europe & Central Asia,High income,Not classified,12.4823,41.8955
1450,2025,,Individuals using the Internet (% of population),JM,Jamaica,Latin America & Caribbean ,Upper middle income,IBRD,-76.792,17.9927
1451,2024,90.10870361,Individuals using the Internet (% of population),JM,Jamaica,Latin America & Caribbean ,Upper middle income,IBRD,-76.792,17.9927
1452,2023,89.47304282,Individuals using the Internet (% of population),JM,Jamaica,Latin America & Caribbean ,Upper middle income,IBRD,-76.792,17.9927
1453,2022,85.84329987,Individuals using the Internet (% of population),JM,Jamaica,Latin America & Caribbean ,Upper middle income,IBRD,-76.792,17.9927
1454,2021,82.36071561,Individuals using the Internet (% of population),JM,Jamaica,Latin America & Caribbean ,Upper middle income,IBRD,-76.792,17.9927
1455,2020,76.38400269,Individuals using the Internet (% of population),JM,Jamaica,Latin America & Caribbean ,Upper middle income,IBRD,-76.792,17.9927
1456,2019,70.8410169743356,Individuals using the Internet (% of population),JM,Jamaica,Latin America & Caribbean ,Upper middle income,IBRD,-76.792,17.9927
1457,2018,68.2145170876072,Individuals using the Internet (% of population),JM,Jamaica,Latin America & Caribbean ,Upper middle income,IBRD,-76.792,17.9927
1458,2017,55.0720670507751,Individuals using the Internet (% of population),JM,Jamaica,Latin America & Caribbean ,Upper middle income,IBRD,-76.792,17.9927
1459,2016,44.3668563671334,Individuals using the Internet (% of population),JM,Jamaica,Latin America & Caribbean ,Upper middle income,IBRD,-76.792,17.9927
1460,2025,,Individuals using the Internet (% of population),JP,Japan,East Asia & Pacific,High income,Not classified,139.77,35.67
1461,2024,85.54153081,Individuals using the Internet (% of population),JP,Japan,East Asia & Pacific,High income,Not classified,139.77,35.67
1462,2023,85.00990295,Individuals using the Internet (% of population),JP,Japan,East Asia & Pacific,High income,Not classified,139.77,35.67
1463,2022,84.92343147,Individuals using the Internet (% of population),JP,Japan,East Asia & Pacific,High income,Not classified,139.77,35.67
1464,2021,82.91407928,Individuals using the Internet (% of population),JP,Japan,East Asia & Pacific,High income,Not classified,139.77,35.67
1465,2020,90.21945812,Individuals using the Internet (% of population),JP,Japan,East Asia & Pacific,High income,Not classified,139.77,35.67
1466,2019,92.7303978145525,Individuals using the Internet (% of population),JP,Japan,East Asia & Pacific,High income,Not classified,139.77,35.67
1467,2018,88.7463508901772,Individuals using the Internet (% of population),JP,Japan,East Asia & Pacific,High income,Not classified,139.77,35.67
1468,2017,91.7265472366635,Individuals using the Internet (% of population),JP,Japan,East Asia & Pacific,High income,Not classified,139.77,35.67
1469,2016,93.1827212821617,Individuals using the Internet (% of population),JP,Japan,East Asia & Pacific,High income,Not classified,139.77,35.67
1470,2025,,Individuals using the Internet (% of population),JO,Jordan,"Middle East, North Africa, Afghanistan & Pakistan",Upper middle income,IBRD,35.9263,31.9497
1471,2024,95.62244985,Individuals using the Internet (% of population),JO,Jordan,"Middle East, North Africa, Afghanistan & Pakistan",Upper middle income,IBRD,35.9263,31.9497
1472,2023,92.53443944,Individuals using the Internet (% of population),JO,Jordan,"Middle East, North Africa, Afghanistan & Pakistan",Upper middle income,IBRD,35.9263,31.9497
1473,2022,90.4999984,Individuals using the Internet (% of population),JO,Jordan,"Middle East, North Africa, Afghanistan & Pakistan",Upper middle income,IBRD,35.9263,31.9497
1474,2021,85.999997,Individuals using the Internet (% of population),JO,Jordan,"Middle East, North Africa, Afghanistan & Pakistan",Upper middle income,IBRD,35.9263,31.9497
1475,2020,78.4178009,Individuals using the Internet (% of population),JO,Jordan,"Middle East, North Africa, Afghanistan & Pakistan",Upper middle income,IBRD,35.9263,31.9497
1476,2019,70.08470154,Individuals using the Internet (% of population),JO,Jordan,"Middle East, North Africa, Afghanistan & Pakistan",Upper middle income,IBRD,35.9263,31.9497
1477,2018,65.2,Individuals using the Internet (% of population),JO,Jordan,"Middle East, North Africa, Afghanistan & Pakistan",Upper middle income,IBRD,35.9263,31.9497
1478,2017,64.5,Individuals using the Internet (% of population),JO,Jordan,"Middle East, North Africa, Afghanistan & Pakistan",Upper middle income,IBRD,35.9263,31.9497
1479,2016,56.15000153,Individuals using the Internet (% of population),JO,Jordan,"Middle East, North Africa, Afghanistan & Pakistan",Upper middle income,IBRD,35.9263,31.9497
1480,2025,,Individuals using the Internet (% of population),KZ,Kazakhstan,Europe & Central Asia,Upper middle income,IBRD,71.4382,51.1879
1481,2024,93.39167254,Individuals using the Internet (% of population),KZ,Kazakhstan,Europe & Central Asia,Upper middle income,IBRD,71.4382,51.1879
1482,2023,92.87846096,Individuals using the Internet (% of population),KZ,Kazakhstan,Europe & Central Asia,Upper middle income,IBRD,71.4382,51.1879
1483,2022,92.29685266,Individuals using the Internet (% of population),KZ,Kazakhstan,Europe & Central Asia,Upper middle income,IBRD,71.4382,51.1879
1484,2021,90.9239507,Individuals using the Internet (% of population),KZ,Kazakhstan,Europe & Central Asia,Upper middle income,IBRD,71.4382,51.1879
1485,2020,85.94259898,Individuals using the Internet (% of population),KZ,Kazakhstan,Europe & Central Asia,Upper middle income,IBRD,71.4382,51.1879
1486,2019,81.8776204746284,Individuals using the Internet (% of population),KZ,Kazakhstan,Europe & Central Asia,Upper middle income,IBRD,71.4382,51.1879
1487,2018,78.9039190578816,Individuals using the Internet (% of population),KZ,Kazakhstan,Europe & Central Asia,Upper middle income,IBRD,71.4382,51.1879
1488,2017,76.4267482325439,Individuals using the Internet (% of population),KZ,Kazakhstan,Europe & Central Asia,Upper middle income,IBRD,71.4382,51.1879
1489,2016,74.5877264735738,Individuals using the Internet (% of population),KZ,Kazakhstan,Europe & Central Asia,Upper middle income,IBRD,71.4382,51.1879
1490,2025,,Individuals using the Internet (% of population),KE,Kenya,Sub-Saharan Africa ,Lower middle income,Blend,36.8126,-1.27975
1491,2024,34.97622513,Individuals using the Internet (% of population),KE,Kenya,Sub-Saharan Africa ,Lower middle income,Blend,36.8126,-1.27975
1492,2023,32.07040024,Individuals using the Internet (% of population),KE,Kenya,Sub-Saharan Africa ,Lower middle income,Blend,36.8126,-1.27975
1493,2022,29.40589905,Individuals using the Internet (% of population),KE,Kenya,Sub-Saharan Africa ,Lower middle income,Blend,36.8126,-1.27975
1494,2021,26.96290016,Individuals using the Internet (% of population),KE,Kenya,Sub-Saharan Africa ,Lower middle income,Blend,36.8126,-1.27975
1495,2020,24.7227993,Individuals using the Internet (% of population),KE,Kenya,Sub-Saharan Africa ,Lower middle income,Blend,36.8126,-1.27975
1496,2019,22.6687733618171,Individuals using the Internet (% of population),KE,Kenya,Sub-Saharan Africa ,Lower middle income,Blend,36.8126,-1.27975
1497,2018,19.5,Individuals using the Internet (% of population),KE,Kenya,Sub-Saharan Africa ,Lower middle income,Blend,36.8126,-1.27975
1498,2017,17.82710075,Individuals using the Internet (% of population),KE,Kenya,Sub-Saharan Africa ,Lower middle income,Blend,36.8126,-1.27975
1499,2016,16.6,Individuals using the Internet (% of population),KE,Kenya,Sub-Saharan Africa ,Lower middle income,Blend,36.8126,-1.27975
1500,2025,,Individuals using the Internet (% of population),KI,Kiribati,East Asia & Pacific,Lower middle income,IDA,172.979,1.32905
1501,2024,89.44029999,Individuals using the Internet (% of population),KI,Kiribati,East Asia & Pacific,Lower middle income,IDA,172.979,1.32905
1502,2023,88.0,Individuals using the Internet (% of population),KI,Kiribati,East Asia & Pacific,Lower middle income,IDA,172.979,1.32905
1503,2022,84.99849701,Individuals using the Internet (% of population),KI,Kiribati,East Asia & Pacific,Lower middle income,IDA,172.979,1.32905
1504,2021,67.08760071,Individuals using the Internet (% of population),KI,Kiribati,East Asia & Pacific,Lower middle income,IDA,172.979,1.32905
1505,2020,52.95090103,Individuals using the Internet (% of population),KI,Kiribati,East Asia & Pacific,Lower middle income,IDA,172.979,1.32905
1506,2019,41.79299927,Individuals using the Internet (% of population),KI,Kiribati,East Asia & Pacific,Lower middle income,IDA,172.979,1.32905
1507,2018,32.9864006,Individuals using the Internet (% of population),KI,Kiribati,East Asia & Pacific,Lower middle income,IDA,172.979,1.32905
1508,2017,25.30960083,Individuals using the Internet (% of population),KI,Kiribati,East Asia & Pacific,Lower middle income,IDA,172.979,1.32905
1509,2016,19.41939926,Individuals using the Internet (% of population),KI,Kiribati,East Asia & Pacific,Lower middle income,IDA,172.979,1.32905
1510,2025,,Individuals using the Internet (% of population),KP,"Korea, Dem. People's Rep.",East Asia & Pacific,Low income,Not classified,125.754,39.0319
1511,2024,,Individuals using the Internet (% of population),KP,"Korea, Dem. People's Rep.",East Asia & Pacific,Low income,Not classified,125.754,39.0319
1512,2023,,Individuals using the Internet (% of population),KP,"Korea, Dem. People's Rep.",East Asia & Pacific,Low income,Not classified,125.754,39.0319
1513,2022,,Individuals using the Internet (% of population),KP,"Korea, Dem. People's Rep.",East Asia & Pacific,Low income,Not classified,125.754,39.0319
1514,2021,,Individuals using the Internet (% of population),KP,"Korea, Dem. People's Rep.",East Asia & Pacific,Low income,Not classified,125.754,39.0319
1515,2020,,Individuals using the Internet (% of population),KP,"Korea, Dem. People's Rep.",East Asia & Pacific,Low income,Not classified,125.754,39.0319
1516,2019,,Individuals using the Internet (% of population),KP,"Korea, Dem. People's Rep.",East Asia & Pacific,Low income,Not classified,125.754,39.0319
1517,2018,,Individuals using the Internet (% of population),KP,"Korea, Dem. People's Rep.",East Asia & Pacific,Low income,Not classified,125.754,39.0319
1518,2017,,Individuals using the Internet (% of population),KP,"Korea, Dem. People's Rep.",East Asia & Pacific,Low income,Not classified,125.754,39.0319
1519,2016,,Individuals using the Internet (% of population),KP,"Korea, Dem. People's Rep.",East Asia & Pacific,Low income,Not classified,125.754,39.0319
1520,2025,,Individuals using the Internet (% of population),KR,"Korea, Rep.",East Asia & Pacific,High income,Not classified,126.957,37.5323
1521,2024,97.89563777,Individuals using the Internet (% of population),KR,"Korea, Rep.",East Asia & Pacific,High income,Not classified,126.957,37.5323
1522,2023,97.41597478,Individuals using the Internet (% of population),KR,"Korea, Rep.",East Asia & Pacific,High income,Not classified,126.957,37.5323
1523,2022,97.16855335,Individuals using the Internet (% of population),KR,"Korea, Rep.",East Asia & Pacific,High income,Not classified,126.957,37.5323
1524,2021,97.57132698,Individuals using the Internet (% of population),KR,"Korea, Rep.",East Asia & Pacific,High income,Not classified,126.957,37.5323
1525,2020,96.50506052,Individuals using the Internet (% of population),KR,"Korea, Rep.",East Asia & Pacific,High income,Not classified,126.957,37.5323
1526,2019,96.157579184239,Individuals using the Internet (% of population),KR,"Korea, Rep.",East Asia & Pacific,High income,Not classified,126.957,37.5323
1527,2018,96.0228595797887,Individuals using the Internet (% of population),KR,"Korea, Rep.",East Asia & Pacific,High income,Not classified,126.957,37.5323
1528,2017,95.0694218761004,Individuals using the Internet (% of population),KR,"Korea, Rep.",East Asia & Pacific,High income,Not classified,126.957,37.5323
1529,2016,92.8430256796075,Individuals using the Internet (% of population),KR,"Korea, Rep.",East Asia & Pacific,High income,Not classified,126.957,37.5323
1530,2025,,Individuals using the Internet (% of population),XK,Kosovo,Europe & Central Asia,Upper middle income,IDA,20.926,42.565
1531,2024,,Individuals using the Internet (% of population),XK,Kosovo,Europe & Central Asia,Upper middle income,IDA,20.926,42.565
1532,2023,,Individuals using the Internet (% of population),XK,Kosovo,Europe & Central Asia,Upper middle income,IDA,20.926,42.565
1533,2022,,Individuals using the Internet (% of population),XK,Kosovo,Europe & Central Asia,Upper middle income,IDA,20.926,42.565
1534,2021,,Individuals using the Internet (% of population),XK,Kosovo,Europe & Central Asia,Upper middle income,IDA,20.926,42.565
1535,2020,,Individuals using the Internet (% of population),XK,Kosovo,Europe & Central Asia,Upper middle income,IDA,20.926,42.565
1536,2019,,Individuals using the Internet (% of population),XK,Kosovo,Europe & Central Asia,Upper middle income,IDA,20.926,42.565
1537,2018,89.4430319734879,Individuals using the Internet (% of population),XK,Kosovo,Europe & Central Asia,Upper middle income,IDA,20.926,42.565
1538,2017,83.8935968102791,Individuals using the Internet (% of population),XK,Kosovo,Europe & Central Asia,Upper middle income,IDA,20.926,42.565
1539,2016,,Individuals using the Internet (% of population),XK,Kosovo,Europe & Central Asia,Upper middle income,IDA,20.926,42.565
1540,2025,100.0,Individuals using the Internet (% of population),KW,Kuwait,"Middle East, North Africa, Afghanistan & Pakistan",High income,Not classified,47.9824,29.3721
1541,2024,99.74729919,Individuals using the Internet (% of population),KW,Kuwait,"Middle East, North Africa, Afghanistan & Pakistan",High income,Not classified,47.9824,29.3721
1542,2023,99.74731125,Individuals using the Internet (% of population),KW,Kuwait,"Middle East, North Africa, Afghanistan & Pakistan",High income,Not classified,47.9824,29.3721
1543,2022,99.74729919,Individuals using the Internet (% of population),KW,Kuwait,"Middle East, North Africa, Afghanistan & Pakistan",High income,Not classified,47.9824,29.3721
1544,2021,99.7,Individuals using the Internet (% of population),KW,Kuwait,"Middle East, North Africa, Afghanistan & Pakistan",High income,Not classified,47.9824,29.3721
1545,2020,99.10587017,Individuals using the Internet (% of population),KW,Kuwait,"Middle East, North Africa, Afghanistan & Pakistan",High income,Not classified,47.9824,29.3721
1546,2019,99.5426764518489,Individuals using the Internet (% of population),KW,Kuwait,"Middle East, North Africa, Afghanistan & Pakistan",High income,Not classified,47.9824,29.3721
1547,2018,99.5988495907557,Individuals using the Internet (% of population),KW,Kuwait,"Middle East, North Africa, Afghanistan & Pakistan",High income,Not classified,47.9824,29.3721
1548,2017,97.9999893344615,Individuals using the Internet (% of population),KW,Kuwait,"Middle East, North Africa, Afghanistan & Pakistan",High income,Not classified,47.9824,29.3721
1549,2016,85.59999847,Individuals using the Internet (% of population),KW,Kuwait,"Middle East, North Africa, Afghanistan & Pakistan",High income,Not classified,47.9824,29.3721
1550,2025,,Individuals using the Internet (% of population),KG,Kyrgyz Republic,Europe & Central Asia,Lower middle income,IDA,74.6057,42.8851
1551,2024,92.0286026,Individuals using the Internet (% of population),KG,Kyrgyz Republic,Europe & Central Asia,Lower middle income,IDA,74.6057,42.8851
1552,2023,91.04440308,Individuals using the Internet (% of population),KG,Kyrgyz Republic,Europe & Central Asia,Lower middle income,IDA,74.6057,42.8851
1553,2022,84.1937027,Individuals using the Internet (% of population),KG,Kyrgyz Republic,Europe & Central Asia,Lower middle income,IDA,74.6057,42.8851
1554,2021,77.11769867,Individuals using the Internet (% of population),KG,Kyrgyz Republic,Europe & Central Asia,Lower middle income,IDA,74.6057,42.8851
1555,2020,72.0,Individuals using the Internet (% of population),KG,Kyrgyz Republic,Europe & Central Asia,Lower middle income,IDA,74.6057,42.8851
1556,2019,64.1,Individuals using the Internet (% of population),KG,Kyrgyz Republic,Europe & Central Asia,Lower middle income,IDA,74.6057,42.8851
1557,2018,62.8,Individuals using the Internet (% of population),KG,Kyrgyz Republic,Europe & Central Asia,Lower middle income,IDA,74.6057,42.8851
1558,2017,50.80530167,Individuals using the Internet (% of population),KG,Kyrgyz Republic,Europe & Central Asia,Lower middle income,IDA,74.6057,42.8851
1559,2016,40.52619934,Individuals using the Internet (% of population),KG,Kyrgyz Republic,Europe & Central Asia,Lower middle income,IDA,74.6057,42.8851
1560,2025,,Individuals using the Internet (% of population),LA,Lao PDR,East Asia & Pacific,Lower middle income,IDA,102.177,18.5826
1561,2024,65.59269714,Individuals using the Internet (% of population),LA,Lao PDR,East Asia & Pacific,Lower middle income,IDA,102.177,18.5826
1562,2023,64.39800262,Individuals using the Internet (% of population),LA,Lao PDR,East Asia & Pacific,Lower middle income,IDA,102.177,18.5826
1563,2022,64.54000092,Individuals using the Internet (% of population),LA,Lao PDR,East Asia & Pacific,Lower middle income,IDA,102.177,18.5826
1564,2021,62.0,Individuals using the Internet (% of population),LA,Lao PDR,East Asia & Pacific,Lower middle income,IDA,102.177,18.5826
1565,2020,54.0,Individuals using the Internet (% of population),LA,Lao PDR,East Asia & Pacific,Lower middle income,IDA,102.177,18.5826
1566,2019,47.03229904,Individuals using the Internet (% of population),LA,Lao PDR,East Asia & Pacific,Lower middle income,IDA,102.177,18.5826
1567,2018,36.27130127,Individuals using the Internet (% of population),LA,Lao PDR,East Asia & Pacific,Lower middle income,IDA,102.177,18.5826
1568,2017,25.51040077,Individuals using the Internet (% of population),LA,Lao PDR,East Asia & Pacific,Lower middle income,IDA,102.177,18.5826
1569,2016,21.87000084,Individuals using the Internet (% of population),LA,Lao PDR,East Asia & Pacific,Lower middle income,IDA,102.177,18.5826
1570,2025,,Individuals using the Internet (% of population),LV,Latvia,Europe & Central Asia,High income,Not classified,24.1048,56.9465
1571,2024,92.70757011,Individuals using the Internet (% of population),LV,Latvia,Europe & Central Asia,High income,Not classified,24.1048,56.9465
1572,2023,92.18791291,Individuals using the Internet (% of population),LV,Latvia,Europe & Central Asia,High income,Not classified,24.1048,56.9465
1573,2022,91.03009059,Individuals using the Internet (% of population),LV,Latvia,Europe & Central Asia,High income,Not classified,24.1048,56.9465
1574,2021,91.17964988,Individuals using the Internet (% of population),LV,Latvia,Europe & Central Asia,High income,Not classified,24.1048,56.9465
1575,2020,88.89796078,Individuals using the Internet (% of population),LV,Latvia,Europe & Central Asia,High income,Not classified,24.1048,56.9465
1576,2019,86.13545644343,Individuals using the Internet (% of population),LV,Latvia,Europe & Central Asia,High income,Not classified,24.1048,56.9465
1577,2018,83.5771748630956,Individuals using the Internet (% of population),LV,Latvia,Europe & Central Asia,High income,Not classified,24.1048,56.9465
1578,2017,80.1140770037369,Individuals using the Internet (% of population),LV,Latvia,Europe & Central Asia,High income,Not classified,24.1048,56.9465
1579,2016,79.8420977843089,Individuals using the Internet (% of population),LV,Latvia,Europe & Central Asia,High income,Not classified,24.1048,56.9465
1580,2025,,Individuals using the Internet (% of population),LB,Lebanon,"Middle East, North Africa, Afghanistan & Pakistan",Lower middle income,IBRD,35.5134,33.8872
1581,2024,80.63400269,Individuals using the Internet (% of population),LB,Lebanon,"Middle East, North Africa, Afghanistan & Pakistan",Lower middle income,IBRD,35.5134,33.8872
1582,2023,81.7059021,Individuals using the Internet (% of population),LB,Lebanon,"Middle East, North Africa, Afghanistan & Pakistan",Lower middle income,IBRD,35.5134,33.8872
1583,2022,81.46479797,Individuals using the Internet (% of population),LB,Lebanon,"Middle East, North Africa, Afghanistan & Pakistan",Lower middle income,IBRD,35.5134,33.8872
1584,2021,82.65599823,Individuals using the Internet (% of population),LB,Lebanon,"Middle East, North Africa, Afghanistan & Pakistan",Lower middle income,IBRD,35.5134,33.8872
1585,2020,82.0664978,Individuals using the Internet (% of population),LB,Lebanon,"Middle East, North Africa, Afghanistan & Pakistan",Lower middle income,IBRD,35.5134,33.8872
1586,2019,81.48120117,Individuals using the Internet (% of population),LB,Lebanon,"Middle East, North Africa, Afghanistan & Pakistan",Lower middle income,IBRD,35.5134,33.8872
1587,2018,80.90000153,Individuals using the Internet (% of population),LB,Lebanon,"Middle East, North Africa, Afghanistan & Pakistan",Lower middle income,IBRD,35.5134,33.8872
1588,2017,78.18080139,Individuals using the Internet (% of population),LB,Lebanon,"Middle East, North Africa, Afghanistan & Pakistan",Lower middle income,IBRD,35.5134,33.8872
1589,2016,76.11000061,Individuals using the Internet (% of population),LB,Lebanon,"Middle East, North Africa, Afghanistan & Pakistan",Lower middle income,IBRD,35.5134,33.8872
1590,2025,,Individuals using the Internet (% of population),LS,Lesotho,Sub-Saharan Africa ,Lower middle income,IDA,27.7167,-29.5208
1591,2024,51.79660034,Individuals using the Internet (% of population),LS,Lesotho,Sub-Saharan Africa ,Lower middle income,IDA,27.7167,-29.5208
1592,2023,48.98590088,Individuals using the Internet (% of population),LS,Lesotho,Sub-Saharan Africa ,Lower middle income,IDA,27.7167,-29.5208
1593,2022,48.06959915,Individuals using the Internet (% of population),LS,Lesotho,Sub-Saharan Africa ,Lower middle income,IDA,27.7167,-29.5208
1594,2021,45.05670166,Individuals using the Internet (% of population),LS,Lesotho,Sub-Saharan Africa ,Lower middle income,IDA,27.7167,-29.5208
1595,2020,43.65750122,Individuals using the Internet (% of population),LS,Lesotho,Sub-Saharan Africa ,Lower middle income,IDA,27.7167,-29.5208
1596,2019,42.301733569273,Individuals using the Internet (% of population),LS,Lesotho,Sub-Saharan Africa ,Lower middle income,IDA,27.7167,-29.5208
1597,2018,40.79999924,Individuals using the Internet (% of population),LS,Lesotho,Sub-Saharan Africa ,Lower middle income,IDA,27.7167,-29.5208
1598,2017,39.0,Individuals using the Internet (% of population),LS,Lesotho,Sub-Saharan Africa ,Lower middle income,IDA,27.7167,-29.5208
1599,2016,32.4538569477365,Individuals using the Internet (% of population),LS,Lesotho,Sub-Saharan Africa ,Lower middle income,IDA,27.7167,-29.5208
1600,2025,,Individuals using the Internet (% of population),LR,Liberia,Sub-Saharan Africa ,Low income,IDA,-10.7957,6.30039
1601,2024,32.23360062,Individuals using the Internet (% of population),LR,Liberia,Sub-Saharan Africa ,Low income,IDA,-10.7957,6.30039
1602,2023,31.22410011,Individuals using the Internet (% of population),LR,Liberia,Sub-Saharan Africa ,Low income,IDA,-10.7957,6.30039
1603,2022,30.38010025,Individuals using the Internet (% of population),LR,Liberia,Sub-Saharan Africa ,Low income,IDA,-10.7957,6.30039
1604,2021,26.38229942,Individuals using the Internet (% of population),LR,Liberia,Sub-Saharan Africa ,Low income,IDA,-10.7957,6.30039
1605,2020,22.91069984,Individuals using the Internet (% of population),LR,Liberia,Sub-Saharan Africa ,Low income,IDA,-10.7957,6.30039
1606,2019,19.89579964,Individuals using the Internet (% of population),LR,Liberia,Sub-Saharan Africa ,Low income,IDA,-10.7957,6.30039
1607,2018,17.27770042,Individuals using the Internet (% of population),LR,Liberia,Sub-Saharan Africa ,Low income,IDA,-10.7957,6.30039
1608,2017,16.29999924,Individuals using the Internet (% of population),LR,Liberia,Sub-Saharan Africa ,Low income,IDA,-10.7957,6.30039
1609,2016,15.69999981,Individuals using the Internet (% of population),LR,Liberia,Sub-Saharan Africa ,Low income,IDA,-10.7957,6.30039
1610,2025,,Individuals using the Internet (% of population),LY,Libya,"Middle East, North Africa, Afghanistan & Pakistan",Upper middle income,IBRD,13.1072,32.8578
1611,2024,81.95449829,Individuals using the Internet (% of population),LY,Libya,"Middle East, North Africa, Afghanistan & Pakistan",Upper middle income,IBRD,13.1072,32.8578
1612,2023,82.10469818,Individuals using the Internet (% of population),LY,Libya,"Middle East, North Africa, Afghanistan & Pakistan",Upper middle income,IBRD,13.1072,32.8578
1613,2022,80.64720154,Individuals using the Internet (% of population),LY,Libya,"Middle East, North Africa, Afghanistan & Pakistan",Upper middle income,IBRD,13.1072,32.8578
1614,2021,77.438797,Individuals using the Internet (% of population),LY,Libya,"Middle East, North Africa, Afghanistan & Pakistan",Upper middle income,IBRD,13.1072,32.8578
1615,2020,74.35810089,Individuals using the Internet (% of population),LY,Libya,"Middle East, North Africa, Afghanistan & Pakistan",Upper middle income,IBRD,13.1072,32.8578
1616,2019,71.40409851,Individuals using the Internet (% of population),LY,Libya,"Middle East, North Africa, Afghanistan & Pakistan",Upper middle income,IBRD,13.1072,32.8578
1617,2018,47.5,Individuals using the Internet (% of population),LY,Libya,"Middle East, North Africa, Afghanistan & Pakistan",Upper middle income,IBRD,13.1072,32.8578
1618,2017,47.5,Individuals using the Internet (% of population),LY,Libya,"Middle East, North Africa, Afghanistan & Pakistan",Upper middle income,IBRD,13.1072,32.8578
1619,2016,35.0,Individuals using the Internet (% of population),LY,Libya,"Middle East, North Africa, Afghanistan & Pakistan",Upper middle income,IBRD,13.1072,32.8578
1620,2025,,Individuals using the Internet (% of population),LI,Liechtenstein,Europe & Central Asia,High income,Not classified,9.52148,47.1411
1621,2024,98.2641983,Individuals using the Internet (% of population),LI,Liechtenstein,Europe & Central Asia,High income,Not classified,9.52148,47.1411
1622,2023,98.13230133,Individuals using the Internet (% of population),LI,Liechtenstein,Europe & Central Asia,High income,Not classified,9.52148,47.1411
1623,2022,97.88069916,Individuals using the Internet (% of population),LI,Liechtenstein,Europe & Central Asia,High income,Not classified,9.52148,47.1411
1624,2021,95.56939697,Individuals using the Internet (% of population),LI,Liechtenstein,Europe & Central Asia,High income,Not classified,9.52148,47.1411
1625,2020,94.34999847,Individuals using the Internet (% of population),LI,Liechtenstein,Europe & Central Asia,High income,Not classified,9.52148,47.1411
1626,2019,93.14610291,Individuals using the Internet (% of population),LI,Liechtenstein,Europe & Central Asia,High income,Not classified,9.52148,47.1411
1627,2018,,Individuals using the Internet (% of population),LI,Liechtenstein,Europe & Central Asia,High income,Not classified,9.52148,47.1411
1628,2017,99.54660034,Individuals using the Internet (% of population),LI,Liechtenstein,Europe & Central Asia,High income,Not classified,9.52148,47.1411
1629,2016,98.09390259,Individuals using the Internet (% of population),LI,Liechtenstein,Europe & Central Asia,High income,Not classified,9.52148,47.1411
1630,2025,,Individuals using the Internet (% of population),LT,Lithuania,Europe & Central Asia,High income,Not classified,25.2799,54.6896
1631,2024,89.16116293,Individuals using the Internet (% of population),LT,Lithuania,Europe & Central Asia,High income,Not classified,25.2799,54.6896
1632,2023,88.50287484,Individuals using the Internet (% of population),LT,Lithuania,Europe & Central Asia,High income,Not classified,25.2799,54.6896
1633,2022,87.72420219,Individuals using the Internet (% of population),LT,Lithuania,Europe & Central Asia,High income,Not classified,25.2799,54.6896
1634,2021,86.93054425,Individuals using the Internet (% of population),LT,Lithuania,Europe & Central Asia,High income,Not classified,25.2799,54.6896
1635,2020,83.05554724,Individuals using the Internet (% of population),LT,Lithuania,Europe & Central Asia,High income,Not classified,25.2799,54.6896
1636,2019,81.5818683764046,Individuals using the Internet (% of population),LT,Lithuania,Europe & Central Asia,High income,Not classified,25.2799,54.6896
1637,2018,79.7225827680518,Individuals using the Internet (% of population),LT,Lithuania,Europe & Central Asia,High income,Not classified,25.2799,54.6896
1638,2017,77.6152565124514,Individuals using the Internet (% of population),LT,Lithuania,Europe & Central Asia,High income,Not classified,25.2799,54.6896
1639,2016,74.3766455618662,Individuals using the Internet (% of population),LT,Lithuania,Europe & Central Asia,High income,Not classified,25.2799,54.6896
1640,2025,99.12902211,Individuals using the Internet (% of population),LU,Luxembourg,Europe & Central Asia,High income,Not classified,6.1296,49.61
1641,2024,98.7606147,Individuals using the Internet (% of population),LU,Luxembourg,Europe & Central Asia,High income,Not classified,6.1296,49.61
1642,2023,99.34785707,Individuals using the Internet (% of population),LU,Luxembourg,Europe & Central Asia,High income,Not classified,6.1296,49.61
1643,2022,98.24203749,Individuals using the Internet (% of population),LU,Luxembourg,Europe & Central Asia,High income,Not classified,6.1296,49.61
1644,2021,98.66086333,Individuals using the Internet (% of population),LU,Luxembourg,Europe & Central Asia,High income,Not classified,6.1296,49.61
1645,2020,98.45962893,Individuals using the Internet (% of population),LU,Luxembourg,Europe & Central Asia,High income,Not classified,6.1296,49.61
1646,2019,97.120635693272,Individuals using the Internet (% of population),LU,Luxembourg,Europe & Central Asia,High income,Not classified,6.1296,49.61
1647,2018,97.061298705829,Individuals using the Internet (% of population),LU,Luxembourg,Europe & Central Asia,High income,Not classified,6.1296,49.61
1648,2017,97.3629603241751,Individuals using the Internet (% of population),LU,Luxembourg,Europe & Central Asia,High income,Not classified,6.1296,49.61
1649,2016,98.1366986657616,Individuals using the Internet (% of population),LU,Luxembourg,Europe & Central Asia,High income,Not classified,6.1296,49.61
1650,2025,,Individuals using the Internet (% of population),MO,"Macao SAR, China",East Asia & Pacific,High income,Not classified,113.55,22.1667
1651,2024,89.82640076,Individuals using the Internet (% of population),MO,"Macao SAR, China",East Asia & Pacific,High income,Not classified,113.55,22.1667
1652,2023,89.82640076,Individuals using the Internet (% of population),MO,"Macao SAR, China",East Asia & Pacific,High income,Not classified,113.55,22.1667
1653,2022,89.48549652,Individuals using the Internet (% of population),MO,"Macao SAR, China",East Asia & Pacific,High income,Not classified,113.55,22.1667
1654,2021,88.46810492,Individuals using the Internet (% of population),MO,"Macao SAR, China",East Asia & Pacific,High income,Not classified,113.55,22.1667
1655,2020,87.46230316,Individuals using the Internet (% of population),MO,"Macao SAR, China",East Asia & Pacific,High income,Not classified,113.55,22.1667
1656,2019,86.4679257062588,Individuals using the Internet (% of population),MO,"Macao SAR, China",East Asia & Pacific,High income,Not classified,113.55,22.1667
1657,2018,83.7940896091516,Individuals using the Internet (% of population),MO,"Macao SAR, China",East Asia & Pacific,High income,Not classified,113.55,22.1667
1658,2017,83.1740890688259,Individuals using the Internet (% of population),MO,"Macao SAR, China",East Asia & Pacific,High income,Not classified,113.55,22.1667
1659,2016,81.6429854646415,Individuals using the Internet (% of population),MO,"Macao SAR, China",East Asia & Pacific,High income,Not classified,113.55,22.1667
1660,2025,,Individuals using the Internet (% of population),MG,Madagascar,Sub-Saharan Africa ,Low income,IDA,45.7167,-20.4667
1661,2024,18.67790031,Individuals using the Internet (% of population),MG,Madagascar,Sub-Saharan Africa ,Low income,IDA,45.7167,-20.4667
1662,2023,18.24080086,Individuals using the Internet (% of population),MG,Madagascar,Sub-Saharan Africa ,Low income,IDA,45.7167,-20.4667
1663,2022,17.81170082,Individuals using the Internet (% of population),MG,Madagascar,Sub-Saharan Africa ,Low income,IDA,45.7167,-20.4667
1664,2021,13.74590015,Individuals using the Internet (% of population),MG,Madagascar,Sub-Saharan Africa ,Low income,IDA,45.7167,-20.4667
1665,2020,11.35470009,Individuals using the Internet (% of population),MG,Madagascar,Sub-Saharan Africa ,Low income,IDA,45.7167,-20.4667
1666,2019,9.379400253,Individuals using the Internet (% of population),MG,Madagascar,Sub-Saharan Africa ,Low income,IDA,45.7167,-20.4667
1667,2018,7.747799873,Individuals using the Internet (% of population),MG,Madagascar,Sub-Saharan Africa ,Low income,IDA,45.7167,-20.4667
1668,2017,6.406000137,Individuals using the Internet (% of population),MG,Madagascar,Sub-Saharan Africa ,Low income,IDA,45.7167,-20.4667
1669,2016,4.713699818,Individuals using the Internet (% of population),MG,Madagascar,Sub-Saharan Africa ,Low income,IDA,45.7167,-20.4667
1670,2025,,Individuals using the Internet (% of population),MW,Malawi,Sub-Saharan Africa ,Low income,IDA,33.7703,-13.9899
1671,2024,18.96159935,Individuals using the Internet (% of population),MW,Malawi,Sub-Saharan Africa ,Low income,IDA,33.7703,-13.9899
1672,2023,17.98810346,Individuals using the Internet (% of population),MW,Malawi,Sub-Saharan Africa ,Low income,IDA,33.7703,-13.9899
1673,2022,16.84830093,Individuals using the Internet (% of population),MW,Malawi,Sub-Saharan Africa ,Low income,IDA,33.7703,-13.9899
1674,2021,15.30300045,Individuals using the Internet (% of population),MW,Malawi,Sub-Saharan Africa ,Low income,IDA,33.7703,-13.9899
1675,2020,13.89949989,Individuals using the Internet (% of population),MW,Malawi,Sub-Saharan Africa ,Low income,IDA,33.7703,-13.9899
1676,2019,11.05860043,Individuals using the Internet (% of population),MW,Malawi,Sub-Saharan Africa ,Low income,IDA,33.7703,-13.9899
1677,2018,8.798299789,Individuals using the Internet (% of population),MW,Malawi,Sub-Saharan Africa ,Low income,IDA,33.7703,-13.9899
1678,2017,7.0,Individuals using the Internet (% of population),MW,Malawi,Sub-Saharan Africa ,Low income,IDA,33.7703,-13.9899
1679,2016,6.300000191,Individuals using the Internet (% of population),MW,Malawi,Sub-Saharan Africa ,Low income,IDA,33.7703,-13.9899
1680,2025,,Individuals using the Internet (% of population),MY,Malaysia,East Asia & Pacific,Upper middle income,IBRD,101.684,3.12433
1681,2024,98.0206059,Individuals using the Internet (% of population),MY,Malaysia,East Asia & Pacific,Upper middle income,IBRD,101.684,3.12433
1682,2023,97.69272633,Individuals using the Internet (% of population),MY,Malaysia,East Asia & Pacific,Upper middle income,IBRD,101.684,3.12433
1683,2022,97.3986404,Individuals using the Internet (% of population),MY,Malaysia,East Asia & Pacific,Upper middle income,IBRD,101.684,3.12433
1684,2021,96.7514278,Individuals using the Internet (% of population),MY,Malaysia,East Asia & Pacific,Upper middle income,IBRD,101.684,3.12433
1685,2020,89.55501192,Individuals using the Internet (% of population),MY,Malaysia,East Asia & Pacific,Upper middle income,IBRD,101.684,3.12433
1686,2019,84.1871450078281,Individuals using the Internet (% of population),MY,Malaysia,East Asia & Pacific,Upper middle income,IBRD,101.684,3.12433
1687,2018,81.2010486181174,Individuals using the Internet (% of population),MY,Malaysia,East Asia & Pacific,Upper middle income,IBRD,101.684,3.12433
1688,2017,80.1404790103961,Individuals using the Internet (% of population),MY,Malaysia,East Asia & Pacific,Upper middle income,IBRD,101.684,3.12433
1689,2016,78.7883099275229,Individuals using the Internet (% of population),MY,Malaysia,East Asia & Pacific,Upper middle income,IBRD,101.684,3.12433
1690,2025,,Individuals using the Internet (% of population),MV,Maldives,South Asia,Upper middle income,IDA,73.5109,4.1742
1691,2024,85.23999786,Individuals using the Internet (% of population),MV,Maldives,South Asia,Upper middle income,IDA,73.5109,4.1742
1692,2023,84.55290222,Individuals using the Internet (% of population),MV,Maldives,South Asia,Upper middle income,IDA,73.5109,4.1742
1693,2022,83.91189054,Individuals using the Internet (% of population),MV,Maldives,South Asia,Upper middle income,IDA,73.5109,4.1742
1694,2021,81.95760345,Individuals using the Internet (% of population),MV,Maldives,South Asia,Upper middle income,IDA,73.5109,4.1742
1695,2020,79.09780121,Individuals using the Internet (% of population),MV,Maldives,South Asia,Upper middle income,IDA,73.5109,4.1742
1696,2019,77.46970367,Individuals using the Internet (% of population),MV,Maldives,South Asia,Upper middle income,IDA,73.5109,4.1742
1697,2018,70.93689728,Individuals using the Internet (% of population),MV,Maldives,South Asia,Upper middle income,IDA,73.5109,4.1742
1698,2017,64.95500183,Individuals using the Internet (% of population),MV,Maldives,South Asia,Upper middle income,IDA,73.5109,4.1742
1699,2016,59.47750092,Individuals using the Internet (% of population),MV,Maldives,South Asia,Upper middle income,IDA,73.5109,4.1742
1700,2025,,Individuals using the Internet (% of population),ML,Mali,Sub-Saharan Africa ,Low income,IDA,-7.50034,13.5667
1701,2024,36.80149841,Individuals using the Internet (% of population),ML,Mali,Sub-Saharan Africa ,Low income,IDA,-7.50034,13.5667
1702,2023,36.03879929,Individuals using the Internet (% of population),ML,Mali,Sub-Saharan Africa ,Low income,IDA,-7.50034,13.5667
1703,2022,35.19919968,Individuals using the Internet (% of population),ML,Mali,Sub-Saharan Africa ,Low income,IDA,-7.50034,13.5667
1704,2021,33.95650101,Individuals using the Internet (% of population),ML,Mali,Sub-Saharan Africa ,Low income,IDA,-7.50034,13.5667
1705,2020,29.11300087,Individuals using the Internet (% of population),ML,Mali,Sub-Saharan Africa ,Low income,IDA,-7.50034,13.5667
1706,2019,24.96030045,Individuals using the Internet (% of population),ML,Mali,Sub-Saharan Africa ,Low income,IDA,-7.50034,13.5667
1707,2018,21.39999962,Individuals using the Internet (% of population),ML,Mali,Sub-Saharan Africa ,Low income,IDA,-7.50034,13.5667
1708,2017,18.89999962,Individuals using the Internet (% of population),ML,Mali,Sub-Saharan Africa ,Low income,IDA,-7.50034,13.5667
1709,2016,14.0,Individuals using the Internet (% of population),ML,Mali,Sub-Saharan Africa ,Low income,IDA,-7.50034,13.5667
1710,2025,,Individuals using the Internet (% of population),MT,Malta,"Middle East, North Africa, Afghanistan & Pakistan",High income,Not classified,14.5189,35.9042
1711,2024,93.86029816,Individuals using the Internet (% of population),MT,Malta,"Middle East, North Africa, Afghanistan & Pakistan",High income,Not classified,14.5189,35.9042
1712,2023,92.07266941,Individuals using the Internet (% of population),MT,Malta,"Middle East, North Africa, Afghanistan & Pakistan",High income,Not classified,14.5189,35.9042
1713,2022,91.54062209,Individuals using the Internet (% of population),MT,Malta,"Middle East, North Africa, Afghanistan & Pakistan",High income,Not classified,14.5189,35.9042
1714,2021,87.46977742,Individuals using the Internet (% of population),MT,Malta,"Middle East, North Africa, Afghanistan & Pakistan",High income,Not classified,14.5189,35.9042
1715,2020,86.85876183,Individuals using the Internet (% of population),MT,Malta,"Middle East, North Africa, Afghanistan & Pakistan",High income,Not classified,14.5189,35.9042
1716,2019,85.7785963798031,Individuals using the Internet (% of population),MT,Malta,"Middle East, North Africa, Afghanistan & Pakistan",High income,Not classified,14.5189,35.9042
1717,2018,81.6580442928014,Individuals using the Internet (% of population),MT,Malta,"Middle East, North Africa, Afghanistan & Pakistan",High income,Not classified,14.5189,35.9042
1718,2017,81.0119110762945,Individuals using the Internet (% of population),MT,Malta,"Middle East, North Africa, Afghanistan & Pakistan",High income,Not classified,14.5189,35.9042
1719,2016,78.0751488032182,Individuals using the Internet (% of population),MT,Malta,"Middle East, North Africa, Afghanistan & Pakistan",High income,Not classified,14.5189,35.9042
1720,2025,,Individuals using the Internet (% of population),MH,Marshall Islands,East Asia & Pacific,Upper middle income,IDA,171.135,7.11046
1721,2024,65.915802,Individuals using the Internet (% of population),MH,Marshall Islands,East Asia & Pacific,Upper middle income,IDA,171.135,7.11046
1722,2023,64.07589722,Individuals using the Internet (% of population),MH,Marshall Islands,East Asia & Pacific,Upper middle income,IDA,171.135,7.11046
1723,2022,64.26719666,Individuals using the Internet (% of population),MH,Marshall Islands,East Asia & Pacific,Upper middle income,IDA,171.135,7.11046
1724,2021,63.97259903,Individuals using the Internet (% of population),MH,Marshall Islands,East Asia & Pacific,Upper middle income,IDA,171.135,7.11046
1725,2020,56.41910172,Individuals using the Internet (% of population),MH,Marshall Islands,East Asia & Pacific,Upper middle income,IDA,171.135,7.11046
1726,2019,49.75749969,Individuals using the Internet (% of population),MH,Marshall Islands,East Asia & Pacific,Upper middle income,IDA,171.135,7.11046
1727,2018,43.88249969,Individuals using the Internet (% of population),MH,Marshall Islands,East Asia & Pacific,Upper middle income,IDA,171.135,7.11046
1728,2017,38.70119858,Individuals using the Internet (% of population),MH,Marshall Islands,East Asia & Pacific,Upper middle income,IDA,171.135,7.11046
1729,2016,29.78779984,Individuals using the Internet (% of population),MH,Marshall Islands,East Asia & Pacific,Upper middle income,IDA,171.135,7.11046
1730,2025,,Individuals using the Internet (% of population),MR,Mauritania,Sub-Saharan Africa ,Lower middle income,IDA,-15.9824,18.2367
1731,2024,45.77939987,Individuals using the Internet (% of population),MR,Mauritania,Sub-Saharan Africa ,Lower middle income,IDA,-15.9824,18.2367
1732,2023,44.95629883,Individuals using the Internet (% of population),MR,Mauritania,Sub-Saharan Africa ,Lower middle income,IDA,-15.9824,18.2367
1733,2022,42.46450043,Individuals using the Internet (% of population),MR,Mauritania,Sub-Saharan Africa ,Lower middle income,IDA,-15.9824,18.2367
1734,2021,35.63660049,Individuals using the Internet (% of population),MR,Mauritania,Sub-Saharan Africa ,Lower middle income,IDA,-15.9824,18.2367
1735,2020,29.90649986,Individuals using the Internet (% of population),MR,Mauritania,Sub-Saharan Africa ,Lower middle income,IDA,-15.9824,18.2367
1736,2019,25.0977993,Individuals using the Internet (% of population),MR,Mauritania,Sub-Saharan Africa ,Lower middle income,IDA,-15.9824,18.2367
1737,2018,22.96699905,Individuals using the Internet (% of population),MR,Mauritania,Sub-Saharan Africa ,Lower middle income,IDA,-15.9824,18.2367
1738,2017,21.01720047,Individuals using the Internet (% of population),MR,Mauritania,Sub-Saharan Africa ,Lower middle income,IDA,-15.9824,18.2367
1739,2016,19.23279953,Individuals using the Internet (% of population),MR,Mauritania,Sub-Saharan Africa ,Lower middle income,IDA,-15.9824,18.2367
1740,2025,,Individuals using the Internet (% of population),MU,Mauritius,Sub-Saharan Africa ,Upper middle income,IBRD,57.4977,-20.1605
1741,2024,73.30793533,Individuals using the Internet (% of population),MU,Mauritius,Sub-Saharan Africa ,Upper middle income,IBRD,57.4977,-20.1605
1742,2023,79.5,Individuals using the Internet (% of population),MU,Mauritius,Sub-Saharan Africa ,Upper middle income,IBRD,57.4977,-20.1605
1743,2022,75.5,Individuals using the Internet (% of population),MU,Mauritius,Sub-Saharan Africa ,Upper middle income,IBRD,57.4977,-20.1605
1744,2021,71.59999847,Individuals using the Internet (% of population),MU,Mauritius,Sub-Saharan Africa ,Upper middle income,IBRD,57.4977,-20.1605
1745,2020,67.73290684,Individuals using the Internet (% of population),MU,Mauritius,Sub-Saharan Africa ,Upper middle income,IBRD,57.4977,-20.1605
1746,2019,61.7299551453346,Individuals using the Internet (% of population),MU,Mauritius,Sub-Saharan Africa ,Upper middle income,IBRD,57.4977,-20.1605
1747,2018,58.596169704299,Individuals using the Internet (% of population),MU,Mauritius,Sub-Saharan Africa ,Upper middle income,IBRD,57.4977,-20.1605
1748,2017,55.4032403002657,Individuals using the Internet (% of population),MU,Mauritius,Sub-Saharan Africa ,Upper middle income,IBRD,57.4977,-20.1605
1749,2016,52.19129944,Individuals using the Internet (% of population),MU,Mauritius,Sub-Saharan Africa ,Upper middle income,IBRD,57.4977,-20.1605
1750,2025,,Individuals using the Internet (% of population),MX,Mexico,Latin America & Caribbean ,Upper middle income,IBRD,-99.1276,19.427
1751,2024,83.12233799,Individuals using the Internet (% of population),MX,Mexico,Latin America & Caribbean ,Upper middle income,IBRD,-99.1276,19.427
1752,2023,81.18318755,Individuals using the Internet (% of population),MX,Mexico,Latin America & Caribbean ,Upper middle income,IBRD,-99.1276,19.427
1753,2022,78.63217894,Individuals using the Internet (% of population),MX,Mexico,Latin America & Caribbean ,Upper middle income,IBRD,-99.1276,19.427
1754,2021,75.62650476,Individuals using the Internet (% of population),MX,Mexico,Latin America & Caribbean ,Upper middle income,IBRD,-99.1276,19.427
1755,2020,71.49017499,Individuals using the Internet (% of population),MX,Mexico,Latin America & Caribbean ,Upper middle income,IBRD,-99.1276,19.427
1756,2019,69.6321092705209,Individuals using the Internet (% of population),MX,Mexico,Latin America & Caribbean ,Upper middle income,IBRD,-99.1276,19.427
1757,2018,56.6595667981289,Individuals using the Internet (% of population),MX,Mexico,Latin America & Caribbean ,Upper middle income,IBRD,-99.1276,19.427
1758,2017,53.0317886110982,Individuals using the Internet (% of population),MX,Mexico,Latin America & Caribbean ,Upper middle income,IBRD,-99.1276,19.427
1759,2016,59.5404459967255,Individuals using the Internet (% of population),MX,Mexico,Latin America & Caribbean ,Upper middle income,IBRD,-99.1276,19.427
1760,2025,,Individuals using the Internet (% of population),FM,"Micronesia, Fed. Sts.",East Asia & Pacific,Upper middle income,IDA,158.185,6.91771
1761,2024,39.52360153,Individuals using the Internet (% of population),FM,"Micronesia, Fed. Sts.",East Asia & Pacific,Upper middle income,IDA,158.185,6.91771
1762,2023,39.39889908,Individuals using the Internet (% of population),FM,"Micronesia, Fed. Sts.",East Asia & Pacific,Upper middle income,IDA,158.185,6.91771
1763,2022,39.0279007,Individuals using the Internet (% of population),FM,"Micronesia, Fed. Sts.",East Asia & Pacific,Upper middle income,IDA,158.185,6.91771
1764,2021,,Individuals using the Internet (% of population),FM,"Micronesia, Fed. Sts.",East Asia & Pacific,Upper middle income,IDA,158.185,6.91771
1765,2020,39.38330078,Individuals using the Internet (% of population),FM,"Micronesia, Fed. Sts.",East Asia & Pacific,Upper middle income,IDA,158.185,6.91771
1766,2019,37.97370148,Individuals using the Internet (% of population),FM,"Micronesia, Fed. Sts.",East Asia & Pacific,Upper middle income,IDA,158.185,6.91771
1767,2018,36.61460114,Individuals using the Internet (% of population),FM,"Micronesia, Fed. Sts.",East Asia & Pacific,Upper middle income,IDA,158.185,6.91771
1768,2017,35.30410004,Individuals using the Internet (% of population),FM,"Micronesia, Fed. Sts.",East Asia & Pacific,Upper middle income,IDA,158.185,6.91771
1769,2016,33.35219955,Individuals using the Internet (% of population),FM,"Micronesia, Fed. Sts.",East Asia & Pacific,Upper middle income,IDA,158.185,6.91771
1770,2025,,Individuals using the Internet (% of population),MD,Moldova,Europe & Central Asia,Upper middle income,IBRD,28.8497,47.0167
1771,2024,77.3687973,Individuals using the Internet (% of population),MD,Moldova,Europe & Central Asia,Upper middle income,IBRD,28.8497,47.0167
1772,2023,76.50330353,Individuals using the Internet (% of population),MD,Moldova,Europe & Central Asia,Upper middle income,IBRD,28.8497,47.0167
1773,2022,74.91899872,Individuals using the Internet (% of population),MD,Moldova,Europe & Central Asia,Upper middle income,IBRD,28.8497,47.0167
1774,2021,74.91899872,Individuals using the Internet (% of population),MD,Moldova,Europe & Central Asia,Upper middle income,IBRD,28.8497,47.0167
1775,2020,74.11830139,Individuals using the Internet (% of population),MD,Moldova,Europe & Central Asia,Upper middle income,IBRD,28.8497,47.0167
1776,2019,73.32610321,Individuals using the Internet (% of population),MD,Moldova,Europe & Central Asia,Upper middle income,IBRD,28.8497,47.0167
1777,2018,72.54239655,Individuals using the Internet (% of population),MD,Moldova,Europe & Central Asia,Upper middle income,IBRD,28.8497,47.0167
1778,2017,71.76709747,Individuals using the Internet (% of population),MD,Moldova,Europe & Central Asia,Upper middle income,IBRD,28.8497,47.0167
1779,2016,70.9999991066624,Individuals using the Internet (% of population),MD,Moldova,Europe & Central Asia,Upper middle income,IBRD,28.8497,47.0167
1780,2025,,Individuals using the Internet (% of population),MC,Monaco,Europe & Central Asia,High income,Not classified,7.41891,43.7325
1781,2024,99.04489899,Individuals using the Internet (% of population),MC,Monaco,Europe & Central Asia,High income,Not classified,7.41891,43.7325
1782,2023,98.87049866,Individuals using the Internet (% of population),MC,Monaco,Europe & Central Asia,High income,Not classified,7.41891,43.7325
1783,2022,98.75189972,Individuals using the Internet (% of population),MC,Monaco,Europe & Central Asia,High income,Not classified,7.41891,43.7325
1784,2021,99.07759857,Individuals using the Internet (% of population),MC,Monaco,Europe & Central Asia,High income,Not classified,7.41891,43.7325
1785,2020,98.57080078,Individuals using the Internet (% of population),MC,Monaco,Europe & Central Asia,High income,Not classified,7.41891,43.7325
1786,2019,98.0,Individuals using the Internet (% of population),MC,Monaco,Europe & Central Asia,High income,Not classified,7.41891,43.7325
1787,2018,,Individuals using the Internet (% of population),MC,Monaco,Europe & Central Asia,High income,Not classified,7.41891,43.7325
1788,2017,97.0530014,Individuals using the Internet (% of population),MC,Monaco,Europe & Central Asia,High income,Not classified,7.41891,43.7325
1789,2016,95.20819855,Individuals using the Internet (% of population),MC,Monaco,Europe & Central Asia,High income,Not classified,7.41891,43.7325
1790,2025,,Individuals using the Internet (% of population),MN,Mongolia,East Asia & Pacific,Upper middle income,IBRD,106.937,47.9129
1791,2024,85.12349701,Individuals using the Internet (% of population),MN,Mongolia,East Asia & Pacific,Upper middle income,IBRD,106.937,47.9129
1792,2023,83.74320221,Individuals using the Internet (% of population),MN,Mongolia,East Asia & Pacific,Upper middle income,IBRD,106.937,47.9129
1793,2022,81.07720184,Individuals using the Internet (% of population),MN,Mongolia,East Asia & Pacific,Upper middle income,IBRD,106.937,47.9129
1794,2021,81.60682285,Individuals using the Internet (% of population),MN,Mongolia,East Asia & Pacific,Upper middle income,IBRD,106.937,47.9129
1795,2020,62.50002848,Individuals using the Internet (% of population),MN,Mongolia,East Asia & Pacific,Upper middle income,IBRD,106.937,47.9129
1796,2019,51.079994082603,Individuals using the Internet (% of population),MN,Mongolia,East Asia & Pacific,Upper middle income,IBRD,106.937,47.9129
1797,2018,47.1300018848989,Individuals using the Internet (% of population),MN,Mongolia,East Asia & Pacific,Upper middle income,IBRD,106.937,47.9129
1798,2017,23.71430016,Individuals using the Internet (% of population),MN,Mongolia,East Asia & Pacific,Upper middle income,IBRD,106.937,47.9129
1799,2016,22.2657705007562,Individuals using the Internet (% of population),MN,Mongolia,East Asia & Pacific,Upper middle income,IBRD,106.937,47.9129
1800,2025,,Individuals using the Internet (% of population),ME,Montenegro,Europe & Central Asia,Upper middle income,IBRD,19.2595,42.4602
1801,2024,88.88258428,Individuals using the Internet (% of population),ME,Montenegro,Europe & Central Asia,Upper middle income,IBRD,19.2595,42.4602
1802,2023,88.5515976,Individuals using the Internet (% of population),ME,Montenegro,Europe & Central Asia,Upper middle income,IBRD,19.2595,42.4602
1803,2022,88.22192026,Individuals using the Internet (% of population),ME,Montenegro,Europe & Central Asia,Upper middle income,IBRD,19.2595,42.4602
1804,2021,82.21969752,Individuals using the Internet (% of population),ME,Montenegro,Europe & Central Asia,Upper middle income,IBRD,19.2595,42.4602
1805,2020,77.60879306,Individuals using the Internet (% of population),ME,Montenegro,Europe & Central Asia,Upper middle income,IBRD,19.2595,42.4602
1806,2019,73.4766657478691,Individuals using the Internet (% of population),ME,Montenegro,Europe & Central Asia,Upper middle income,IBRD,19.2595,42.4602
1807,2018,71.5171004874886,Individuals using the Internet (% of population),ME,Montenegro,Europe & Central Asia,Upper middle income,IBRD,19.2595,42.4602
1808,2017,71.2723325399382,Individuals using the Internet (% of population),ME,Montenegro,Europe & Central Asia,Upper middle income,IBRD,19.2595,42.4602
1809,2016,69.8816468416779,Individuals using the Internet (% of population),ME,Montenegro,Europe & Central Asia,Upper middle income,IBRD,19.2595,42.4602
1810,2025,,Individuals using the Internet (% of population),MA,Morocco,"Middle East, North Africa, Afghanistan & Pakistan",Lower middle income,IBRD,-6.8704,33.9905
1811,2024,91.2,Individuals using the Internet (% of population),MA,Morocco,"Middle East, North Africa, Afghanistan & Pakistan",Lower middle income,IBRD,-6.8704,33.9905
1812,2023,91.0,Individuals using the Internet (% of population),MA,Morocco,"Middle East, North Africa, Afghanistan & Pakistan",Lower middle income,IBRD,-6.8704,33.9905
1813,2022,89.9,Individuals using the Internet (% of population),MA,Morocco,"Middle East, North Africa, Afghanistan & Pakistan",Lower middle income,IBRD,-6.8704,33.9905
1814,2021,88.13031937,Individuals using the Internet (% of population),MA,Morocco,"Middle East, North Africa, Afghanistan & Pakistan",Lower middle income,IBRD,-6.8704,33.9905
1815,2020,84.12036305,Individuals using the Internet (% of population),MA,Morocco,"Middle East, North Africa, Afghanistan & Pakistan",Lower middle income,IBRD,-6.8704,33.9905
1816,2019,84.1203630467602,Individuals using the Internet (% of population),MA,Morocco,"Middle East, North Africa, Afghanistan & Pakistan",Lower middle income,IBRD,-6.8704,33.9905
1817,2018,64.8038651924043,Individuals using the Internet (% of population),MA,Morocco,"Middle East, North Africa, Afghanistan & Pakistan",Lower middle income,IBRD,-6.8704,33.9905
1818,2017,61.7622120123071,Individuals using the Internet (% of population),MA,Morocco,"Middle East, North Africa, Afghanistan & Pakistan",Lower middle income,IBRD,-6.8704,33.9905
1819,2016,58.271236420398,Individuals using the Internet (% of population),MA,Morocco,"Middle East, North Africa, Afghanistan & Pakistan",Lower middle income,IBRD,-6.8704,33.9905
1820,2025,,Individuals using the Internet (% of population),MZ,Mozambique,Sub-Saharan Africa ,Low income,IDA,32.5713,-25.9664
1821,2024,20.52729988,Individuals using the Internet (% of population),MZ,Mozambique,Sub-Saharan Africa ,Low income,IDA,32.5713,-25.9664
1822,2023,19.94560051,Individuals using the Internet (% of population),MZ,Mozambique,Sub-Saharan Africa ,Low income,IDA,32.5713,-25.9664
1823,2022,18.96220016,Individuals using the Internet (% of population),MZ,Mozambique,Sub-Saharan Africa ,Low income,IDA,32.5713,-25.9664
1824,2021,16.35759926,Individuals using the Internet (% of population),MZ,Mozambique,Sub-Saharan Africa ,Low income,IDA,32.5713,-25.9664
1825,2020,14.28740025,Individuals using the Internet (% of population),MZ,Mozambique,Sub-Saharan Africa ,Low income,IDA,32.5713,-25.9664
1826,2019,12.47929955,Individuals using the Internet (% of population),MZ,Mozambique,Sub-Saharan Africa ,Low income,IDA,32.5713,-25.9664
1827,2018,10.89999962,Individuals using the Internet (% of population),MZ,Mozambique,Sub-Saharan Africa ,Low income,IDA,32.5713,-25.9664
1828,2017,7.7963266079129,Individuals using the Internet (% of population),MZ,Mozambique,Sub-Saharan Africa ,Low income,IDA,32.5713,-25.9664
1829,2016,7.0,Individuals using the Internet (% of population),MZ,Mozambique,Sub-Saharan Africa ,Low income,IDA,32.5713,-25.9664
1830,2025,,Individuals using the Internet (% of population),MM,Myanmar,East Asia & Pacific,Lower middle income,IDA,95.9562,21.914
1831,2024,,Individuals using the Internet (% of population),MM,Myanmar,East Asia & Pacific,Lower middle income,IDA,95.9562,21.914
1832,2023,,Individuals using the Internet (% of population),MM,Myanmar,East Asia & Pacific,Lower middle income,IDA,95.9562,21.914
1833,2022,,Individuals using the Internet (% of population),MM,Myanmar,East Asia & Pacific,Lower middle income,IDA,95.9562,21.914
1834,2021,,Individuals using the Internet (% of population),MM,Myanmar,East Asia & Pacific,Lower middle income,IDA,95.9562,21.914
1835,2020,45.4477005,Individuals using the Internet (% of population),MM,Myanmar,East Asia & Pacific,Lower middle income,IDA,95.9562,21.914
1836,2019,36.54050064,Individuals using the Internet (% of population),MM,Myanmar,East Asia & Pacific,Lower middle income,IDA,95.9562,21.914
1837,2018,29.37899971,Individuals using the Internet (% of population),MM,Myanmar,East Asia & Pacific,Lower middle income,IDA,95.9562,21.914
1838,2017,23.621081950267,Individuals using the Internet (% of population),MM,Myanmar,East Asia & Pacific,Lower middle income,IDA,95.9562,21.914
1839,2016,16.0,Individuals using the Internet (% of population),MM,Myanmar,East Asia & Pacific,Lower middle income,IDA,95.9562,21.914
1840,2025,,Individuals using the Internet (% of population),NA,Namibia,Sub-Saharan Africa ,Lower middle income,IBRD,17.0931,-22.5648
1841,2024,64.87460327,Individuals using the Internet (% of population),NA,Namibia,Sub-Saharan Africa ,Lower middle income,IBRD,17.0931,-22.5648
1842,2023,63.69549942,Individuals using the Internet (% of population),NA,Namibia,Sub-Saharan Africa ,Lower middle income,IBRD,17.0931,-22.5648
1843,2022,62.99720001,Individuals using the Internet (% of population),NA,Namibia,Sub-Saharan Africa ,Lower middle income,IBRD,17.0931,-22.5648
1844,2021,60.25999832,Individuals using the Internet (% of population),NA,Namibia,Sub-Saharan Africa ,Lower middle income,IBRD,17.0931,-22.5648
1845,2020,57.8608017,Individuals using the Internet (% of population),NA,Namibia,Sub-Saharan Africa ,Lower middle income,IBRD,17.0931,-22.5648
1846,2019,49.77590179,Individuals using the Internet (% of population),NA,Namibia,Sub-Saharan Africa ,Lower middle income,IBRD,17.0931,-22.5648
1847,2018,42.8207016,Individuals using the Internet (% of population),NA,Namibia,Sub-Saharan Africa ,Lower middle income,IBRD,17.0931,-22.5648
1848,2017,36.83739853,Individuals using the Internet (% of population),NA,Namibia,Sub-Saharan Africa ,Lower middle income,IBRD,17.0931,-22.5648
1849,2016,31.0333004,Individuals using the Internet (% of population),NA,Namibia,Sub-Saharan Africa ,Lower middle income,IBRD,17.0931,-22.5648
1850,2025,,Individuals using the Internet (% of population),NR,Naoero,East Asia & Pacific,High income,IBRD,166.920867,-0.5477
1851,2024,83.01170349,Individuals using the Internet (% of population),NR,Naoero,East Asia & Pacific,High income,IBRD,166.920867,-0.5477
1852,2023,83.03970337,Individuals using the Internet (% of population),NR,Naoero,East Asia & Pacific,High income,IBRD,166.920867,-0.5477
1853,2022,83.22660065,Individuals using the Internet (% of population),NR,Naoero,East Asia & Pacific,High income,IBRD,166.920867,-0.5477
1854,2021,80.29499817,Individuals using the Internet (% of population),NR,Naoero,East Asia & Pacific,High income,IBRD,166.920867,-0.5477
1855,2020,77.46659851,Individuals using the Internet (% of population),NR,Naoero,East Asia & Pacific,High income,IBRD,166.920867,-0.5477
1856,2019,74.73789978,Individuals using the Internet (% of population),NR,Naoero,East Asia & Pacific,High income,IBRD,166.920867,-0.5477
1857,2018,,Individuals using the Internet (% of population),NR,Naoero,East Asia & Pacific,High income,IBRD,166.920867,-0.5477
1858,2017,62.38510132,Individuals using the Internet (% of population),NR,Naoero,East Asia & Pacific,High income,IBRD,166.920867,-0.5477
1859,2016,,Individuals using the Internet (% of population),NR,Naoero,East Asia & Pacific,High income,IBRD,166.920867,-0.5477
1860,2025,,Individuals using the Internet (% of population),NP,Nepal,South Asia,Lower middle income,IDA,85.3157,27.6939
1861,2024,46.32189941,Individuals using the Internet (% of population),NP,Nepal,South Asia,Lower middle income,IDA,85.3157,27.6939
1862,2023,45.80680084,Individuals using the Internet (% of population),NP,Nepal,South Asia,Lower middle income,IDA,85.3157,27.6939
1863,2022,45.45080185,Individuals using the Internet (% of population),NP,Nepal,South Asia,Lower middle income,IDA,85.3157,27.6939
1864,2021,40.98910141,Individuals using the Internet (% of population),NP,Nepal,South Asia,Lower middle income,IDA,85.3157,27.6939
1865,2020,36.96530151,Individuals using the Internet (% of population),NP,Nepal,South Asia,Lower middle income,IDA,85.3157,27.6939
1866,2019,33.33660126,Individuals using the Internet (% of population),NP,Nepal,South Asia,Lower middle income,IDA,85.3157,27.6939
1867,2018,28.60000038,Individuals using the Internet (% of population),NP,Nepal,South Asia,Lower middle income,IDA,85.3157,27.6939
1868,2017,24.3,Individuals using the Internet (% of population),NP,Nepal,South Asia,Lower middle income,IDA,85.3157,27.6939
1869,2016,20.70000076,Individuals using the Internet (% of population),NP,Nepal,South Asia,Lower middle income,IDA,85.3157,27.6939
1870,2025,,Individuals using the Internet (% of population),NL,Netherlands,Europe & Central Asia,High income,Not classified,4.89095,52.3738
1871,2024,97.00679779,Individuals using the Internet (% of population),NL,Netherlands,Europe & Central Asia,High income,Not classified,4.89095,52.3738
1872,2023,97.00680272,Individuals using the Internet (% of population),NL,Netherlands,Europe & Central Asia,High income,Not classified,4.89095,52.3738
1873,2022,92.51968504,Individuals using the Internet (% of population),NL,Netherlands,Europe & Central Asia,High income,Not classified,4.89095,52.3738
1874,2021,92.05298013,Individuals using the Internet (% of population),NL,Netherlands,Europe & Central Asia,High income,Not classified,4.89095,52.3738
1875,2020,91.33333333,Individuals using the Internet (% of population),NL,Netherlands,Europe & Central Asia,High income,Not classified,4.89095,52.3738
1876,2019,93.2885906040269,Individuals using the Internet (% of population),NL,Netherlands,Europe & Central Asia,High income,Not classified,4.89095,52.3738
1877,2018,91.8918918918919,Individuals using the Internet (% of population),NL,Netherlands,Europe & Central Asia,High income,Not classified,4.89095,52.3738
1878,2017,93.1972789115646,Individuals using the Internet (% of population),NL,Netherlands,Europe & Central Asia,High income,Not classified,4.89095,52.3738
1879,2016,90.4109589041096,Individuals using the Internet (% of population),NL,Netherlands,Europe & Central Asia,High income,Not classified,4.89095,52.3738
1880,2025,,Individuals using the Internet (% of population),NC,New Caledonia,East Asia & Pacific,High income,Not classified,166.464,-22.2677
1881,2024,,Individuals using the Internet (% of population),NC,New Caledonia,East Asia & Pacific,High income,Not classified,166.464,-22.2677
1882,2023,,Individuals using the Internet (% of population),NC,New Caledonia,East Asia & Pacific,High income,Not classified,166.464,-22.2677
1883,2022,,Individuals using the Internet (% of population),NC,New Caledonia,East Asia & Pacific,High income,Not classified,166.464,-22.2677
1884,2021,,Individuals using the Internet (% of population),NC,New Caledonia,East Asia & Pacific,High income,Not classified,166.464,-22.2677
1885,2020,,Individuals using the Internet (% of population),NC,New Caledonia,East Asia & Pacific,High income,Not classified,166.464,-22.2677
1886,2019,,Individuals using the Internet (% of population),NC,New Caledonia,East Asia & Pacific,High income,Not classified,166.464,-22.2677
1887,2018,,Individuals using the Internet (% of population),NC,New Caledonia,East Asia & Pacific,High income,Not classified,166.464,-22.2677
1888,2017,82.0058408035186,Individuals using the Internet (% of population),NC,New Caledonia,East Asia & Pacific,High income,Not classified,166.464,-22.2677
1889,2016,,Individuals using the Internet (% of population),NC,New Caledonia,East Asia & Pacific,High income,Not classified,166.464,-22.2677
1890,2025,,Individuals using the Internet (% of population),NZ,New Zealand,East Asia & Pacific,High income,Not classified,174.776,-41.2865
1891,2024,93.51930237,Individuals using the Internet (% of population),NZ,New Zealand,East Asia & Pacific,High income,Not classified,174.776,-41.2865
1892,2023,93.32610321,Individuals using the Internet (% of population),NZ,New Zealand,East Asia & Pacific,High income,Not classified,174.776,-41.2865
1893,2022,93.07289886,Individuals using the Internet (% of population),NZ,New Zealand,East Asia & Pacific,High income,Not classified,174.776,-41.2865
1894,2021,91.99060059,Individuals using the Internet (% of population),NZ,New Zealand,East Asia & Pacific,High income,Not classified,174.776,-41.2865
1895,2020,90.92099762,Individuals using the Internet (% of population),NZ,New Zealand,East Asia & Pacific,High income,Not classified,174.776,-41.2865
1896,2019,89.86370087,Individuals using the Internet (% of population),NZ,New Zealand,East Asia & Pacific,High income,Not classified,174.776,-41.2865
1897,2018,89.0,Individuals using the Internet (% of population),NZ,New Zealand,East Asia & Pacific,High income,Not classified,174.776,-41.2865
1898,2017,87.69999695,Individuals using the Internet (% of population),NZ,New Zealand,East Asia & Pacific,High income,Not classified,174.776,-41.2865
1899,2016,86.5,Individuals using the Internet (% of population),NZ,New Zealand,East Asia & Pacific,High income,Not classified,174.776,-41.2865
1900,2025,,Individuals using the Internet (% of population),NI,Nicaragua,Latin America & Caribbean ,Lower middle income,IDA,-86.2734,12.1475
1901,2024,61.39550018,Individuals using the Internet (% of population),NI,Nicaragua,Latin America & Caribbean ,Lower middle income,IDA,-86.2734,12.1475
1902,2023,60.30120087,Individuals using the Internet (% of population),NI,Nicaragua,Latin America & Caribbean ,Lower middle income,IDA,-86.2734,12.1475
1903,2022,59.38000107,Individuals using the Internet (% of population),NI,Nicaragua,Latin America & Caribbean ,Lower middle income,IDA,-86.2734,12.1475
1904,2021,51.62039948,Individuals using the Internet (% of population),NI,Nicaragua,Latin America & Caribbean ,Lower middle income,IDA,-86.2734,12.1475
1905,2020,44.87490082,Individuals using the Internet (% of population),NI,Nicaragua,Latin America & Caribbean ,Lower middle income,IDA,-86.2734,12.1475
1906,2019,39.01079941,Individuals using the Internet (% of population),NI,Nicaragua,Latin America & Caribbean ,Lower middle income,IDA,-86.2734,12.1475
1907,2018,33.9129982,Individuals using the Internet (% of population),NI,Nicaragua,Latin America & Caribbean ,Lower middle income,IDA,-86.2734,12.1475
1908,2017,30.39999962,Individuals using the Internet (% of population),NI,Nicaragua,Latin America & Caribbean ,Lower middle income,IDA,-86.2734,12.1475
1909,2016,24.57180023,Individuals using the Internet (% of population),NI,Nicaragua,Latin America & Caribbean ,Lower middle income,IDA,-86.2734,12.1475
1910,2025,,Individuals using the Internet (% of population),NE,Niger,Sub-Saharan Africa ,Low income,IDA,2.1073,13.514
1911,2024,15.55760002,Individuals using the Internet (% of population),NE,Niger,Sub-Saharan Africa ,Low income,IDA,2.1073,13.514
1912,2023,12.98079967,Individuals using the Internet (% of population),NE,Niger,Sub-Saharan Africa ,Low income,IDA,2.1073,13.514
1913,2022,13.08749962,Individuals using the Internet (% of population),NE,Niger,Sub-Saharan Africa ,Low income,IDA,2.1073,13.514
1914,2021,12.45689964,Individuals using the Internet (% of population),NE,Niger,Sub-Saharan Africa ,Low income,IDA,2.1073,13.514
1915,2020,11.85680008,Individuals using the Internet (% of population),NE,Niger,Sub-Saharan Africa ,Low income,IDA,2.1073,13.514
1916,2019,11.28549957,Individuals using the Internet (% of population),NE,Niger,Sub-Saharan Africa ,Low income,IDA,2.1073,13.514
1917,2018,10.74180031,Individuals using the Internet (% of population),NE,Niger,Sub-Saharan Africa ,Low income,IDA,2.1073,13.514
1918,2017,10.2243115586561,Individuals using the Internet (% of population),NE,Niger,Sub-Saharan Africa ,Low income,IDA,2.1073,13.514
1919,2016,4.322800159,Individuals using the Internet (% of population),NE,Niger,Sub-Saharan Africa ,Low income,IDA,2.1073,13.514
1920,2025,,Individuals using the Internet (% of population),NG,Nigeria,Sub-Saharan Africa ,Lower middle income,Blend,7.48906,9.05804
1921,2024,41.21139908,Individuals using the Internet (% of population),NG,Nigeria,Sub-Saharan Africa ,Lower middle income,Blend,7.48906,9.05804
1922,2023,40.06399918,Individuals using the Internet (% of population),NG,Nigeria,Sub-Saharan Africa ,Lower middle income,Blend,7.48906,9.05804
1923,2022,39.14720154,Individuals using the Internet (% of population),NG,Nigeria,Sub-Saharan Africa ,Lower middle income,Blend,7.48906,9.05804
1924,2021,35.50979996,Individuals using the Internet (% of population),NG,Nigeria,Sub-Saharan Africa ,Lower middle income,Blend,7.48906,9.05804
1925,2020,31.88879967,Individuals using the Internet (% of population),NG,Nigeria,Sub-Saharan Africa ,Lower middle income,Blend,7.48906,9.05804
1926,2019,29.74410057,Individuals using the Internet (% of population),NG,Nigeria,Sub-Saharan Africa ,Lower middle income,Blend,7.48906,9.05804
1927,2018,27.74370003,Individuals using the Internet (% of population),NG,Nigeria,Sub-Saharan Africa ,Lower middle income,Blend,7.48906,9.05804
1928,2017,25.87789917,Individuals using the Internet (% of population),NG,Nigeria,Sub-Saharan Africa ,Lower middle income,Blend,7.48906,9.05804
1929,2016,24.13750076,Individuals using the Internet (% of population),NG,Nigeria,Sub-Saharan Africa ,Lower middle income,Blend,7.48906,9.05804
1930,2025,93.1,Individuals using the Internet (% of population),MK,North Macedonia,Europe & Central Asia,Upper middle income,IBRD,21.4361,42.0024
1931,2024,93.6,Individuals using the Internet (% of population),MK,North Macedonia,Europe & Central Asia,Upper middle income,IBRD,21.4361,42.0024
1932,2023,88.5,Individuals using the Internet (% of population),MK,North Macedonia,Europe & Central Asia,Upper middle income,IBRD,21.4361,42.0024
1933,2022,83.85030365,Individuals using the Internet (% of population),MK,North Macedonia,Europe & Central Asia,Upper middle income,IBRD,21.4361,42.0024
1934,2021,81.873703,Individuals using the Internet (% of population),MK,North Macedonia,Europe & Central Asia,Upper middle income,IBRD,21.4361,42.0024
1935,2020,81.40553811,Individuals using the Internet (% of population),MK,North Macedonia,Europe & Central Asia,Upper middle income,IBRD,21.4361,42.0024
1936,2019,81.4128827618364,Individuals using the Internet (% of population),MK,North Macedonia,Europe & Central Asia,Upper middle income,IBRD,21.4361,42.0024
1937,2018,79.1677551850871,Individuals using the Internet (% of population),MK,North Macedonia,Europe & Central Asia,Upper middle income,IBRD,21.4361,42.0024
1938,2017,74.5168241807954,Individuals using the Internet (% of population),MK,North Macedonia,Europe & Central Asia,Upper middle income,IBRD,21.4361,42.0024
1939,2016,72.1568144676058,Individuals using the Internet (% of population),MK,North Macedonia,Europe & Central Asia,Upper middle income,IBRD,21.4361,42.0024
1940,2025,,Individuals using the Internet (% of population),MP,Northern Mariana Islands,East Asia & Pacific,High income,Not classified,145.765,15.1935
1941,2024,,Individuals using the Internet (% of population),MP,Northern Mariana Islands,East Asia & Pacific,High income,Not classified,145.765,15.1935
1942,2023,,Individuals using the Internet (% of population),MP,Northern Mariana Islands,East Asia & Pacific,High income,Not classified,145.765,15.1935
1943,2022,,Individuals using the Internet (% of population),MP,Northern Mariana Islands,East Asia & Pacific,High income,Not classified,145.765,15.1935
1944,2021,,Individuals using the Internet (% of population),MP,Northern Mariana Islands,East Asia & Pacific,High income,Not classified,145.765,15.1935
1945,2020,,Individuals using the Internet (% of population),MP,Northern Mariana Islands,East Asia & Pacific,High income,Not classified,145.765,15.1935
1946,2019,,Individuals using the Internet (% of population),MP,Northern Mariana Islands,East Asia & Pacific,High income,Not classified,145.765,15.1935
1947,2018,,Individuals using the Internet (% of population),MP,Northern Mariana Islands,East Asia & Pacific,High income,Not classified,145.765,15.1935
1948,2017,,Individuals using the Internet (% of population),MP,Northern Mariana Islands,East Asia & Pacific,High income,Not classified,145.765,15.1935
1949,2016,,Individuals using the Internet (% of population),MP,Northern Mariana Islands,East Asia & Pacific,High income,Not classified,145.765,15.1935
1950,2025,,Individuals using the Internet (% of population),NO,Norway,Europe & Central Asia,High income,Not classified,10.7387,59.9138
1951,2024,99.0,Individuals using the Internet (% of population),NO,Norway,Europe & Central Asia,High income,Not classified,10.7387,59.9138
1952,2023,99.00000258,Individuals using the Internet (% of population),NO,Norway,Europe & Central Asia,High income,Not classified,10.7387,59.9138
1953,2022,98.99997764,Individuals using the Internet (% of population),NO,Norway,Europe & Central Asia,High income,Not classified,10.7387,59.9138
1954,2021,99.0000036,Individuals using the Internet (% of population),NO,Norway,Europe & Central Asia,High income,Not classified,10.7387,59.9138
1955,2020,94.60755647,Individuals using the Internet (% of population),NO,Norway,Europe & Central Asia,High income,Not classified,10.7387,59.9138
1956,2019,98.0000043853142,Individuals using the Internet (% of population),NO,Norway,Europe & Central Asia,High income,Not classified,10.7387,59.9138
1957,2018,96.4916579887094,Individuals using the Internet (% of population),NO,Norway,Europe & Central Asia,High income,Not classified,10.7387,59.9138
1958,2017,96.3576012951191,Individuals using the Internet (% of population),NO,Norway,Europe & Central Asia,High income,Not classified,10.7387,59.9138
1959,2016,97.2982036675068,Individuals using the Internet (% of population),NO,Norway,Europe & Central Asia,High income,Not classified,10.7387,59.9138
1960,2025,,Individuals using the Internet (% of population),OM,Oman,"Middle East, North Africa, Afghanistan & Pakistan",High income,Not classified,58.5874,23.6105
1961,2024,95.25174678,Individuals using the Internet (% of population),OM,Oman,"Middle East, North Africa, Afghanistan & Pakistan",High income,Not classified,58.5874,23.6105
1962,2023,95.25170135,Individuals using the Internet (% of population),OM,Oman,"Middle East, North Africa, Afghanistan & Pakistan",High income,Not classified,58.5874,23.6105
1963,2022,95.24530029,Individuals using the Internet (% of population),OM,Oman,"Middle East, North Africa, Afghanistan & Pakistan",High income,Not classified,58.5874,23.6105
1964,2021,95.23880005,Individuals using the Internet (% of population),OM,Oman,"Middle East, North Africa, Afghanistan & Pakistan",High income,Not classified,58.5874,23.6105
1965,2020,95.23229321,Individuals using the Internet (% of population),OM,Oman,"Middle East, North Africa, Afghanistan & Pakistan",High income,Not classified,58.5874,23.6105
1966,2019,90.25939941,Individuals using the Internet (% of population),OM,Oman,"Middle East, North Africa, Afghanistan & Pakistan",High income,Not classified,58.5874,23.6105
1967,2018,85.5,Individuals using the Internet (% of population),OM,Oman,"Middle East, North Africa, Afghanistan & Pakistan",High income,Not classified,58.5874,23.6105
1968,2017,80.18560028,Individuals using the Internet (% of population),OM,Oman,"Middle East, North Africa, Afghanistan & Pakistan",High income,Not classified,58.5874,23.6105
1969,2016,76.8453904741456,Individuals using the Internet (% of population),OM,Oman,"Middle East, North Africa, Afghanistan & Pakistan",High income,Not classified,58.5874,23.6105
1970,2025,,Individuals using the Internet (% of population),PK,Pakistan,"Middle East, North Africa, Afghanistan & Pakistan",Lower middle income,Blend,72.8,30.5167
1971,2024,57.253,Individuals using the Internet (% of population),PK,Pakistan,"Middle East, North Africa, Afghanistan & Pakistan",Lower middle income,Blend,72.8,30.5167
1972,2023,,Individuals using the Internet (% of population),PK,Pakistan,"Middle East, North Africa, Afghanistan & Pakistan",Lower middle income,Blend,72.8,30.5167
1973,2022,,Individuals using the Internet (% of population),PK,Pakistan,"Middle East, North Africa, Afghanistan & Pakistan",Lower middle income,Blend,72.8,30.5167
1974,2021,,Individuals using the Internet (% of population),PK,Pakistan,"Middle East, North Africa, Afghanistan & Pakistan",Lower middle income,Blend,72.8,30.5167
1975,2020,18.935,Individuals using the Internet (% of population),PK,Pakistan,"Middle East, North Africa, Afghanistan & Pakistan",Lower middle income,Blend,72.8,30.5167
1976,2019,17.070901719916,Individuals using the Internet (% of population),PK,Pakistan,"Middle East, North Africa, Afghanistan & Pakistan",Lower middle income,Blend,72.8,30.5167
1977,2018,15.34000015,Individuals using the Internet (% of population),PK,Pakistan,"Middle East, North Africa, Afghanistan & Pakistan",Lower middle income,Blend,72.8,30.5167
1978,2017,13.77999973,Individuals using the Internet (% of population),PK,Pakistan,"Middle East, North Africa, Afghanistan & Pakistan",Lower middle income,Blend,72.8,30.5167
1979,2016,12.385446763381,Individuals using the Internet (% of population),PK,Pakistan,"Middle East, North Africa, Afghanistan & Pakistan",Lower middle income,Blend,72.8,30.5167
1980,2025,,Individuals using the Internet (% of population),PW,Palau,East Asia & Pacific,High income,IBRD,134.479,7.34194
1981,2024,83.92549896,Individuals using the Internet (% of population),PW,Palau,East Asia & Pacific,High income,IBRD,134.479,7.34194
1982,2023,82.91629791,Individuals using the Internet (% of population),PW,Palau,East Asia & Pacific,High income,IBRD,134.479,7.34194
1983,2022,82.56749725,Individuals using the Internet (% of population),PW,Palau,East Asia & Pacific,High income,IBRD,134.479,7.34194
1984,2021,,Individuals using the Internet (% of population),PW,Palau,East Asia & Pacific,High income,IBRD,134.479,7.34194
1985,2020,,Individuals using the Internet (% of population),PW,Palau,East Asia & Pacific,High income,IBRD,134.479,7.34194
1986,2019,,Individuals using the Internet (% of population),PW,Palau,East Asia & Pacific,High income,IBRD,134.479,7.34194
1987,2018,,Individuals using the Internet (% of population),PW,Palau,East Asia & Pacific,High income,IBRD,134.479,7.34194
1988,2017,,Individuals using the Internet (% of population),PW,Palau,East Asia & Pacific,High income,IBRD,134.479,7.34194
1989,2016,,Individuals using the Internet (% of population),PW,Palau,East Asia & Pacific,High income,IBRD,134.479,7.34194
1990,2025,,Individuals using the Internet (% of population),PA,Panama,Latin America & Caribbean ,High income,IBRD,-79.5188,8.99427
1991,2024,72.77149963,Individuals using the Internet (% of population),PA,Panama,Latin America & Caribbean ,High income,IBRD,-79.5188,8.99427
1992,2023,68.54851592,Individuals using the Internet (% of population),PA,Panama,Latin America & Caribbean ,High income,IBRD,-79.5188,8.99427
1993,2022,67.2838974,Individuals using the Internet (% of population),PA,Panama,Latin America & Caribbean ,High income,IBRD,-79.5188,8.99427
1994,2021,66.04270172,Individuals using the Internet (% of population),PA,Panama,Latin America & Caribbean ,High income,IBRD,-79.5188,8.99427
1995,2020,64.82430267,Individuals using the Internet (% of population),PA,Panama,Latin America & Caribbean ,High income,IBRD,-79.5188,8.99427
1996,2019,63.6284147731451,Individuals using the Internet (% of population),PA,Panama,Latin America & Caribbean ,High income,IBRD,-79.5188,8.99427
1997,2018,61.8055313202468,Individuals using the Internet (% of population),PA,Panama,Latin America & Caribbean ,High income,IBRD,-79.5188,8.99427
1998,2017,59.9506309038683,Individuals using the Internet (% of population),PA,Panama,Latin America & Caribbean ,High income,IBRD,-79.5188,8.99427
1999,2016,54.0,Individuals using the Internet (% of population),PA,Panama,Latin America & Caribbean ,High income,IBRD,-79.5188,8.99427
2000,2025,,Individuals using the Internet (% of population),PG,Papua New Guinea,East Asia & Pacific,Lower middle income,Blend,147.194,-9.47357
2001,2024,18.81159973,Individuals using the Internet (% of population),PG,Papua New Guinea,East Asia & Pacific,Lower middle income,Blend,147.194,-9.47357
2002,2023,18.56130028,Individuals using the Internet (% of population),PG,Papua New Guinea,East Asia & Pacific,Lower middle income,Blend,147.194,-9.47357
2003,2022,18.25659943,Individuals using the Internet (% of population),PG,Papua New Guinea,East Asia & Pacific,Lower middle income,Blend,147.194,-9.47357
2004,2021,16.55960083,Individuals using the Internet (% of population),PG,Papua New Guinea,East Asia & Pacific,Lower middle income,Blend,147.194,-9.47357
2005,2020,15.02040005,Individuals using the Internet (% of population),PG,Papua New Guinea,East Asia & Pacific,Lower middle income,Blend,147.194,-9.47357
2006,2019,13.62419987,Individuals using the Internet (% of population),PG,Papua New Guinea,East Asia & Pacific,Lower middle income,Blend,147.194,-9.47357
2007,2018,12.35789967,Individuals using the Internet (% of population),PG,Papua New Guinea,East Asia & Pacific,Lower middle income,Blend,147.194,-9.47357
2008,2017,11.20919991,Individuals using the Internet (% of population),PG,Papua New Guinea,East Asia & Pacific,Lower middle income,Blend,147.194,-9.47357
2009,2016,9.601499557,Individuals using the Internet (% of population),PG,Papua New Guinea,East Asia & Pacific,Lower middle income,Blend,147.194,-9.47357
2010,2025,,Individuals using the Internet (% of population),PY,Paraguay,Latin America & Caribbean ,Upper middle income,IBRD,-57.6362,-25.3005
2011,2024,81.57806793,Individuals using the Internet (% of population),PY,Paraguay,Latin America & Caribbean ,Upper middle income,IBRD,-57.6362,-25.3005
2012,2023,78.09481878,Individuals using the Internet (% of population),PY,Paraguay,Latin America & Caribbean ,Upper middle income,IBRD,-57.6362,-25.3005
2013,2022,76.25916611,Individuals using the Internet (% of population),PY,Paraguay,Latin America & Caribbean ,Upper middle income,IBRD,-57.6362,-25.3005
2014,2021,77.01838621,Individuals using the Internet (% of population),PY,Paraguay,Latin America & Caribbean ,Upper middle income,IBRD,-57.6362,-25.3005
2015,2020,73.95751114,Individuals using the Internet (% of population),PY,Paraguay,Latin America & Caribbean ,Upper middle income,IBRD,-57.6362,-25.3005
2016,2019,68.5176284222264,Individuals using the Internet (% of population),PY,Paraguay,Latin America & Caribbean ,Upper middle income,IBRD,-57.6362,-25.3005
2017,2018,64.9935430235756,Individuals using the Internet (% of population),PY,Paraguay,Latin America & Caribbean ,Upper middle income,IBRD,-57.6362,-25.3005
2018,2017,61.0757562215797,Individuals using the Internet (% of population),PY,Paraguay,Latin America & Caribbean ,Upper middle income,IBRD,-57.6362,-25.3005
2019,2016,53.4041274791009,Individuals using the Internet (% of population),PY,Paraguay,Latin America & Caribbean ,Upper middle income,IBRD,-57.6362,-25.3005
2020,2025,,Individuals using the Internet (% of population),PE,Peru,Latin America & Caribbean ,Upper middle income,IBRD,-77.0465,-12.0931
2021,2024,81.95705992,Individuals using the Internet (% of population),PE,Peru,Latin America & Caribbean ,Upper middle income,IBRD,-77.0465,-12.0931
2022,2023,79.48484477,Individuals using the Internet (% of population),PE,Peru,Latin America & Caribbean ,Upper middle income,IBRD,-77.0465,-12.0931
2023,2022,74.67495213,Individuals using the Internet (% of population),PE,Peru,Latin America & Caribbean ,Upper middle income,IBRD,-77.0465,-12.0931
2024,2021,71.10782643,Individuals using the Internet (% of population),PE,Peru,Latin America & Caribbean ,Upper middle income,IBRD,-77.0465,-12.0931
2025,2020,65.25179796,Individuals using the Internet (% of population),PE,Peru,Latin America & Caribbean ,Upper middle income,IBRD,-77.0465,-12.0931
2026,2019,59.9505036049006,Individuals using the Internet (% of population),PE,Peru,Latin America & Caribbean ,Upper middle income,IBRD,-77.0465,-12.0931
2027,2018,55.0543342443197,Individuals using the Internet (% of population),PE,Peru,Latin America & Caribbean ,Upper middle income,IBRD,-77.0465,-12.0931
2028,2017,50.4504121848143,Individuals using the Internet (% of population),PE,Peru,Latin America & Caribbean ,Upper middle income,IBRD,-77.0465,-12.0931
2029,2016,45.4617406869459,Individuals using the Internet (% of population),PE,Peru,Latin America & Caribbean ,Upper middle income,IBRD,-77.0465,-12.0931
2030,2025,,Individuals using the Internet (% of population),PH,Philippines,East Asia & Pacific,Upper middle income,IBRD,121.035,14.5515
2031,2024,67.26300914,Individuals using the Internet (% of population),PH,Philippines,East Asia & Pacific,Upper middle income,IBRD,121.035,14.5515
2032,2023,77.86699677,Individuals using the Internet (% of population),PH,Philippines,East Asia & Pacific,Upper middle income,IBRD,121.035,14.5515
2033,2022,75.21114422,Individuals using the Internet (% of population),PH,Philippines,East Asia & Pacific,Upper middle income,IBRD,121.035,14.5515
2034,2021,66.90779877,Individuals using the Internet (% of population),PH,Philippines,East Asia & Pacific,Upper middle income,IBRD,121.035,14.5515
2035,2020,53.76490021,Individuals using the Internet (% of population),PH,Philippines,East Asia & Pacific,Upper middle income,IBRD,121.035,14.5515
2036,2019,43.0266118680279,Individuals using the Internet (% of population),PH,Philippines,East Asia & Pacific,Upper middle income,IBRD,121.035,14.5515
2037,2018,44.09999847,Individuals using the Internet (% of population),PH,Philippines,East Asia & Pacific,Upper middle income,IBRD,121.035,14.5515
2038,2017,41.59999847,Individuals using the Internet (% of population),PH,Philippines,East Asia & Pacific,Upper middle income,IBRD,121.035,14.5515
2039,2016,39.20000076,Individuals using the Internet (% of population),PH,Philippines,East Asia & Pacific,Upper middle income,IBRD,121.035,14.5515
2040,2025,,Individuals using the Internet (% of population),PL,Poland,Europe & Central Asia,High income,IBRD,21.02,52.26
2041,2024,88.58496367,Individuals using the Internet (% of population),PL,Poland,Europe & Central Asia,High income,IBRD,21.02,52.26
2042,2023,86.414744,Individuals using the Internet (% of population),PL,Poland,Europe & Central Asia,High income,IBRD,21.02,52.26
2043,2022,86.94113479,Individuals using the Internet (% of population),PL,Poland,Europe & Central Asia,High income,IBRD,21.02,52.26
2044,2021,85.37490906,Individuals using the Internet (% of population),PL,Poland,Europe & Central Asia,High income,IBRD,21.02,52.26
2045,2020,83.18488715,Individuals using the Internet (% of population),PL,Poland,Europe & Central Asia,High income,IBRD,21.02,52.26
2046,2019,80.4359068768673,Individuals using the Internet (% of population),PL,Poland,Europe & Central Asia,High income,IBRD,21.02,52.26
2047,2018,77.5417345350006,Individuals using the Internet (% of population),PL,Poland,Europe & Central Asia,High income,IBRD,21.02,52.26
2048,2017,75.9853659493832,Individuals using the Internet (% of population),PL,Poland,Europe & Central Asia,High income,IBRD,21.02,52.26
2049,2016,73.3007040962669,Individuals using the Internet (% of population),PL,Poland,Europe & Central Asia,High income,IBRD,21.02,52.26
2050,2025,,Individuals using the Internet (% of population),PT,Portugal,Europe & Central Asia,High income,Not classified,-9.13552,38.7072
2051,2024,88.48704454,Individuals using the Internet (% of population),PT,Portugal,Europe & Central Asia,High income,Not classified,-9.13552,38.7072
2052,2023,85.79012676,Individuals using the Internet (% of population),PT,Portugal,Europe & Central Asia,High income,Not classified,-9.13552,38.7072
2053,2022,84.49690644,Individuals using the Internet (% of population),PT,Portugal,Europe & Central Asia,High income,Not classified,-9.13552,38.7072
2054,2021,82.30902804,Individuals using the Internet (% of population),PT,Portugal,Europe & Central Asia,High income,Not classified,-9.13552,38.7072
2055,2020,78.26166044,Individuals using the Internet (% of population),PT,Portugal,Europe & Central Asia,High income,Not classified,-9.13552,38.7072
2056,2019,75.3463779408712,Individuals using the Internet (% of population),PT,Portugal,Europe & Central Asia,High income,Not classified,-9.13552,38.7072
2057,2018,74.6609681487507,Individuals using the Internet (% of population),PT,Portugal,Europe & Central Asia,High income,Not classified,-9.13552,38.7072
2058,2017,73.7912139515729,Individuals using the Internet (% of population),PT,Portugal,Europe & Central Asia,High income,Not classified,-9.13552,38.7072
2059,2016,70.423567088723,Individuals using the Internet (% of population),PT,Portugal,Europe & Central Asia,High income,Not classified,-9.13552,38.7072
2060,2025,,Individuals using the Internet (% of population),PR,Puerto Rico (US),Latin America & Caribbean ,High income,Not classified,-66,18.23
2061,2024,,Individuals using the Internet (% of population),PR,Puerto Rico (US),Latin America & Caribbean ,High income,Not classified,-66,18.23
2062,2023,,Individuals using the Internet (% of population),PR,Puerto Rico (US),Latin America & Caribbean ,High income,Not classified,-66,18.23
2063,2022,87.29178106,Individuals using the Internet (% of population),PR,Puerto Rico (US),Latin America & Caribbean ,High income,Not classified,-66,18.23
2064,2021,84.78666399,Individuals using the Internet (% of population),PR,Puerto Rico (US),Latin America & Caribbean ,High income,Not classified,-66,18.23
2065,2020,,Individuals using the Internet (% of population),PR,Puerto Rico (US),Latin America & Caribbean ,High income,Not classified,-66,18.23
2066,2019,77.7364393708352,Individuals using the Internet (% of population),PR,Puerto Rico (US),Latin America & Caribbean ,High income,Not classified,-66,18.23
2067,2018,70.8563997424362,Individuals using the Internet (% of population),PR,Puerto Rico (US),Latin America & Caribbean ,High income,Not classified,-66,18.23
2068,2017,68.7407731407209,Individuals using the Internet (% of population),PR,Puerto Rico (US),Latin America & Caribbean ,High income,Not classified,-66,18.23
2069,2016,68.6438071976518,Individuals using the Internet (% of population),PR,Puerto Rico (US),Latin America & Caribbean ,High income,Not classified,-66,18.23
2070,2025,,Individuals using the Internet (% of population),QA,Qatar,"Middle East, North Africa, Afghanistan & Pakistan",High income,Not classified,51.5082,25.2948
2071,2024,98.08540344,Individuals using the Internet (% of population),QA,Qatar,"Middle East, North Africa, Afghanistan & Pakistan",High income,Not classified,51.5082,25.2948
2072,2023,98.15229797,Individuals using the Internet (% of population),QA,Qatar,"Middle East, North Africa, Afghanistan & Pakistan",High income,Not classified,51.5082,25.2948
2073,2022,98.03800201,Individuals using the Internet (% of population),QA,Qatar,"Middle East, North Africa, Afghanistan & Pakistan",High income,Not classified,51.5082,25.2948
2074,2021,99.65280151,Individuals using the Internet (% of population),QA,Qatar,"Middle East, North Africa, Afghanistan & Pakistan",High income,Not classified,51.5082,25.2948
2075,2020,99.65284913,Individuals using the Internet (% of population),QA,Qatar,"Middle East, North Africa, Afghanistan & Pakistan",High income,Not classified,51.5082,25.2948
2076,2019,99.6528042086389,Individuals using the Internet (% of population),QA,Qatar,"Middle East, North Africa, Afghanistan & Pakistan",High income,Not classified,51.5082,25.2948
2077,2018,99.6528491261175,Individuals using the Internet (% of population),QA,Qatar,"Middle East, North Africa, Afghanistan & Pakistan",High income,Not classified,51.5082,25.2948
2078,2017,97.3888491654164,Individuals using the Internet (% of population),QA,Qatar,"Middle East, North Africa, Afghanistan & Pakistan",High income,Not classified,51.5082,25.2948
2079,2016,95.1246621661148,Individuals using the Internet (% of population),QA,Qatar,"Middle East, North Africa, Afghanistan & Pakistan",High income,Not classified,51.5082,25.2948
2080,2025,,Individuals using the Internet (% of population),RO,Romania,Europe & Central Asia,High income,IBRD,26.0979,44.4479
2081,2024,91.29048551,Individuals using the Internet (% of population),RO,Romania,Europe & Central Asia,High income,IBRD,26.0979,44.4479
2082,2023,89.20335498,Individuals using the Internet (% of population),RO,Romania,Europe & Central Asia,High income,IBRD,26.0979,44.4479
2083,2022,85.50309124,Individuals using the Internet (% of population),RO,Romania,Europe & Central Asia,High income,IBRD,26.0979,44.4479
2084,2021,83.5904265,Individuals using the Internet (% of population),RO,Romania,Europe & Central Asia,High income,IBRD,26.0979,44.4479
2085,2020,78.45526895,Individuals using the Internet (% of population),RO,Romania,Europe & Central Asia,High income,IBRD,26.0979,44.4479
2086,2019,73.6574757545465,Individuals using the Internet (% of population),RO,Romania,Europe & Central Asia,High income,IBRD,26.0979,44.4479
2087,2018,70.6812779273268,Individuals using the Internet (% of population),RO,Romania,Europe & Central Asia,High income,IBRD,26.0979,44.4479
2088,2017,63.7472821822484,Individuals using the Internet (% of population),RO,Romania,Europe & Central Asia,High income,IBRD,26.0979,44.4479
2089,2016,59.5039512852713,Individuals using the Internet (% of population),RO,Romania,Europe & Central Asia,High income,IBRD,26.0979,44.4479
2090,2025,,Individuals using the Internet (% of population),RU,Russian Federation,Europe & Central Asia,High income,IBRD,37.6176,55.7558
2091,2024,94.36495368,Individuals using the Internet (% of population),RU,Russian Federation,Europe & Central Asia,High income,IBRD,37.6176,55.7558
2092,2023,92.24496346,Individuals using the Internet (% of population),RU,Russian Federation,Europe & Central Asia,High income,IBRD,37.6176,55.7558
2093,2022,90.41799163,Individuals using the Internet (% of population),RU,Russian Federation,Europe & Central Asia,High income,IBRD,37.6176,55.7558
2094,2021,88.21384578,Individuals using the Internet (% of population),RU,Russian Federation,Europe & Central Asia,High income,IBRD,37.6176,55.7558
2095,2020,84.99466978,Individuals using the Internet (% of population),RU,Russian Federation,Europe & Central Asia,High income,IBRD,37.6176,55.7558
2096,2019,82.6421618670668,Individuals using the Internet (% of population),RU,Russian Federation,Europe & Central Asia,High income,IBRD,37.6176,55.7558
2097,2018,80.8647218726954,Individuals using the Internet (% of population),RU,Russian Federation,Europe & Central Asia,High income,IBRD,37.6176,55.7558
2098,2017,76.0081385339105,Individuals using the Internet (% of population),RU,Russian Federation,Europe & Central Asia,High income,IBRD,37.6176,55.7558
2099,2016,73.091434617897,Individuals using the Internet (% of population),RU,Russian Federation,Europe & Central Asia,High income,IBRD,37.6176,55.7558
2100,2025,,Individuals using the Internet (% of population),RW,Rwanda,Sub-Saharan Africa ,Low income,IDA,30.0587,-1.95325
2101,2024,31.70330048,Individuals using the Internet (% of population),RW,Rwanda,Sub-Saharan Africa ,Low income,IDA,30.0587,-1.95325
2102,2023,28.80579948,Individuals using the Internet (% of population),RW,Rwanda,Sub-Saharan Africa ,Low income,IDA,30.0587,-1.95325
2103,2022,28.01679993,Individuals using the Internet (% of population),RW,Rwanda,Sub-Saharan Africa ,Low income,IDA,30.0587,-1.95325
2104,2021,24.4416008,Individuals using the Internet (% of population),RW,Rwanda,Sub-Saharan Africa ,Low income,IDA,30.0587,-1.95325
2105,2020,23.8,Individuals using the Internet (% of population),RW,Rwanda,Sub-Saharan Africa ,Low income,IDA,30.0587,-1.95325
2106,2019,21.3579998,Individuals using the Internet (% of population),RW,Rwanda,Sub-Saharan Africa ,Low income,IDA,30.0587,-1.95325
2107,2018,19.16659927,Individuals using the Internet (% of population),RW,Rwanda,Sub-Saharan Africa ,Low income,IDA,30.0587,-1.95325
2108,2017,17.2,Individuals using the Internet (% of population),RW,Rwanda,Sub-Saharan Africa ,Low income,IDA,30.0587,-1.95325
2109,2016,14.63710022,Individuals using the Internet (% of population),RW,Rwanda,Sub-Saharan Africa ,Low income,IDA,30.0587,-1.95325
2110,2025,,Individuals using the Internet (% of population),WS,Samoa,East Asia & Pacific,Upper middle income,IDA,-171.752,-13.8314
2111,2024,,Individuals using the Internet (% of population),WS,Samoa,East Asia & Pacific,Upper middle income,IDA,-171.752,-13.8314
2112,2023,,Individuals using the Internet (% of population),WS,Samoa,East Asia & Pacific,Upper middle income,IDA,-171.752,-13.8314
2113,2022,,Individuals using the Internet (% of population),WS,Samoa,East Asia & Pacific,Upper middle income,IDA,-171.752,-13.8314
2114,2021,,Individuals using the Internet (% of population),WS,Samoa,East Asia & Pacific,Upper middle income,IDA,-171.752,-13.8314
2115,2020,,Individuals using the Internet (% of population),WS,Samoa,East Asia & Pacific,Upper middle income,IDA,-171.752,-13.8314
2116,2019,,Individuals using the Internet (% of population),WS,Samoa,East Asia & Pacific,Upper middle income,IDA,-171.752,-13.8314
2117,2018,,Individuals using the Internet (% of population),WS,Samoa,East Asia & Pacific,Upper middle income,IDA,-171.752,-13.8314
2118,2017,,Individuals using the Internet (% of population),WS,Samoa,East Asia & Pacific,Upper middle income,IDA,-171.752,-13.8314
2119,2016,,Individuals using the Internet (% of population),WS,Samoa,East Asia & Pacific,Upper middle income,IDA,-171.752,-13.8314
2120,2025,,Individuals using the Internet (% of population),SM,San Marino,Europe & Central Asia,High income,Not classified,12.4486,43.9322
2121,2024,97.35220337,Individuals using the Internet (% of population),SM,San Marino,Europe & Central Asia,High income,Not classified,12.4486,43.9322
2122,2023,97.33640289,Individuals using the Internet (% of population),SM,San Marino,Europe & Central Asia,High income,Not classified,12.4486,43.9322
2123,2022,97.32790375,Individuals using the Internet (% of population),SM,San Marino,Europe & Central Asia,High income,Not classified,12.4486,43.9322
2124,2021,81.66999817,Individuals using the Internet (% of population),SM,San Marino,Europe & Central Asia,High income,Not classified,12.4486,43.9322
2125,2020,77.94999695,Individuals using the Internet (% of population),SM,San Marino,Europe & Central Asia,High income,Not classified,12.4486,43.9322
2126,2019,67.85070038,Individuals using the Internet (% of population),SM,San Marino,Europe & Central Asia,High income,Not classified,12.4486,43.9322
2127,2018,,Individuals using the Internet (% of population),SM,San Marino,Europe & Central Asia,High income,Not classified,12.4486,43.9322
2128,2017,60.18230057,Individuals using the Internet (% of population),SM,San Marino,Europe & Central Asia,High income,Not classified,12.4486,43.9322
2129,2016,55.0,Individuals using the Internet (% of population),SM,San Marino,Europe & Central Asia,High income,Not classified,12.4486,43.9322
2130,2025,,Individuals using the Internet (% of population),ST,Sao Tome and Principe,Sub-Saharan Africa ,Lower middle income,IDA,6.6071,0.20618
2131,2024,59.11759949,Individuals using the Internet (% of population),ST,Sao Tome and Principe,Sub-Saharan Africa ,Lower middle income,IDA,6.6071,0.20618
2132,2023,58.70130157,Individuals using the Internet (% of population),ST,Sao Tome and Principe,Sub-Saharan Africa ,Lower middle income,IDA,6.6071,0.20618
2133,2022,58.56779861,Individuals using the Internet (% of population),ST,Sao Tome and Principe,Sub-Saharan Africa ,Lower middle income,IDA,6.6071,0.20618
2134,2021,54.94950104,Individuals using the Internet (% of population),ST,Sao Tome and Principe,Sub-Saharan Africa ,Lower middle income,IDA,6.6071,0.20618
2135,2020,51.55469894,Individuals using the Internet (% of population),ST,Sao Tome and Principe,Sub-Saharan Africa ,Lower middle income,IDA,6.6071,0.20618
2136,2019,44.25790024,Individuals using the Internet (% of population),ST,Sao Tome and Principe,Sub-Saharan Africa ,Lower middle income,IDA,6.6071,0.20618
2137,2018,37.99380112,Individuals using the Internet (% of population),ST,Sao Tome and Principe,Sub-Saharan Africa ,Lower middle income,IDA,6.6071,0.20618
2138,2017,32.61640167,Individuals using the Internet (% of population),ST,Sao Tome and Principe,Sub-Saharan Africa ,Lower middle income,IDA,6.6071,0.20618
2139,2016,28.0,Individuals using the Internet (% of population),ST,Sao Tome and Principe,Sub-Saharan Africa ,Lower middle income,IDA,6.6071,0.20618
2140,2025,,Individuals using the Internet (% of population),SA,Saudi Arabia,"Middle East, North Africa, Afghanistan & Pakistan",High income,Not classified,46.6977,24.6748
2141,2024,100.0,Individuals using the Internet (% of population),SA,Saudi Arabia,"Middle East, North Africa, Afghanistan & Pakistan",High income,Not classified,46.6977,24.6748
2142,2023,100.0,Individuals using the Internet (% of population),SA,Saudi Arabia,"Middle East, North Africa, Afghanistan & Pakistan",High income,Not classified,46.6977,24.6748
2143,2022,100.0,Individuals using the Internet (% of population),SA,Saudi Arabia,"Middle East, North Africa, Afghanistan & Pakistan",High income,Not classified,46.6977,24.6748
2144,2021,100.0,Individuals using the Internet (% of population),SA,Saudi Arabia,"Middle East, North Africa, Afghanistan & Pakistan",High income,Not classified,46.6977,24.6748
2145,2020,97.8623325,Individuals using the Internet (% of population),SA,Saudi Arabia,"Middle East, North Africa, Afghanistan & Pakistan",High income,Not classified,46.6977,24.6748
2146,2019,95.7247355953812,Individuals using the Internet (% of population),SA,Saudi Arabia,"Middle East, North Africa, Afghanistan & Pakistan",High income,Not classified,46.6977,24.6748
2147,2018,93.3100018480347,Individuals using the Internet (% of population),SA,Saudi Arabia,"Middle East, North Africa, Afghanistan & Pakistan",High income,Not classified,46.6977,24.6748
2148,2017,94.1755996113911,Individuals using the Internet (% of population),SA,Saudi Arabia,"Middle East, North Africa, Afghanistan & Pakistan",High income,Not classified,46.6977,24.6748
2149,2016,74.8792746891625,Individuals using the Internet (% of population),SA,Saudi Arabia,"Middle East, North Africa, Afghanistan & Pakistan",High income,Not classified,46.6977,24.6748
2150,2025,,Individuals using the Internet (% of population),SN,Senegal,Sub-Saharan Africa ,Lower middle income,IDA,-17.4734,14.7247
2151,2024,60.11780167,Individuals using the Internet (% of population),SN,Senegal,Sub-Saharan Africa ,Lower middle income,IDA,-17.4734,14.7247
2152,2023,59.18740082,Individuals using the Internet (% of population),SN,Senegal,Sub-Saharan Africa ,Lower middle income,IDA,-17.4734,14.7247
2153,2022,56.82830048,Individuals using the Internet (% of population),SN,Senegal,Sub-Saharan Africa ,Lower middle income,IDA,-17.4734,14.7247
2154,2021,55.04040146,Individuals using the Internet (% of population),SN,Senegal,Sub-Saharan Africa ,Lower middle income,IDA,-17.4734,14.7247
2155,2020,53.30879974,Individuals using the Internet (% of population),SN,Senegal,Sub-Saharan Africa ,Lower middle income,IDA,-17.4734,14.7247
2156,2019,43.37969971,Individuals using the Internet (% of population),SN,Senegal,Sub-Saharan Africa ,Lower middle income,IDA,-17.4734,14.7247
2157,2018,35.29999924,Individuals using the Internet (% of population),SN,Senegal,Sub-Saharan Africa ,Lower middle income,IDA,-17.4734,14.7247
2158,2017,29.64310074,Individuals using the Internet (% of population),SN,Senegal,Sub-Saharan Africa ,Lower middle income,IDA,-17.4734,14.7247
2159,2016,25.66480064,Individuals using the Internet (% of population),SN,Senegal,Sub-Saharan Africa ,Lower middle income,IDA,-17.4734,14.7247
2160,2025,,Individuals using the Internet (% of population),RS,Serbia,Europe & Central Asia,Upper middle income,IBRD,20.4656,44.8024
2161,2024,87.69071294,Individuals using the Internet (% of population),RS,Serbia,Europe & Central Asia,Upper middle income,IBRD,20.4656,44.8024
2162,2023,85.35746686,Individuals using the Internet (% of population),RS,Serbia,Europe & Central Asia,Upper middle income,IBRD,20.4656,44.8024
2163,2022,83.53825397,Individuals using the Internet (% of population),RS,Serbia,Europe & Central Asia,Upper middle income,IBRD,20.4656,44.8024
2164,2021,81.16588116,Individuals using the Internet (% of population),RS,Serbia,Europe & Central Asia,Upper middle income,IBRD,20.4656,44.8024
2165,2020,78.36804864,Individuals using the Internet (% of population),RS,Serbia,Europe & Central Asia,Upper middle income,IBRD,20.4656,44.8024
2166,2019,77.4167736219802,Individuals using the Internet (% of population),RS,Serbia,Europe & Central Asia,Upper middle income,IBRD,20.4656,44.8024
2167,2018,73.360709154564,Individuals using the Internet (% of population),RS,Serbia,Europe & Central Asia,Upper middle income,IBRD,20.4656,44.8024
2168,2017,70.3308355269141,Individuals using the Internet (% of population),RS,Serbia,Europe & Central Asia,Upper middle income,IBRD,20.4656,44.8024
2169,2016,67.0568413716938,Individuals using the Internet (% of population),RS,Serbia,Europe & Central Asia,Upper middle income,IBRD,20.4656,44.8024
2170,2025,,Individuals using the Internet (% of population),SC,Seychelles,Sub-Saharan Africa ,High income,IBRD,55.4466,-4.6309
2171,2024,87.81800079,Individuals using the Internet (% of population),SC,Seychelles,Sub-Saharan Africa ,High income,IBRD,55.4466,-4.6309
2172,2023,86.001297,Individuals using the Internet (% of population),SC,Seychelles,Sub-Saharan Africa ,High income,IBRD,55.4466,-4.6309
2173,2022,84.83380127,Individuals using the Internet (% of population),SC,Seychelles,Sub-Saharan Africa ,High income,IBRD,55.4466,-4.6309
2174,2021,81.99530029,Individuals using the Internet (% of population),SC,Seychelles,Sub-Saharan Africa ,High income,IBRD,55.4466,-4.6309
2175,2020,79.25170135,Individuals using the Internet (% of population),SC,Seychelles,Sub-Saharan Africa ,High income,IBRD,55.4466,-4.6309
2176,2019,76.63420105,Individuals using the Internet (% of population),SC,Seychelles,Sub-Saharan Africa ,High income,IBRD,55.4466,-4.6309
2177,2018,69.23660278,Individuals using the Internet (% of population),SC,Seychelles,Sub-Saharan Africa ,High income,IBRD,55.4466,-4.6309
2178,2017,62.55310059,Individuals using the Internet (% of population),SC,Seychelles,Sub-Saharan Africa ,High income,IBRD,55.4466,-4.6309
2179,2016,56.51470184,Individuals using the Internet (% of population),SC,Seychelles,Sub-Saharan Africa ,High income,IBRD,55.4466,-4.6309
2180,2025,,Individuals using the Internet (% of population),SL,Sierra Leone,Sub-Saharan Africa ,Low income,IDA,-13.2134,8.4821
2181,2024,25.10499954,Individuals using the Internet (% of population),SL,Sierra Leone,Sub-Saharan Africa ,Low income,IDA,-13.2134,8.4821
2182,2023,23.71360016,Individuals using the Internet (% of population),SL,Sierra Leone,Sub-Saharan Africa ,Low income,IDA,-13.2134,8.4821
2183,2022,21.50880051,Individuals using the Internet (% of population),SL,Sierra Leone,Sub-Saharan Africa ,Low income,IDA,-13.2134,8.4821
2184,2021,18.65390015,Individuals using the Internet (% of population),SL,Sierra Leone,Sub-Saharan Africa ,Low income,IDA,-13.2134,8.4821
2185,2020,17.12080002,Individuals using the Internet (% of population),SL,Sierra Leone,Sub-Saharan Africa ,Low income,IDA,-13.2134,8.4821
2186,2019,15.71370029,Individuals using the Internet (% of population),SL,Sierra Leone,Sub-Saharan Africa ,Low income,IDA,-13.2134,8.4821
2187,2018,14.42230034,Individuals using the Internet (% of population),SL,Sierra Leone,Sub-Saharan Africa ,Low income,IDA,-13.2134,8.4821
2188,2017,9.297100067,Individuals using the Internet (% of population),SL,Sierra Leone,Sub-Saharan Africa ,Low income,IDA,-13.2134,8.4821
2189,2016,7.680099964,Individuals using the Internet (% of population),SL,Sierra Leone,Sub-Saharan Africa ,Low income,IDA,-13.2134,8.4821
2190,2025,,Individuals using the Internet (% of population),SG,Singapore,East Asia & Pacific,High income,Not classified,103.85,1.28941
2191,2024,94.37757178,Individuals using the Internet (% of population),SG,Singapore,East Asia & Pacific,High income,Not classified,103.85,1.28941
2192,2023,94.28518987,Individuals using the Internet (% of population),SG,Singapore,East Asia & Pacific,High income,Not classified,103.85,1.28941
2193,2022,95.95386476,Individuals using the Internet (% of population),SG,Singapore,East Asia & Pacific,High income,Not classified,103.85,1.28941
2194,2021,96.92468156,Individuals using the Internet (% of population),SG,Singapore,East Asia & Pacific,High income,Not classified,103.85,1.28941
2195,2020,92.00434653,Individuals using the Internet (% of population),SG,Singapore,East Asia & Pacific,High income,Not classified,103.85,1.28941
2196,2019,88.9492526850762,Individuals using the Internet (% of population),SG,Singapore,East Asia & Pacific,High income,Not classified,103.85,1.28941
2197,2018,88.1656360313447,Individuals using the Internet (% of population),SG,Singapore,East Asia & Pacific,High income,Not classified,103.85,1.28941
2198,2017,84.4522678893074,Individuals using the Internet (% of population),SG,Singapore,East Asia & Pacific,High income,Not classified,103.85,1.28941
2199,2016,84.4522678893074,Individuals using the Internet (% of population),SG,Singapore,East Asia & Pacific,High income,Not classified,103.85,1.28941
2200,2025,,Individuals using the Internet (% of population),SX,Sint Maarten (Dutch part),Latin America & Caribbean ,High income,Not classified,,
2201,2024,,Individuals using the Internet (% of population),SX,Sint Maarten (Dutch part),Latin America & Caribbean ,High income,Not classified,,
2202,2023,,Individuals using the Internet (% of population),SX,Sint Maarten (Dutch part),Latin America & Caribbean ,High income,Not classified,,
2203,2022,,Individuals using the Internet (% of population),SX,Sint Maarten (Dutch part),Latin America & Caribbean ,High income,Not classified,,
2204,2021,,Individuals using the Internet (% of population),SX,Sint Maarten (Dutch part),Latin America & Caribbean ,High income,Not classified,,
2205,2020,,Individuals using the Internet (% of population),SX,Sint Maarten (Dutch part),Latin America & Caribbean ,High income,Not classified,,
2206,2019,,Individuals using the Internet (% of population),SX,Sint Maarten (Dutch part),Latin America & Caribbean ,High income,Not classified,,
2207,2018,,Individuals using the Internet (% of population),SX,Sint Maarten (Dutch part),Latin America & Caribbean ,High income,Not classified,,
2208,2017,,Individuals using the Internet (% of population),SX,Sint Maarten (Dutch part),Latin America & Caribbean ,High income,Not classified,,
2209,2016,,Individuals using the Internet (% of population),SX,Sint Maarten (Dutch part),Latin America & Caribbean ,High income,Not classified,,
2210,2025,,Individuals using the Internet (% of population),SK,Slovak Republic,Europe & Central Asia,High income,Not classified,17.1073,48.1484
2211,2024,89.82507032,Individuals using the Internet (% of population),SK,Slovak Republic,Europe & Central Asia,High income,Not classified,17.1073,48.1484
2212,2023,87.2131343,Individuals using the Internet (% of population),SK,Slovak Republic,Europe & Central Asia,High income,Not classified,17.1073,48.1484
2213,2022,89.06766196,Individuals using the Internet (% of population),SK,Slovak Republic,Europe & Central Asia,High income,Not classified,17.1073,48.1484
2214,2021,88.92560523,Individuals using the Internet (% of population),SK,Slovak Republic,Europe & Central Asia,High income,Not classified,17.1073,48.1484
2215,2020,89.92090413,Individuals using the Internet (% of population),SK,Slovak Republic,Europe & Central Asia,High income,Not classified,17.1073,48.1484
2216,2019,82.8536605021784,Individuals using the Internet (% of population),SK,Slovak Republic,Europe & Central Asia,High income,Not classified,17.1073,48.1484
2217,2018,80.4489224826099,Individuals using the Internet (% of population),SK,Slovak Republic,Europe & Central Asia,High income,Not classified,17.1073,48.1484
2218,2017,81.6256675172655,Individuals using the Internet (% of population),SK,Slovak Republic,Europe & Central Asia,High income,Not classified,17.1073,48.1484
2219,2016,80.475857275668,Individuals using the Internet (% of population),SK,Slovak Republic,Europe & Central Asia,High income,Not classified,17.1073,48.1484
2220,2025,,Individuals using the Internet (% of population),SI,Slovenia,Europe & Central Asia,High income,Not classified,14.5044,46.0546
2221,2024,90.76355487,Individuals using the Internet (% of population),SI,Slovenia,Europe & Central Asia,High income,Not classified,14.5044,46.0546
2222,2023,90.37794678,Individuals using the Internet (% of population),SI,Slovenia,Europe & Central Asia,High income,Not classified,14.5044,46.0546
2223,2022,88.91248552,Individuals using the Internet (% of population),SI,Slovenia,Europe & Central Asia,High income,Not classified,14.5044,46.0546
2224,2021,89.00399524,Individuals using the Internet (% of population),SI,Slovenia,Europe & Central Asia,High income,Not classified,14.5044,46.0546
2225,2020,86.60130109,Individuals using the Internet (% of population),SI,Slovenia,Europe & Central Asia,High income,Not classified,14.5044,46.0546
2226,2019,83.1083578026717,Individuals using the Internet (% of population),SI,Slovenia,Europe & Central Asia,High income,Not classified,14.5044,46.0546
2227,2018,79.7499765956562,Individuals using the Internet (% of population),SI,Slovenia,Europe & Central Asia,High income,Not classified,14.5044,46.0546
2228,2017,78.8854263554775,Individuals using the Internet (% of population),SI,Slovenia,Europe & Central Asia,High income,Not classified,14.5044,46.0546
2229,2016,75.4985042610791,Individuals using the Internet (% of population),SI,Slovenia,Europe & Central Asia,High income,Not classified,14.5044,46.0546
2230,2025,,Individuals using the Internet (% of population),SB,Solomon Islands,East Asia & Pacific,Lower middle income,IDA,159.949,-9.42676
2231,2024,29.04070091,Individuals using the Internet (% of population),SB,Solomon Islands,East Asia & Pacific,Lower middle income,IDA,159.949,-9.42676
2232,2023,28.67239952,Individuals using the Internet (% of population),SB,Solomon Islands,East Asia & Pacific,Lower middle income,IDA,159.949,-9.42676
2233,2022,28.01729965,Individuals using the Internet (% of population),SB,Solomon Islands,East Asia & Pacific,Lower middle income,IDA,159.949,-9.42676
2234,2021,26.03790092,Individuals using the Internet (% of population),SB,Solomon Islands,East Asia & Pacific,Lower middle income,IDA,159.949,-9.42676
2235,2020,24.1984005,Individuals using the Internet (% of population),SB,Solomon Islands,East Asia & Pacific,Lower middle income,IDA,159.949,-9.42676
2236,2019,22.48880005,Individuals using the Internet (% of population),SB,Solomon Islands,East Asia & Pacific,Lower middle income,IDA,159.949,-9.42676
2237,2018,20.8593998,Individuals using the Internet (% of population),SB,Solomon Islands,East Asia & Pacific,Lower middle income,IDA,159.949,-9.42676
2238,2017,15.14840031,Individuals using the Internet (% of population),SB,Solomon Islands,East Asia & Pacific,Lower middle income,IDA,159.949,-9.42676
2239,2016,11.00090027,Individuals using the Internet (% of population),SB,Solomon Islands,East Asia & Pacific,Lower middle income,IDA,159.949,-9.42676
2240,2025,,Individuals using the Internet (% of population),SO,"Somalia, Fed. Rep.",Sub-Saharan Africa ,Low income,IDA,45.3254,2.07515
2241,2024,27.94020081,Individuals using the Internet (% of population),SO,"Somalia, Fed. Rep.",Sub-Saharan Africa ,Low income,IDA,45.3254,2.07515
2242,2023,26.12010002,Individuals using the Internet (% of population),SO,"Somalia, Fed. Rep.",Sub-Saharan Africa ,Low income,IDA,45.3254,2.07515
2243,2022,27.6,Individuals using the Internet (% of population),SO,"Somalia, Fed. Rep.",Sub-Saharan Africa ,Low income,IDA,45.3254,2.07515
2244,2021,23.87479973,Individuals using the Internet (% of population),SO,"Somalia, Fed. Rep.",Sub-Saharan Africa ,Low income,IDA,45.3254,2.07515
2245,2020,15.02369976,Individuals using the Internet (% of population),SO,"Somalia, Fed. Rep.",Sub-Saharan Africa ,Low income,IDA,45.3254,2.07515
2246,2019,2.731400013,Individuals using the Internet (% of population),SO,"Somalia, Fed. Rep.",Sub-Saharan Africa ,Low income,IDA,45.3254,2.07515
2247,2018,,Individuals using the Internet (% of population),SO,"Somalia, Fed. Rep.",Sub-Saharan Africa ,Low income,IDA,45.3254,2.07515
2248,2017,,Individuals using the Internet (% of population),SO,"Somalia, Fed. Rep.",Sub-Saharan Africa ,Low income,IDA,45.3254,2.07515
2249,2016,1.879999995,Individuals using the Internet (% of population),SO,"Somalia, Fed. Rep.",Sub-Saharan Africa ,Low income,IDA,45.3254,2.07515
2250,2025,,Individuals using the Internet (% of population),ZA,South Africa,Sub-Saharan Africa ,Upper middle income,IBRD,28.1871,-25.746
2251,2024,78.35759735,Individuals using the Internet (% of population),ZA,South Africa,Sub-Saharan Africa ,Upper middle income,IBRD,28.1871,-25.746
2252,2023,78.33670044,Individuals using the Internet (% of population),ZA,South Africa,Sub-Saharan Africa ,Upper middle income,IBRD,28.1871,-25.746
2253,2022,78.29319763,Individuals using the Internet (% of population),ZA,South Africa,Sub-Saharan Africa ,Upper middle income,IBRD,28.1871,-25.746
2254,2021,74.96859741,Individuals using the Internet (% of population),ZA,South Africa,Sub-Saharan Africa ,Upper middle income,IBRD,28.1871,-25.746
2255,2020,72.1128006,Individuals using the Internet (% of population),ZA,South Africa,Sub-Saharan Africa ,Upper middle income,IBRD,28.1871,-25.746
2256,2019,69.69689941,Individuals using the Internet (% of population),ZA,South Africa,Sub-Saharan Africa ,Upper middle income,IBRD,28.1871,-25.746
2257,2018,62.40000153,Individuals using the Internet (% of population),ZA,South Africa,Sub-Saharan Africa ,Upper middle income,IBRD,28.1871,-25.746
2258,2017,56.16740036,Individuals using the Internet (% of population),ZA,South Africa,Sub-Saharan Africa ,Upper middle income,IBRD,28.1871,-25.746
2259,2016,54.0,Individuals using the Internet (% of population),ZA,South Africa,Sub-Saharan Africa ,Upper middle income,IBRD,28.1871,-25.746
2260,2025,,Individuals using the Internet (% of population),SS,South Sudan,Sub-Saharan Africa ,Low income,IDA,31.6,4.85
2261,2024,,Individuals using the Internet (% of population),SS,South Sudan,Sub-Saharan Africa ,Low income,IDA,31.6,4.85
2262,2023,,Individuals using the Internet (% of population),SS,South Sudan,Sub-Saharan Africa ,Low income,IDA,31.6,4.85
2263,2022,,Individuals using the Internet (% of population),SS,South Sudan,Sub-Saharan Africa ,Low income,IDA,31.6,4.85
2264,2021,,Individuals using the Internet (% of population),SS,South Sudan,Sub-Saharan Africa ,Low income,IDA,31.6,4.85
2265,2020,,Individuals using the Internet (% of population),SS,South Sudan,Sub-Saharan Africa ,Low income,IDA,31.6,4.85
2266,2019,6.671000004,Individuals using the Internet (% of population),SS,South Sudan,Sub-Saharan Africa ,Low income,IDA,31.6,4.85
2267,2018,4.800000191,Individuals using the Internet (% of population),SS,South Sudan,Sub-Saharan Africa ,Low income,IDA,31.6,4.85
2268,2017,4.1,Individuals using the Internet (% of population),SS,South Sudan,Sub-Saharan Africa ,Low income,IDA,31.6,4.85
2269,2016,3.5,Individuals using the Internet (% of population),SS,South Sudan,Sub-Saharan Africa ,Low income,IDA,31.6,4.85
2270,2025,,Individuals using the Internet (% of population),ES,Spain,Europe & Central Asia,High income,Not classified,-3.70327,40.4167
2271,2024,95.7574516,Individuals using the Internet (% of population),ES,Spain,Europe & Central Asia,High income,Not classified,-3.70327,40.4167
2272,2023,95.44564516,Individuals using the Internet (% of population),ES,Spain,Europe & Central Asia,High income,Not classified,-3.70327,40.4167
2273,2022,94.4855432,Individuals using the Internet (% of population),ES,Spain,Europe & Central Asia,High income,Not classified,-3.70327,40.4167
2274,2021,93.89752157,Individuals using the Internet (% of population),ES,Spain,Europe & Central Asia,High income,Not classified,-3.70327,40.4167
2275,2020,93.20564892,Individuals using the Internet (% of population),ES,Spain,Europe & Central Asia,High income,Not classified,-3.70327,40.4167
2276,2019,90.718665325267,Individuals using the Internet (% of population),ES,Spain,Europe & Central Asia,High income,Not classified,-3.70327,40.4167
2277,2018,86.107235525659,Individuals using the Internet (% of population),ES,Spain,Europe & Central Asia,High income,Not classified,-3.70327,40.4167
2278,2017,84.6022457016524,Individuals using the Internet (% of population),ES,Spain,Europe & Central Asia,High income,Not classified,-3.70327,40.4167
2279,2016,80.5613329432179,Individuals using the Internet (% of population),ES,Spain,Europe & Central Asia,High income,Not classified,-3.70327,40.4167
2280,2025,,Individuals using the Internet (% of population),LK,Sri Lanka,South Asia,Upper middle income,IDA,79.8528,6.92148
2281,2024,54.59,Individuals using the Internet (% of population),LK,Sri Lanka,South Asia,Upper middle income,IDA,79.8528,6.92148
2282,2023,51.2,Individuals using the Internet (% of population),LK,Sri Lanka,South Asia,Upper middle income,IDA,79.8528,6.92148
2283,2022,48.3,Individuals using the Internet (% of population),LK,Sri Lanka,South Asia,Upper middle income,IDA,79.8528,6.92148
2284,2021,44.45308724,Individuals using the Internet (% of population),LK,Sri Lanka,South Asia,Upper middle income,IDA,79.8528,6.92148
2285,2020,36.18473435,Individuals using the Internet (% of population),LK,Sri Lanka,South Asia,Upper middle income,IDA,79.8528,6.92148
2286,2019,32.02090073,Individuals using the Internet (% of population),LK,Sri Lanka,South Asia,Upper middle income,IDA,79.8528,6.92148
2287,2018,28.33620071,Individuals using the Internet (% of population),LK,Sri Lanka,South Asia,Upper middle income,IDA,79.8528,6.92148
2288,2017,25.07550049,Individuals using the Internet (% of population),LK,Sri Lanka,South Asia,Upper middle income,IDA,79.8528,6.92148
2289,2016,22.19,Individuals using the Internet (% of population),LK,Sri Lanka,South Asia,Upper middle income,IDA,79.8528,6.92148
2290,2025,,Individuals using the Internet (% of population),KN,St. Kitts and Nevis,Latin America & Caribbean ,High income,IBRD,-62.7309,17.3
2291,2024,76.88400269,Individuals using the Internet (% of population),KN,St. Kitts and Nevis,Latin America & Caribbean ,High income,IBRD,-62.7309,17.3
2292,2023,76.58950043,Individuals using the Internet (% of population),KN,St. Kitts and Nevis,Latin America & Caribbean ,High income,IBRD,-62.7309,17.3
2293,2022,75.76229858,Individuals using the Internet (% of population),KN,St. Kitts and Nevis,Latin America & Caribbean ,High income,IBRD,-62.7309,17.3
2294,2021,74.37159729,Individuals using the Internet (% of population),KN,St. Kitts and Nevis,Latin America & Caribbean ,High income,IBRD,-62.7309,17.3
2295,2020,70.27529907,Individuals using the Internet (% of population),KN,St. Kitts and Nevis,Latin America & Caribbean ,High income,IBRD,-62.7309,17.3
2296,2019,69.43499756,Individuals using the Internet (% of population),KN,St. Kitts and Nevis,Latin America & Caribbean ,High income,IBRD,-62.7309,17.3
2297,2018,68.60479736,Individuals using the Internet (% of population),KN,St. Kitts and Nevis,Latin America & Caribbean ,High income,IBRD,-62.7309,17.3
2298,2017,67.78440094,Individuals using the Internet (% of population),KN,St. Kitts and Nevis,Latin America & Caribbean ,High income,IBRD,-62.7309,17.3
2299,2016,66.97389984,Individuals using the Internet (% of population),KN,St. Kitts and Nevis,Latin America & Caribbean ,High income,IBRD,-62.7309,17.3
2300,2025,,Individuals using the Internet (% of population),LC,St. Lucia,Latin America & Caribbean ,Upper middle income,Blend,-60.9832,14
2301,2024,68.20500183,Individuals using the Internet (% of population),LC,St. Lucia,Latin America & Caribbean ,Upper middle income,Blend,-60.9832,14
2302,2023,67.44390106,Individuals using the Internet (% of population),LC,St. Lucia,Latin America & Caribbean ,Upper middle income,Blend,-60.9832,14
2303,2022,66.95159912,Individuals using the Internet (% of population),LC,St. Lucia,Latin America & Caribbean ,Upper middle income,Blend,-60.9832,14
2304,2021,63.06330109,Individuals using the Internet (% of population),LC,St. Lucia,Latin America & Caribbean ,Upper middle income,Blend,-60.9832,14
2305,2020,62.06399918,Individuals using the Internet (% of population),LC,St. Lucia,Latin America & Caribbean ,Upper middle income,Blend,-60.9832,14
2306,2019,61.08050156,Individuals using the Internet (% of population),LC,St. Lucia,Latin America & Caribbean ,Upper middle income,Blend,-60.9832,14
2307,2018,60.11259842,Individuals using the Internet (% of population),LC,St. Lucia,Latin America & Caribbean ,Upper middle income,Blend,-60.9832,14
2308,2017,59.16009903,Individuals using the Internet (% of population),LC,St. Lucia,Latin America & Caribbean ,Upper middle income,Blend,-60.9832,14
2309,2016,58.22259903,Individuals using the Internet (% of population),LC,St. Lucia,Latin America & Caribbean ,Upper middle income,Blend,-60.9832,14
2310,2025,,Individuals using the Internet (% of population),MF,St. Martin (French part),Latin America & Caribbean ,High income,Not classified,,
2311,2024,,Individuals using the Internet (% of population),MF,St. Martin (French part),Latin America & Caribbean ,High income,Not classified,,
2312,2023,,Individuals using the Internet (% of population),MF,St. Martin (French part),Latin America & Caribbean ,High income,Not classified,,
2313,2022,,Individuals using the Internet (% of population),MF,St. Martin (French part),Latin America & Caribbean ,High income,Not classified,,
2314,2021,,Individuals using the Internet (% of population),MF,St. Martin (French part),Latin America & Caribbean ,High income,Not classified,,
2315,2020,,Individuals using the Internet (% of population),MF,St. Martin (French part),Latin America & Caribbean ,High income,Not classified,,
2316,2019,,Individuals using the Internet (% of population),MF,St. Martin (French part),Latin America & Caribbean ,High income,Not classified,,
2317,2018,,Individuals using the Internet (% of population),MF,St. Martin (French part),Latin America & Caribbean ,High income,Not classified,,
2318,2017,,Individuals using the Internet (% of population),MF,St. Martin (French part),Latin America & Caribbean ,High income,Not classified,,
2319,2016,,Individuals using the Internet (% of population),MF,St. Martin (French part),Latin America & Caribbean ,High income,Not classified,,
2320,2025,,Individuals using the Internet (% of population),VC,St. Vincent and the Grenadines,Latin America & Caribbean ,Upper middle income,Blend,-61.2653,13.2035
2321,2024,76.19010162,Individuals using the Internet (% of population),VC,St. Vincent and the Grenadines,Latin America & Caribbean ,Upper middle income,Blend,-61.2653,13.2035
2322,2023,75.53679657,Individuals using the Internet (% of population),VC,St. Vincent and the Grenadines,Latin America & Caribbean ,Upper middle income,Blend,-61.2653,13.2035
2323,2022,74.75479889,Individuals using the Internet (% of population),VC,St. Vincent and the Grenadines,Latin America & Caribbean ,Upper middle income,Blend,-61.2653,13.2035
2324,2021,68.83339691,Individuals using the Internet (% of population),VC,St. Vincent and the Grenadines,Latin America & Caribbean ,Upper middle income,Blend,-61.2653,13.2035
2325,2020,63.38100052,Individuals using the Internet (% of population),VC,St. Vincent and the Grenadines,Latin America & Caribbean ,Upper middle income,Blend,-61.2653,13.2035
2326,2019,59.57630157,Individuals using the Internet (% of population),VC,St. Vincent and the Grenadines,Latin America & Caribbean ,Upper middle income,Blend,-61.2653,13.2035
2327,2018,56.0,Individuals using the Internet (% of population),VC,St. Vincent and the Grenadines,Latin America & Caribbean ,Upper middle income,Blend,-61.2653,13.2035
2328,2017,53.70000076,Individuals using the Internet (% of population),VC,St. Vincent and the Grenadines,Latin America & Caribbean ,Upper middle income,Blend,-61.2653,13.2035
2329,2016,51.5,Individuals using the Internet (% of population),VC,St. Vincent and the Grenadines,Latin America & Caribbean ,Upper middle income,Blend,-61.2653,13.2035
2330,2025,,Individuals using the Internet (% of population),SD,Sudan,Sub-Saharan Africa ,Low income,IDA,32.5363,15.5932
2331,2024,,Individuals using the Internet (% of population),SD,Sudan,Sub-Saharan Africa ,Low income,IDA,32.5363,15.5932
2332,2023,,Individuals using the Internet (% of population),SD,Sudan,Sub-Saharan Africa ,Low income,IDA,32.5363,15.5932
2333,2022,,Individuals using the Internet (% of population),SD,Sudan,Sub-Saharan Africa ,Low income,IDA,32.5363,15.5932
2334,2021,,Individuals using the Internet (% of population),SD,Sudan,Sub-Saharan Africa ,Low income,IDA,32.5363,15.5932
2335,2020,,Individuals using the Internet (% of population),SD,Sudan,Sub-Saharan Africa ,Low income,IDA,32.5363,15.5932
2336,2019,,Individuals using the Internet (% of population),SD,Sudan,Sub-Saharan Africa ,Low income,IDA,32.5363,15.5932
2337,2018,,Individuals using the Internet (% of population),SD,Sudan,Sub-Saharan Africa ,Low income,IDA,32.5363,15.5932
2338,2017,18.60000038,Individuals using the Internet (% of population),SD,Sudan,Sub-Saharan Africa ,Low income,IDA,32.5363,15.5932
2339,2016,14.0999999446534,Individuals using the Internet (% of population),SD,Sudan,Sub-Saharan Africa ,Low income,IDA,32.5363,15.5932
2340,2025,,Individuals using the Internet (% of population),SR,Suriname,Latin America & Caribbean ,Upper middle income,Blend,-55.1679,5.8232
2341,2024,,Individuals using the Internet (% of population),SR,Suriname,Latin America & Caribbean ,Upper middle income,Blend,-55.1679,5.8232
2342,2023,87.4,Individuals using the Internet (% of population),SR,Suriname,Latin America & Caribbean ,Upper middle income,Blend,-55.1679,5.8232
2343,2022,,Individuals using the Internet (% of population),SR,Suriname,Latin America & Caribbean ,Upper middle income,Blend,-55.1679,5.8232
2344,2021,,Individuals using the Internet (% of population),SR,Suriname,Latin America & Caribbean ,Upper middle income,Blend,-55.1679,5.8232
2345,2020,,Individuals using the Internet (% of population),SR,Suriname,Latin America & Caribbean ,Upper middle income,Blend,-55.1679,5.8232
2346,2019,62.03350067,Individuals using the Internet (% of population),SR,Suriname,Latin America & Caribbean ,Upper middle income,Blend,-55.1679,5.8232
2347,2018,55.10210037,Individuals using the Internet (% of population),SR,Suriname,Latin America & Caribbean ,Upper middle income,Blend,-55.1679,5.8232
2348,2017,48.94520187,Individuals using the Internet (% of population),SR,Suriname,Latin America & Caribbean ,Upper middle income,Blend,-55.1679,5.8232
2349,2016,45.40000153,Individuals using the Internet (% of population),SR,Suriname,Latin America & Caribbean ,Upper middle income,Blend,-55.1679,5.8232
2350,2025,95.76629783,Individuals using the Internet (% of population),SE,Sweden,Europe & Central Asia,High income,Not classified,18.0645,59.3327
2351,2024,95.52930428,Individuals using the Internet (% of population),SE,Sweden,Europe & Central Asia,High income,Not classified,18.0645,59.3327
2352,2023,95.70327461,Individuals using the Internet (% of population),SE,Sweden,Europe & Central Asia,High income,Not classified,18.0645,59.3327
2353,2022,95.00970335,Individuals using the Internet (% of population),SE,Sweden,Europe & Central Asia,High income,Not classified,18.0645,59.3327
2354,2021,94.6703163,Individuals using the Internet (% of population),SE,Sweden,Europe & Central Asia,High income,Not classified,18.0645,59.3327
2355,2020,94.53943122,Individuals using the Internet (% of population),SE,Sweden,Europe & Central Asia,High income,Not classified,18.0645,59.3327
2356,2019,94.4934434072202,Individuals using the Internet (% of population),SE,Sweden,Europe & Central Asia,High income,Not classified,18.0645,59.3327
2357,2018,89.2469631588137,Individuals using the Internet (% of population),SE,Sweden,Europe & Central Asia,High income,Not classified,18.0645,59.3327
2358,2017,93.0062669652127,Individuals using the Internet (% of population),SE,Sweden,Europe & Central Asia,High income,Not classified,18.0645,59.3327
2359,2016,89.6509476102355,Individuals using the Internet (% of population),SE,Sweden,Europe & Central Asia,High income,Not classified,18.0645,59.3327
2360,2025,97.32103855,Individuals using the Internet (% of population),CH,Switzerland,Europe & Central Asia,High income,Not classified,7.44821,46.948
2361,2024,97.3443985,Individuals using the Internet (% of population),CH,Switzerland,Europe & Central Asia,High income,Not classified,7.44821,46.948
2362,2023,97.34436623,Individuals using the Internet (% of population),CH,Switzerland,Europe & Central Asia,High income,Not classified,7.44821,46.948
2363,2022,96.45279694,Individuals using the Internet (% of population),CH,Switzerland,Europe & Central Asia,High income,Not classified,7.44821,46.948
2364,2021,95.56937154,Individuals using the Internet (% of population),CH,Switzerland,Europe & Central Asia,High income,Not classified,7.44821,46.948
2365,2020,94.34999847,Individuals using the Internet (% of population),CH,Switzerland,Europe & Central Asia,High income,Not classified,7.44821,46.948
2366,2019,93.1460869535177,Individuals using the Internet (% of population),CH,Switzerland,Europe & Central Asia,High income,Not classified,7.44821,46.948
2367,2018,91.80000305,Individuals using the Internet (% of population),CH,Switzerland,Europe & Central Asia,High income,Not classified,7.44821,46.948
2368,2017,89.6861476710225,Individuals using the Internet (% of population),CH,Switzerland,Europe & Central Asia,High income,Not classified,7.44821,46.948
2369,2016,89.1346877351392,Individuals using the Internet (% of population),CH,Switzerland,Europe & Central Asia,High income,Not classified,7.44821,46.948
2370,2025,,Individuals using the Internet (% of population),SY,Syrian Arab Republic,"Middle East, North Africa, Afghanistan & Pakistan",Low income,IDA,36.3119,33.5146
2371,2024,,Individuals using the Internet (% of population),SY,Syrian Arab Republic,"Middle East, North Africa, Afghanistan & Pakistan",Low income,IDA,36.3119,33.5146
2372,2023,,Individuals using the Internet (% of population),SY,Syrian Arab Republic,"Middle East, North Africa, Afghanistan & Pakistan",Low income,IDA,36.3119,33.5146
2373,2022,,Individuals using the Internet (% of population),SY,Syrian Arab Republic,"Middle East, North Africa, Afghanistan & Pakistan",Low income,IDA,36.3119,33.5146
2374,2021,,Individuals using the Internet (% of population),SY,Syrian Arab Republic,"Middle East, North Africa, Afghanistan & Pakistan",Low income,IDA,36.3119,33.5146
2375,2020,,Individuals using the Internet (% of population),SY,Syrian Arab Republic,"Middle East, North Africa, Afghanistan & Pakistan",Low income,IDA,36.3119,33.5146
2376,2019,,Individuals using the Internet (% of population),SY,Syrian Arab Republic,"Middle East, North Africa, Afghanistan & Pakistan",Low income,IDA,36.3119,33.5146
2377,2018,33.77000046,Individuals using the Internet (% of population),SY,Syrian Arab Republic,"Middle East, North Africa, Afghanistan & Pakistan",Low income,IDA,36.3119,33.5146
2378,2017,32.70000076,Individuals using the Internet (% of population),SY,Syrian Arab Republic,"Middle East, North Africa, Afghanistan & Pakistan",Low income,IDA,36.3119,33.5146
2379,2016,31.8696003,Individuals using the Internet (% of population),SY,Syrian Arab Republic,"Middle East, North Africa, Afghanistan & Pakistan",Low income,IDA,36.3119,33.5146
2380,2025,,Individuals using the Internet (% of population),TJ,Tajikistan,Europe & Central Asia,Lower middle income,IDA,68.7864,38.5878
2381,2024,55.79339981,Individuals using the Internet (% of population),TJ,Tajikistan,Europe & Central Asia,Lower middle income,IDA,68.7864,38.5878
2382,2023,54.41550064,Individuals using the Internet (% of population),TJ,Tajikistan,Europe & Central Asia,Lower middle income,IDA,68.7864,38.5878
2383,2022,48.91429901,Individuals using the Internet (% of population),TJ,Tajikistan,Europe & Central Asia,Lower middle income,IDA,68.7864,38.5878
2384,2021,36.70560074,Individuals using the Internet (% of population),TJ,Tajikistan,Europe & Central Asia,Lower middle income,IDA,68.7864,38.5878
2385,2020,27.54409981,Individuals using the Internet (% of population),TJ,Tajikistan,Europe & Central Asia,Lower middle income,IDA,68.7864,38.5878
2386,2019,22.68630028,Individuals using the Internet (% of population),TJ,Tajikistan,Europe & Central Asia,Lower middle income,IDA,68.7864,38.5878
2387,2018,32.59999847,Individuals using the Internet (% of population),TJ,Tajikistan,Europe & Central Asia,Lower middle income,IDA,68.7864,38.5878
2388,2017,21.95999908,Individuals using the Internet (% of population),TJ,Tajikistan,Europe & Central Asia,Lower middle income,IDA,68.7864,38.5878
2389,2016,20.46999931,Individuals using the Internet (% of population),TJ,Tajikistan,Europe & Central Asia,Lower middle income,IDA,68.7864,38.5878
2390,2025,,Individuals using the Internet (% of population),TZ,Tanzania,Sub-Saharan Africa ,Lower middle income,IDA,35.7382,-6.17486
2391,2024,31.16209984,Individuals using the Internet (% of population),TZ,Tanzania,Sub-Saharan Africa ,Lower middle income,IDA,35.7382,-6.17486
2392,2023,28.43190002,Individuals using the Internet (% of population),TZ,Tanzania,Sub-Saharan Africa ,Lower middle income,IDA,35.7382,-6.17486
2393,2022,26.86059952,Individuals using the Internet (% of population),TZ,Tanzania,Sub-Saharan Africa ,Lower middle income,IDA,35.7382,-6.17486
2394,2021,22.87540054,Individuals using the Internet (% of population),TZ,Tanzania,Sub-Saharan Africa ,Lower middle income,IDA,35.7382,-6.17486
2395,2020,19.48139954,Individuals using the Internet (% of population),TZ,Tanzania,Sub-Saharan Africa ,Lower middle income,IDA,35.7382,-6.17486
2396,2019,16.59090042,Individuals using the Internet (% of population),TZ,Tanzania,Sub-Saharan Africa ,Lower middle income,IDA,35.7382,-6.17486
2397,2018,15.49069977,Individuals using the Internet (% of population),TZ,Tanzania,Sub-Saharan Africa ,Lower middle income,IDA,35.7382,-6.17486
2398,2017,14.46339989,Individuals using the Internet (% of population),TZ,Tanzania,Sub-Saharan Africa ,Lower middle income,IDA,35.7382,-6.17486
2399,2016,13.5042328468919,Individuals using the Internet (% of population),TZ,Tanzania,Sub-Saharan Africa ,Lower middle income,IDA,35.7382,-6.17486
2400,2025,,Individuals using the Internet (% of population),TH,Thailand,East Asia & Pacific,Upper middle income,IBRD,100.521,13.7308
2401,2024,90.86718789,Individuals using the Internet (% of population),TH,Thailand,East Asia & Pacific,Upper middle income,IBRD,100.521,13.7308
2402,2023,89.53525238,Individuals using the Internet (% of population),TH,Thailand,East Asia & Pacific,Upper middle income,IBRD,100.521,13.7308
2403,2022,87.97724503,Individuals using the Internet (% of population),TH,Thailand,East Asia & Pacific,Upper middle income,IBRD,100.521,13.7308
2404,2021,85.26956666,Individuals using the Internet (% of population),TH,Thailand,East Asia & Pacific,Upper middle income,IBRD,100.521,13.7308
2405,2020,77.84374066,Individuals using the Internet (% of population),TH,Thailand,East Asia & Pacific,Upper middle income,IBRD,100.521,13.7308
2406,2019,66.6524194587528,Individuals using the Internet (% of population),TH,Thailand,East Asia & Pacific,Upper middle income,IBRD,100.521,13.7308
2407,2018,56.8174809301456,Individuals using the Internet (% of population),TH,Thailand,East Asia & Pacific,Upper middle income,IBRD,100.521,13.7308
2408,2017,52.8919293439676,Individuals using the Internet (% of population),TH,Thailand,East Asia & Pacific,Upper middle income,IBRD,100.521,13.7308
2409,2016,47.5049656215909,Individuals using the Internet (% of population),TH,Thailand,East Asia & Pacific,Upper middle income,IBRD,100.521,13.7308
2410,2025,,Individuals using the Internet (% of population),TL,Timor-Leste,East Asia & Pacific,Lower middle income,Blend,125.567,-8.56667
2411,2024,,Individuals using the Internet (% of population),TL,Timor-Leste,East Asia & Pacific,Lower middle income,Blend,125.567,-8.56667
2412,2023,,Individuals using the Internet (% of population),TL,Timor-Leste,East Asia & Pacific,Lower middle income,Blend,125.567,-8.56667
2413,2022,,Individuals using the Internet (% of population),TL,Timor-Leste,East Asia & Pacific,Lower middle income,Blend,125.567,-8.56667
2414,2021,35.04199982,Individuals using the Internet (% of population),TL,Timor-Leste,East Asia & Pacific,Lower middle income,Blend,125.567,-8.56667
2415,2020,32.01269913,Individuals using the Internet (% of population),TL,Timor-Leste,East Asia & Pacific,Lower middle income,Blend,125.567,-8.56667
2416,2019,28.00460052,Individuals using the Internet (% of population),TL,Timor-Leste,East Asia & Pacific,Lower middle income,Blend,125.567,-8.56667
2417,2018,27.60000038,Individuals using the Internet (% of population),TL,Timor-Leste,East Asia & Pacific,Lower middle income,Blend,125.567,-8.56667
2418,2017,24.20000076,Individuals using the Internet (% of population),TL,Timor-Leste,East Asia & Pacific,Lower middle income,Blend,125.567,-8.56667
2419,2016,21.20000076,Individuals using the Internet (% of population),TL,Timor-Leste,East Asia & Pacific,Lower middle income,Blend,125.567,-8.56667
2420,2025,,Individuals using the Internet (% of population),TG,Togo,Sub-Saharan Africa ,Lower middle income,IDA,1.2255,6.1228
2421,2024,39.48320007,Individuals using the Internet (% of population),TG,Togo,Sub-Saharan Africa ,Lower middle income,IDA,1.2255,6.1228
2422,2023,37.57020187,Individuals using the Internet (% of population),TG,Togo,Sub-Saharan Africa ,Lower middle income,IDA,1.2255,6.1228
2423,2022,35.60749817,Individuals using the Internet (% of population),TG,Togo,Sub-Saharan Africa ,Lower middle income,IDA,1.2255,6.1228
2424,2021,30.33839989,Individuals using the Internet (% of population),TG,Togo,Sub-Saharan Africa ,Lower middle income,IDA,1.2255,6.1228
2425,2020,29.02370071,Individuals using the Internet (% of population),TG,Togo,Sub-Saharan Africa ,Lower middle income,IDA,1.2255,6.1228
2426,2019,20.72730064,Individuals using the Internet (% of population),TG,Togo,Sub-Saharan Africa ,Lower middle income,IDA,1.2255,6.1228
2427,2018,15.5,Individuals using the Internet (% of population),TG,Togo,Sub-Saharan Africa ,Lower middle income,IDA,1.2255,6.1228
2428,2017,12.3602249692905,Individuals using the Internet (% of population),TG,Togo,Sub-Saharan Africa ,Lower middle income,IDA,1.2255,6.1228
2429,2016,11.31000042,Individuals using the Internet (% of population),TG,Togo,Sub-Saharan Africa ,Lower middle income,IDA,1.2255,6.1228
2430,2025,,Individuals using the Internet (% of population),TO,Tonga,East Asia & Pacific,Upper middle income,IDA,-175.216,-21.136
2431,2024,67.4417038,Individuals using the Internet (% of population),TO,Tonga,East Asia & Pacific,Upper middle income,IDA,-175.216,-21.136
2432,2023,64.13140106,Individuals using the Internet (% of population),TO,Tonga,East Asia & Pacific,Upper middle income,IDA,-175.216,-21.136
2433,2022,61.60739899,Individuals using the Internet (% of population),TO,Tonga,East Asia & Pacific,Upper middle income,IDA,-175.216,-21.136
2434,2021,57.549,Individuals using the Internet (% of population),TO,Tonga,East Asia & Pacific,Upper middle income,IDA,-175.216,-21.136
2435,2020,54.47370148,Individuals using the Internet (% of population),TO,Tonga,East Asia & Pacific,Upper middle income,IDA,-175.216,-21.136
2436,2019,51.56299973,Individuals using the Internet (% of population),TO,Tonga,East Asia & Pacific,Upper middle income,IDA,-175.216,-21.136
2437,2018,48.80789948,Individuals using the Internet (% of population),TO,Tonga,East Asia & Pacific,Upper middle income,IDA,-175.216,-21.136
2438,2017,46.20080185,Individuals using the Internet (% of population),TO,Tonga,East Asia & Pacific,Upper middle income,IDA,-175.216,-21.136
2439,2016,39.95000076,Individuals using the Internet (% of population),TO,Tonga,East Asia & Pacific,Upper middle income,IDA,-175.216,-21.136
2440,2025,,Individuals using the Internet (% of population),TT,Trinidad and Tobago,Latin America & Caribbean ,High income,IBRD,-61.4789,10.6596
2441,2024,82.15989685,Individuals using the Internet (% of population),TT,Trinidad and Tobago,Latin America & Caribbean ,High income,IBRD,-61.4789,10.6596
2442,2023,81.9681015,Individuals using the Internet (% of population),TT,Trinidad and Tobago,Latin America & Caribbean ,High income,IBRD,-61.4789,10.6596
2443,2022,81.69760132,Individuals using the Internet (% of population),TT,Trinidad and Tobago,Latin America & Caribbean ,High income,IBRD,-61.4789,10.6596
2444,2021,84.36576986,Individuals using the Internet (% of population),TT,Trinidad and Tobago,Latin America & Caribbean ,High income,IBRD,-61.4789,10.6596
2445,2020,77.28130341,Individuals using the Internet (% of population),TT,Trinidad and Tobago,Latin America & Caribbean ,High income,IBRD,-61.4789,10.6596
2446,2019,74.98670197,Individuals using the Internet (% of population),TT,Trinidad and Tobago,Latin America & Caribbean ,High income,IBRD,-61.4789,10.6596
2447,2018,72.76029968,Individuals using the Internet (% of population),TT,Trinidad and Tobago,Latin America & Caribbean ,High income,IBRD,-61.4789,10.6596
2448,2017,70.59999847,Individuals using the Internet (% of population),TT,Trinidad and Tobago,Latin America & Caribbean ,High income,IBRD,-61.4789,10.6596
2449,2016,67.80000305,Individuals using the Internet (% of population),TT,Trinidad and Tobago,Latin America & Caribbean ,High income,IBRD,-61.4789,10.6596
2450,2025,,Individuals using the Internet (% of population),TN,Tunisia,"Middle East, North Africa, Afghanistan & Pakistan",Lower middle income,IBRD,10.21,36.7899
2451,2024,76.5,Individuals using the Internet (% of population),TN,Tunisia,"Middle East, North Africa, Afghanistan & Pakistan",Lower middle income,IBRD,10.21,36.7899
2452,2023,,Individuals using the Internet (% of population),TN,Tunisia,"Middle East, North Africa, Afghanistan & Pakistan",Lower middle income,IBRD,10.21,36.7899
2453,2022,,Individuals using the Internet (% of population),TN,Tunisia,"Middle East, North Africa, Afghanistan & Pakistan",Lower middle income,IBRD,10.21,36.7899
2454,2021,68.31552226,Individuals using the Internet (% of population),TN,Tunisia,"Middle East, North Africa, Afghanistan & Pakistan",Lower middle income,IBRD,10.21,36.7899
2455,2020,68.55639648,Individuals using the Internet (% of population),TN,Tunisia,"Middle East, North Africa, Afghanistan & Pakistan",Lower middle income,IBRD,10.21,36.7899
2456,2019,66.6999983024144,Individuals using the Internet (% of population),TN,Tunisia,"Middle East, North Africa, Afghanistan & Pakistan",Lower middle income,IBRD,10.21,36.7899
2457,2018,64.1908102327387,Individuals using the Internet (% of population),TN,Tunisia,"Middle East, North Africa, Afghanistan & Pakistan",Lower middle income,IBRD,10.21,36.7899
2458,2017,55.5001550633671,Individuals using the Internet (% of population),TN,Tunisia,"Middle East, North Africa, Afghanistan & Pakistan",Lower middle income,IBRD,10.21,36.7899
2459,2016,49.5999948415756,Individuals using the Internet (% of population),TN,Tunisia,"Middle East, North Africa, Afghanistan & Pakistan",Lower middle income,IBRD,10.21,36.7899
2460,2025,89.77024003,Individuals using the Internet (% of population),TR,Turkiye,Europe & Central Asia,Upper middle income,IBRD,32.3606,39.7153
2461,2024,87.3078767,Individuals using the Internet (% of population),TR,Turkiye,Europe & Central Asia,Upper middle income,IBRD,32.3606,39.7153
2462,2023,85.96074155,Individuals using the Internet (% of population),TR,Turkiye,Europe & Central Asia,Upper middle income,IBRD,32.3606,39.7153
2463,2022,83.43716576,Individuals using the Internet (% of population),TR,Turkiye,Europe & Central Asia,Upper middle income,IBRD,32.3606,39.7153
2464,2021,81.40843745,Individuals using the Internet (% of population),TR,Turkiye,Europe & Central Asia,Upper middle income,IBRD,32.3606,39.7153
2465,2020,77.6695605,Individuals using the Internet (% of population),TR,Turkiye,Europe & Central Asia,Upper middle income,IBRD,32.3606,39.7153
2466,2019,73.9767022871511,Individuals using the Internet (% of population),TR,Turkiye,Europe & Central Asia,Upper middle income,IBRD,32.3606,39.7153
2467,2018,71.0427608433809,Individuals using the Internet (% of population),TR,Turkiye,Europe & Central Asia,Upper middle income,IBRD,32.3606,39.7153
2468,2017,64.6846176835371,Individuals using the Internet (% of population),TR,Turkiye,Europe & Central Asia,Upper middle income,IBRD,32.3606,39.7153
2469,2016,58.3477340145685,Individuals using the Internet (% of population),TR,Turkiye,Europe & Central Asia,Upper middle income,IBRD,32.3606,39.7153
2470,2025,,Individuals using the Internet (% of population),TM,Turkmenistan,Europe & Central Asia,Upper middle income,IBRD,58.3794,37.9509
2471,2024,,Individuals using the Internet (% of population),TM,Turkmenistan,Europe & Central Asia,Upper middle income,IBRD,58.3794,37.9509
2472,2023,,Individuals using the Internet (% of population),TM,Turkmenistan,Europe & Central Asia,Upper middle income,IBRD,58.3794,37.9509
2473,2022,,Individuals using the Internet (% of population),TM,Turkmenistan,Europe & Central Asia,Upper middle income,IBRD,58.3794,37.9509
2474,2021,,Individuals using the Internet (% of population),TM,Turkmenistan,Europe & Central Asia,Upper middle income,IBRD,58.3794,37.9509
2475,2020,,Individuals using the Internet (% of population),TM,Turkmenistan,Europe & Central Asia,Upper middle income,IBRD,58.3794,37.9509
2476,2019,,Individuals using the Internet (% of population),TM,Turkmenistan,Europe & Central Asia,Upper middle income,IBRD,58.3794,37.9509
2477,2018,,Individuals using the Internet (% of population),TM,Turkmenistan,Europe & Central Asia,Upper middle income,IBRD,58.3794,37.9509
2478,2017,,Individuals using the Internet (% of population),TM,Turkmenistan,Europe & Central Asia,Upper middle income,IBRD,58.3794,37.9509
2479,2016,17.99029922,Individuals using the Internet (% of population),TM,Turkmenistan,Europe & Central Asia,Upper middle income,IBRD,58.3794,37.9509
2480,2025,,Individuals using the Internet (% of population),TC,Turks and Caicos Islands,Latin America & Caribbean ,High income,Not classified,-71.141389,21.4602778
2481,2024,,Individuals using the Internet (% of population),TC,Turks and Caicos Islands,Latin America & Caribbean ,High income,Not classified,-71.141389,21.4602778
2482,2023,,Individuals using the Internet (% of population),TC,Turks and Caicos Islands,Latin America & Caribbean ,High income,Not classified,-71.141389,21.4602778
2483,2022,,Individuals using the Internet (% of population),TC,Turks and Caicos Islands,Latin America & Caribbean ,High income,Not classified,-71.141389,21.4602778
2484,2021,,Individuals using the Internet (% of population),TC,Turks and Caicos Islands,Latin America & Caribbean ,High income,Not classified,-71.141389,21.4602778
2485,2020,,Individuals using the Internet (% of population),TC,Turks and Caicos Islands,Latin America & Caribbean ,High income,Not classified,-71.141389,21.4602778
2486,2019,,Individuals using the Internet (% of population),TC,Turks and Caicos Islands,Latin America & Caribbean ,High income,Not classified,-71.141389,21.4602778
2487,2018,,Individuals using the Internet (% of population),TC,Turks and Caicos Islands,Latin America & Caribbean ,High income,Not classified,-71.141389,21.4602778
2488,2017,,Individuals using the Internet (% of population),TC,Turks and Caicos Islands,Latin America & Caribbean ,High income,Not classified,-71.141389,21.4602778
2489,2016,,Individuals using the Internet (% of population),TC,Turks and Caicos Islands,Latin America & Caribbean ,High income,Not classified,-71.141389,21.4602778
2490,2025,,Individuals using the Internet (% of population),TV,Tuvalu,East Asia & Pacific,Upper middle income,IDA,179.089567,-8.6314877
2491,2024,,Individuals using the Internet (% of population),TV,Tuvalu,East Asia & Pacific,Upper middle income,IDA,179.089567,-8.6314877
2492,2023,,Individuals using the Internet (% of population),TV,Tuvalu,East Asia & Pacific,Upper middle income,IDA,179.089567,-8.6314877
2493,2022,,Individuals using the Internet (% of population),TV,Tuvalu,East Asia & Pacific,Upper middle income,IDA,179.089567,-8.6314877
2494,2021,,Individuals using the Internet (% of population),TV,Tuvalu,East Asia & Pacific,Upper middle income,IDA,179.089567,-8.6314877
2495,2020,,Individuals using the Internet (% of population),TV,Tuvalu,East Asia & Pacific,Upper middle income,IDA,179.089567,-8.6314877
2496,2019,,Individuals using the Internet (% of population),TV,Tuvalu,East Asia & Pacific,Upper middle income,IDA,179.089567,-8.6314877
2497,2018,,Individuals using the Internet (% of population),TV,Tuvalu,East Asia & Pacific,Upper middle income,IDA,179.089567,-8.6314877
2498,2017,35.20000076,Individuals using the Internet (% of population),TV,Tuvalu,East Asia & Pacific,Upper middle income,IDA,179.089567,-8.6314877
2499,2016,31.0,Individuals using the Internet (% of population),TV,Tuvalu,East Asia & Pacific,Upper middle income,IDA,179.089567,-8.6314877
2500,2025,,Individuals using the Internet (% of population),UG,Uganda,Sub-Saharan Africa ,Low income,IDA,32.5729,0.314269
2501,2024,8.949831061,Individuals using the Internet (% of population),UG,Uganda,Sub-Saharan Africa ,Low income,IDA,32.5729,0.314269
2502,2023,9.286999702,Individuals using the Internet (% of population),UG,Uganda,Sub-Saharan Africa ,Low income,IDA,32.5729,0.314269
2503,2022,9.636899948,Individuals using the Internet (% of population),UG,Uganda,Sub-Saharan Africa ,Low income,IDA,32.5729,0.314269
2504,2021,10.0,Individuals using the Internet (% of population),UG,Uganda,Sub-Saharan Africa ,Low income,IDA,32.5729,0.314269
2505,2020,7.4,Individuals using the Internet (% of population),UG,Uganda,Sub-Saharan Africa ,Low income,IDA,32.5729,0.314269
2506,2019,11.72579956,Individuals using the Internet (% of population),UG,Uganda,Sub-Saharan Africa ,Low income,IDA,32.5729,0.314269
2507,2018,9.326299667,Individuals using the Internet (% of population),UG,Uganda,Sub-Saharan Africa ,Low income,IDA,32.5729,0.314269
2508,2017,7.417900085,Individuals using the Internet (% of population),UG,Uganda,Sub-Saharan Africa ,Low income,IDA,32.5729,0.314269
2509,2016,5.9,Individuals using the Internet (% of population),UG,Uganda,Sub-Saharan Africa ,Low income,IDA,32.5729,0.314269
2510,2025,,Individuals using the Internet (% of population),UA,Ukraine,Europe & Central Asia,Upper middle income,IBRD,30.5038,50.4536
2511,2024,82.47489929,Individuals using the Internet (% of population),UA,Ukraine,Europe & Central Asia,Upper middle income,IBRD,30.5038,50.4536
2512,2023,81.58059692,Individuals using the Internet (% of population),UA,Ukraine,Europe & Central Asia,Upper middle income,IBRD,30.5038,50.4536
2513,2022,80.47429657,Individuals using the Internet (% of population),UA,Ukraine,Europe & Central Asia,Upper middle income,IBRD,30.5038,50.4536
2514,2021,79.21829353,Individuals using the Internet (% of population),UA,Ukraine,Europe & Central Asia,Upper middle income,IBRD,30.5038,50.4536
2515,2020,75.03790912,Individuals using the Internet (% of population),UA,Ukraine,Europe & Central Asia,Upper middle income,IBRD,30.5038,50.4536
2516,2019,70.1248442995263,Individuals using the Internet (% of population),UA,Ukraine,Europe & Central Asia,Upper middle income,IBRD,30.5038,50.4536
2517,2018,62.5531553933869,Individuals using the Internet (% of population),UA,Ukraine,Europe & Central Asia,Upper middle income,IBRD,30.5038,50.4536
2518,2017,58.8894794459775,Individuals using the Internet (% of population),UA,Ukraine,Europe & Central Asia,Upper middle income,IBRD,30.5038,50.4536
2519,2016,53.0009695981884,Individuals using the Internet (% of population),UA,Ukraine,Europe & Central Asia,Upper middle income,IBRD,30.5038,50.4536
2520,2025,,Individuals using the Internet (% of population),AE,United Arab Emirates,"Middle East, North Africa, Afghanistan & Pakistan",High income,Not classified,54.3705,24.4764
2521,2024,100.0,Individuals using the Internet (% of population),AE,United Arab Emirates,"Middle East, North Africa, Afghanistan & Pakistan",High income,Not classified,54.3705,24.4764
2522,2023,100.0,Individuals using the Internet (% of population),AE,United Arab Emirates,"Middle East, North Africa, Afghanistan & Pakistan",High income,Not classified,54.3705,24.4764
2523,2022,100.0,Individuals using the Internet (% of population),AE,United Arab Emirates,"Middle East, North Africa, Afghanistan & Pakistan",High income,Not classified,54.3705,24.4764
2524,2021,100.0,Individuals using the Internet (% of population),AE,United Arab Emirates,"Middle East, North Africa, Afghanistan & Pakistan",High income,Not classified,54.3705,24.4764
2525,2020,100.0,Individuals using the Internet (% of population),AE,United Arab Emirates,"Middle East, North Africa, Afghanistan & Pakistan",High income,Not classified,54.3705,24.4764
2526,2019,99.1499979561243,Individuals using the Internet (% of population),AE,United Arab Emirates,"Middle East, North Africa, Afghanistan & Pakistan",High income,Not classified,54.3705,24.4764
2527,2018,98.4500017817194,Individuals using the Internet (% of population),AE,United Arab Emirates,"Middle East, North Africa, Afghanistan & Pakistan",High income,Not classified,54.3705,24.4764
2528,2017,94.8199225383446,Individuals using the Internet (% of population),AE,United Arab Emirates,"Middle East, North Africa, Afghanistan & Pakistan",High income,Not classified,54.3705,24.4764
2529,2016,90.6000073180483,Individuals using the Internet (% of population),AE,United Arab Emirates,"Middle East, North Africa, Afghanistan & Pakistan",High income,Not classified,54.3705,24.4764
2530,2025,,Individuals using the Internet (% of population),GB,United Kingdom,Europe & Central Asia,High income,Not classified,-0.126236,51.5002
2531,2024,95.4720993,Individuals using the Internet (% of population),GB,United Kingdom,Europe & Central Asia,High income,Not classified,-0.126236,51.5002
2532,2023,95.44719696,Individuals using the Internet (% of population),GB,United Kingdom,Europe & Central Asia,High income,Not classified,-0.126236,51.5002
2533,2022,95.46530151,Individuals using the Internet (% of population),GB,United Kingdom,Europe & Central Asia,High income,Not classified,-0.126236,51.5002
2534,2021,96.19650269,Individuals using the Internet (% of population),GB,United Kingdom,Europe & Central Asia,High income,Not classified,-0.126236,51.5002
2535,2020,94.81820132,Individuals using the Internet (% of population),GB,United Kingdom,Europe & Central Asia,High income,Not classified,-0.126236,51.5002
2536,2019,92.5166285497138,Individuals using the Internet (% of population),GB,United Kingdom,Europe & Central Asia,High income,Not classified,-0.126236,51.5002
2537,2018,90.692008988783,Individuals using the Internet (% of population),GB,United Kingdom,Europe & Central Asia,High income,Not classified,-0.126236,51.5002
2538,2017,90.4245504868553,Individuals using the Internet (% of population),GB,United Kingdom,Europe & Central Asia,High income,Not classified,-0.126236,51.5002
2539,2016,94.7758006318882,Individuals using the Internet (% of population),GB,United Kingdom,Europe & Central Asia,High income,Not classified,-0.126236,51.5002
2540,2025,,Individuals using the Internet (% of population),US,United States,North America,High income,Not classified,-77.032,38.8895
2541,2024,94.69380188,Individuals using the Internet (% of population),US,United States,North America,High income,Not classified,-77.032,38.8895
2542,2023,93.52559662,Individuals using the Internet (% of population),US,United States,North America,High income,Not classified,-77.032,38.8895
2543,2022,92.72850037,Individuals using the Internet (% of population),US,United States,North America,High income,Not classified,-77.032,38.8895
2544,2021,91.2684021,Individuals using the Internet (% of population),US,United States,North America,High income,Not classified,-77.032,38.8895
2545,2020,90.34470367,Individuals using the Internet (% of population),US,United States,North America,High income,Not classified,-77.032,38.8895
2546,2019,89.4302848575712,Individuals using the Internet (% of population),US,United States,North America,High income,Not classified,-77.032,38.8895
2547,2018,88.498903165152,Individuals using the Internet (% of population),US,United States,North America,High income,Not classified,-77.032,38.8895
2548,2017,87.2748891687657,Individuals using the Internet (% of population),US,United States,North America,High income,Not classified,-77.032,38.8895
2549,2016,85.5444212887222,Individuals using the Internet (% of population),US,United States,North America,High income,Not classified,-77.032,38.8895
2550,2025,,Individuals using the Internet (% of population),UY,Uruguay,Latin America & Caribbean ,High income,IBRD,-56.0675,-34.8941
2551,2024,91.99109007,Individuals using the Internet (% of population),UY,Uruguay,Latin America & Caribbean ,High income,IBRD,-56.0675,-34.8941
2552,2023,90.92590332,Individuals using the Internet (% of population),UY,Uruguay,Latin America & Caribbean ,High income,IBRD,-56.0675,-34.8941
2553,2022,89.87304314,Individuals using the Internet (% of population),UY,Uruguay,Latin America & Caribbean ,High income,IBRD,-56.0675,-34.8941
2554,2021,87.64440155,Individuals using the Internet (% of population),UY,Uruguay,Latin America & Caribbean ,High income,IBRD,-56.0675,-34.8941
2555,2020,85.47100067,Individuals using the Internet (% of population),UY,Uruguay,Latin America & Caribbean ,High income,IBRD,-56.0675,-34.8941
2556,2019,83.3515337667548,Individuals using the Internet (% of population),UY,Uruguay,Latin America & Caribbean ,High income,IBRD,-56.0675,-34.8941
2557,2018,80.7268428795854,Individuals using the Internet (% of population),UY,Uruguay,Latin America & Caribbean ,High income,IBRD,-56.0675,-34.8941
2558,2017,70.3223543994698,Individuals using the Internet (% of population),UY,Uruguay,Latin America & Caribbean ,High income,IBRD,-56.0675,-34.8941
2559,2016,66.40000153,Individuals using the Internet (% of population),UY,Uruguay,Latin America & Caribbean ,High income,IBRD,-56.0675,-34.8941
2560,2025,,Individuals using the Internet (% of population),UZ,Uzbekistan,Europe & Central Asia,Lower middle income,Blend,69.269,41.3052
2561,2024,89.50550079,Individuals using the Internet (% of population),UZ,Uzbekistan,Europe & Central Asia,Lower middle income,Blend,69.269,41.3052
2562,2023,89.01361047,Individuals using the Internet (% of population),UZ,Uzbekistan,Europe & Central Asia,Lower middle income,Blend,69.269,41.3052
2563,2022,83.90000012,Individuals using the Internet (% of population),UZ,Uzbekistan,Europe & Central Asia,Lower middle income,Blend,69.269,41.3052
2564,2021,76.59043014,Individuals using the Internet (% of population),UZ,Uzbekistan,Europe & Central Asia,Lower middle income,Blend,69.269,41.3052
2565,2020,71.09999824,Individuals using the Internet (% of population),UZ,Uzbekistan,Europe & Central Asia,Lower middle income,Blend,69.269,41.3052
2566,2019,70.3999986481458,Individuals using the Internet (% of population),UZ,Uzbekistan,Europe & Central Asia,Lower middle income,Blend,69.269,41.3052
2567,2018,55.2000006732722,Individuals using the Internet (% of population),UZ,Uzbekistan,Europe & Central Asia,Lower middle income,Blend,69.269,41.3052
2568,2017,48.6999988524556,Individuals using the Internet (% of population),UZ,Uzbekistan,Europe & Central Asia,Lower middle income,Blend,69.269,41.3052
2569,2016,46.79130173,Individuals using the Internet (% of population),UZ,Uzbekistan,Europe & Central Asia,Lower middle income,Blend,69.269,41.3052
2570,2025,,Individuals using the Internet (% of population),VU,Vanuatu,East Asia & Pacific,Lower middle income,IDA,168.321,-17.7404
2571,2024,,Individuals using the Internet (% of population),VU,Vanuatu,East Asia & Pacific,Lower middle income,IDA,168.321,-17.7404
2572,2023,,Individuals using the Internet (% of population),VU,Vanuatu,East Asia & Pacific,Lower middle income,IDA,168.321,-17.7404
2573,2022,,Individuals using the Internet (% of population),VU,Vanuatu,East Asia & Pacific,Lower middle income,IDA,168.321,-17.7404
2574,2021,,Individuals using the Internet (% of population),VU,Vanuatu,East Asia & Pacific,Lower middle income,IDA,168.321,-17.7404
2575,2020,,Individuals using the Internet (% of population),VU,Vanuatu,East Asia & Pacific,Lower middle income,IDA,168.321,-17.7404
2576,2019,,Individuals using the Internet (% of population),VU,Vanuatu,East Asia & Pacific,Lower middle income,IDA,168.321,-17.7404
2577,2018,,Individuals using the Internet (% of population),VU,Vanuatu,East Asia & Pacific,Lower middle income,IDA,168.321,-17.7404
2578,2017,,Individuals using the Internet (% of population),VU,Vanuatu,East Asia & Pacific,Lower middle income,IDA,168.321,-17.7404
2579,2016,,Individuals using the Internet (% of population),VU,Vanuatu,East Asia & Pacific,Lower middle income,IDA,168.321,-17.7404
2580,2025,,Individuals using the Internet (% of population),VE,"Venezuela, RB",Latin America & Caribbean ,Lower middle income,IBRD,-69.8371,9.08165
2581,2024,76.67890167,Individuals using the Internet (% of population),VE,"Venezuela, RB",Latin America & Caribbean ,Lower middle income,IBRD,-69.8371,9.08165
2582,2023,76.33190155,Individuals using the Internet (% of population),VE,"Venezuela, RB",Latin America & Caribbean ,Lower middle income,IBRD,-69.8371,9.08165
2583,2022,75.82180023,Individuals using the Internet (% of population),VE,"Venezuela, RB",Latin America & Caribbean ,Lower middle income,IBRD,-69.8371,9.08165
2584,2021,74.11219788,Individuals using the Internet (% of population),VE,"Venezuela, RB",Latin America & Caribbean ,Lower middle income,IBRD,-69.8371,9.08165
2585,2020,72.44110107,Individuals using the Internet (% of population),VE,"Venezuela, RB",Latin America & Caribbean ,Lower middle income,IBRD,-69.8371,9.08165
2586,2019,49.05009842,Individuals using the Internet (% of population),VE,"Venezuela, RB",Latin America & Caribbean ,Lower middle income,IBRD,-69.8371,9.08165
2587,2018,,Individuals using the Internet (% of population),VE,"Venezuela, RB",Latin America & Caribbean ,Lower middle income,IBRD,-69.8371,9.08165
2588,2017,,Individuals using the Internet (% of population),VE,"Venezuela, RB",Latin America & Caribbean ,Lower middle income,IBRD,-69.8371,9.08165
2589,2016,60.0,Individuals using the Internet (% of population),VE,"Venezuela, RB",Latin America & Caribbean ,Lower middle income,IBRD,-69.8371,9.08165
2590,2025,,Individuals using the Internet (% of population),VN,Viet Nam,East Asia & Pacific,Upper middle income,IBRD,105.825,21.0069
2591,2024,84.15,Individuals using the Internet (% of population),VN,Viet Nam,East Asia & Pacific,Upper middle income,IBRD,105.825,21.0069
2592,2023,78.08,Individuals using the Internet (% of population),VN,Viet Nam,East Asia & Pacific,Upper middle income,IBRD,105.825,21.0069
2593,2022,78.58999918,Individuals using the Internet (% of population),VN,Viet Nam,East Asia & Pacific,Upper middle income,IBRD,105.825,21.0069
2594,2021,74.20999985,Individuals using the Internet (% of population),VN,Viet Nam,East Asia & Pacific,Upper middle income,IBRD,105.825,21.0069
2595,2020,70.30000012,Individuals using the Internet (% of population),VN,Viet Nam,East Asia & Pacific,Upper middle income,IBRD,105.825,21.0069
2596,2019,68.6615802057338,Individuals using the Internet (% of population),VN,Viet Nam,East Asia & Pacific,Upper middle income,IBRD,105.825,21.0069
2597,2018,69.8479286837965,Individuals using the Internet (% of population),VN,Viet Nam,East Asia & Pacific,Upper middle income,IBRD,105.825,21.0069
2598,2017,58.1400000036297,Individuals using the Internet (% of population),VN,Viet Nam,East Asia & Pacific,Upper middle income,IBRD,105.825,21.0069
2599,2016,53.0,Individuals using the Internet (% of population),VN,Viet Nam,East Asia & Pacific,Upper middle income,IBRD,105.825,21.0069
2600,2025,,Individuals using the Internet (% of population),VI,Virgin Islands (U.S.),Latin America & Caribbean ,High income,Not classified,-64.8963,18.3358
2601,2024,,Individuals using the Internet (% of population),VI,Virgin Islands (U.S.),Latin America & Caribbean ,High income,Not classified,-64.8963,18.3358
2602,2023,,Individuals using the Internet (% of population),VI,Virgin Islands (U.S.),Latin America & Caribbean ,High income,Not classified,-64.8963,18.3358
2603,2022,,Individuals using the Internet (% of population),VI,Virgin Islands (U.S.),Latin America & Caribbean ,High income,Not classified,-64.8963,18.3358
2604,2021,,Individuals using the Internet (% of population),VI,Virgin Islands (U.S.),Latin America & Caribbean ,High income,Not classified,-64.8963,18.3358
2605,2020,,Individuals using the Internet (% of population),VI,Virgin Islands (U.S.),Latin America & Caribbean ,High income,Not classified,-64.8963,18.3358
2606,2019,,Individuals using the Internet (% of population),VI,Virgin Islands (U.S.),Latin America & Caribbean ,High income,Not classified,-64.8963,18.3358
2607,2018,,Individuals using the Internet (% of population),VI,Virgin Islands (U.S.),Latin America & Caribbean ,High income,Not classified,-64.8963,18.3358
2608,2017,64.3774942980087,Individuals using the Internet (% of population),VI,Virgin Islands (U.S.),Latin America & Caribbean ,High income,Not classified,-64.8963,18.3358
2609,2016,59.60831579895,Individuals using the Internet (% of population),VI,Virgin Islands (U.S.),Latin America & Caribbean ,High income,Not classified,-64.8963,18.3358
2610,2025,,Individuals using the Internet (% of population),PS,West Bank and Gaza,"Middle East, North Africa, Afghanistan & Pakistan",Lower middle income,Not classified,,
2611,2024,,Individuals using the Internet (% of population),PS,West Bank and Gaza,"Middle East, North Africa, Afghanistan & Pakistan",Lower middle income,Not classified,,
2612,2023,86.63765334,Individuals using the Internet (% of population),PS,West Bank and Gaza,"Middle East, North Africa, Afghanistan & Pakistan",Lower middle income,Not classified,,
2613,2022,88.64690554,Individuals using the Internet (% of population),PS,West Bank and Gaza,"Middle East, North Africa, Afghanistan & Pakistan",Lower middle income,Not classified,,
2614,2021,,Individuals using the Internet (% of population),PS,West Bank and Gaza,"Middle East, North Africa, Afghanistan & Pakistan",Lower middle income,Not classified,,
2615,2020,76.18160248,Individuals using the Internet (% of population),PS,West Bank and Gaza,"Middle East, North Africa, Afghanistan & Pakistan",Lower middle income,Not classified,,
2616,2019,70.6225837001758,Individuals using the Internet (% of population),PS,West Bank and Gaza,"Middle East, North Africa, Afghanistan & Pakistan",Lower middle income,Not classified,,
2617,2018,64.3999937114499,Individuals using the Internet (% of population),PS,West Bank and Gaza,"Middle East, North Africa, Afghanistan & Pakistan",Lower middle income,Not classified,,
2618,2017,63.29999924,Individuals using the Internet (% of population),PS,West Bank and Gaza,"Middle East, North Africa, Afghanistan & Pakistan",Lower middle income,Not classified,,
2619,2016,59.90000153,Individuals using the Internet (% of population),PS,West Bank and Gaza,"Middle East, North Africa, Afghanistan & Pakistan",Lower middle income,Not classified,,
2620,2025,,Individuals using the Internet (% of population),YE,"Yemen, Rep.","Middle East, North Africa, Afghanistan & Pakistan",Low income,IDA,44.2075,15.352
2621,2024,,Individuals using the Internet (% of population),YE,"Yemen, Rep.","Middle East, North Africa, Afghanistan & Pakistan",Low income,IDA,44.2075,15.352
2622,2023,,Individuals using the Internet (% of population),YE,"Yemen, Rep.","Middle East, North Africa, Afghanistan & Pakistan",Low income,IDA,44.2075,15.352
2623,2022,,Individuals using the Internet (% of population),YE,"Yemen, Rep.","Middle East, North Africa, Afghanistan & Pakistan",Low income,IDA,44.2075,15.352
2624,2021,,Individuals using the Internet (% of population),YE,"Yemen, Rep.","Middle East, North Africa, Afghanistan & Pakistan",Low income,IDA,44.2075,15.352
2625,2020,,Individuals using the Internet (% of population),YE,"Yemen, Rep.","Middle East, North Africa, Afghanistan & Pakistan",Low income,IDA,44.2075,15.352
2626,2019,17.49099922,Individuals using the Internet (% of population),YE,"Yemen, Rep.","Middle East, North Africa, Afghanistan & Pakistan",Low income,IDA,44.2075,15.352
2627,2018,,Individuals using the Internet (% of population),YE,"Yemen, Rep.","Middle East, North Africa, Afghanistan & Pakistan",Low income,IDA,44.2075,15.352
2628,2017,,Individuals using the Internet (% of population),YE,"Yemen, Rep.","Middle East, North Africa, Afghanistan & Pakistan",Low income,IDA,44.2075,15.352
2629,2016,24.57920074,Individuals using the Internet (% of population),YE,"Yemen, Rep.","Middle East, North Africa, Afghanistan & Pakistan",Low income,IDA,44.2075,15.352
2630,2025,,Individuals using the Internet (% of population),ZM,Zambia,Sub-Saharan Africa ,Lower middle income,IDA,28.2937,-15.3982
2631,2024,17.10099983,Individuals using the Internet (% of population),ZM,Zambia,Sub-Saharan Africa ,Lower middle income,IDA,28.2937,-15.3982
2632,2023,16.45070076,Individuals using the Internet (% of population),ZM,Zambia,Sub-Saharan Africa ,Lower middle income,IDA,28.2937,-15.3982
2633,2022,15.0,Individuals using the Internet (% of population),ZM,Zambia,Sub-Saharan Africa ,Lower middle income,IDA,28.2937,-15.3982
2634,2021,14.82190037,Individuals using the Internet (% of population),ZM,Zambia,Sub-Saharan Africa ,Lower middle income,IDA,28.2937,-15.3982
2635,2020,14.64579964,Individuals using the Internet (% of population),ZM,Zambia,Sub-Saharan Africa ,Lower middle income,IDA,28.2937,-15.3982
2636,2019,14.47189999,Individuals using the Internet (% of population),ZM,Zambia,Sub-Saharan Africa ,Lower middle income,IDA,28.2937,-15.3982
2637,2018,14.2999970950012,Individuals using the Internet (% of population),ZM,Zambia,Sub-Saharan Africa ,Lower middle income,IDA,28.2937,-15.3982
2638,2017,12.19999981,Individuals using the Internet (% of population),ZM,Zambia,Sub-Saharan Africa ,Lower middle income,IDA,28.2937,-15.3982
2639,2016,10.30000019,Individuals using the Internet (% of population),ZM,Zambia,Sub-Saharan Africa ,Lower middle income,IDA,28.2937,-15.3982
2640,2025,,Individuals using the Internet (% of population),ZW,Zimbabwe,Sub-Saharan Africa ,Lower middle income,Blend,31.0672,-17.8312
2641,2024,41.64279938,Individuals using the Internet (% of population),ZW,Zimbabwe,Sub-Saharan Africa ,Lower middle income,Blend,31.0672,-17.8312
2642,2023,38.67480087,Individuals using the Internet (% of population),ZW,Zimbabwe,Sub-Saharan Africa ,Lower middle income,Blend,31.0672,-17.8312
2643,2022,36.25650024,Individuals using the Internet (% of population),ZW,Zimbabwe,Sub-Saharan Africa ,Lower middle income,Blend,31.0672,-17.8312
2644,2021,32.5923996,Individuals using the Internet (% of population),ZW,Zimbabwe,Sub-Saharan Africa ,Lower middle income,Blend,31.0672,-17.8312
2645,2020,29.29856532,Individuals using the Internet (% of population),ZW,Zimbabwe,Sub-Saharan Africa ,Lower middle income,Blend,31.0672,-17.8312
2646,2019,26.5883007,Individuals using the Internet (% of population),ZW,Zimbabwe,Sub-Saharan Africa ,Lower middle income,Blend,31.0672,-17.8312
2647,2018,25.0,Individuals using the Internet (% of population),ZW,Zimbabwe,Sub-Saharan Africa ,Lower middle income,Blend,31.0672,-17.8312
2648,2017,24.39999962,Individuals using the Internet (% of population),ZW,Zimbabwe,Sub-Saharan Africa ,Lower middle income,Blend,31.0672,-17.8312
2649,2016,23.12000084,Individuals using the Internet (% of population),ZW,Zimbabwe,Sub-Saharan Africa ,Lower middle income,Blend,31.0672,-17.8312
2650,2025,93.1,Mobile cellular subscriptions (per 100 people),ZH,Africa Eastern and Southern,Aggregates,Aggregates,Aggregates,,
2651,2024,87.3,Mobile cellular subscriptions (per 100 people),ZH,Africa Eastern and Southern,Aggregates,Aggregates,Aggregates,,
2652,2023,82.3,Mobile cellular subscriptions (per 100 people),ZH,Africa Eastern and Southern,Aggregates,Aggregates,Aggregates,,
2653,2022,77.7,Mobile cellular subscriptions (per 100 people),ZH,Africa Eastern and Southern,Aggregates,Aggregates,Aggregates,,
2654,2021,74.7,Mobile cellular subscriptions (per 100 people),ZH,Africa Eastern and Southern,Aggregates,Aggregates,Aggregates,,
2655,2025,86.5,Mobile cellular subscriptions (per 100 people),ZI,Africa Western and Central,Aggregates,Aggregates,Aggregates,,
2656,2024,91.8,Mobile cellular subscriptions (per 100 people),ZI,Africa Western and Central,Aggregates,Aggregates,Aggregates,,
2657,2023,101.4,Mobile cellular subscriptions (per 100 people),ZI,Africa Western and Central,Aggregates,Aggregates,Aggregates,,
2658,2022,102.1,Mobile cellular subscriptions (per 100 people),ZI,Africa Western and Central,Aggregates,Aggregates,Aggregates,,
2659,2021,95.2,Mobile cellular subscriptions (per 100 people),ZI,Africa Western and Central,Aggregates,Aggregates,Aggregates,,
2660,2025,,Mobile cellular subscriptions (per 100 people),1A,Arab World,Aggregates,Aggregates,Aggregates,,
2661,2024,,Mobile cellular subscriptions (per 100 people),1A,Arab World,Aggregates,Aggregates,Aggregates,,
2662,2023,,Mobile cellular subscriptions (per 100 people),1A,Arab World,Aggregates,Aggregates,Aggregates,,
2663,2022,102.925568544421,Mobile cellular subscriptions (per 100 people),1A,Arab World,Aggregates,Aggregates,Aggregates,,
2664,2021,99.2339505781343,Mobile cellular subscriptions (per 100 people),1A,Arab World,Aggregates,Aggregates,Aggregates,,
2665,2025,,Mobile cellular subscriptions (per 100 people),S3,Caribbean small states,Aggregates,Aggregates,Aggregates,,
2666,2024,,Mobile cellular subscriptions (per 100 people),S3,Caribbean small states,Aggregates,Aggregates,Aggregates,,
2667,2023,,Mobile cellular subscriptions (per 100 people),S3,Caribbean small states,Aggregates,Aggregates,Aggregates,,
2668,2022,,Mobile cellular subscriptions (per 100 people),S3,Caribbean small states,Aggregates,Aggregates,Aggregates,,
2669,2021,109.129045044123,Mobile cellular subscriptions (per 100 people),S3,Caribbean small states,Aggregates,Aggregates,Aggregates,,
2670,2025,,Mobile cellular subscriptions (per 100 people),B8,Central Europe and the Baltics,Aggregates,Aggregates,Aggregates,,
2671,2024,,Mobile cellular subscriptions (per 100 people),B8,Central Europe and the Baltics,Aggregates,Aggregates,Aggregates,,
2672,2023,,Mobile cellular subscriptions (per 100 people),B8,Central Europe and the Baltics,Aggregates,Aggregates,Aggregates,,
2673,2022,124.683360007648,Mobile cellular subscriptions (per 100 people),B8,Central Europe and the Baltics,Aggregates,Aggregates,Aggregates,,
2674,2021,124.396200399213,Mobile cellular subscriptions (per 100 people),B8,Central Europe and the Baltics,Aggregates,Aggregates,Aggregates,,
2675,2025,,Mobile cellular subscriptions (per 100 people),V2,Early-demographic dividend,Aggregates,Aggregates,Aggregates,,
2676,2024,,Mobile cellular subscriptions (per 100 people),V2,Early-demographic dividend,Aggregates,Aggregates,Aggregates,,
2677,2023,,Mobile cellular subscriptions (per 100 people),V2,Early-demographic dividend,Aggregates,Aggregates,Aggregates,,
2678,2022,96.3653995383414,Mobile cellular subscriptions (per 100 people),V2,Early-demographic dividend,Aggregates,Aggregates,Aggregates,,
2679,2021,97.8329155295442,Mobile cellular subscriptions (per 100 people),V2,Early-demographic dividend,Aggregates,Aggregates,Aggregates,,
2680,2025,135.1,Mobile cellular subscriptions (per 100 people),Z4,East Asia & Pacific,Aggregates,Aggregates,Aggregates,,
2681,2024,132.9,Mobile cellular subscriptions (per 100 people),Z4,East Asia & Pacific,Aggregates,Aggregates,Aggregates,,
2682,2023,130.9,Mobile cellular subscriptions (per 100 people),Z4,East Asia & Pacific,Aggregates,Aggregates,Aggregates,,
2683,2022,128.7,Mobile cellular subscriptions (per 100 people),Z4,East Asia & Pacific,Aggregates,Aggregates,Aggregates,,
2684,2021,127.6,Mobile cellular subscriptions (per 100 people),Z4,East Asia & Pacific,Aggregates,Aggregates,Aggregates,,
2685,2025,129.8,Mobile cellular subscriptions (per 100 people),4E,East Asia & Pacific (excluding high income),Aggregates,Aggregates,Aggregates,,
2686,2024,128.2,Mobile cellular subscriptions (per 100 people),4E,East Asia & Pacific (excluding high income),Aggregates,Aggregates,Aggregates,,
2687,2023,126.9,Mobile cellular subscriptions (per 100 people),4E,East Asia & Pacific (excluding high income),Aggregates,Aggregates,Aggregates,,
2688,2022,125.5,Mobile cellular subscriptions (per 100 people),4E,East Asia & Pacific (excluding high income),Aggregates,Aggregates,Aggregates,,
2689,2021,124.9,Mobile cellular subscriptions (per 100 people),4E,East Asia & Pacific (excluding high income),Aggregates,Aggregates,Aggregates,,
2690,2025,131.0,Mobile cellular subscriptions (per 100 people),T4,East Asia & Pacific (IDA & IBRD countries),Aggregates,Aggregates,Aggregates,,
2691,2024,129.5,Mobile cellular subscriptions (per 100 people),T4,East Asia & Pacific (IDA & IBRD countries),Aggregates,Aggregates,Aggregates,,
2692,2023,128.1,Mobile cellular subscriptions (per 100 people),T4,East Asia & Pacific (IDA & IBRD countries),Aggregates,Aggregates,Aggregates,,
2693,2022,126.8,Mobile cellular subscriptions (per 100 people),T4,East Asia & Pacific (IDA & IBRD countries),Aggregates,Aggregates,Aggregates,,
2694,2021,126.2,Mobile cellular subscriptions (per 100 people),T4,East Asia & Pacific (IDA & IBRD countries),Aggregates,Aggregates,Aggregates,,
2695,2025,,Mobile cellular subscriptions (per 100 people),XC,Euro area,Aggregates,Aggregates,Aggregates,,
2696,2024,,Mobile cellular subscriptions (per 100 people),XC,Euro area,Aggregates,Aggregates,Aggregates,,
2697,2023,,Mobile cellular subscriptions (per 100 people),XC,Euro area,Aggregates,Aggregates,Aggregates,,
2698,2022,123.504922574754,Mobile cellular subscriptions (per 100 people),XC,Euro area,Aggregates,Aggregates,Aggregates,,
2699,2021,123.005707748284,Mobile cellular subscriptions (per 100 people),XC,Euro area,Aggregates,Aggregates,Aggregates,,
2700,2025,134.6,Mobile cellular subscriptions (per 100 people),Z7,Europe & Central Asia,Aggregates,Aggregates,Aggregates,,
2701,2024,132.4,Mobile cellular subscriptions (per 100 people),Z7,Europe & Central Asia,Aggregates,Aggregates,Aggregates,,
2702,2023,130.2,Mobile cellular subscriptions (per 100 people),Z7,Europe & Central Asia,Aggregates,Aggregates,Aggregates,,
2703,2022,126.6,Mobile cellular subscriptions (per 100 people),Z7,Europe & Central Asia,Aggregates,Aggregates,Aggregates,,
2704,2021,126.0,Mobile cellular subscriptions (per 100 people),Z7,Europe & Central Asia,Aggregates,Aggregates,Aggregates,,
2705,2025,117.3,Mobile cellular subscriptions (per 100 people),7E,Europe & Central Asia (excluding high income),Aggregates,Aggregates,Aggregates,,
2706,2024,115.4,Mobile cellular subscriptions (per 100 people),7E,Europe & Central Asia (excluding high income),Aggregates,Aggregates,Aggregates,,
2707,2023,113.2,Mobile cellular subscriptions (per 100 people),7E,Europe & Central Asia (excluding high income),Aggregates,Aggregates,Aggregates,,
2708,2022,110.0,Mobile cellular subscriptions (per 100 people),7E,Europe & Central Asia (excluding high income),Aggregates,Aggregates,Aggregates,,
2709,2021,109.9,Mobile cellular subscriptions (per 100 people),7E,Europe & Central Asia (excluding high income),Aggregates,Aggregates,Aggregates,,
2710,2025,142.4,Mobile cellular subscriptions (per 100 people),T7,Europe & Central Asia (IDA & IBRD countries),Aggregates,Aggregates,Aggregates,,
2711,2024,139.6,Mobile cellular subscriptions (per 100 people),T7,Europe & Central Asia (IDA & IBRD countries),Aggregates,Aggregates,Aggregates,,
2712,2023,136.8,Mobile cellular subscriptions (per 100 people),T7,Europe & Central Asia (IDA & IBRD countries),Aggregates,Aggregates,Aggregates,,
2713,2022,131.1,Mobile cellular subscriptions (per 100 people),T7,Europe & Central Asia (IDA & IBRD countries),Aggregates,Aggregates,Aggregates,,
2714,2021,130.9,Mobile cellular subscriptions (per 100 people),T7,Europe & Central Asia (IDA & IBRD countries),Aggregates,Aggregates,Aggregates,,
2715,2025,,Mobile cellular subscriptions (per 100 people),EU,European Union,Aggregates,Aggregates,Aggregates,,
2716,2024,,Mobile cellular subscriptions (per 100 people),EU,European Union,Aggregates,Aggregates,Aggregates,,
2717,2023,,Mobile cellular subscriptions (per 100 people),EU,European Union,Aggregates,Aggregates,Aggregates,,
2718,2022,123.687099666304,Mobile cellular subscriptions (per 100 people),EU,European Union,Aggregates,Aggregates,Aggregates,,
2719,2021,123.265317671991,Mobile cellular subscriptions (per 100 people),EU,European Union,Aggregates,Aggregates,Aggregates,,
2720,2025,,Mobile cellular subscriptions (per 100 people),XE,Heavily indebted poor countries (HIPC),Aggregates,Aggregates,Aggregates,,
2721,2024,,Mobile cellular subscriptions (per 100 people),XE,Heavily indebted poor countries (HIPC),Aggregates,Aggregates,Aggregates,,
2722,2023,,Mobile cellular subscriptions (per 100 people),XE,Heavily indebted poor countries (HIPC),Aggregates,Aggregates,Aggregates,,
2723,2022,76.7140221946963,Mobile cellular subscriptions (per 100 people),XE,Heavily indebted poor countries (HIPC),Aggregates,Aggregates,Aggregates,,
2724,2021,74.4847568397299,Mobile cellular subscriptions (per 100 people),XE,Heavily indebted poor countries (HIPC),Aggregates,Aggregates,Aggregates,,
2725,2025,141.6,Mobile cellular subscriptions (per 100 people),XD,High income,Aggregates,Aggregates,Aggregates,,
2726,2024,138.5,Mobile cellular subscriptions (per 100 people),XD,High income,Aggregates,Aggregates,Aggregates,,
2727,2023,135.8,Mobile cellular subscriptions (per 100 people),XD,High income,Aggregates,Aggregates,Aggregates,,
2728,2022,131.3,Mobile cellular subscriptions (per 100 people),XD,High income,Aggregates,Aggregates,Aggregates,,
2729,2021,128.7,Mobile cellular subscriptions (per 100 people),XD,High income,Aggregates,Aggregates,Aggregates,,
2730,2025,115.9,Mobile cellular subscriptions (per 100 people),XF,IBRD only,Aggregates,Aggregates,Aggregates,,
2731,2024,114.9,Mobile cellular subscriptions (per 100 people),XF,IBRD only,Aggregates,Aggregates,Aggregates,,
2732,2023,113.9,Mobile cellular subscriptions (per 100 people),XF,IBRD only,Aggregates,Aggregates,Aggregates,,
2733,2022,112.2,Mobile cellular subscriptions (per 100 people),XF,IBRD only,Aggregates,Aggregates,Aggregates,,
2734,2021,111.6,Mobile cellular subscriptions (per 100 people),XF,IBRD only,Aggregates,Aggregates,Aggregates,,
2735,2025,107.8,Mobile cellular subscriptions (per 100 people),ZT,IDA & IBRD total,Aggregates,Aggregates,Aggregates,,
2736,2024,107.0,Mobile cellular subscriptions (per 100 people),ZT,IDA & IBRD total,Aggregates,Aggregates,Aggregates,,
2737,2023,106.7,Mobile cellular subscriptions (per 100 people),ZT,IDA & IBRD total,Aggregates,Aggregates,Aggregates,,
2738,2022,105.2,Mobile cellular subscriptions (per 100 people),ZT,IDA & IBRD total,Aggregates,Aggregates,Aggregates,,
2739,2021,104.2,Mobile cellular subscriptions (per 100 people),ZT,IDA & IBRD total,Aggregates,Aggregates,Aggregates,,
2740,2025,84.2,Mobile cellular subscriptions (per 100 people),XH,IDA blend,Aggregates,Aggregates,Aggregates,,
2741,2024,88.2,Mobile cellular subscriptions (per 100 people),XH,IDA blend,Aggregates,Aggregates,Aggregates,,
2742,2023,95.3,Mobile cellular subscriptions (per 100 people),XH,IDA blend,Aggregates,Aggregates,Aggregates,,
2743,2022,95.5,Mobile cellular subscriptions (per 100 people),XH,IDA blend,Aggregates,Aggregates,Aggregates,,
2744,2021,90.9,Mobile cellular subscriptions (per 100 people),XH,IDA blend,Aggregates,Aggregates,Aggregates,,
2745,2025,88.6,Mobile cellular subscriptions (per 100 people),XI,IDA only,Aggregates,Aggregates,Aggregates,,
2746,2024,86.0,Mobile cellular subscriptions (per 100 people),XI,IDA only,Aggregates,Aggregates,Aggregates,,
2747,2023,84.1,Mobile cellular subscriptions (per 100 people),XI,IDA only,Aggregates,Aggregates,Aggregates,,
2748,2022,81.8,Mobile cellular subscriptions (per 100 people),XI,IDA only,Aggregates,Aggregates,Aggregates,,
2749,2021,80.9,Mobile cellular subscriptions (per 100 people),XI,IDA only,Aggregates,Aggregates,Aggregates,,
2750,2025,87.1,Mobile cellular subscriptions (per 100 people),XG,IDA total,Aggregates,Aggregates,Aggregates,,
2751,2024,86.7,Mobile cellular subscriptions (per 100 people),XG,IDA total,Aggregates,Aggregates,Aggregates,,
2752,2023,88.0,Mobile cellular subscriptions (per 100 people),XG,IDA total,Aggregates,Aggregates,Aggregates,,
2753,2022,86.6,Mobile cellular subscriptions (per 100 people),XG,IDA total,Aggregates,Aggregates,Aggregates,,
2754,2021,84.4,Mobile cellular subscriptions (per 100 people),XG,IDA total,Aggregates,Aggregates,Aggregates,,
2755,2025,,Mobile cellular subscriptions (per 100 people),V3,Late-demographic dividend,Aggregates,Aggregates,Aggregates,,
2756,2024,,Mobile cellular subscriptions (per 100 people),V3,Late-demographic dividend,Aggregates,Aggregates,Aggregates,,
2757,2023,,Mobile cellular subscriptions (per 100 people),V3,Late-demographic dividend,Aggregates,Aggregates,Aggregates,,
2758,2022,126.745828074436,Mobile cellular subscriptions (per 100 people),V3,Late-demographic dividend,Aggregates,Aggregates,Aggregates,,
2759,2021,125.812134493348,Mobile cellular subscriptions (per 100 people),V3,Late-demographic dividend,Aggregates,Aggregates,Aggregates,,
2760,2025,116.8,Mobile cellular subscriptions (per 100 people),ZJ,Latin America & Caribbean,Aggregates,Aggregates,Aggregates,,
2761,2024,114.6,Mobile cellular subscriptions (per 100 people),ZJ,Latin America & Caribbean,Aggregates,Aggregates,Aggregates,,
2762,2023,112.6,Mobile cellular subscriptions (per 100 people),ZJ,Latin America & Caribbean,Aggregates,Aggregates,Aggregates,,
2763,2022,109.9,Mobile cellular subscriptions (per 100 people),ZJ,Latin America & Caribbean,Aggregates,Aggregates,Aggregates,,
2764,2021,108.7,Mobile cellular subscriptions (per 100 people),ZJ,Latin America & Caribbean,Aggregates,Aggregates,Aggregates,,
2765,2025,117.7,Mobile cellular subscriptions (per 100 people),XJ,Latin America & Caribbean (excluding high income),Aggregates,Aggregates,Aggregates,,
2766,2024,115.3,Mobile cellular subscriptions (per 100 people),XJ,Latin America & Caribbean (excluding high income),Aggregates,Aggregates,Aggregates,,
2767,2023,113.0,Mobile cellular subscriptions (per 100 people),XJ,Latin America & Caribbean (excluding high income),Aggregates,Aggregates,Aggregates,,
2768,2022,110.4,Mobile cellular subscriptions (per 100 people),XJ,Latin America & Caribbean (excluding high income),Aggregates,Aggregates,Aggregates,,
2769,2021,109.3,Mobile cellular subscriptions (per 100 people),XJ,Latin America & Caribbean (excluding high income),Aggregates,Aggregates,Aggregates,,
2770,2025,117.5,Mobile cellular subscriptions (per 100 people),T2,Latin America & the Caribbean (IDA & IBRD countries),Aggregates,Aggregates,Aggregates,,
2771,2024,115.3,Mobile cellular subscriptions (per 100 people),T2,Latin America & the Caribbean (IDA & IBRD countries),Aggregates,Aggregates,Aggregates,,
2772,2023,113.2,Mobile cellular subscriptions (per 100 people),T2,Latin America & the Caribbean (IDA & IBRD countries),Aggregates,Aggregates,Aggregates,,
2773,2022,110.6,Mobile cellular subscriptions (per 100 people),T2,Latin America & the Caribbean (IDA & IBRD countries),Aggregates,Aggregates,Aggregates,,
2774,2021,109.5,Mobile cellular subscriptions (per 100 people),T2,Latin America & the Caribbean (IDA & IBRD countries),Aggregates,Aggregates,Aggregates,,
2775,2025,86.3,Mobile cellular subscriptions (per 100 people),XL,Least developed countries: UN classification,Aggregates,Aggregates,Aggregates,,
2776,2024,83.9,Mobile cellular subscriptions (per 100 people),XL,Least developed countries: UN classification,Aggregates,Aggregates,Aggregates,,
2777,2023,82.2,Mobile cellular subscriptions (per 100 people),XL,Least developed countries: UN classification,Aggregates,Aggregates,Aggregates,,
2778,2022,78.7,Mobile cellular subscriptions (per 100 people),XL,Least developed countries: UN classification,Aggregates,Aggregates,Aggregates,,
2779,2021,77.4,Mobile cellular subscriptions (per 100 people),XL,Least developed countries: UN classification,Aggregates,Aggregates,Aggregates,,
2780,2025,,Mobile cellular subscriptions (per 100 people),XO,Low & middle income,Aggregates,Aggregates,Aggregates,,
2781,2024,,Mobile cellular subscriptions (per 100 people),XO,Low & middle income,Aggregates,Aggregates,Aggregates,,
2782,2023,,Mobile cellular subscriptions (per 100 people),XO,Low & middle income,Aggregates,Aggregates,Aggregates,,
2783,2022,104.401559003568,Mobile cellular subscriptions (per 100 people),XO,Low & middle income,Aggregates,Aggregates,Aggregates,,
2784,2021,103.023535265877,Mobile cellular subscriptions (per 100 people),XO,Low & middle income,Aggregates,Aggregates,Aggregates,,
2785,2025,69.3,Mobile cellular subscriptions (per 100 people),XM,Low income,Aggregates,Aggregates,Aggregates,,
2786,2024,67.0,Mobile cellular subscriptions (per 100 people),XM,Low income,Aggregates,Aggregates,Aggregates,,
2787,2023,65.2,Mobile cellular subscriptions (per 100 people),XM,Low income,Aggregates,Aggregates,Aggregates,,
2788,2022,62.5,Mobile cellular subscriptions (per 100 people),XM,Low income,Aggregates,Aggregates,Aggregates,,
2789,2021,60.2,Mobile cellular subscriptions (per 100 people),XM,Low income,Aggregates,Aggregates,Aggregates,,
2790,2025,89.9,Mobile cellular subscriptions (per 100 people),XN,Lower middle income,Aggregates,Aggregates,Aggregates,,
2791,2024,90.9,Mobile cellular subscriptions (per 100 people),XN,Lower middle income,Aggregates,Aggregates,Aggregates,,
2792,2023,92.8,Mobile cellular subscriptions (per 100 people),XN,Lower middle income,Aggregates,Aggregates,Aggregates,,
2793,2022,93.6,Mobile cellular subscriptions (per 100 people),XN,Lower middle income,Aggregates,Aggregates,Aggregates,,
2794,2021,92.8,Mobile cellular subscriptions (per 100 people),XN,Lower middle income,Aggregates,Aggregates,Aggregates,,
2795,2025,107.1,Mobile cellular subscriptions (per 100 people),ZQ,"Middle East, North Africa, Afghanistan & Pakistan",Aggregates,Aggregates,Aggregates,,
2796,2024,104.6,Mobile cellular subscriptions (per 100 people),ZQ,"Middle East, North Africa, Afghanistan & Pakistan",Aggregates,Aggregates,Aggregates,,
2797,2023,102.4,Mobile cellular subscriptions (per 100 people),ZQ,"Middle East, North Africa, Afghanistan & Pakistan",Aggregates,Aggregates,Aggregates,,
2798,2022,101.5,Mobile cellular subscriptions (per 100 people),ZQ,"Middle East, North Africa, Afghanistan & Pakistan",Aggregates,Aggregates,Aggregates,,
2799,2021,98.3,Mobile cellular subscriptions (per 100 people),ZQ,"Middle East, North Africa, Afghanistan & Pakistan",Aggregates,Aggregates,Aggregates,,
2800,2025,101.0,Mobile cellular subscriptions (per 100 people),XQ,"Middle East, North Africa, Afghanistan & Pakistan (excluding high income)",Aggregates,Aggregates,Aggregates,,
2801,2024,98.8,Mobile cellular subscriptions (per 100 people),XQ,"Middle East, North Africa, Afghanistan & Pakistan (excluding high income)",Aggregates,Aggregates,Aggregates,,
2802,2023,96.9,Mobile cellular subscriptions (per 100 people),XQ,"Middle East, North Africa, Afghanistan & Pakistan (excluding high income)",Aggregates,Aggregates,Aggregates,,
2803,2022,96.4,Mobile cellular subscriptions (per 100 people),XQ,"Middle East, North Africa, Afghanistan & Pakistan (excluding high income)",Aggregates,Aggregates,Aggregates,,
2804,2021,93.7,Mobile cellular subscriptions (per 100 people),XQ,"Middle East, North Africa, Afghanistan & Pakistan (excluding high income)",Aggregates,Aggregates,Aggregates,,
2805,2025,101.1,Mobile cellular subscriptions (per 100 people),T3,"Middle East, North Africa, Afghanistan & Pakistan (IDA & IBRD)",Aggregates,Aggregates,Aggregates,,
2806,2024,99.0,Mobile cellular subscriptions (per 100 people),T3,"Middle East, North Africa, Afghanistan & Pakistan (IDA & IBRD)",Aggregates,Aggregates,Aggregates,,
2807,2023,97.0,Mobile cellular subscriptions (per 100 people),T3,"Middle East, North Africa, Afghanistan & Pakistan (IDA & IBRD)",Aggregates,Aggregates,Aggregates,,
2808,2022,96.5,Mobile cellular subscriptions (per 100 people),T3,"Middle East, North Africa, Afghanistan & Pakistan (IDA & IBRD)",Aggregates,Aggregates,Aggregates,,
2809,2021,93.8,Mobile cellular subscriptions (per 100 people),T3,"Middle East, North Africa, Afghanistan & Pakistan (IDA & IBRD)",Aggregates,Aggregates,Aggregates,,
2810,2025,,Mobile cellular subscriptions (per 100 people),XP,Middle income,Aggregates,Aggregates,Aggregates,,
2811,2024,,Mobile cellular subscriptions (per 100 people),XP,Middle income,Aggregates,Aggregates,Aggregates,,
2812,2023,,Mobile cellular subscriptions (per 100 people),XP,Middle income,Aggregates,Aggregates,Aggregates,,
2813,2022,108.260864694504,Mobile cellular subscriptions (per 100 people),XP,Middle income,Aggregates,Aggregates,Aggregates,,
2814,2021,108.170552432744,Mobile cellular subscriptions (per 100 people),XP,Middle income,Aggregates,Aggregates,Aggregates,,
2815,2025,112.0,Mobile cellular subscriptions (per 100 people),XU,North America,Aggregates,Aggregates,Aggregates,,
2816,2024,111.2,Mobile cellular subscriptions (per 100 people),XU,North America,Aggregates,Aggregates,Aggregates,,
2817,2023,110.5,Mobile cellular subscriptions (per 100 people),XU,North America,Aggregates,Aggregates,Aggregates,,
2818,2022,107.0,Mobile cellular subscriptions (per 100 people),XU,North America,Aggregates,Aggregates,Aggregates,,
2819,2021,104.4,Mobile cellular subscriptions (per 100 people),XU,North America,Aggregates,Aggregates,Aggregates,,
2820,2025,,Mobile cellular subscriptions (per 100 people),XY,Not classified,Aggregates,Aggregates,Aggregates,,
2821,2024,,Mobile cellular subscriptions (per 100 people),XY,Not classified,Aggregates,Aggregates,Aggregates,,
2822,2023,,Mobile cellular subscriptions (per 100 people),XY,Not classified,Aggregates,Aggregates,Aggregates,,
2823,2022,,Mobile cellular subscriptions (per 100 people),XY,Not classified,Aggregates,Aggregates,Aggregates,,
2824,2021,,Mobile cellular subscriptions (per 100 people),XY,Not classified,Aggregates,Aggregates,Aggregates,,
2825,2025,,Mobile cellular subscriptions (per 100 people),OE,OECD members,Aggregates,Aggregates,Aggregates,,
2826,2024,,Mobile cellular subscriptions (per 100 people),OE,OECD members,Aggregates,Aggregates,Aggregates,,
2827,2023,,Mobile cellular subscriptions (per 100 people),OE,OECD members,Aggregates,Aggregates,Aggregates,,
2828,2022,122.304805090448,Mobile cellular subscriptions (per 100 people),OE,OECD members,Aggregates,Aggregates,Aggregates,,
2829,2021,119.661730921855,Mobile cellular subscriptions (per 100 people),OE,OECD members,Aggregates,Aggregates,Aggregates,,
2830,2025,,Mobile cellular subscriptions (per 100 people),S4,Other small states,Aggregates,Aggregates,Aggregates,,
2831,2024,,Mobile cellular subscriptions (per 100 people),S4,Other small states,Aggregates,Aggregates,Aggregates,,
2832,2023,,Mobile cellular subscriptions (per 100 people),S4,Other small states,Aggregates,Aggregates,Aggregates,,
2833,2022,124.936732236042,Mobile cellular subscriptions (per 100 people),S4,Other small states,Aggregates,Aggregates,Aggregates,,
2834,2021,122.10410369102,Mobile cellular subscriptions (per 100 people),S4,Other small states,Aggregates,Aggregates,Aggregates,,
2835,2025,,Mobile cellular subscriptions (per 100 people),S2,Pacific island small states,Aggregates,Aggregates,Aggregates,,
2836,2024,,Mobile cellular subscriptions (per 100 people),S2,Pacific island small states,Aggregates,Aggregates,Aggregates,,
2837,2023,,Mobile cellular subscriptions (per 100 people),S2,Pacific island small states,Aggregates,Aggregates,Aggregates,,
2838,2022,,Mobile cellular subscriptions (per 100 people),S2,Pacific island small states,Aggregates,Aggregates,Aggregates,,
2839,2021,76.1797159429208,Mobile cellular subscriptions (per 100 people),S2,Pacific island small states,Aggregates,Aggregates,Aggregates,,
2840,2025,,Mobile cellular subscriptions (per 100 people),V4,Post-demographic dividend,Aggregates,Aggregates,Aggregates,,
2841,2024,,Mobile cellular subscriptions (per 100 people),V4,Post-demographic dividend,Aggregates,Aggregates,Aggregates,,
2842,2023,,Mobile cellular subscriptions (per 100 people),V4,Post-demographic dividend,Aggregates,Aggregates,Aggregates,,
2843,2022,124.353057874527,Mobile cellular subscriptions (per 100 people),V4,Post-demographic dividend,Aggregates,Aggregates,Aggregates,,
2844,2021,122.464288181858,Mobile cellular subscriptions (per 100 people),V4,Post-demographic dividend,Aggregates,Aggregates,Aggregates,,
2845,2025,,Mobile cellular subscriptions (per 100 people),V1,Pre-demographic dividend,Aggregates,Aggregates,Aggregates,,
2846,2024,,Mobile cellular subscriptions (per 100 people),V1,Pre-demographic dividend,Aggregates,Aggregates,Aggregates,,
2847,2023,,Mobile cellular subscriptions (per 100 people),V1,Pre-demographic dividend,Aggregates,Aggregates,Aggregates,,
2848,2022,86.7805674982389,Mobile cellular subscriptions (per 100 people),V1,Pre-demographic dividend,Aggregates,Aggregates,Aggregates,,
2849,2021,80.385516649546,Mobile cellular subscriptions (per 100 people),V1,Pre-demographic dividend,Aggregates,Aggregates,Aggregates,,
2850,2025,161.6,Mobile cellular subscriptions (per 100 people),S1,Small states,Aggregates,Aggregates,Aggregates,,
2851,2024,143.1,Mobile cellular subscriptions (per 100 people),S1,Small states,Aggregates,Aggregates,Aggregates,,
2852,2023,131.0,Mobile cellular subscriptions (per 100 people),S1,Small states,Aggregates,Aggregates,Aggregates,,
2853,2022,117.2,Mobile cellular subscriptions (per 100 people),S1,Small states,Aggregates,Aggregates,Aggregates,,
2854,2021,114.0,Mobile cellular subscriptions (per 100 people),S1,Small states,Aggregates,Aggregates,Aggregates,,
2855,2025,81.7,Mobile cellular subscriptions (per 100 people),8S,South Asia,Aggregates,Aggregates,Aggregates,,
2856,2024,83.4,Mobile cellular subscriptions (per 100 people),8S,South Asia,Aggregates,Aggregates,Aggregates,,
2857,2023,85.3,Mobile cellular subscriptions (per 100 people),8S,South Asia,Aggregates,Aggregates,Aggregates,,
2858,2022,85.0,Mobile cellular subscriptions (per 100 people),8S,South Asia,Aggregates,Aggregates,Aggregates,,
2859,2021,86.2,Mobile cellular subscriptions (per 100 people),8S,South Asia,Aggregates,Aggregates,Aggregates,,
2860,2025,81.7,Mobile cellular subscriptions (per 100 people),T5,South Asia (IDA & IBRD),Aggregates,Aggregates,Aggregates,,
2861,2024,83.4,Mobile cellular subscriptions (per 100 people),T5,South Asia (IDA & IBRD),Aggregates,Aggregates,Aggregates,,
2862,2023,85.3,Mobile cellular subscriptions (per 100 people),T5,South Asia (IDA & IBRD),Aggregates,Aggregates,Aggregates,,
2863,2022,85.0,Mobile cellular subscriptions (per 100 people),T5,South Asia (IDA & IBRD),Aggregates,Aggregates,Aggregates,,
2864,2021,86.2,Mobile cellular subscriptions (per 100 people),T5,South Asia (IDA & IBRD),Aggregates,Aggregates,Aggregates,,
2865,2025,90.4,Mobile cellular subscriptions (per 100 people),ZG,Sub-Saharan Africa,Aggregates,Aggregates,Aggregates,,
2866,2024,89.2,Mobile cellular subscriptions (per 100 people),ZG,Sub-Saharan Africa,Aggregates,Aggregates,Aggregates,,
2867,2023,90.0,Mobile cellular subscriptions (per 100 people),ZG,Sub-Saharan Africa,Aggregates,Aggregates,Aggregates,,
2868,2022,87.6,Mobile cellular subscriptions (per 100 people),ZG,Sub-Saharan Africa,Aggregates,Aggregates,Aggregates,,
2869,2021,83.0,Mobile cellular subscriptions (per 100 people),ZG,Sub-Saharan Africa,Aggregates,Aggregates,Aggregates,,
2870,2025,92.7,Mobile cellular subscriptions (per 100 people),ZF,Sub-Saharan Africa (excluding high income),Aggregates,Aggregates,Aggregates,,
2871,2024,91.9,Mobile cellular subscriptions (per 100 people),ZF,Sub-Saharan Africa (excluding high income),Aggregates,Aggregates,Aggregates,,
2872,2023,93.4,Mobile cellular subscriptions (per 100 people),ZF,Sub-Saharan Africa (excluding high income),Aggregates,Aggregates,Aggregates,,
2873,2022,91.0,Mobile cellular subscriptions (per 100 people),ZF,Sub-Saharan Africa (excluding high income),Aggregates,Aggregates,Aggregates,,
2874,2021,86.4,Mobile cellular subscriptions (per 100 people),ZF,Sub-Saharan Africa (excluding high income),Aggregates,Aggregates,Aggregates,,
2875,2025,90.4,Mobile cellular subscriptions (per 100 people),T6,Sub-Saharan Africa (IDA & IBRD countries),Aggregates,Aggregates,Aggregates,,
2876,2024,89.2,Mobile cellular subscriptions (per 100 people),T6,Sub-Saharan Africa (IDA & IBRD countries),Aggregates,Aggregates,Aggregates,,
2877,2023,90.0,Mobile cellular subscriptions (per 100 people),T6,Sub-Saharan Africa (IDA & IBRD countries),Aggregates,Aggregates,Aggregates,,
2878,2022,87.6,Mobile cellular subscriptions (per 100 people),T6,Sub-Saharan Africa (IDA & IBRD countries),Aggregates,Aggregates,Aggregates,,
2879,2021,83.0,Mobile cellular subscriptions (per 100 people),T6,Sub-Saharan Africa (IDA & IBRD countries),Aggregates,Aggregates,Aggregates,,
2880,2025,132.4,Mobile cellular subscriptions (per 100 people),XT,Upper middle income,Aggregates,Aggregates,Aggregates,,
2881,2024,129.9,Mobile cellular subscriptions (per 100 people),XT,Upper middle income,Aggregates,Aggregates,Aggregates,,
2882,2023,127.5,Mobile cellular subscriptions (per 100 people),XT,Upper middle income,Aggregates,Aggregates,Aggregates,,
2883,2022,124.1,Mobile cellular subscriptions (per 100 people),XT,Upper middle income,Aggregates,Aggregates,Aggregates,,
2884,2021,122.9,Mobile cellular subscriptions (per 100 people),XT,Upper middle income,Aggregates,Aggregates,Aggregates,,
2885,2025,111.5,Mobile cellular subscriptions (per 100 people),1W,World,Aggregates,Aggregates,Aggregates,,
2886,2024,110.4,Mobile cellular subscriptions (per 100 people),1W,World,Aggregates,Aggregates,Aggregates,,
2887,2023,109.8,Mobile cellular subscriptions (per 100 people),1W,World,Aggregates,Aggregates,Aggregates,,
2888,2022,108.0,Mobile cellular subscriptions (per 100 people),1W,World,Aggregates,Aggregates,Aggregates,,
2889,2021,106.7,Mobile cellular subscriptions (per 100 people),1W,World,Aggregates,Aggregates,Aggregates,,
2890,2025,,Mobile cellular subscriptions (per 100 people),AF,Afghanistan,"Middle East, North Africa, Afghanistan & Pakistan",Low income,IDA,69.1761,34.5228
2891,2024,60.0990815591219,Mobile cellular subscriptions (per 100 people),AF,Afghanistan,"Middle East, North Africa, Afghanistan & Pakistan",Low income,IDA,69.1761,34.5228
2892,2023,55.5474967036959,Mobile cellular subscriptions (per 100 people),AF,Afghanistan,"Middle East, North Africa, Afghanistan & Pakistan",Low income,IDA,69.1761,34.5228
2893,2022,56.2655188632539,Mobile cellular subscriptions (per 100 people),AF,Afghanistan,"Middle East, North Africa, Afghanistan & Pakistan",Low income,IDA,69.1761,34.5228
2894,2021,56.6944760468967,Mobile cellular subscriptions (per 100 people),AF,Afghanistan,"Middle East, North Africa, Afghanistan & Pakistan",Low income,IDA,69.1761,34.5228
2895,2025,,Mobile cellular subscriptions (per 100 people),AL,Albania,Europe & Central Asia,Upper middle income,IBRD,19.8172,41.3317
2896,2024,89.1328603947682,Mobile cellular subscriptions (per 100 people),AL,Albania,Europe & Central Asia,Upper middle income,IBRD,19.8172,41.3317
2897,2023,92.9973271969712,Mobile cellular subscriptions (per 100 people),AL,Albania,Europe & Central Asia,Upper middle income,IBRD,19.8172,41.3317
2898,2022,98.3950391992101,Mobile cellular subscriptions (per 100 people),AL,Albania,Europe & Central Asia,Upper middle income,IBRD,19.8172,41.3317
2899,2021,92.4843357131703,Mobile cellular subscriptions (per 100 people),AL,Albania,Europe & Central Asia,Upper middle income,IBRD,19.8172,41.3317
2900,2025,,Mobile cellular subscriptions (per 100 people),DZ,Algeria,"Middle East, North Africa, Afghanistan & Pakistan",Upper middle income,IBRD,3.05097,36.7397
2901,2024,115.457278573892,Mobile cellular subscriptions (per 100 people),DZ,Algeria,"Middle East, North Africa, Afghanistan & Pakistan",Upper middle income,IBRD,3.05097,36.7397
2902,2023,111.60623555659,Mobile cellular subscriptions (per 100 people),DZ,Algeria,"Middle East, North Africa, Afghanistan & Pakistan",Upper middle income,IBRD,3.05097,36.7397
2903,2022,107.787115922596,Mobile cellular subscriptions (per 100 people),DZ,Algeria,"Middle East, North Africa, Afghanistan & Pakistan",Upper middle income,IBRD,3.05097,36.7397
2904,2021,105.037092587919,Mobile cellular subscriptions (per 100 people),DZ,Algeria,"Middle East, North Africa, Afghanistan & Pakistan",Upper middle income,IBRD,3.05097,36.7397
2905,2025,,Mobile cellular subscriptions (per 100 people),AS,American Samoa,East Asia & Pacific,High income,Not classified,-170.691,-14.2846
2906,2024,,Mobile cellular subscriptions (per 100 people),AS,American Samoa,East Asia & Pacific,High income,Not classified,-170.691,-14.2846
2907,2023,,Mobile cellular subscriptions (per 100 people),AS,American Samoa,East Asia & Pacific,High income,Not classified,-170.691,-14.2846
2908,2022,,Mobile cellular subscriptions (per 100 people),AS,American Samoa,East Asia & Pacific,High income,Not classified,-170.691,-14.2846
2909,2021,,Mobile cellular subscriptions (per 100 people),AS,American Samoa,East Asia & Pacific,High income,Not classified,-170.691,-14.2846
2910,2025,,Mobile cellular subscriptions (per 100 people),AD,Andorra,Europe & Central Asia,High income,Not classified,1.5218,42.5075
2911,2024,155.692108667529,Mobile cellular subscriptions (per 100 people),AD,Andorra,Europe & Central Asia,High income,Not classified,1.5218,42.5075
2912,2023,156.09725932522,Mobile cellular subscriptions (per 100 people),AD,Andorra,Europe & Central Asia,High income,Not classified,1.5218,42.5075
2913,2022,142.426447525249,Mobile cellular subscriptions (per 100 people),AD,Andorra,Europe & Central Asia,High income,Not classified,1.5218,42.5075
2914,2021,119.687611658415,Mobile cellular subscriptions (per 100 people),AD,Andorra,Europe & Central Asia,High income,Not classified,1.5218,42.5075
2915,2025,,Mobile cellular subscriptions (per 100 people),AO,Angola,Sub-Saharan Africa ,Lower middle income,IBRD,13.242,-8.81155
2916,2024,69.7039467163584,Mobile cellular subscriptions (per 100 people),AO,Angola,Sub-Saharan Africa ,Lower middle income,IBRD,13.242,-8.81155
2917,2023,70.0519587723571,Mobile cellular subscriptions (per 100 people),AO,Angola,Sub-Saharan Africa ,Lower middle income,IBRD,13.242,-8.81155
2918,2022,66.6008073123779,Mobile cellular subscriptions (per 100 people),AO,Angola,Sub-Saharan Africa ,Lower middle income,IBRD,13.242,-8.81155
2919,2021,44.3868689341257,Mobile cellular subscriptions (per 100 people),AO,Angola,Sub-Saharan Africa ,Lower middle income,IBRD,13.242,-8.81155
2920,2025,,Mobile cellular subscriptions (per 100 people),AG,Antigua and Barbuda,Latin America & Caribbean ,High income,IBRD,-61.8456,17.1175
2921,2024,,Mobile cellular subscriptions (per 100 people),AG,Antigua and Barbuda,Latin America & Caribbean ,High income,IBRD,-61.8456,17.1175
2922,2023,,Mobile cellular subscriptions (per 100 people),AG,Antigua and Barbuda,Latin America & Caribbean ,High income,IBRD,-61.8456,17.1175
2923,2022,200.540715208962,Mobile cellular subscriptions (per 100 people),AG,Antigua and Barbuda,Latin America & Caribbean ,High income,IBRD,-61.8456,17.1175
2924,2021,199.244171566557,Mobile cellular subscriptions (per 100 people),AG,Antigua and Barbuda,Latin America & Caribbean ,High income,IBRD,-61.8456,17.1175
2925,2025,,Mobile cellular subscriptions (per 100 people),AR,Argentina,Latin America & Caribbean ,Upper middle income,IBRD,-58.4173,-34.6118
2926,2024,140.234979049333,Mobile cellular subscriptions (per 100 people),AR,Argentina,Latin America & Caribbean ,Upper middle income,IBRD,-58.4173,-34.6118
2927,2023,137.706086781571,Mobile cellular subscriptions (per 100 people),AR,Argentina,Latin America & Caribbean ,Upper middle income,IBRD,-58.4173,-34.6118
2928,2022,131.483556254876,Mobile cellular subscriptions (per 100 people),AR,Argentina,Latin America & Caribbean ,Upper middle income,IBRD,-58.4173,-34.6118
2929,2021,130.352799939601,Mobile cellular subscriptions (per 100 people),AR,Argentina,Latin America & Caribbean ,Upper middle income,IBRD,-58.4173,-34.6118
2930,2025,,Mobile cellular subscriptions (per 100 people),AM,Armenia,Europe & Central Asia,Upper middle income,IBRD,44.509,40.1596
2931,2024,134.88694751567,Mobile cellular subscriptions (per 100 people),AM,Armenia,Europe & Central Asia,Upper middle income,IBRD,44.509,40.1596
2932,2023,134.519957069953,Mobile cellular subscriptions (per 100 people),AM,Armenia,Europe & Central Asia,Upper middle income,IBRD,44.509,40.1596
2933,2022,130.540072214196,Mobile cellular subscriptions (per 100 people),AM,Armenia,Europe & Central Asia,Upper middle income,IBRD,44.509,40.1596
2934,2021,125.395134877327,Mobile cellular subscriptions (per 100 people),AM,Armenia,Europe & Central Asia,Upper middle income,IBRD,44.509,40.1596
2935,2025,,Mobile cellular subscriptions (per 100 people),AW,Aruba,Latin America & Caribbean ,High income,Not classified,-70.0167,12.5167
2936,2024,,Mobile cellular subscriptions (per 100 people),AW,Aruba,Latin America & Caribbean ,High income,Not classified,-70.0167,12.5167
2937,2023,,Mobile cellular subscriptions (per 100 people),AW,Aruba,Latin America & Caribbean ,High income,Not classified,-70.0167,12.5167
2938,2022,130.647974615427,Mobile cellular subscriptions (per 100 people),AW,Aruba,Latin America & Caribbean ,High income,Not classified,-70.0167,12.5167
2939,2021,131.09206195727,Mobile cellular subscriptions (per 100 people),AW,Aruba,Latin America & Caribbean ,High income,Not classified,-70.0167,12.5167
2940,2025,,Mobile cellular subscriptions (per 100 people),AU,Australia,East Asia & Pacific,High income,Not classified,149.129,-35.282
2941,2024,112.581025002429,Mobile cellular subscriptions (per 100 people),AU,Australia,East Asia & Pacific,High income,Not classified,149.129,-35.282
2942,2023,112.513177133796,Mobile cellular subscriptions (per 100 people),AU,Australia,East Asia & Pacific,High income,Not classified,149.129,-35.282
2943,2022,109.469171081514,Mobile cellular subscriptions (per 100 people),AU,Australia,East Asia & Pacific,High income,Not classified,149.129,-35.282
2944,2021,105.118514623956,Mobile cellular subscriptions (per 100 people),AU,Australia,East Asia & Pacific,High income,Not classified,149.129,-35.282
2945,2025,,Mobile cellular subscriptions (per 100 people),AT,Austria,Europe & Central Asia,High income,Not classified,16.3798,48.2201
2946,2024,124.45929984531,Mobile cellular subscriptions (per 100 people),AT,Austria,Europe & Central Asia,High income,Not classified,16.3798,48.2201
2947,2023,121.746207105931,Mobile cellular subscriptions (per 100 people),AT,Austria,Europe & Central Asia,High income,Not classified,16.3798,48.2201
2948,2022,121.16645744796,Mobile cellular subscriptions (per 100 people),AT,Austria,Europe & Central Asia,High income,Not classified,16.3798,48.2201
2949,2021,121.357731973824,Mobile cellular subscriptions (per 100 people),AT,Austria,Europe & Central Asia,High income,Not classified,16.3798,48.2201
2950,2025,,Mobile cellular subscriptions (per 100 people),AZ,Azerbaijan,Europe & Central Asia,Upper middle income,IBRD,49.8932,40.3834
2951,2024,109.543149535867,Mobile cellular subscriptions (per 100 people),AZ,Azerbaijan,Europe & Central Asia,Upper middle income,IBRD,49.8932,40.3834
2952,2023,107.686732782159,Mobile cellular subscriptions (per 100 people),AZ,Azerbaijan,Europe & Central Asia,Upper middle income,IBRD,49.8932,40.3834
2953,2022,107.506296074404,Mobile cellular subscriptions (per 100 people),AZ,Azerbaijan,Europe & Central Asia,Upper middle income,IBRD,49.8932,40.3834
2954,2021,105.693559477177,Mobile cellular subscriptions (per 100 people),AZ,Azerbaijan,Europe & Central Asia,Upper middle income,IBRD,49.8932,40.3834
2955,2025,,Mobile cellular subscriptions (per 100 people),BS,"Bahamas, The",Latin America & Caribbean ,High income,Not classified,-77.339,25.0661
2956,2024,96.6798992232414,Mobile cellular subscriptions (per 100 people),BS,"Bahamas, The",Latin America & Caribbean ,High income,Not classified,-77.339,25.0661
2957,2023,100.047566593231,Mobile cellular subscriptions (per 100 people),BS,"Bahamas, The",Latin America & Caribbean ,High income,Not classified,-77.339,25.0661
2958,2022,101.623744145214,Mobile cellular subscriptions (per 100 people),BS,"Bahamas, The",Latin America & Caribbean ,High income,Not classified,-77.339,25.0661
2959,2021,100.257333370336,Mobile cellular subscriptions (per 100 people),BS,"Bahamas, The",Latin America & Caribbean ,High income,Not classified,-77.339,25.0661
2960,2025,,Mobile cellular subscriptions (per 100 people),BH,Bahrain,"Middle East, North Africa, Afghanistan & Pakistan",High income,Not classified,50.5354,26.1921
2961,2024,159.536143577452,Mobile cellular subscriptions (per 100 people),BH,Bahrain,"Middle East, North Africa, Afghanistan & Pakistan",High income,Not classified,50.5354,26.1921
2962,2023,153.899937948583,Mobile cellular subscriptions (per 100 people),BH,Bahrain,"Middle East, North Africa, Afghanistan & Pakistan",High income,Not classified,50.5354,26.1921
2963,2022,139.636142863944,Mobile cellular subscriptions (per 100 people),BH,Bahrain,"Middle East, North Africa, Afghanistan & Pakistan",High income,Not classified,50.5354,26.1921
2964,2021,128.078912532195,Mobile cellular subscriptions (per 100 people),BH,Bahrain,"Middle East, North Africa, Afghanistan & Pakistan",High income,Not classified,50.5354,26.1921
2965,2025,,Mobile cellular subscriptions (per 100 people),BD,Bangladesh,South Asia,Lower middle income,IDA,90.4113,23.7055
2966,2024,108.077037369691,Mobile cellular subscriptions (per 100 people),BD,Bangladesh,South Asia,Lower middle income,IDA,90.4113,23.7055
2967,2023,111.280894357567,Mobile cellular subscriptions (per 100 people),BD,Bangladesh,South Asia,Lower middle income,IDA,90.4113,23.7055
2968,2022,109.8665408168,Mobile cellular subscriptions (per 100 people),BD,Bangladesh,South Asia,Lower middle income,IDA,90.4113,23.7055
2969,2021,110.012054001037,Mobile cellular subscriptions (per 100 people),BD,Bangladesh,South Asia,Lower middle income,IDA,90.4113,23.7055
2970,2025,,Mobile cellular subscriptions (per 100 people),BB,Barbados,Latin America & Caribbean ,High income,IBRD,-59.6105,13.0935
2971,2024,,Mobile cellular subscriptions (per 100 people),BB,Barbados,Latin America & Caribbean ,High income,IBRD,-59.6105,13.0935
2972,2023,,Mobile cellular subscriptions (per 100 people),BB,Barbados,Latin America & Caribbean ,High income,IBRD,-59.6105,13.0935
2973,2022,114.580721030894,Mobile cellular subscriptions (per 100 people),BB,Barbados,Latin America & Caribbean ,High income,IBRD,-59.6105,13.0935
2974,2021,112.222706603295,Mobile cellular subscriptions (per 100 people),BB,Barbados,Latin America & Caribbean ,High income,IBRD,-59.6105,13.0935
2975,2025,,Mobile cellular subscriptions (per 100 people),BY,Belarus,Europe & Central Asia,Upper middle income,IBRD,27.5766,53.9678
2976,2024,131.123016605614,Mobile cellular subscriptions (per 100 people),BY,Belarus,Europe & Central Asia,Upper middle income,IBRD,27.5766,53.9678
2977,2023,128.979176539764,Mobile cellular subscriptions (per 100 people),BY,Belarus,Europe & Central Asia,Upper middle income,IBRD,27.5766,53.9678
2978,2022,128.314999383533,Mobile cellular subscriptions (per 100 people),BY,Belarus,Europe & Central Asia,Upper middle income,IBRD,27.5766,53.9678
2979,2021,127.117317282369,Mobile cellular subscriptions (per 100 people),BY,Belarus,Europe & Central Asia,Upper middle income,IBRD,27.5766,53.9678
2980,2025,,Mobile cellular subscriptions (per 100 people),BE,Belgium,Europe & Central Asia,High income,Not classified,4.36761,50.8371
2981,2024,103.90465332676,Mobile cellular subscriptions (per 100 people),BE,Belgium,Europe & Central Asia,High income,Not classified,4.36761,50.8371
2982,2023,103.196426365374,Mobile cellular subscriptions (per 100 people),BE,Belgium,Europe & Central Asia,High income,Not classified,4.36761,50.8371
2983,2022,101.680355820653,Mobile cellular subscriptions (per 100 people),BE,Belgium,Europe & Central Asia,High income,Not classified,4.36761,50.8371
2984,2021,101.462935633736,Mobile cellular subscriptions (per 100 people),BE,Belgium,Europe & Central Asia,High income,Not classified,4.36761,50.8371
2985,2025,,Mobile cellular subscriptions (per 100 people),BZ,Belize,Latin America & Caribbean ,Upper middle income,Blend,-88.7713,17.2534
2986,2024,,Mobile cellular subscriptions (per 100 people),BZ,Belize,Latin America & Caribbean ,Upper middle income,Blend,-88.7713,17.2534
2987,2023,,Mobile cellular subscriptions (per 100 people),BZ,Belize,Latin America & Caribbean ,Upper middle income,Blend,-88.7713,17.2534
2988,2022,67.1750266305468,Mobile cellular subscriptions (per 100 people),BZ,Belize,Latin America & Caribbean ,Upper middle income,Blend,-88.7713,17.2534
2989,2021,66.7769498110516,Mobile cellular subscriptions (per 100 people),BZ,Belize,Latin America & Caribbean ,Upper middle income,Blend,-88.7713,17.2534
2990,2025,,Mobile cellular subscriptions (per 100 people),BJ,Benin,Sub-Saharan Africa ,Lower middle income,IDA,2.6323,6.4779
2991,2024,125.940873932186,Mobile cellular subscriptions (per 100 people),BJ,Benin,Sub-Saharan Africa ,Lower middle income,IDA,2.6323,6.4779
2992,2023,116.036046685168,Mobile cellular subscriptions (per 100 people),BJ,Benin,Sub-Saharan Africa ,Lower middle income,IDA,2.6323,6.4779
2993,2022,105.745019386968,Mobile cellular subscriptions (per 100 people),BJ,Benin,Sub-Saharan Africa ,Lower middle income,IDA,2.6323,6.4779
2994,2021,94.9182598289459,Mobile cellular subscriptions (per 100 people),BJ,Benin,Sub-Saharan Africa ,Lower middle income,IDA,2.6323,6.4779
2995,2025,,Mobile cellular subscriptions (per 100 people),BM,Bermuda,North America,High income,Not classified,-64.706,32.3293
2996,2024,96.6767745528807,Mobile cellular subscriptions (per 100 people),BM,Bermuda,North America,High income,Not classified,-64.706,32.3293
2997,2023,,Mobile cellular subscriptions (per 100 people),BM,Bermuda,North America,High income,Not classified,-64.706,32.3293
2998,2022,105.274212729154,Mobile cellular subscriptions (per 100 people),BM,Bermuda,North America,High income,Not classified,-64.706,32.3293
2999,2021,105.185001856206,Mobile cellular subscriptions (per 100 people),BM,Bermuda,North America,High income,Not classified,-64.706,32.3293
3000,2025,,Mobile cellular subscriptions (per 100 people),BT,Bhutan,South Asia,Lower middle income,IDA,89.6177,27.5768
3001,2024,99.7576826476519,Mobile cellular subscriptions (per 100 people),BT,Bhutan,South Asia,Lower middle income,IDA,89.6177,27.5768
3002,2023,95.6260610260877,Mobile cellular subscriptions (per 100 people),BT,Bhutan,South Asia,Lower middle income,IDA,89.6177,27.5768
3003,2022,95.129809428439,Mobile cellular subscriptions (per 100 people),BT,Bhutan,South Asia,Lower middle income,IDA,89.6177,27.5768
3004,2021,100.330908049861,Mobile cellular subscriptions (per 100 people),BT,Bhutan,South Asia,Lower middle income,IDA,89.6177,27.5768
3005,2025,,Mobile cellular subscriptions (per 100 people),BO,Bolivia,Latin America & Caribbean ,Lower middle income,IBRD,-66.1936,-13.9908
3006,2024,98.0287940811943,Mobile cellular subscriptions (per 100 people),BO,Bolivia,Latin America & Caribbean ,Lower middle income,IBRD,-66.1936,-13.9908
3007,2023,,Mobile cellular subscriptions (per 100 people),BO,Bolivia,Latin America & Caribbean ,Lower middle income,IBRD,-66.1936,-13.9908
3008,2022,101.57150434614,Mobile cellular subscriptions (per 100 people),BO,Bolivia,Latin America & Caribbean ,Lower middle income,IBRD,-66.1936,-13.9908
3009,2021,100.809064985893,Mobile cellular subscriptions (per 100 people),BO,Bolivia,Latin America & Caribbean ,Lower middle income,IBRD,-66.1936,-13.9908
3010,2025,,Mobile cellular subscriptions (per 100 people),BA,Bosnia and Herzegovina,Europe & Central Asia,Upper middle income,IBRD,18.4214,43.8607
3011,2024,121.232373011893,Mobile cellular subscriptions (per 100 people),BA,Bosnia and Herzegovina,Europe & Central Asia,Upper middle income,IBRD,18.4214,43.8607
3012,2023,117.733690876159,Mobile cellular subscriptions (per 100 people),BA,Bosnia and Herzegovina,Europe & Central Asia,Upper middle income,IBRD,18.4214,43.8607
3013,2022,118.944352880459,Mobile cellular subscriptions (per 100 people),BA,Bosnia and Herzegovina,Europe & Central Asia,Upper middle income,IBRD,18.4214,43.8607
3014,2021,114.911613799718,Mobile cellular subscriptions (per 100 people),BA,Bosnia and Herzegovina,Europe & Central Asia,Upper middle income,IBRD,18.4214,43.8607
3015,2025,,Mobile cellular subscriptions (per 100 people),BW,Botswana,Sub-Saharan Africa ,Upper middle income,IBRD,25.9201,-24.6544
3016,2024,163.999922257361,Mobile cellular subscriptions (per 100 people),BW,Botswana,Sub-Saharan Africa ,Upper middle income,IBRD,25.9201,-24.6544
3017,2023,179.027305378019,Mobile cellular subscriptions (per 100 people),BW,Botswana,Sub-Saharan Africa ,Upper middle income,IBRD,25.9201,-24.6544
3018,2022,178.205018910673,Mobile cellular subscriptions (per 100 people),BW,Botswana,Sub-Saharan Africa ,Upper middle income,IBRD,25.9201,-24.6544
3019,2021,173.25235140068,Mobile cellular subscriptions (per 100 people),BW,Botswana,Sub-Saharan Africa ,Upper middle income,IBRD,25.9201,-24.6544
3020,2025,,Mobile cellular subscriptions (per 100 people),BR,Brazil,Latin America & Caribbean ,Upper middle income,IBRD,-47.9292,-15.7801
3021,2024,101.926846460424,Mobile cellular subscriptions (per 100 people),BR,Brazil,Latin America & Caribbean ,Upper middle income,IBRD,-47.9292,-15.7801
3022,2023,101.020256020808,Mobile cellular subscriptions (per 100 people),BR,Brazil,Latin America & Caribbean ,Upper middle income,IBRD,-47.9292,-15.7801
3023,2022,101.245468903076,Mobile cellular subscriptions (per 100 people),BR,Brazil,Latin America & Caribbean ,Upper middle income,IBRD,-47.9292,-15.7801
3024,2021,104.824727184587,Mobile cellular subscriptions (per 100 people),BR,Brazil,Latin America & Caribbean ,Upper middle income,IBRD,-47.9292,-15.7801
3025,2025,,Mobile cellular subscriptions (per 100 people),VG,British Virgin Islands,Latin America & Caribbean ,High income,Not classified,-64.623056,18.431389
3026,2024,93.1316662866408,Mobile cellular subscriptions (per 100 people),VG,British Virgin Islands,Latin America & Caribbean ,High income,Not classified,-64.623056,18.431389
3027,2023,90.8246761574965,Mobile cellular subscriptions (per 100 people),VG,British Virgin Islands,Latin America & Caribbean ,High income,Not classified,-64.623056,18.431389
3028,2022,92.8912549909966,Mobile cellular subscriptions (per 100 people),VG,British Virgin Islands,Latin America & Caribbean ,High income,Not classified,-64.623056,18.431389
3029,2021,99.5556613504721,Mobile cellular subscriptions (per 100 people),VG,British Virgin Islands,Latin America & Caribbean ,High income,Not classified,-64.623056,18.431389
3030,2025,,Mobile cellular subscriptions (per 100 people),BN,Brunei Darussalam,East Asia & Pacific,High income,Not classified,114.946,4.94199
3031,2024,118.130579766209,Mobile cellular subscriptions (per 100 people),BN,Brunei Darussalam,East Asia & Pacific,High income,Not classified,114.946,4.94199
3032,2023,118.673752421293,Mobile cellular subscriptions (per 100 people),BN,Brunei Darussalam,East Asia & Pacific,High income,Not classified,114.946,4.94199
3033,2022,116.108439291126,Mobile cellular subscriptions (per 100 people),BN,Brunei Darussalam,East Asia & Pacific,High income,Not classified,114.946,4.94199
3034,2021,133.597065445264,Mobile cellular subscriptions (per 100 people),BN,Brunei Darussalam,East Asia & Pacific,High income,Not classified,114.946,4.94199
3035,2025,,Mobile cellular subscriptions (per 100 people),BG,Bulgaria,Europe & Central Asia,High income,IBRD,23.3238,42.7105
3036,2024,118.067152838789,Mobile cellular subscriptions (per 100 people),BG,Bulgaria,Europe & Central Asia,High income,IBRD,23.3238,42.7105
3037,2023,117.932685806225,Mobile cellular subscriptions (per 100 people),BG,Bulgaria,Europe & Central Asia,High income,IBRD,23.3238,42.7105
3038,2022,116.679163253179,Mobile cellular subscriptions (per 100 people),BG,Bulgaria,Europe & Central Asia,High income,IBRD,23.3238,42.7105
3039,2021,114.911988483727,Mobile cellular subscriptions (per 100 people),BG,Bulgaria,Europe & Central Asia,High income,IBRD,23.3238,42.7105
3040,2025,,Mobile cellular subscriptions (per 100 people),BF,Burkina Faso,Sub-Saharan Africa ,Low income,IDA,-1.53395,12.3605
3041,2024,116.5895933212,Mobile cellular subscriptions (per 100 people),BF,Burkina Faso,Sub-Saharan Africa ,Low income,IDA,-1.53395,12.3605
3042,2023,116.16313821519,Mobile cellular subscriptions (per 100 people),BF,Burkina Faso,Sub-Saharan Africa ,Low income,IDA,-1.53395,12.3605
3043,2022,113.996146792235,Mobile cellular subscriptions (per 100 people),BF,Burkina Faso,Sub-Saharan Africa ,Low income,IDA,-1.53395,12.3605
3044,2021,112.198419449151,Mobile cellular subscriptions (per 100 people),BF,Burkina Faso,Sub-Saharan Africa ,Low income,IDA,-1.53395,12.3605
3045,2025,,Mobile cellular subscriptions (per 100 people),BI,Burundi,Sub-Saharan Africa ,Low income,IDA,29.3639,-3.3784
3046,2024,,Mobile cellular subscriptions (per 100 people),BI,Burundi,Sub-Saharan Africa ,Low income,IDA,29.3639,-3.3784
3047,2023,63.1631365759764,Mobile cellular subscriptions (per 100 people),BI,Burundi,Sub-Saharan Africa ,Low income,IDA,29.3639,-3.3784
3048,2022,56.2599912004244,Mobile cellular subscriptions (per 100 people),BI,Burundi,Sub-Saharan Africa ,Low income,IDA,29.3639,-3.3784
3049,2021,59.700785493419,Mobile cellular subscriptions (per 100 people),BI,Burundi,Sub-Saharan Africa ,Low income,IDA,29.3639,-3.3784
3050,2025,,Mobile cellular subscriptions (per 100 people),CV,Cabo Verde,Sub-Saharan Africa ,Upper middle income,Blend,-23.5087,14.9218
3051,2024,111.84067886381,Mobile cellular subscriptions (per 100 people),CV,Cabo Verde,Sub-Saharan Africa ,Upper middle income,Blend,-23.5087,14.9218
3052,2023,113.022968194497,Mobile cellular subscriptions (per 100 people),CV,Cabo Verde,Sub-Saharan Africa ,Upper middle income,Blend,-23.5087,14.9218
3053,2022,113.247367438782,Mobile cellular subscriptions (per 100 people),CV,Cabo Verde,Sub-Saharan Africa ,Upper middle income,Blend,-23.5087,14.9218
3054,2021,114.230551109167,Mobile cellular subscriptions (per 100 people),CV,Cabo Verde,Sub-Saharan Africa ,Upper middle income,Blend,-23.5087,14.9218
3055,2025,,Mobile cellular subscriptions (per 100 people),KH,Cambodia,East Asia & Pacific,Lower middle income,IDA,104.874,11.5556
3056,2024,116.091961125929,Mobile cellular subscriptions (per 100 people),KH,Cambodia,East Asia & Pacific,Lower middle income,IDA,104.874,11.5556
3057,2023,120.80911943838,Mobile cellular subscriptions (per 100 people),KH,Cambodia,East Asia & Pacific,Lower middle income,IDA,104.874,11.5556
3058,2022,113.391506572248,Mobile cellular subscriptions (per 100 people),KH,Cambodia,East Asia & Pacific,Lower middle income,IDA,104.874,11.5556
3059,2021,117.234785164989,Mobile cellular subscriptions (per 100 people),KH,Cambodia,East Asia & Pacific,Lower middle income,IDA,104.874,11.5556
3060,2025,,Mobile cellular subscriptions (per 100 people),CM,Cameroon,Sub-Saharan Africa ,Lower middle income,Blend,11.5174,3.8721
3061,2024,108.213130152497,Mobile cellular subscriptions (per 100 people),CM,Cameroon,Sub-Saharan Africa ,Lower middle income,Blend,11.5174,3.8721
3062,2023,96.4817325902196,Mobile cellular subscriptions (per 100 people),CM,Cameroon,Sub-Saharan Africa ,Lower middle income,Blend,11.5174,3.8721
3063,2022,89.8274190453067,Mobile cellular subscriptions (per 100 people),CM,Cameroon,Sub-Saharan Africa ,Lower middle income,Blend,11.5174,3.8721
3064,2021,80.8081013360278,Mobile cellular subscriptions (per 100 people),CM,Cameroon,Sub-Saharan Africa ,Lower middle income,Blend,11.5174,3.8721
3065,2025,,Mobile cellular subscriptions (per 100 people),CA,Canada,North America,High income,Not classified,-75.6919,45.4215
3066,2024,94.1059718794246,Mobile cellular subscriptions (per 100 people),CA,Canada,North America,High income,Not classified,-75.6919,45.4215
3067,2023,94.1497268194785,Mobile cellular subscriptions (per 100 people),CA,Canada,North America,High income,Not classified,-75.6919,45.4215
3068,2022,91.2386689983444,Mobile cellular subscriptions (per 100 people),CA,Canada,North America,High income,Not classified,-75.6919,45.4215
3069,2021,87.4056019628826,Mobile cellular subscriptions (per 100 people),CA,Canada,North America,High income,Not classified,-75.6919,45.4215
3070,2025,,Mobile cellular subscriptions (per 100 people),KY,Cayman Islands,Latin America & Caribbean ,High income,Not classified,-81.3857,19.3022
3071,2024,,Mobile cellular subscriptions (per 100 people),KY,Cayman Islands,Latin America & Caribbean ,High income,Not classified,-81.3857,19.3022
3072,2023,,Mobile cellular subscriptions (per 100 people),KY,Cayman Islands,Latin America & Caribbean ,High income,Not classified,-81.3857,19.3022
3073,2022,139.314997695241,Mobile cellular subscriptions (per 100 people),KY,Cayman Islands,Latin America & Caribbean ,High income,Not classified,-81.3857,19.3022
3074,2021,142.637074228333,Mobile cellular subscriptions (per 100 people),KY,Cayman Islands,Latin America & Caribbean ,High income,Not classified,-81.3857,19.3022
3075,2025,,Mobile cellular subscriptions (per 100 people),CF,Central African Republic,Sub-Saharan Africa ,Low income,IDA,21.6407,5.63056
3076,2024,,Mobile cellular subscriptions (per 100 people),CF,Central African Republic,Sub-Saharan Africa ,Low income,IDA,21.6407,5.63056
3077,2023,,Mobile cellular subscriptions (per 100 people),CF,Central African Republic,Sub-Saharan Africa ,Low income,IDA,21.6407,5.63056
3078,2022,38.8217901039988,Mobile cellular subscriptions (per 100 people),CF,Central African Republic,Sub-Saharan Africa ,Low income,IDA,21.6407,5.63056
3079,2021,35.8169832358522,Mobile cellular subscriptions (per 100 people),CF,Central African Republic,Sub-Saharan Africa ,Low income,IDA,21.6407,5.63056
3080,2025,,Mobile cellular subscriptions (per 100 people),TD,Chad,Sub-Saharan Africa ,Low income,IDA,15.0445,12.1048
3081,2024,72.9289782617702,Mobile cellular subscriptions (per 100 people),TD,Chad,Sub-Saharan Africa ,Low income,IDA,15.0445,12.1048
3082,2023,70.1873962423852,Mobile cellular subscriptions (per 100 people),TD,Chad,Sub-Saharan Africa ,Low income,IDA,15.0445,12.1048
3083,2022,65.4377795535985,Mobile cellular subscriptions (per 100 people),TD,Chad,Sub-Saharan Africa ,Low income,IDA,15.0445,12.1048
3084,2021,58.0323175441615,Mobile cellular subscriptions (per 100 people),TD,Chad,Sub-Saharan Africa ,Low income,IDA,15.0445,12.1048
3085,2025,,Mobile cellular subscriptions (per 100 people),JG,Channel Islands,Europe & Central Asia,High income,Not classified,,
3086,2024,,Mobile cellular subscriptions (per 100 people),JG,Channel Islands,Europe & Central Asia,High income,Not classified,,
3087,2023,,Mobile cellular subscriptions (per 100 people),JG,Channel Islands,Europe & Central Asia,High income,Not classified,,
3088,2022,,Mobile cellular subscriptions (per 100 people),JG,Channel Islands,Europe & Central Asia,High income,Not classified,,
3089,2021,,Mobile cellular subscriptions (per 100 people),JG,Channel Islands,Europe & Central Asia,High income,Not classified,,
3090,2025,,Mobile cellular subscriptions (per 100 people),CL,Chile,Latin America & Caribbean ,High income,IBRD,-70.6475,-33.475
3091,2024,132.660408764665,Mobile cellular subscriptions (per 100 people),CL,Chile,Latin America & Caribbean ,High income,IBRD,-70.6475,-33.475
3092,2023,135.871118507277,Mobile cellular subscriptions (per 100 people),CL,Chile,Latin America & Caribbean ,High income,IBRD,-70.6475,-33.475
3093,2022,135.114280974065,Mobile cellular subscriptions (per 100 people),CL,Chile,Latin America & Caribbean ,High income,IBRD,-70.6475,-33.475
3094,2021,136.571581265001,Mobile cellular subscriptions (per 100 people),CL,Chile,Latin America & Caribbean ,High income,IBRD,-70.6475,-33.475
3095,2025,,Mobile cellular subscriptions (per 100 people),CN,China,East Asia & Pacific,Upper middle income,IBRD,116.286,40.0495
3096,2024,131.753932036803,Mobile cellular subscriptions (per 100 people),CN,China,East Asia & Pacific,Upper middle income,IBRD,116.286,40.0495
3097,2023,128.247014127486,Mobile cellular subscriptions (per 100 people),CN,China,East Asia & Pacific,Upper middle income,IBRD,116.286,40.0495
3098,2022,124.195248970763,Mobile cellular subscriptions (per 100 people),CN,China,East Asia & Pacific,Upper middle income,IBRD,116.286,40.0495
3099,2021,121.491918368395,Mobile cellular subscriptions (per 100 people),CN,China,East Asia & Pacific,Upper middle income,IBRD,116.286,40.0495
3100,2025,,Mobile cellular subscriptions (per 100 people),CO,Colombia,Latin America & Caribbean ,Upper middle income,IBRD,-74.082,4.60987
3101,2024,174.094289675393,Mobile cellular subscriptions (per 100 people),CO,Colombia,Latin America & Caribbean ,Upper middle income,IBRD,-74.082,4.60987
3102,2023,166.980107777443,Mobile cellular subscriptions (per 100 people),CO,Colombia,Latin America & Caribbean ,Upper middle income,IBRD,-74.082,4.60987
3103,2022,156.195161137443,Mobile cellular subscriptions (per 100 people),CO,Colombia,Latin America & Caribbean ,Upper middle income,IBRD,-74.082,4.60987
3104,2021,146.627837254516,Mobile cellular subscriptions (per 100 people),CO,Colombia,Latin America & Caribbean ,Upper middle income,IBRD,-74.082,4.60987
3105,2025,,Mobile cellular subscriptions (per 100 people),KM,Comoros,Sub-Saharan Africa ,Lower middle income,IDA,43.2418,-11.6986
3106,2024,,Mobile cellular subscriptions (per 100 people),KM,Comoros,Sub-Saharan Africa ,Lower middle income,IDA,43.2418,-11.6986
3107,2023,109.855630436495,Mobile cellular subscriptions (per 100 people),KM,Comoros,Sub-Saharan Africa ,Lower middle income,IDA,43.2418,-11.6986
3108,2022,100.549036907747,Mobile cellular subscriptions (per 100 people),KM,Comoros,Sub-Saharan Africa ,Lower middle income,IDA,43.2418,-11.6986
3109,2021,104.311430086999,Mobile cellular subscriptions (per 100 people),KM,Comoros,Sub-Saharan Africa ,Lower middle income,IDA,43.2418,-11.6986
3110,2025,,Mobile cellular subscriptions (per 100 people),CD,"Congo, Dem. Rep.",Sub-Saharan Africa ,Low income,IDA,15.3222,-4.325
3111,2024,58.532153345468,Mobile cellular subscriptions (per 100 people),CD,"Congo, Dem. Rep.",Sub-Saharan Africa ,Low income,IDA,15.3222,-4.325
3112,2023,53.1888827659463,Mobile cellular subscriptions (per 100 people),CD,"Congo, Dem. Rep.",Sub-Saharan Africa ,Low income,IDA,15.3222,-4.325
3113,2022,48.6773534153863,Mobile cellular subscriptions (per 100 people),CD,"Congo, Dem. Rep.",Sub-Saharan Africa ,Low income,IDA,15.3222,-4.325
3114,2021,47.2882541992485,Mobile cellular subscriptions (per 100 people),CD,"Congo, Dem. Rep.",Sub-Saharan Africa ,Low income,IDA,15.3222,-4.325
3115,2025,,Mobile cellular subscriptions (per 100 people),CG,"Congo, Rep.",Sub-Saharan Africa ,Lower middle income,Blend,15.2662,-4.2767
3116,2024,95.5319320614796,Mobile cellular subscriptions (per 100 people),CG,"Congo, Rep.",Sub-Saharan Africa ,Lower middle income,Blend,15.2662,-4.2767
3117,2023,94.8715365076336,Mobile cellular subscriptions (per 100 people),CG,"Congo, Rep.",Sub-Saharan Africa ,Lower middle income,Blend,15.2662,-4.2767
3118,2022,93.6259259161068,Mobile cellular subscriptions (per 100 people),CG,"Congo, Rep.",Sub-Saharan Africa ,Lower middle income,Blend,15.2662,-4.2767
3119,2021,95.8614998889206,Mobile cellular subscriptions (per 100 people),CG,"Congo, Rep.",Sub-Saharan Africa ,Lower middle income,Blend,15.2662,-4.2767
3120,2025,,Mobile cellular subscriptions (per 100 people),CR,Costa Rica,Latin America & Caribbean ,High income,IBRD,-84.0089,9.63701
3121,2024,136.024511151268,Mobile cellular subscriptions (per 100 people),CR,Costa Rica,Latin America & Caribbean ,High income,IBRD,-84.0089,9.63701
3122,2023,133.527658761832,Mobile cellular subscriptions (per 100 people),CR,Costa Rica,Latin America & Caribbean ,High income,IBRD,-84.0089,9.63701
3123,2022,136.518375013406,Mobile cellular subscriptions (per 100 people),CR,Costa Rica,Latin America & Caribbean ,High income,IBRD,-84.0089,9.63701
3124,2021,140.788061157457,Mobile cellular subscriptions (per 100 people),CR,Costa Rica,Latin America & Caribbean ,High income,IBRD,-84.0089,9.63701
3125,2025,,Mobile cellular subscriptions (per 100 people),CI,Cote d'Ivoire,Sub-Saharan Africa ,Lower middle income,Blend,-4.0305,5.332
3126,2024,183.875985110648,Mobile cellular subscriptions (per 100 people),CI,Cote d'Ivoire,Sub-Saharan Africa ,Lower middle income,Blend,-4.0305,5.332
3127,2023,171.988943341282,Mobile cellular subscriptions (per 100 people),CI,Cote d'Ivoire,Sub-Saharan Africa ,Lower middle income,Blend,-4.0305,5.332
3128,2022,161.231833444196,Mobile cellular subscriptions (per 100 people),CI,Cote d'Ivoire,Sub-Saharan Africa ,Lower middle income,Blend,-4.0305,5.332
3129,2021,150.343798608733,Mobile cellular subscriptions (per 100 people),CI,Cote d'Ivoire,Sub-Saharan Africa ,Lower middle income,Blend,-4.0305,5.332
3130,2025,,Mobile cellular subscriptions (per 100 people),HR,Croatia,Europe & Central Asia,High income,IBRD,15.9614,45.8069
3131,2024,121.732525659138,Mobile cellular subscriptions (per 100 people),HR,Croatia,Europe & Central Asia,High income,IBRD,15.9614,45.8069
3132,2023,117.112604314708,Mobile cellular subscriptions (per 100 people),HR,Croatia,Europe & Central Asia,High income,IBRD,15.9614,45.8069
3133,2022,114.677195729643,Mobile cellular subscriptions (per 100 people),HR,Croatia,Europe & Central Asia,High income,IBRD,15.9614,45.8069
3134,2021,112.169438491978,Mobile cellular subscriptions (per 100 people),HR,Croatia,Europe & Central Asia,High income,IBRD,15.9614,45.8069
3135,2025,,Mobile cellular subscriptions (per 100 people),CU,Cuba,Latin America & Caribbean ,Upper middle income,Not classified,-82.3667,23.1333
3136,2024,72.930002350684,Mobile cellular subscriptions (per 100 people),CU,Cuba,Latin America & Caribbean ,Upper middle income,Not classified,-82.3667,23.1333
3137,2023,69.5767786567811,Mobile cellular subscriptions (per 100 people),CU,Cuba,Latin America & Caribbean ,Upper middle income,Not classified,-82.3667,23.1333
3138,2022,68.7180442358013,Mobile cellular subscriptions (per 100 people),CU,Cuba,Latin America & Caribbean ,Upper middle income,Not classified,-82.3667,23.1333
3139,2021,63.8661095570576,Mobile cellular subscriptions (per 100 people),CU,Cuba,Latin America & Caribbean ,Upper middle income,Not classified,-82.3667,23.1333
3140,2025,,Mobile cellular subscriptions (per 100 people),CW,Curacao,Latin America & Caribbean ,High income,Not classified,,
3141,2024,,Mobile cellular subscriptions (per 100 people),CW,Curacao,Latin America & Caribbean ,High income,Not classified,,
3142,2023,93.7975591472655,Mobile cellular subscriptions (per 100 people),CW,Curacao,Latin America & Caribbean ,High income,Not classified,,
3143,2022,92.7324718767703,Mobile cellular subscriptions (per 100 people),CW,Curacao,Latin America & Caribbean ,High income,Not classified,,
3144,2021,90.6602271807463,Mobile cellular subscriptions (per 100 people),CW,Curacao,Latin America & Caribbean ,High income,Not classified,,
3145,2025,,Mobile cellular subscriptions (per 100 people),CY,Cyprus,Europe & Central Asia,High income,Not classified,33.3736,35.1676
3146,2024,156.218025662252,Mobile cellular subscriptions (per 100 people),CY,Cyprus,Europe & Central Asia,High income,Not classified,33.3736,35.1676
3147,2023,148.333712748344,Mobile cellular subscriptions (per 100 people),CY,Cyprus,Europe & Central Asia,High income,Not classified,33.3736,35.1676
3148,2022,146.71583605521,Mobile cellular subscriptions (per 100 people),CY,Cyprus,Europe & Central Asia,High income,Not classified,33.3736,35.1676
3149,2021,142.051408905141,Mobile cellular subscriptions (per 100 people),CY,Cyprus,Europe & Central Asia,High income,Not classified,33.3736,35.1676
3150,2025,,Mobile cellular subscriptions (per 100 people),CZ,Czechia,Europe & Central Asia,High income,Not classified,14.4205,50.0878
3151,2024,126.600163061009,Mobile cellular subscriptions (per 100 people),CZ,Czechia,Europe & Central Asia,High income,Not classified,14.4205,50.0878
3152,2023,126.004753501387,Mobile cellular subscriptions (per 100 people),CZ,Czechia,Europe & Central Asia,High income,Not classified,14.4205,50.0878
3153,2022,128.105295003482,Mobile cellular subscriptions (per 100 people),CZ,Czechia,Europe & Central Asia,High income,Not classified,14.4205,50.0878
3154,2021,126.173145654465,Mobile cellular subscriptions (per 100 people),CZ,Czechia,Europe & Central Asia,High income,Not classified,14.4205,50.0878
3155,2025,,Mobile cellular subscriptions (per 100 people),DK,Denmark,Europe & Central Asia,High income,Not classified,12.5681,55.6763
3156,2024,126.686532566268,Mobile cellular subscriptions (per 100 people),DK,Denmark,Europe & Central Asia,High income,Not classified,12.5681,55.6763
3157,2023,126.717092547985,Mobile cellular subscriptions (per 100 people),DK,Denmark,Europe & Central Asia,High income,Not classified,12.5681,55.6763
3158,2022,126.48354098254,Mobile cellular subscriptions (per 100 people),DK,Denmark,Europe & Central Asia,High income,Not classified,12.5681,55.6763
3159,2021,125.604137839658,Mobile cellular subscriptions (per 100 people),DK,Denmark,Europe & Central Asia,High income,Not classified,12.5681,55.6763
3160,2025,,Mobile cellular subscriptions (per 100 people),DJ,Djibouti,"Middle East, North Africa, Afghanistan & Pakistan",Lower middle income,IDA,43.1425,11.5806
3161,2024,,Mobile cellular subscriptions (per 100 people),DJ,Djibouti,"Middle East, North Africa, Afghanistan & Pakistan",Lower middle income,IDA,43.1425,11.5806
3162,2023,48.4504884885996,Mobile cellular subscriptions (per 100 people),DJ,Djibouti,"Middle East, North Africa, Afghanistan & Pakistan",Lower middle income,IDA,43.1425,11.5806
3163,2022,46.7770531248021,Mobile cellular subscriptions (per 100 people),DJ,Djibouti,"Middle East, North Africa, Afghanistan & Pakistan",Lower middle income,IDA,43.1425,11.5806
3164,2021,43.6423520933817,Mobile cellular subscriptions (per 100 people),DJ,Djibouti,"Middle East, North Africa, Afghanistan & Pakistan",Lower middle income,IDA,43.1425,11.5806
3165,2025,,Mobile cellular subscriptions (per 100 people),DM,Dominica,Latin America & Caribbean ,Upper middle income,Blend,-61.39,15.2976
3166,2024,,Mobile cellular subscriptions (per 100 people),DM,Dominica,Latin America & Caribbean ,Upper middle income,Blend,-61.39,15.2976
3167,2023,,Mobile cellular subscriptions (per 100 people),DM,Dominica,Latin America & Caribbean ,Upper middle income,Blend,-61.39,15.2976
3168,2022,85.1898961482058,Mobile cellular subscriptions (per 100 people),DM,Dominica,Latin America & Caribbean ,Upper middle income,Blend,-61.39,15.2976
3169,2021,92.5136156662004,Mobile cellular subscriptions (per 100 people),DM,Dominica,Latin America & Caribbean ,Upper middle income,Blend,-61.39,15.2976
3170,2025,,Mobile cellular subscriptions (per 100 people),DO,Dominican Republic,Latin America & Caribbean ,Upper middle income,IBRD,-69.8908,18.479
3171,2024,93.7095828968519,Mobile cellular subscriptions (per 100 people),DO,Dominican Republic,Latin America & Caribbean ,Upper middle income,IBRD,-69.8908,18.479
3172,2023,91.8676246650308,Mobile cellular subscriptions (per 100 people),DO,Dominican Republic,Latin America & Caribbean ,Upper middle income,IBRD,-69.8908,18.479
3173,2022,90.3760163850377,Mobile cellular subscriptions (per 100 people),DO,Dominican Republic,Latin America & Caribbean ,Upper middle income,IBRD,-69.8908,18.479
3174,2021,87.5207623947766,Mobile cellular subscriptions (per 100 people),DO,Dominican Republic,Latin America & Caribbean ,Upper middle income,IBRD,-69.8908,18.479
3175,2025,,Mobile cellular subscriptions (per 100 people),EC,Ecuador,Latin America & Caribbean ,Upper middle income,IBRD,-78.5243,-0.229498
3176,2024,101.598265014024,Mobile cellular subscriptions (per 100 people),EC,Ecuador,Latin America & Caribbean ,Upper middle income,IBRD,-78.5243,-0.229498
3177,2023,101.031752745524,Mobile cellular subscriptions (per 100 people),EC,Ecuador,Latin America & Caribbean ,Upper middle income,IBRD,-78.5243,-0.229498
3178,2022,98.1309025742238,Mobile cellular subscriptions (per 100 people),EC,Ecuador,Latin America & Caribbean ,Upper middle income,IBRD,-78.5243,-0.229498
3179,2021,94.950621672761,Mobile cellular subscriptions (per 100 people),EC,Ecuador,Latin America & Caribbean ,Upper middle income,IBRD,-78.5243,-0.229498
3180,2025,,Mobile cellular subscriptions (per 100 people),EG,"Egypt, Arab Rep.","Middle East, North Africa, Afghanistan & Pakistan",Lower middle income,IBRD,31.2461,30.0982
3181,2024,97.1295066037455,Mobile cellular subscriptions (per 100 people),EG,"Egypt, Arab Rep.","Middle East, North Africa, Afghanistan & Pakistan",Lower middle income,IBRD,31.2461,30.0982
3182,2023,92.8261626420085,Mobile cellular subscriptions (per 100 people),EG,"Egypt, Arab Rep.","Middle East, North Africa, Afghanistan & Pakistan",Lower middle income,IBRD,31.2461,30.0982
3183,2022,90.6794715776528,Mobile cellular subscriptions (per 100 people),EG,"Egypt, Arab Rep.","Middle East, North Africa, Afghanistan & Pakistan",Lower middle income,IBRD,31.2461,30.0982
3184,2021,84.0866220906029,Mobile cellular subscriptions (per 100 people),EG,"Egypt, Arab Rep.","Middle East, North Africa, Afghanistan & Pakistan",Lower middle income,IBRD,31.2461,30.0982
3185,2025,,Mobile cellular subscriptions (per 100 people),SV,El Salvador,Latin America & Caribbean ,Upper middle income,IBRD,-89.2073,13.7034
3186,2024,176.517423814642,Mobile cellular subscriptions (per 100 people),SV,El Salvador,Latin America & Caribbean ,Upper middle income,IBRD,-89.2073,13.7034
3187,2023,179.705636976149,Mobile cellular subscriptions (per 100 people),SV,El Salvador,Latin America & Caribbean ,Upper middle income,IBRD,-89.2073,13.7034
3188,2022,183.248955984561,Mobile cellular subscriptions (per 100 people),SV,El Salvador,Latin America & Caribbean ,Upper middle income,IBRD,-89.2073,13.7034
3189,2021,176.973446325336,Mobile cellular subscriptions (per 100 people),SV,El Salvador,Latin America & Caribbean ,Upper middle income,IBRD,-89.2073,13.7034
3190,2025,,Mobile cellular subscriptions (per 100 people),GQ,Equatorial Guinea,Sub-Saharan Africa ,Upper middle income,IBRD,8.7741,3.7523
3191,2024,,Mobile cellular subscriptions (per 100 people),GQ,Equatorial Guinea,Sub-Saharan Africa ,Upper middle income,IBRD,8.7741,3.7523
3192,2023,,Mobile cellular subscriptions (per 100 people),GQ,Equatorial Guinea,Sub-Saharan Africa ,Upper middle income,IBRD,8.7741,3.7523
3193,2022,49.5380486763568,Mobile cellular subscriptions (per 100 people),GQ,Equatorial Guinea,Sub-Saharan Africa ,Upper middle income,IBRD,8.7741,3.7523
3194,2021,46.434813558898,Mobile cellular subscriptions (per 100 people),GQ,Equatorial Guinea,Sub-Saharan Africa ,Upper middle income,IBRD,8.7741,3.7523
3195,2025,,Mobile cellular subscriptions (per 100 people),ER,Eritrea,Sub-Saharan Africa ,Low income,IDA,38.9183,15.3315
3196,2024,,Mobile cellular subscriptions (per 100 people),ER,Eritrea,Sub-Saharan Africa ,Low income,IDA,38.9183,15.3315
3197,2023,,Mobile cellular subscriptions (per 100 people),ER,Eritrea,Sub-Saharan Africa ,Low income,IDA,38.9183,15.3315
3198,2022,59.1248082166991,Mobile cellular subscriptions (per 100 people),ER,Eritrea,Sub-Saharan Africa ,Low income,IDA,38.9183,15.3315
3199,2021,53.7582573847458,Mobile cellular subscriptions (per 100 people),ER,Eritrea,Sub-Saharan Africa ,Low income,IDA,38.9183,15.3315
3200,2025,,Mobile cellular subscriptions (per 100 people),EE,Estonia,Europe & Central Asia,High income,Not classified,24.7586,59.4392
3201,2024,151.131825017309,Mobile cellular subscriptions (per 100 people),EE,Estonia,Europe & Central Asia,High income,Not classified,24.7586,59.4392
3202,2023,150.195729068839,Mobile cellular subscriptions (per 100 people),EE,Estonia,Europe & Central Asia,High income,Not classified,24.7586,59.4392
3203,2022,152.270772859015,Mobile cellular subscriptions (per 100 people),EE,Estonia,Europe & Central Asia,High income,Not classified,24.7586,59.4392
3204,2021,148.739589817601,Mobile cellular subscriptions (per 100 people),EE,Estonia,Europe & Central Asia,High income,Not classified,24.7586,59.4392
3205,2025,,Mobile cellular subscriptions (per 100 people),SZ,Eswatini,Sub-Saharan Africa ,Lower middle income,Blend,31.4659,-26.5225
3206,2024,139.833459658744,Mobile cellular subscriptions (per 100 people),SZ,Eswatini,Sub-Saharan Africa ,Lower middle income,Blend,31.4659,-26.5225
3207,2023,128.399211381334,Mobile cellular subscriptions (per 100 people),SZ,Eswatini,Sub-Saharan Africa ,Lower middle income,Blend,31.4659,-26.5225
3208,2022,121.491701239707,Mobile cellular subscriptions (per 100 people),SZ,Eswatini,Sub-Saharan Africa ,Lower middle income,Blend,31.4659,-26.5225
3209,2021,118.627490794327,Mobile cellular subscriptions (per 100 people),SZ,Eswatini,Sub-Saharan Africa ,Lower middle income,Blend,31.4659,-26.5225
3210,2025,,Mobile cellular subscriptions (per 100 people),ET,Ethiopia,Sub-Saharan Africa ,Low income,IDA,38.7468,9.02274
3211,2024,65.0825091944922,Mobile cellular subscriptions (per 100 people),ET,Ethiopia,Sub-Saharan Africa ,Low income,IDA,38.7468,9.02274
3212,2023,59.8748744402242,Mobile cellular subscriptions (per 100 people),ET,Ethiopia,Sub-Saharan Africa ,Low income,IDA,38.7468,9.02274
3213,2022,56.9642988837987,Mobile cellular subscriptions (per 100 people),ET,Ethiopia,Sub-Saharan Africa ,Low income,IDA,38.7468,9.02274
3214,2021,52.8088633217211,Mobile cellular subscriptions (per 100 people),ET,Ethiopia,Sub-Saharan Africa ,Low income,IDA,38.7468,9.02274
3215,2025,,Mobile cellular subscriptions (per 100 people),FO,Faroe Islands,Europe & Central Asia,High income,Not classified,-6.91181,61.8926
3216,2024,,Mobile cellular subscriptions (per 100 people),FO,Faroe Islands,Europe & Central Asia,High income,Not classified,-6.91181,61.8926
3217,2023,,Mobile cellular subscriptions (per 100 people),FO,Faroe Islands,Europe & Central Asia,High income,Not classified,-6.91181,61.8926
3218,2022,105.80437318324,Mobile cellular subscriptions (per 100 people),FO,Faroe Islands,Europe & Central Asia,High income,Not classified,-6.91181,61.8926
3219,2021,111.093808630394,Mobile cellular subscriptions (per 100 people),FO,Faroe Islands,Europe & Central Asia,High income,Not classified,-6.91181,61.8926
3220,2025,,Mobile cellular subscriptions (per 100 people),FJ,Fiji,East Asia & Pacific,Upper middle income,Blend,178.399,-18.1149
3221,2024,574.152332512188,Mobile cellular subscriptions (per 100 people),FJ,Fiji,East Asia & Pacific,Upper middle income,Blend,178.399,-18.1149
3222,2023,361.048644963723,Mobile cellular subscriptions (per 100 people),FJ,Fiji,East Asia & Pacific,Upper middle income,Blend,178.399,-18.1149
3223,2022,111.749120643187,Mobile cellular subscriptions (per 100 people),FJ,Fiji,East Asia & Pacific,Upper middle income,Blend,178.399,-18.1149
3224,2021,108.158405429846,Mobile cellular subscriptions (per 100 people),FJ,Fiji,East Asia & Pacific,Upper middle income,Blend,178.399,-18.1149
3225,2025,,Mobile cellular subscriptions (per 100 people),FI,Finland,Europe & Central Asia,High income,Not classified,24.9525,60.1608
3226,2024,125.860954798649,Mobile cellular subscriptions (per 100 people),FI,Finland,Europe & Central Asia,High income,Not classified,24.9525,60.1608
3227,2023,127.47302579722,Mobile cellular subscriptions (per 100 people),FI,Finland,Europe & Central Asia,High income,Not classified,24.9525,60.1608
3228,2022,128.023293416281,Mobile cellular subscriptions (per 100 people),FI,Finland,Europe & Central Asia,High income,Not classified,24.9525,60.1608
3229,2021,129.036333202492,Mobile cellular subscriptions (per 100 people),FI,Finland,Europe & Central Asia,High income,Not classified,24.9525,60.1608
3230,2025,,Mobile cellular subscriptions (per 100 people),FR,France,Europe & Central Asia,High income,Not classified,2.35097,48.8566
3231,2024,,Mobile cellular subscriptions (per 100 people),FR,France,Europe & Central Asia,High income,Not classified,2.35097,48.8566
3232,2023,116.687800394775,Mobile cellular subscriptions (per 100 people),FR,France,Europe & Central Asia,High income,Not classified,2.35097,48.8566
3233,2022,115.950519429629,Mobile cellular subscriptions (per 100 people),FR,France,Europe & Central Asia,High income,Not classified,2.35097,48.8566
3234,2021,113.952719366702,Mobile cellular subscriptions (per 100 people),FR,France,Europe & Central Asia,High income,Not classified,2.35097,48.8566
3235,2025,,Mobile cellular subscriptions (per 100 people),PF,French Polynesia,East Asia & Pacific,High income,Not classified,-149.57,-17.535
3236,2024,,Mobile cellular subscriptions (per 100 people),PF,French Polynesia,East Asia & Pacific,High income,Not classified,-149.57,-17.535
3237,2023,118.777524029055,Mobile cellular subscriptions (per 100 people),PF,French Polynesia,East Asia & Pacific,High income,Not classified,-149.57,-17.535
3238,2022,116.866159256432,Mobile cellular subscriptions (per 100 people),PF,French Polynesia,East Asia & Pacific,High income,Not classified,-149.57,-17.535
3239,2021,115.413592954766,Mobile cellular subscriptions (per 100 people),PF,French Polynesia,East Asia & Pacific,High income,Not classified,-149.57,-17.535
3240,2025,,Mobile cellular subscriptions (per 100 people),GA,Gabon,Sub-Saharan Africa ,Upper middle income,IBRD,9.45162,0.38832
3241,2024,125.337107593999,Mobile cellular subscriptions (per 100 people),GA,Gabon,Sub-Saharan Africa ,Upper middle income,IBRD,9.45162,0.38832
3242,2023,122.606627765979,Mobile cellular subscriptions (per 100 people),GA,Gabon,Sub-Saharan Africa ,Upper middle income,IBRD,9.45162,0.38832
3243,2022,123.233187164275,Mobile cellular subscriptions (per 100 people),GA,Gabon,Sub-Saharan Africa ,Upper middle income,IBRD,9.45162,0.38832
3244,2021,132.30865873249,Mobile cellular subscriptions (per 100 people),GA,Gabon,Sub-Saharan Africa ,Upper middle income,IBRD,9.45162,0.38832
3245,2025,,Mobile cellular subscriptions (per 100 people),GM,"Gambia, The",Sub-Saharan Africa ,Low income,IDA,-16.5885,13.4495
3246,2024,126.243773523653,Mobile cellular subscriptions (per 100 people),GM,"Gambia, The",Sub-Saharan Africa ,Low income,IDA,-16.5885,13.4495
3247,2023,117.115660832998,Mobile cellular subscriptions (per 100 people),GM,"Gambia, The",Sub-Saharan Africa ,Low income,IDA,-16.5885,13.4495
3248,2022,106.782250509204,Mobile cellular subscriptions (per 100 people),GM,"Gambia, The",Sub-Saharan Africa ,Low income,IDA,-16.5885,13.4495
3249,2021,108.847403542688,Mobile cellular subscriptions (per 100 people),GM,"Gambia, The",Sub-Saharan Africa ,Low income,IDA,-16.5885,13.4495
3250,2025,,Mobile cellular subscriptions (per 100 people),GE,Georgia,Europe & Central Asia,Upper middle income,IBRD,44.793,41.71
3251,2024,161.201784818537,Mobile cellular subscriptions (per 100 people),GE,Georgia,Europe & Central Asia,Upper middle income,IBRD,44.793,41.71
3252,2023,155.249965068869,Mobile cellular subscriptions (per 100 people),GE,Georgia,Europe & Central Asia,Upper middle income,IBRD,44.793,41.71
3253,2022,154.013561773213,Mobile cellular subscriptions (per 100 people),GE,Georgia,Europe & Central Asia,Upper middle income,IBRD,44.793,41.71
3254,2021,146.566472682371,Mobile cellular subscriptions (per 100 people),GE,Georgia,Europe & Central Asia,Upper middle income,IBRD,44.793,41.71
3255,2025,,Mobile cellular subscriptions (per 100 people),DE,Germany,Europe & Central Asia,High income,Not classified,13.4115,52.5235
3256,2024,129.150921864378,Mobile cellular subscriptions (per 100 people),DE,Germany,Europe & Central Asia,High income,Not classified,13.4115,52.5235
3257,2023,124.662572774586,Mobile cellular subscriptions (per 100 people),DE,Germany,Europe & Central Asia,High income,Not classified,13.4115,52.5235
3258,2022,124.158264349285,Mobile cellular subscriptions (per 100 people),DE,Germany,Europe & Central Asia,High income,Not classified,13.4115,52.5235
3259,2021,127.125099449404,Mobile cellular subscriptions (per 100 people),DE,Germany,Europe & Central Asia,High income,Not classified,13.4115,52.5235
3260,2025,,Mobile cellular subscriptions (per 100 people),GH,Ghana,Sub-Saharan Africa ,Lower middle income,IDA,-0.20795,5.57045
3261,2024,113.647966704673,Mobile cellular subscriptions (per 100 people),GH,Ghana,Sub-Saharan Africa ,Lower middle income,IDA,-0.20795,5.57045
3262,2023,98.8059221412722,Mobile cellular subscriptions (per 100 people),GH,Ghana,Sub-Saharan Africa ,Lower middle income,IDA,-0.20795,5.57045
3263,2022,120.803416027053,Mobile cellular subscriptions (per 100 people),GH,Ghana,Sub-Saharan Africa ,Lower middle income,IDA,-0.20795,5.57045
3264,2021,124.402625384529,Mobile cellular subscriptions (per 100 people),GH,Ghana,Sub-Saharan Africa ,Lower middle income,IDA,-0.20795,5.57045
3265,2025,,Mobile cellular subscriptions (per 100 people),GI,Gibraltar,Europe & Central Asia,High income,Not classified,,
3266,2024,,Mobile cellular subscriptions (per 100 people),GI,Gibraltar,Europe & Central Asia,High income,Not classified,,
3267,2023,,Mobile cellular subscriptions (per 100 people),GI,Gibraltar,Europe & Central Asia,High income,Not classified,,
3268,2022,97.6042968438406,Mobile cellular subscriptions (per 100 people),GI,Gibraltar,Europe & Central Asia,High income,Not classified,,
3269,2021,92.6501709262575,Mobile cellular subscriptions (per 100 people),GI,Gibraltar,Europe & Central Asia,High income,Not classified,,
3270,2025,,Mobile cellular subscriptions (per 100 people),GR,Greece,Europe & Central Asia,High income,Not classified,23.7166,37.9792
3271,2024,113.597610306796,Mobile cellular subscriptions (per 100 people),GR,Greece,Europe & Central Asia,High income,Not classified,23.7166,37.9792
3272,2023,110.79216956747,Mobile cellular subscriptions (per 100 people),GR,Greece,Europe & Central Asia,High income,Not classified,23.7166,37.9792
3273,2022,109.026956114201,Mobile cellular subscriptions (per 100 people),GR,Greece,Europe & Central Asia,High income,Not classified,23.7166,37.9792
3274,2021,108.643525000707,Mobile cellular subscriptions (per 100 people),GR,Greece,Europe & Central Asia,High income,Not classified,23.7166,37.9792
3275,2025,,Mobile cellular subscriptions (per 100 people),GL,Greenland,Europe & Central Asia,High income,Not classified,-51.7214,64.1836
3276,2024,,Mobile cellular subscriptions (per 100 people),GL,Greenland,Europe & Central Asia,High income,Not classified,-51.7214,64.1836
3277,2023,,Mobile cellular subscriptions (per 100 people),GL,Greenland,Europe & Central Asia,High income,Not classified,-51.7214,64.1836
3278,2022,118.637256652974,Mobile cellular subscriptions (per 100 people),GL,Greenland,Europe & Central Asia,High income,Not classified,-51.7214,64.1836
3279,2021,118.85048446673,Mobile cellular subscriptions (per 100 people),GL,Greenland,Europe & Central Asia,High income,Not classified,-51.7214,64.1836
3280,2025,,Mobile cellular subscriptions (per 100 people),GD,Grenada,Latin America & Caribbean ,Upper middle income,Blend,-61.7449,12.0653
3281,2024,,Mobile cellular subscriptions (per 100 people),GD,Grenada,Latin America & Caribbean ,Upper middle income,Blend,-61.7449,12.0653
3282,2023,,Mobile cellular subscriptions (per 100 people),GD,Grenada,Latin America & Caribbean ,Upper middle income,Blend,-61.7449,12.0653
3283,2022,95.759239776586,Mobile cellular subscriptions (per 100 people),GD,Grenada,Latin America & Caribbean ,Upper middle income,Blend,-61.7449,12.0653
3284,2021,86.5710270122035,Mobile cellular subscriptions (per 100 people),GD,Grenada,Latin America & Caribbean ,Upper middle income,Blend,-61.7449,12.0653
3285,2025,,Mobile cellular subscriptions (per 100 people),GU,Guam,East Asia & Pacific,High income,Not classified,144.794,13.4443
3286,2024,,Mobile cellular subscriptions (per 100 people),GU,Guam,East Asia & Pacific,High income,Not classified,144.794,13.4443
3287,2023,,Mobile cellular subscriptions (per 100 people),GU,Guam,East Asia & Pacific,High income,Not classified,144.794,13.4443
3288,2022,,Mobile cellular subscriptions (per 100 people),GU,Guam,East Asia & Pacific,High income,Not classified,144.794,13.4443
3289,2021,,Mobile cellular subscriptions (per 100 people),GU,Guam,East Asia & Pacific,High income,Not classified,144.794,13.4443
3290,2025,,Mobile cellular subscriptions (per 100 people),GT,Guatemala,Latin America & Caribbean ,Upper middle income,IBRD,-90.5328,14.6248
3291,2024,112.520863034346,Mobile cellular subscriptions (per 100 people),GT,Guatemala,Latin America & Caribbean ,Upper middle income,IBRD,-90.5328,14.6248
3292,2023,113.709374947241,Mobile cellular subscriptions (per 100 people),GT,Guatemala,Latin America & Caribbean ,Upper middle income,IBRD,-90.5328,14.6248
3293,2022,115.156435692604,Mobile cellular subscriptions (per 100 people),GT,Guatemala,Latin America & Caribbean ,Upper middle income,IBRD,-90.5328,14.6248
3294,2021,125.718955715353,Mobile cellular subscriptions (per 100 people),GT,Guatemala,Latin America & Caribbean ,Upper middle income,IBRD,-90.5328,14.6248
3295,2025,,Mobile cellular subscriptions (per 100 people),GN,Guinea,Sub-Saharan Africa ,Lower middle income,IDA,-13.7,9.51667
3296,2024,,Mobile cellular subscriptions (per 100 people),GN,Guinea,Sub-Saharan Africa ,Lower middle income,IDA,-13.7,9.51667
3297,2023,97.8794996455513,Mobile cellular subscriptions (per 100 people),GN,Guinea,Sub-Saharan Africa ,Lower middle income,IDA,-13.7,9.51667
3298,2022,95.3174629318803,Mobile cellular subscriptions (per 100 people),GN,Guinea,Sub-Saharan Africa ,Lower middle income,IDA,-13.7,9.51667
3299,2021,110.185519681138,Mobile cellular subscriptions (per 100 people),GN,Guinea,Sub-Saharan Africa ,Lower middle income,IDA,-13.7,9.51667
3300,2025,,Mobile cellular subscriptions (per 100 people),GW,Guinea-Bissau,Sub-Saharan Africa ,Low income,IDA,-15.1804,11.8037
3301,2024,147.197631273872,Mobile cellular subscriptions (per 100 people),GW,Guinea-Bissau,Sub-Saharan Africa ,Low income,IDA,-15.1804,11.8037
3302,2023,128.110529740092,Mobile cellular subscriptions (per 100 people),GW,Guinea-Bissau,Sub-Saharan Africa ,Low income,IDA,-15.1804,11.8037
3303,2022,125.934670099533,Mobile cellular subscriptions (per 100 people),GW,Guinea-Bissau,Sub-Saharan Africa ,Low income,IDA,-15.1804,11.8037
3304,2021,108.62961248586,Mobile cellular subscriptions (per 100 people),GW,Guinea-Bissau,Sub-Saharan Africa ,Low income,IDA,-15.1804,11.8037
3305,2025,,Mobile cellular subscriptions (per 100 people),GY,Guyana,Latin America & Caribbean ,High income,IDA,-58.1548,6.80461
3306,2024,,Mobile cellular subscriptions (per 100 people),GY,Guyana,Latin America & Caribbean ,High income,IDA,-58.1548,6.80461
3307,2023,,Mobile cellular subscriptions (per 100 people),GY,Guyana,Latin America & Caribbean ,High income,IDA,-58.1548,6.80461
3308,2022,112.56503784518,Mobile cellular subscriptions (per 100 people),GY,Guyana,Latin America & Caribbean ,High income,IDA,-58.1548,6.80461
3309,2021,104.968595260226,Mobile cellular subscriptions (per 100 people),GY,Guyana,Latin America & Caribbean ,High income,IDA,-58.1548,6.80461
3310,2025,,Mobile cellular subscriptions (per 100 people),HT,Haiti,Latin America & Caribbean ,Lower middle income,IDA,-72.3288,18.5392
3311,2024,,Mobile cellular subscriptions (per 100 people),HT,Haiti,Latin America & Caribbean ,Lower middle income,IDA,-72.3288,18.5392
3312,2023,,Mobile cellular subscriptions (per 100 people),HT,Haiti,Latin America & Caribbean ,Lower middle income,IDA,-72.3288,18.5392
3313,2022,65.1889329311174,Mobile cellular subscriptions (per 100 people),HT,Haiti,Latin America & Caribbean ,Lower middle income,IDA,-72.3288,18.5392
3314,2021,64.3451990252656,Mobile cellular subscriptions (per 100 people),HT,Haiti,Latin America & Caribbean ,Lower middle income,IDA,-72.3288,18.5392
3315,2025,,Mobile cellular subscriptions (per 100 people),HN,Honduras,Latin America & Caribbean ,Lower middle income,IDA,-87.4667,15.1333
3316,2024,70.9397440517258,Mobile cellular subscriptions (per 100 people),HN,Honduras,Latin America & Caribbean ,Lower middle income,IDA,-87.4667,15.1333
3317,2023,74.4148227156961,Mobile cellular subscriptions (per 100 people),HN,Honduras,Latin America & Caribbean ,Lower middle income,IDA,-87.4667,15.1333
3318,2022,75.8551423411907,Mobile cellular subscriptions (per 100 people),HN,Honduras,Latin America & Caribbean ,Lower middle income,IDA,-87.4667,15.1333
3319,2021,73.4771659564055,Mobile cellular subscriptions (per 100 people),HN,Honduras,Latin America & Caribbean ,Lower middle income,IDA,-87.4667,15.1333
3320,2025,,Mobile cellular subscriptions (per 100 people),HK,"Hong Kong SAR, China",East Asia & Pacific,High income,Not classified,114.109,22.3964
3321,2024,364.848981963231,Mobile cellular subscriptions (per 100 people),HK,"Hong Kong SAR, China",East Asia & Pacific,High income,Not classified,114.109,22.3964
3322,2023,319.493898344345,Mobile cellular subscriptions (per 100 people),HK,"Hong Kong SAR, China",East Asia & Pacific,High income,Not classified,114.109,22.3964
3323,2022,292.80765987826,Mobile cellular subscriptions (per 100 people),HK,"Hong Kong SAR, China",East Asia & Pacific,High income,Not classified,114.109,22.3964
3324,2021,319.852066930488,Mobile cellular subscriptions (per 100 people),HK,"Hong Kong SAR, China",East Asia & Pacific,High income,Not classified,114.109,22.3964
3325,2025,,Mobile cellular subscriptions (per 100 people),HU,Hungary,Europe & Central Asia,High income,Not classified,19.0408,47.4984
3326,2024,104.58063059269,Mobile cellular subscriptions (per 100 people),HU,Hungary,Europe & Central Asia,High income,Not classified,19.0408,47.4984
3327,2023,105.054424922699,Mobile cellular subscriptions (per 100 people),HU,Hungary,Europe & Central Asia,High income,Not classified,19.0408,47.4984
3328,2022,105.793848314995,Mobile cellular subscriptions (per 100 people),HU,Hungary,Europe & Central Asia,High income,Not classified,19.0408,47.4984
3329,2021,105.137285804787,Mobile cellular subscriptions (per 100 people),HU,Hungary,Europe & Central Asia,High income,Not classified,19.0408,47.4984
3330,2025,,Mobile cellular subscriptions (per 100 people),IS,Iceland,Europe & Central Asia,High income,Not classified,-21.8952,64.1353
3331,2024,120.927513243653,Mobile cellular subscriptions (per 100 people),IS,Iceland,Europe & Central Asia,High income,Not classified,-21.8952,64.1353
3332,2023,121.475495280706,Mobile cellular subscriptions (per 100 people),IS,Iceland,Europe & Central Asia,High income,Not classified,-21.8952,64.1353
3333,2022,120.114839781678,Mobile cellular subscriptions (per 100 people),IS,Iceland,Europe & Central Asia,High income,Not classified,-21.8952,64.1353
3334,2021,117.34255750797,Mobile cellular subscriptions (per 100 people),IS,Iceland,Europe & Central Asia,High income,Not classified,-21.8952,64.1353
3335,2025,,Mobile cellular subscriptions (per 100 people),IN,India,South Asia,Lower middle income,IBRD,77.225,28.6353
3336,2024,79.3526921826412,Mobile cellular subscriptions (per 100 people),IN,India,South Asia,Lower middle income,IBRD,77.225,28.6353
3337,2023,80.5631998772888,Mobile cellular subscriptions (per 100 people),IN,India,South Asia,Lower middle income,IBRD,77.225,28.6353
3338,2022,80.1818007717416,Mobile cellular subscriptions (per 100 people),IN,India,South Asia,Lower middle income,IBRD,77.225,28.6353
3339,2021,81.603974311212,Mobile cellular subscriptions (per 100 people),IN,India,South Asia,Lower middle income,IBRD,77.225,28.6353
3340,2025,,Mobile cellular subscriptions (per 100 people),ID,Indonesia,East Asia & Pacific,Upper middle income,IBRD,106.83,-6.19752
3341,2024,122.514946500491,Mobile cellular subscriptions (per 100 people),ID,Indonesia,East Asia & Pacific,Upper middle income,IBRD,106.83,-6.19752
3342,2023,125.238194847046,Mobile cellular subscriptions (per 100 people),ID,Indonesia,East Asia & Pacific,Upper middle income,IBRD,106.83,-6.19752
3343,2022,122.873012230307,Mobile cellular subscriptions (per 100 people),ID,Indonesia,East Asia & Pacific,Upper middle income,IBRD,106.83,-6.19752
3344,2021,132.199444256099,Mobile cellular subscriptions (per 100 people),ID,Indonesia,East Asia & Pacific,Upper middle income,IBRD,106.83,-6.19752
3345,2025,,Mobile cellular subscriptions (per 100 people),IR,"Iran, Islamic Rep.","Middle East, North Africa, Afghanistan & Pakistan",Upper middle income,IBRD,51.4447,35.6878
3346,2024,174.066388972063,Mobile cellular subscriptions (per 100 people),IR,"Iran, Islamic Rep.","Middle East, North Africa, Afghanistan & Pakistan",Upper middle income,IBRD,51.4447,35.6878
3347,2023,166.279821209677,Mobile cellular subscriptions (per 100 people),IR,"Iran, Islamic Rep.","Middle East, North Africa, Afghanistan & Pakistan",Upper middle income,IBRD,51.4447,35.6878
3348,2022,162.712943709127,Mobile cellular subscriptions (per 100 people),IR,"Iran, Islamic Rep.","Middle East, North Africa, Afghanistan & Pakistan",Upper middle income,IBRD,51.4447,35.6878
3349,2021,153.624638869213,Mobile cellular subscriptions (per 100 people),IR,"Iran, Islamic Rep.","Middle East, North Africa, Afghanistan & Pakistan",Upper middle income,IBRD,51.4447,35.6878
3350,2025,,Mobile cellular subscriptions (per 100 people),IQ,Iraq,"Middle East, North Africa, Afghanistan & Pakistan",Upper middle income,IBRD,44.394,33.3302
3351,2024,100.080276677726,Mobile cellular subscriptions (per 100 people),IQ,Iraq,"Middle East, North Africa, Afghanistan & Pakistan",Upper middle income,IBRD,44.394,33.3302
3352,2023,101.388721479182,Mobile cellular subscriptions (per 100 people),IQ,Iraq,"Middle East, North Africa, Afghanistan & Pakistan",Upper middle income,IBRD,44.394,33.3302
3353,2022,99.1323661916548,Mobile cellular subscriptions (per 100 people),IQ,Iraq,"Middle East, North Africa, Afghanistan & Pakistan",Upper middle income,IBRD,44.394,33.3302
3354,2021,94.6092832170426,Mobile cellular subscriptions (per 100 people),IQ,Iraq,"Middle East, North Africa, Afghanistan & Pakistan",Upper middle income,IBRD,44.394,33.3302
3355,2025,,Mobile cellular subscriptions (per 100 people),IE,Ireland,Europe & Central Asia,High income,Not classified,-6.26749,53.3441
3356,2024,112.638817343502,Mobile cellular subscriptions (per 100 people),IE,Ireland,Europe & Central Asia,High income,Not classified,-6.26749,53.3441
3357,2023,110.798344311602,Mobile cellular subscriptions (per 100 people),IE,Ireland,Europe & Central Asia,High income,Not classified,-6.26749,53.3441
3358,2022,110.608851322579,Mobile cellular subscriptions (per 100 people),IE,Ireland,Europe & Central Asia,High income,Not classified,-6.26749,53.3441
3359,2021,106.86972424373,Mobile cellular subscriptions (per 100 people),IE,Ireland,Europe & Central Asia,High income,Not classified,-6.26749,53.3441
3360,2025,,Mobile cellular subscriptions (per 100 people),IM,Isle of Man,Europe & Central Asia,High income,Not classified,-4.47928,54.1509
3361,2024,,Mobile cellular subscriptions (per 100 people),IM,Isle of Man,Europe & Central Asia,High income,Not classified,-4.47928,54.1509
3362,2023,,Mobile cellular subscriptions (per 100 people),IM,Isle of Man,Europe & Central Asia,High income,Not classified,-4.47928,54.1509
3363,2022,,Mobile cellular subscriptions (per 100 people),IM,Isle of Man,Europe & Central Asia,High income,Not classified,-4.47928,54.1509
3364,2021,,Mobile cellular subscriptions (per 100 people),IM,Isle of Man,Europe & Central Asia,High income,Not classified,-4.47928,54.1509
3365,2025,,Mobile cellular subscriptions (per 100 people),IL,Israel,"Middle East, North Africa, Afghanistan & Pakistan",High income,Not classified,35.2035,31.7717
3366,2024,177.393104798636,Mobile cellular subscriptions (per 100 people),IL,Israel,"Middle East, North Africa, Afghanistan & Pakistan",High income,Not classified,35.2035,31.7717
3367,2023,153.336641345572,Mobile cellular subscriptions (per 100 people),IL,Israel,"Middle East, North Africa, Afghanistan & Pakistan",High income,Not classified,35.2035,31.7717
3368,2022,151.1379631075,Mobile cellular subscriptions (per 100 people),IL,Israel,"Middle East, North Africa, Afghanistan & Pakistan",High income,Not classified,35.2035,31.7717
3369,2021,139.775312861878,Mobile cellular subscriptions (per 100 people),IL,Israel,"Middle East, North Africa, Afghanistan & Pakistan",High income,Not classified,35.2035,31.7717
3370,2025,,Mobile cellular subscriptions (per 100 people),IT,Italy,Europe & Central Asia,High income,Not classified,12.4823,41.8955
3371,2024,132.575141676252,Mobile cellular subscriptions (per 100 people),IT,Italy,Europe & Central Asia,High income,Not classified,12.4823,41.8955
3372,2023,131.871674517747,Mobile cellular subscriptions (per 100 people),IT,Italy,Europe & Central Asia,High income,Not classified,12.4823,41.8955
3373,2022,131.673965640047,Mobile cellular subscriptions (per 100 people),IT,Italy,Europe & Central Asia,High income,Not classified,12.4823,41.8955
3374,2021,130.781488497698,Mobile cellular subscriptions (per 100 people),IT,Italy,Europe & Central Asia,High income,Not classified,12.4823,41.8955
3375,2025,,Mobile cellular subscriptions (per 100 people),JM,Jamaica,Latin America & Caribbean ,Upper middle income,IBRD,-76.792,17.9927
3376,2024,117.693907561175,Mobile cellular subscriptions (per 100 people),JM,Jamaica,Latin America & Caribbean ,Upper middle income,IBRD,-76.792,17.9927
3377,2023,115.092228780619,Mobile cellular subscriptions (per 100 people),JM,Jamaica,Latin America & Caribbean ,Upper middle income,IBRD,-76.792,17.9927
3378,2022,105.762018411183,Mobile cellular subscriptions (per 100 people),JM,Jamaica,Latin America & Caribbean ,Upper middle income,IBRD,-76.792,17.9927
3379,2021,102.38666630017,Mobile cellular subscriptions (per 100 people),JM,Jamaica,Latin America & Caribbean ,Upper middle income,IBRD,-76.792,17.9927
3380,2025,,Mobile cellular subscriptions (per 100 people),JP,Japan,East Asia & Pacific,High income,Not classified,139.77,35.67
3381,2024,,Mobile cellular subscriptions (per 100 people),JP,Japan,East Asia & Pacific,High income,Not classified,139.77,35.67
3382,2023,178.432441299977,Mobile cellular subscriptions (per 100 people),JP,Japan,East Asia & Pacific,High income,Not classified,139.77,35.67
3383,2022,168.602943650636,Mobile cellular subscriptions (per 100 people),JP,Japan,East Asia & Pacific,High income,Not classified,139.77,35.67
3384,2021,159.516123485628,Mobile cellular subscriptions (per 100 people),JP,Japan,East Asia & Pacific,High income,Not classified,139.77,35.67
3385,2025,,Mobile cellular subscriptions (per 100 people),JO,Jordan,"Middle East, North Africa, Afghanistan & Pakistan",Upper middle income,IBRD,35.9263,31.9497
3386,2024,69.6426153972396,Mobile cellular subscriptions (per 100 people),JO,Jordan,"Middle East, North Africa, Afghanistan & Pakistan",Upper middle income,IBRD,35.9263,31.9497
3387,2023,67.545678186078,Mobile cellular subscriptions (per 100 people),JO,Jordan,"Middle East, North Africa, Afghanistan & Pakistan",Upper middle income,IBRD,35.9263,31.9497
3388,2022,67.7457074341635,Mobile cellular subscriptions (per 100 people),JO,Jordan,"Middle East, North Africa, Afghanistan & Pakistan",Upper middle income,IBRD,35.9263,31.9497
3389,2021,65.7448847660422,Mobile cellular subscriptions (per 100 people),JO,Jordan,"Middle East, North Africa, Afghanistan & Pakistan",Upper middle income,IBRD,35.9263,31.9497
3390,2025,,Mobile cellular subscriptions (per 100 people),KZ,Kazakhstan,Europe & Central Asia,Upper middle income,IBRD,71.4382,51.1879
3391,2024,127.085151242164,Mobile cellular subscriptions (per 100 people),KZ,Kazakhstan,Europe & Central Asia,Upper middle income,IBRD,71.4382,51.1879
3392,2023,127.114775212168,Mobile cellular subscriptions (per 100 people),KZ,Kazakhstan,Europe & Central Asia,Upper middle income,IBRD,71.4382,51.1879
3393,2022,125.641583521795,Mobile cellular subscriptions (per 100 people),KZ,Kazakhstan,Europe & Central Asia,Upper middle income,IBRD,71.4382,51.1879
3394,2021,123.943942754522,Mobile cellular subscriptions (per 100 people),KZ,Kazakhstan,Europe & Central Asia,Upper middle income,IBRD,71.4382,51.1879
3395,2025,,Mobile cellular subscriptions (per 100 people),KE,Kenya,Sub-Saharan Africa ,Lower middle income,Blend,36.8126,-1.27975
3396,2024,126.477706000949,Mobile cellular subscriptions (per 100 people),KE,Kenya,Sub-Saharan Africa ,Lower middle income,Blend,36.8126,-1.27975
3397,2023,120.612416887959,Mobile cellular subscriptions (per 100 people),KE,Kenya,Sub-Saharan Africa ,Lower middle income,Blend,36.8126,-1.27975
3398,2022,121.168999135357,Mobile cellular subscriptions (per 100 people),KE,Kenya,Sub-Saharan Africa ,Lower middle income,Blend,36.8126,-1.27975
3399,2021,122.297519656734,Mobile cellular subscriptions (per 100 people),KE,Kenya,Sub-Saharan Africa ,Lower middle income,Blend,36.8126,-1.27975
3400,2025,,Mobile cellular subscriptions (per 100 people),KI,Kiribati,East Asia & Pacific,Lower middle income,IDA,172.979,1.32905
3401,2024,53.5244353915461,Mobile cellular subscriptions (per 100 people),KI,Kiribati,East Asia & Pacific,Lower middle income,IDA,172.979,1.32905
3402,2023,51.2540556855052,Mobile cellular subscriptions (per 100 people),KI,Kiribati,East Asia & Pacific,Lower middle income,IDA,172.979,1.32905
3403,2022,49.1120496056535,Mobile cellular subscriptions (per 100 people),KI,Kiribati,East Asia & Pacific,Lower middle income,IDA,172.979,1.32905
3404,2021,40.9979980837689,Mobile cellular subscriptions (per 100 people),KI,Kiribati,East Asia & Pacific,Lower middle income,IDA,172.979,1.32905
3405,2025,,Mobile cellular subscriptions (per 100 people),KP,"Korea, Dem. People's Rep.",East Asia & Pacific,Low income,Not classified,125.754,39.0319
3406,2024,,Mobile cellular subscriptions (per 100 people),KP,"Korea, Dem. People's Rep.",East Asia & Pacific,Low income,Not classified,125.754,39.0319
3407,2023,,Mobile cellular subscriptions (per 100 people),KP,"Korea, Dem. People's Rep.",East Asia & Pacific,Low income,Not classified,125.754,39.0319
3408,2022,24.1311041179361,Mobile cellular subscriptions (per 100 people),KP,"Korea, Dem. People's Rep.",East Asia & Pacific,Low income,Not classified,125.754,39.0319
3409,2021,22.8723614729709,Mobile cellular subscriptions (per 100 people),KP,"Korea, Dem. People's Rep.",East Asia & Pacific,Low income,Not classified,125.754,39.0319
3410,2025,,Mobile cellular subscriptions (per 100 people),KR,"Korea, Rep.",East Asia & Pacific,High income,Not classified,126.957,37.5323
3411,2024,172.520241179065,Mobile cellular subscriptions (per 100 people),KR,"Korea, Rep.",East Asia & Pacific,High income,Not classified,126.957,37.5323
3412,2023,162.11365652794,Mobile cellular subscriptions (per 100 people),KR,"Korea, Rep.",East Asia & Pacific,High income,Not classified,126.957,37.5323
3413,2022,148.68360770138,Mobile cellular subscriptions (per 100 people),KR,"Korea, Rep.",East Asia & Pacific,High income,Not classified,126.957,37.5323
3414,2021,140.516382791931,Mobile cellular subscriptions (per 100 people),KR,"Korea, Rep.",East Asia & Pacific,High income,Not classified,126.957,37.5323
3415,2025,,Mobile cellular subscriptions (per 100 people),XK,Kosovo,Europe & Central Asia,Upper middle income,IDA,20.926,42.565
3416,2024,,Mobile cellular subscriptions (per 100 people),XK,Kosovo,Europe & Central Asia,Upper middle income,IDA,20.926,42.565
3417,2023,,Mobile cellular subscriptions (per 100 people),XK,Kosovo,Europe & Central Asia,Upper middle income,IDA,20.926,42.565
3418,2022,34.5402009143477,Mobile cellular subscriptions (per 100 people),XK,Kosovo,Europe & Central Asia,Upper middle income,IDA,20.926,42.565
3419,2021,,Mobile cellular subscriptions (per 100 people),XK,Kosovo,Europe & Central Asia,Upper middle income,IDA,20.926,42.565
3420,2025,,Mobile cellular subscriptions (per 100 people),KW,Kuwait,"Middle East, North Africa, Afghanistan & Pakistan",High income,Not classified,47.9824,29.3721
3421,2024,,Mobile cellular subscriptions (per 100 people),KW,Kuwait,"Middle East, North Africa, Afghanistan & Pakistan",High income,Not classified,47.9824,29.3721
3422,2023,167.68428501222,Mobile cellular subscriptions (per 100 people),KW,Kuwait,"Middle East, North Africa, Afghanistan & Pakistan",High income,Not classified,47.9824,29.3721
3423,2022,168.350157565806,Mobile cellular subscriptions (per 100 people),KW,Kuwait,"Middle East, North Africa, Afghanistan & Pakistan",High income,Not classified,47.9824,29.3721
3424,2021,158.646854136291,Mobile cellular subscriptions (per 100 people),KW,Kuwait,"Middle East, North Africa, Afghanistan & Pakistan",High income,Not classified,47.9824,29.3721
3425,2025,,Mobile cellular subscriptions (per 100 people),KG,Kyrgyz Republic,Europe & Central Asia,Lower middle income,IDA,74.6057,42.8851
3426,2024,107.49229509732,Mobile cellular subscriptions (per 100 people),KG,Kyrgyz Republic,Europe & Central Asia,Lower middle income,IDA,74.6057,42.8851
3427,2023,108.59118718329,Mobile cellular subscriptions (per 100 people),KG,Kyrgyz Republic,Europe & Central Asia,Lower middle income,IDA,74.6057,42.8851
3428,2022,106.925973017004,Mobile cellular subscriptions (per 100 people),KG,Kyrgyz Republic,Europe & Central Asia,Lower middle income,IDA,74.6057,42.8851
3429,2021,108.171654806063,Mobile cellular subscriptions (per 100 people),KG,Kyrgyz Republic,Europe & Central Asia,Lower middle income,IDA,74.6057,42.8851
3430,2025,,Mobile cellular subscriptions (per 100 people),LA,Lao PDR,East Asia & Pacific,Lower middle income,IDA,102.177,18.5826
3431,2024,,Mobile cellular subscriptions (per 100 people),LA,Lao PDR,East Asia & Pacific,Lower middle income,IDA,102.177,18.5826
3432,2023,64.7588066942788,Mobile cellular subscriptions (per 100 people),LA,Lao PDR,East Asia & Pacific,Lower middle income,IDA,102.177,18.5826
3433,2022,63.3546046458219,Mobile cellular subscriptions (per 100 people),LA,Lao PDR,East Asia & Pacific,Lower middle income,IDA,102.177,18.5826
3434,2021,64.7101497693472,Mobile cellular subscriptions (per 100 people),LA,Lao PDR,East Asia & Pacific,Lower middle income,IDA,102.177,18.5826
3435,2025,,Mobile cellular subscriptions (per 100 people),LV,Latvia,Europe & Central Asia,High income,Not classified,24.1048,56.9465
3436,2024,121.262202363304,Mobile cellular subscriptions (per 100 people),LV,Latvia,Europe & Central Asia,High income,Not classified,24.1048,56.9465
3437,2023,119.909944560018,Mobile cellular subscriptions (per 100 people),LV,Latvia,Europe & Central Asia,High income,Not classified,24.1048,56.9465
3438,2022,115.202627450543,Mobile cellular subscriptions (per 100 people),LV,Latvia,Europe & Central Asia,High income,Not classified,24.1048,56.9465
3439,2021,114.644670333429,Mobile cellular subscriptions (per 100 people),LV,Latvia,Europe & Central Asia,High income,Not classified,24.1048,56.9465
3440,2025,,Mobile cellular subscriptions (per 100 people),LB,Lebanon,"Middle East, North Africa, Afghanistan & Pakistan",Lower middle income,IBRD,35.5134,33.8872
3441,2024,,Mobile cellular subscriptions (per 100 people),LB,Lebanon,"Middle East, North Africa, Afghanistan & Pakistan",Lower middle income,IBRD,35.5134,33.8872
3442,2023,,Mobile cellular subscriptions (per 100 people),LB,Lebanon,"Middle East, North Africa, Afghanistan & Pakistan",Lower middle income,IBRD,35.5134,33.8872
3443,2022,74.0148340435503,Mobile cellular subscriptions (per 100 people),LB,Lebanon,"Middle East, North Africa, Afghanistan & Pakistan",Lower middle income,IBRD,35.5134,33.8872
3444,2021,74.9935205999452,Mobile cellular subscriptions (per 100 people),LB,Lebanon,"Middle East, North Africa, Afghanistan & Pakistan",Lower middle income,IBRD,35.5134,33.8872
3445,2025,,Mobile cellular subscriptions (per 100 people),LS,Lesotho,Sub-Saharan Africa ,Lower middle income,IDA,27.7167,-29.5208
3446,2024,70.328049309004,Mobile cellular subscriptions (per 100 people),LS,Lesotho,Sub-Saharan Africa ,Lower middle income,IDA,27.7167,-29.5208
3447,2023,69.3513051423509,Mobile cellular subscriptions (per 100 people),LS,Lesotho,Sub-Saharan Africa ,Lower middle income,IDA,27.7167,-29.5208
3448,2022,68.1001351640997,Mobile cellular subscriptions (per 100 people),LS,Lesotho,Sub-Saharan Africa ,Lower middle income,IDA,27.7167,-29.5208
3449,2021,80.5368195682415,Mobile cellular subscriptions (per 100 people),LS,Lesotho,Sub-Saharan Africa ,Lower middle income,IDA,27.7167,-29.5208
3450,2025,,Mobile cellular subscriptions (per 100 people),LR,Liberia,Sub-Saharan Africa ,Low income,IDA,-10.7957,6.30039
3451,2024,,Mobile cellular subscriptions (per 100 people),LR,Liberia,Sub-Saharan Africa ,Low income,IDA,-10.7957,6.30039
3452,2023,,Mobile cellular subscriptions (per 100 people),LR,Liberia,Sub-Saharan Africa ,Low income,IDA,-10.7957,6.30039
3453,2022,32.0638885570006,Mobile cellular subscriptions (per 100 people),LR,Liberia,Sub-Saharan Africa ,Low income,IDA,-10.7957,6.30039
3454,2021,31.429900768597,Mobile cellular subscriptions (per 100 people),LR,Liberia,Sub-Saharan Africa ,Low income,IDA,-10.7957,6.30039
3455,2025,,Mobile cellular subscriptions (per 100 people),LY,Libya,"Middle East, North Africa, Afghanistan & Pakistan",Upper middle income,IBRD,13.1072,32.8578
3456,2024,,Mobile cellular subscriptions (per 100 people),LY,Libya,"Middle East, North Africa, Afghanistan & Pakistan",Upper middle income,IBRD,13.1072,32.8578
3457,2023,,Mobile cellular subscriptions (per 100 people),LY,Libya,"Middle East, North Africa, Afghanistan & Pakistan",Upper middle income,IBRD,13.1072,32.8578
3458,2022,192.97309381967,Mobile cellular subscriptions (per 100 people),LY,Libya,"Middle East, North Africa, Afghanistan & Pakistan",Upper middle income,IBRD,13.1072,32.8578
3459,2021,195.117849246865,Mobile cellular subscriptions (per 100 people),LY,Libya,"Middle East, North Africa, Afghanistan & Pakistan",Upper middle income,IBRD,13.1072,32.8578
3460,2025,,Mobile cellular subscriptions (per 100 people),LI,Liechtenstein,Europe & Central Asia,High income,Not classified,9.52148,47.1411
3461,2024,128.901429646351,Mobile cellular subscriptions (per 100 people),LI,Liechtenstein,Europe & Central Asia,High income,Not classified,9.52148,47.1411
3462,2023,127.059447446841,Mobile cellular subscriptions (per 100 people),LI,Liechtenstein,Europe & Central Asia,High income,Not classified,9.52148,47.1411
3463,2022,126.306686674975,Mobile cellular subscriptions (per 100 people),LI,Liechtenstein,Europe & Central Asia,High income,Not classified,9.52148,47.1411
3464,2021,126.070587030017,Mobile cellular subscriptions (per 100 people),LI,Liechtenstein,Europe & Central Asia,High income,Not classified,9.52148,47.1411
3465,2025,,Mobile cellular subscriptions (per 100 people),LT,Lithuania,Europe & Central Asia,High income,Not classified,25.2799,54.6896
3466,2024,138.728835196967,Mobile cellular subscriptions (per 100 people),LT,Lithuania,Europe & Central Asia,High income,Not classified,25.2799,54.6896
3467,2023,137.203719983084,Mobile cellular subscriptions (per 100 people),LT,Lithuania,Europe & Central Asia,High income,Not classified,25.2799,54.6896
3468,2022,135.834150715729,Mobile cellular subscriptions (per 100 people),LT,Lithuania,Europe & Central Asia,High income,Not classified,25.2799,54.6896
3469,2021,133.357273318046,Mobile cellular subscriptions (per 100 people),LT,Lithuania,Europe & Central Asia,High income,Not classified,25.2799,54.6896
3470,2025,,Mobile cellular subscriptions (per 100 people),LU,Luxembourg,Europe & Central Asia,High income,Not classified,6.1296,49.61
3471,2024,,Mobile cellular subscriptions (per 100 people),LU,Luxembourg,Europe & Central Asia,High income,Not classified,6.1296,49.61
3472,2023,144.474949556306,Mobile cellular subscriptions (per 100 people),LU,Luxembourg,Europe & Central Asia,High income,Not classified,6.1296,49.61
3473,2022,139.651285065505,Mobile cellular subscriptions (per 100 people),LU,Luxembourg,Europe & Central Asia,High income,Not classified,6.1296,49.61
3474,2021,136.87108956478,Mobile cellular subscriptions (per 100 people),LU,Luxembourg,Europe & Central Asia,High income,Not classified,6.1296,49.61
3475,2025,,Mobile cellular subscriptions (per 100 people),MO,"Macao SAR, China",East Asia & Pacific,High income,Not classified,113.55,22.1667
3476,2024,201.136947388589,Mobile cellular subscriptions (per 100 people),MO,"Macao SAR, China",East Asia & Pacific,High income,Not classified,113.55,22.1667
3477,2023,192.478344669931,Mobile cellular subscriptions (per 100 people),MO,"Macao SAR, China",East Asia & Pacific,High income,Not classified,113.55,22.1667
3478,2022,172.244717160072,Mobile cellular subscriptions (per 100 people),MO,"Macao SAR, China",East Asia & Pacific,High income,Not classified,113.55,22.1667
3479,2021,183.574788091048,Mobile cellular subscriptions (per 100 people),MO,"Macao SAR, China",East Asia & Pacific,High income,Not classified,113.55,22.1667
3480,2025,,Mobile cellular subscriptions (per 100 people),MG,Madagascar,Sub-Saharan Africa ,Low income,IDA,45.7167,-20.4667
3481,2024,,Mobile cellular subscriptions (per 100 people),MG,Madagascar,Sub-Saharan Africa ,Low income,IDA,45.7167,-20.4667
3482,2023,75.4562966735535,Mobile cellular subscriptions (per 100 people),MG,Madagascar,Sub-Saharan Africa ,Low income,IDA,45.7167,-20.4667
3483,2022,64.7494924066919,Mobile cellular subscriptions (per 100 people),MG,Madagascar,Sub-Saharan Africa ,Low income,IDA,45.7167,-20.4667
3484,2021,53.9177233784298,Mobile cellular subscriptions (per 100 people),MG,Madagascar,Sub-Saharan Africa ,Low income,IDA,45.7167,-20.4667
3485,2025,,Mobile cellular subscriptions (per 100 people),MW,Malawi,Sub-Saharan Africa ,Low income,IDA,33.7703,-13.9899
3486,2024,69.260530662121,Mobile cellular subscriptions (per 100 people),MW,Malawi,Sub-Saharan Africa ,Low income,IDA,33.7703,-13.9899
3487,2023,61.0866071008045,Mobile cellular subscriptions (per 100 people),MW,Malawi,Sub-Saharan Africa ,Low income,IDA,33.7703,-13.9899
3488,2022,59.6495709408963,Mobile cellular subscriptions (per 100 people),MW,Malawi,Sub-Saharan Africa ,Low income,IDA,33.7703,-13.9899
3489,2021,59.5599408158462,Mobile cellular subscriptions (per 100 people),MW,Malawi,Sub-Saharan Africa ,Low income,IDA,33.7703,-13.9899
3490,2025,,Mobile cellular subscriptions (per 100 people),MY,Malaysia,East Asia & Pacific,Upper middle income,IBRD,101.684,3.12433
3491,2024,139.664651283564,Mobile cellular subscriptions (per 100 people),MY,Malaysia,East Asia & Pacific,Upper middle income,IBRD,101.684,3.12433
3492,2023,142.7320920639,Mobile cellular subscriptions (per 100 people),MY,Malaysia,East Asia & Pacific,Upper middle income,IBRD,101.684,3.12433
3493,2022,138.208441079076,Mobile cellular subscriptions (per 100 people),MY,Malaysia,East Asia & Pacific,Upper middle income,IBRD,101.684,3.12433
3494,2021,137.684938559871,Mobile cellular subscriptions (per 100 people),MY,Malaysia,East Asia & Pacific,Upper middle income,IBRD,101.684,3.12433
3495,2025,,Mobile cellular subscriptions (per 100 people),MV,Maldives,South Asia,Upper middle income,IDA,73.5109,4.1742
3496,2024,148.137074909198,Mobile cellular subscriptions (per 100 people),MV,Maldives,South Asia,Upper middle income,IDA,73.5109,4.1742
3497,2023,141.601234995076,Mobile cellular subscriptions (per 100 people),MV,Maldives,South Asia,Upper middle income,IDA,73.5109,4.1742
3498,2022,136.458655310185,Mobile cellular subscriptions (per 100 people),MV,Maldives,South Asia,Upper middle income,IDA,73.5109,4.1742
3499,2021,136.789214071769,Mobile cellular subscriptions (per 100 people),MV,Maldives,South Asia,Upper middle income,IDA,73.5109,4.1742
3500,2025,,Mobile cellular subscriptions (per 100 people),ML,Mali,Sub-Saharan Africa ,Low income,IDA,-7.50034,13.5667
3501,2024,,Mobile cellular subscriptions (per 100 people),ML,Mali,Sub-Saharan Africa ,Low income,IDA,-7.50034,13.5667
3502,2023,,Mobile cellular subscriptions (per 100 people),ML,Mali,Sub-Saharan Africa ,Low income,IDA,-7.50034,13.5667
3503,2022,112.119852778009,Mobile cellular subscriptions (per 100 people),ML,Mali,Sub-Saharan Africa ,Low income,IDA,-7.50034,13.5667
3504,2021,108.693122357196,Mobile cellular subscriptions (per 100 people),ML,Mali,Sub-Saharan Africa ,Low income,IDA,-7.50034,13.5667
3505,2025,,Mobile cellular subscriptions (per 100 people),MT,Malta,"Middle East, North Africa, Afghanistan & Pakistan",High income,Not classified,14.5189,35.9042
3506,2024,142.070062100751,Mobile cellular subscriptions (per 100 people),MT,Malta,"Middle East, North Africa, Afghanistan & Pakistan",High income,Not classified,14.5189,35.9042
3507,2023,140.59359496844,Mobile cellular subscriptions (per 100 people),MT,Malta,"Middle East, North Africa, Afghanistan & Pakistan",High income,Not classified,14.5189,35.9042
3508,2022,132.861156549134,Mobile cellular subscriptions (per 100 people),MT,Malta,"Middle East, North Africa, Afghanistan & Pakistan",High income,Not classified,14.5189,35.9042
3509,2021,123.941408455002,Mobile cellular subscriptions (per 100 people),MT,Malta,"Middle East, North Africa, Afghanistan & Pakistan",High income,Not classified,14.5189,35.9042
3510,2025,,Mobile cellular subscriptions (per 100 people),MH,Marshall Islands,East Asia & Pacific,Upper middle income,IDA,171.135,7.11046
3511,2024,,Mobile cellular subscriptions (per 100 people),MH,Marshall Islands,East Asia & Pacific,Upper middle income,IDA,171.135,7.11046
3512,2023,,Mobile cellular subscriptions (per 100 people),MH,Marshall Islands,East Asia & Pacific,Upper middle income,IDA,171.135,7.11046
3513,2022,39.7060658232902,Mobile cellular subscriptions (per 100 people),MH,Marshall Islands,East Asia & Pacific,Upper middle income,IDA,171.135,7.11046
3514,2021,38.6781734232601,Mobile cellular subscriptions (per 100 people),MH,Marshall Islands,East Asia & Pacific,Upper middle income,IDA,171.135,7.11046
3515,2025,,Mobile cellular subscriptions (per 100 people),MR,Mauritania,Sub-Saharan Africa ,Lower middle income,IDA,-15.9824,18.2367
3516,2024,92.0748946443443,Mobile cellular subscriptions (per 100 people),MR,Mauritania,Sub-Saharan Africa ,Lower middle income,IDA,-15.9824,18.2367
3517,2023,90.7724948884417,Mobile cellular subscriptions (per 100 people),MR,Mauritania,Sub-Saharan Africa ,Lower middle income,IDA,-15.9824,18.2367
3518,2022,109.883898247552,Mobile cellular subscriptions (per 100 people),MR,Mauritania,Sub-Saharan Africa ,Lower middle income,IDA,-15.9824,18.2367
3519,2021,137.540323142707,Mobile cellular subscriptions (per 100 people),MR,Mauritania,Sub-Saharan Africa ,Lower middle income,IDA,-15.9824,18.2367
3520,2025,,Mobile cellular subscriptions (per 100 people),MU,Mauritius,Sub-Saharan Africa ,Upper middle income,IBRD,57.4977,-20.1605
3521,2024,172.68356921857,Mobile cellular subscriptions (per 100 people),MU,Mauritius,Sub-Saharan Africa ,Upper middle income,IBRD,57.4977,-20.1605
3522,2023,165.257524411348,Mobile cellular subscriptions (per 100 people),MU,Mauritius,Sub-Saharan Africa ,Upper middle income,IBRD,57.4977,-20.1605
3523,2022,164.309278835228,Mobile cellular subscriptions (per 100 people),MU,Mauritius,Sub-Saharan Africa ,Upper middle income,IBRD,57.4977,-20.1605
3524,2021,154.053185977432,Mobile cellular subscriptions (per 100 people),MU,Mauritius,Sub-Saharan Africa ,Upper middle income,IBRD,57.4977,-20.1605
3525,2025,,Mobile cellular subscriptions (per 100 people),MX,Mexico,Latin America & Caribbean ,Upper middle income,IBRD,-99.1276,19.427
3526,2024,116.486713265167,Mobile cellular subscriptions (per 100 people),MX,Mexico,Latin America & Caribbean ,Upper middle income,IBRD,-99.1276,19.427
3527,2023,111.735420288549,Mobile cellular subscriptions (per 100 people),MX,Mexico,Latin America & Caribbean ,Upper middle income,IBRD,-99.1276,19.427
3528,2022,105.720624125765,Mobile cellular subscriptions (per 100 people),MX,Mexico,Latin America & Caribbean ,Upper middle income,IBRD,-99.1276,19.427
3529,2021,99.09481491263,Mobile cellular subscriptions (per 100 people),MX,Mexico,Latin America & Caribbean ,Upper middle income,IBRD,-99.1276,19.427
3530,2025,,Mobile cellular subscriptions (per 100 people),FM,"Micronesia, Fed. Sts.",East Asia & Pacific,Upper middle income,IDA,158.185,6.91771
3531,2024,,Mobile cellular subscriptions (per 100 people),FM,"Micronesia, Fed. Sts.",East Asia & Pacific,Upper middle income,IDA,158.185,6.91771
3532,2023,,Mobile cellular subscriptions (per 100 people),FM,"Micronesia, Fed. Sts.",East Asia & Pacific,Upper middle income,IDA,158.185,6.91771
3533,2022,19.9885830493962,Mobile cellular subscriptions (per 100 people),FM,"Micronesia, Fed. Sts.",East Asia & Pacific,Upper middle income,IDA,158.185,6.91771
3534,2021,19.7090231491436,Mobile cellular subscriptions (per 100 people),FM,"Micronesia, Fed. Sts.",East Asia & Pacific,Upper middle income,IDA,158.185,6.91771
3535,2025,,Mobile cellular subscriptions (per 100 people),MD,Moldova,Europe & Central Asia,Upper middle income,IBRD,28.8497,47.0167
3536,2024,120.083487069521,Mobile cellular subscriptions (per 100 people),MD,Moldova,Europe & Central Asia,Upper middle income,IBRD,28.8497,47.0167
3537,2023,129.546081439289,Mobile cellular subscriptions (per 100 people),MD,Moldova,Europe & Central Asia,Upper middle income,IBRD,28.8497,47.0167
3538,2022,137.182551887592,Mobile cellular subscriptions (per 100 people),MD,Moldova,Europe & Central Asia,Upper middle income,IBRD,28.8497,47.0167
3539,2021,128.983642317657,Mobile cellular subscriptions (per 100 people),MD,Moldova,Europe & Central Asia,Upper middle income,IBRD,28.8497,47.0167
3540,2025,,Mobile cellular subscriptions (per 100 people),MC,Monaco,Europe & Central Asia,High income,Not classified,7.41891,43.7325
3541,2024,107.400792109963,Mobile cellular subscriptions (per 100 people),MC,Monaco,Europe & Central Asia,High income,Not classified,7.41891,43.7325
3542,2023,104.060991888284,Mobile cellular subscriptions (per 100 people),MC,Monaco,Europe & Central Asia,High income,Not classified,7.41891,43.7325
3543,2022,100.061647530246,Mobile cellular subscriptions (per 100 people),MC,Monaco,Europe & Central Asia,High income,Not classified,7.41891,43.7325
3544,2021,97.1422638668985,Mobile cellular subscriptions (per 100 people),MC,Monaco,Europe & Central Asia,High income,Not classified,7.41891,43.7325
3545,2025,,Mobile cellular subscriptions (per 100 people),MN,Mongolia,East Asia & Pacific,Upper middle income,IBRD,106.937,47.9129
3546,2024,140.670025377351,Mobile cellular subscriptions (per 100 people),MN,Mongolia,East Asia & Pacific,Upper middle income,IBRD,106.937,47.9129
3547,2023,141.08481753135,Mobile cellular subscriptions (per 100 people),MN,Mongolia,East Asia & Pacific,Upper middle income,IBRD,106.937,47.9129
3548,2022,142.808581769425,Mobile cellular subscriptions (per 100 people),MN,Mongolia,East Asia & Pacific,Upper middle income,IBRD,106.937,47.9129
3549,2021,140.352142155192,Mobile cellular subscriptions (per 100 people),MN,Mongolia,East Asia & Pacific,Upper middle income,IBRD,106.937,47.9129
3550,2025,,Mobile cellular subscriptions (per 100 people),ME,Montenegro,Europe & Central Asia,Upper middle income,IBRD,19.2595,42.4602
3551,2024,221.687322527444,Mobile cellular subscriptions (per 100 people),ME,Montenegro,Europe & Central Asia,Upper middle income,IBRD,19.2595,42.4602
3552,2023,207.237922064803,Mobile cellular subscriptions (per 100 people),ME,Montenegro,Europe & Central Asia,Upper middle income,IBRD,19.2595,42.4602
3553,2022,207.278149444886,Mobile cellular subscriptions (per 100 people),ME,Montenegro,Europe & Central Asia,Upper middle income,IBRD,19.2595,42.4602
3554,2021,185.488473149833,Mobile cellular subscriptions (per 100 people),ME,Montenegro,Europe & Central Asia,Upper middle income,IBRD,19.2595,42.4602
3555,2025,,Mobile cellular subscriptions (per 100 people),MA,Morocco,"Middle East, North Africa, Afghanistan & Pakistan",Lower middle income,IBRD,-6.8704,33.9905
3556,2024,153.057260079672,Mobile cellular subscriptions (per 100 people),MA,Morocco,"Middle East, North Africa, Afghanistan & Pakistan",Lower middle income,IBRD,-6.8704,33.9905
3557,2023,148.155101338402,Mobile cellular subscriptions (per 100 people),MA,Morocco,"Middle East, North Africa, Afghanistan & Pakistan",Lower middle income,IBRD,-6.8704,33.9905
3558,2022,141.870002419562,Mobile cellular subscriptions (per 100 people),MA,Morocco,"Middle East, North Africa, Afghanistan & Pakistan",Lower middle income,IBRD,-6.8704,33.9905
3559,2021,138.911268095998,Mobile cellular subscriptions (per 100 people),MA,Morocco,"Middle East, North Africa, Afghanistan & Pakistan",Lower middle income,IBRD,-6.8704,33.9905
3560,2025,,Mobile cellular subscriptions (per 100 people),MZ,Mozambique,Sub-Saharan Africa ,Low income,IDA,32.5713,-25.9664
3561,2024,49.5047696961223,Mobile cellular subscriptions (per 100 people),MZ,Mozambique,Sub-Saharan Africa ,Low income,IDA,32.5713,-25.9664
3562,2023,47.5003032540948,Mobile cellular subscriptions (per 100 people),MZ,Mozambique,Sub-Saharan Africa ,Low income,IDA,32.5713,-25.9664
3563,2022,45.8178199662019,Mobile cellular subscriptions (per 100 people),MZ,Mozambique,Sub-Saharan Africa ,Low income,IDA,32.5713,-25.9664
3564,2021,43.1636190464176,Mobile cellular subscriptions (per 100 people),MZ,Mozambique,Sub-Saharan Africa ,Low income,IDA,32.5713,-25.9664
3565,2025,,Mobile cellular subscriptions (per 100 people),MM,Myanmar,East Asia & Pacific,Lower middle income,IDA,95.9562,21.914
3566,2024,114.329042129489,Mobile cellular subscriptions (per 100 people),MM,Myanmar,East Asia & Pacific,Lower middle income,IDA,95.9562,21.914
3567,2023,121.027626770248,Mobile cellular subscriptions (per 100 people),MM,Myanmar,East Asia & Pacific,Lower middle income,IDA,95.9562,21.914
3568,2022,107.535089476237,Mobile cellular subscriptions (per 100 people),MM,Myanmar,East Asia & Pacific,Lower middle income,IDA,95.9562,21.914
3569,2021,127.240645128106,Mobile cellular subscriptions (per 100 people),MM,Myanmar,East Asia & Pacific,Lower middle income,IDA,95.9562,21.914
3570,2025,,Mobile cellular subscriptions (per 100 people),NA,Namibia,Sub-Saharan Africa ,Lower middle income,IBRD,17.0931,-22.5648
3571,2024,85.1648988113055,Mobile cellular subscriptions (per 100 people),NA,Namibia,Sub-Saharan Africa ,Lower middle income,IBRD,17.0931,-22.5648
3572,2023,87.6760954339972,Mobile cellular subscriptions (per 100 people),NA,Namibia,Sub-Saharan Africa ,Lower middle income,IBRD,17.0931,-22.5648
3573,2022,100.557816104444,Mobile cellular subscriptions (per 100 people),NA,Namibia,Sub-Saharan Africa ,Lower middle income,IBRD,17.0931,-22.5648
3574,2021,103.727351391971,Mobile cellular subscriptions (per 100 people),NA,Namibia,Sub-Saharan Africa ,Lower middle income,IBRD,17.0931,-22.5648
3575,2025,,Mobile cellular subscriptions (per 100 people),NR,Naoero,East Asia & Pacific,High income,IBRD,166.920867,-0.5477
3576,2024,,Mobile cellular subscriptions (per 100 people),NR,Naoero,East Asia & Pacific,High income,IBRD,166.920867,-0.5477
3577,2023,,Mobile cellular subscriptions (per 100 people),NR,Naoero,East Asia & Pacific,High income,IBRD,166.920867,-0.5477
3578,2022,87.1705787645115,Mobile cellular subscriptions (per 100 people),NR,Naoero,East Asia & Pacific,High income,IBRD,166.920867,-0.5477
3579,2021,85.404389785635,Mobile cellular subscriptions (per 100 people),NR,Naoero,East Asia & Pacific,High income,IBRD,166.920867,-0.5477
3580,2025,,Mobile cellular subscriptions (per 100 people),NP,Nepal,South Asia,Lower middle income,IDA,85.3157,27.6939
3581,2024,99.8471420273964,Mobile cellular subscriptions (per 100 people),NP,Nepal,South Asia,Lower middle income,IDA,85.3157,27.6939
3582,2023,117.759577544938,Mobile cellular subscriptions (per 100 people),NP,Nepal,South Asia,Lower middle income,IDA,85.3157,27.6939
3583,2022,121.1144874334,Mobile cellular subscriptions (per 100 people),NP,Nepal,South Asia,Lower middle income,IDA,85.3157,27.6939
3584,2021,129.645418271275,Mobile cellular subscriptions (per 100 people),NP,Nepal,South Asia,Lower middle income,IDA,85.3157,27.6939
3585,2025,,Mobile cellular subscriptions (per 100 people),NL,Netherlands,Europe & Central Asia,High income,Not classified,4.89095,52.3738
3586,2024,128.538765867661,Mobile cellular subscriptions (per 100 people),NL,Netherlands,Europe & Central Asia,High income,Not classified,4.89095,52.3738
3587,2023,125.272736960305,Mobile cellular subscriptions (per 100 people),NL,Netherlands,Europe & Central Asia,High income,Not classified,4.89095,52.3738
3588,2022,115.8205562749,Mobile cellular subscriptions (per 100 people),NL,Netherlands,Europe & Central Asia,High income,Not classified,4.89095,52.3738
3589,2021,123.447849713072,Mobile cellular subscriptions (per 100 people),NL,Netherlands,Europe & Central Asia,High income,Not classified,4.89095,52.3738
3590,2025,,Mobile cellular subscriptions (per 100 people),NC,New Caledonia,East Asia & Pacific,High income,Not classified,166.464,-22.2677
3591,2024,,Mobile cellular subscriptions (per 100 people),NC,New Caledonia,East Asia & Pacific,High income,Not classified,166.464,-22.2677
3592,2023,,Mobile cellular subscriptions (per 100 people),NC,New Caledonia,East Asia & Pacific,High income,Not classified,166.464,-22.2677
3593,2022,91.6763895612682,Mobile cellular subscriptions (per 100 people),NC,New Caledonia,East Asia & Pacific,High income,Not classified,166.464,-22.2677
3594,2021,91.1596204954876,Mobile cellular subscriptions (per 100 people),NC,New Caledonia,East Asia & Pacific,High income,Not classified,166.464,-22.2677
3595,2025,,Mobile cellular subscriptions (per 100 people),NZ,New Zealand,East Asia & Pacific,High income,Not classified,174.776,-41.2865
3596,2024,130.093457083544,Mobile cellular subscriptions (per 100 people),NZ,New Zealand,East Asia & Pacific,High income,Not classified,174.776,-41.2865
3597,2023,126.854978584281,Mobile cellular subscriptions (per 100 people),NZ,New Zealand,East Asia & Pacific,High income,Not classified,174.776,-41.2865
3598,2022,115.984187800849,Mobile cellular subscriptions (per 100 people),NZ,New Zealand,East Asia & Pacific,High income,Not classified,174.776,-41.2865
3599,2021,114.454714130458,Mobile cellular subscriptions (per 100 people),NZ,New Zealand,East Asia & Pacific,High income,Not classified,174.776,-41.2865
3600,2025,,Mobile cellular subscriptions (per 100 people),NI,Nicaragua,Latin America & Caribbean ,Lower middle income,IDA,-86.2734,12.1475
3601,2024,105.961143065351,Mobile cellular subscriptions (per 100 people),NI,Nicaragua,Latin America & Caribbean ,Lower middle income,IDA,-86.2734,12.1475
3602,2023,105.843136180202,Mobile cellular subscriptions (per 100 people),NI,Nicaragua,Latin America & Caribbean ,Lower middle income,IDA,-86.2734,12.1475
3603,2022,104.278484676229,Mobile cellular subscriptions (per 100 people),NI,Nicaragua,Latin America & Caribbean ,Lower middle income,IDA,-86.2734,12.1475
3604,2021,93.8165084237294,Mobile cellular subscriptions (per 100 people),NI,Nicaragua,Latin America & Caribbean ,Lower middle income,IDA,-86.2734,12.1475
3605,2025,,Mobile cellular subscriptions (per 100 people),NE,Niger,Sub-Saharan Africa ,Low income,IDA,2.1073,13.514
3606,2024,60.5939862118112,Mobile cellular subscriptions (per 100 people),NE,Niger,Sub-Saharan Africa ,Low income,IDA,2.1073,13.514
3607,2023,65.735032215569,Mobile cellular subscriptions (per 100 people),NE,Niger,Sub-Saharan Africa ,Low income,IDA,2.1073,13.514
3608,2022,63.3770548032743,Mobile cellular subscriptions (per 100 people),NE,Niger,Sub-Saharan Africa ,Low income,IDA,2.1073,13.514
3609,2021,61.5063092448251,Mobile cellular subscriptions (per 100 people),NE,Niger,Sub-Saharan Africa ,Low income,IDA,2.1073,13.514
3610,2025,,Mobile cellular subscriptions (per 100 people),NG,Nigeria,Sub-Saharan Africa ,Lower middle income,Blend,7.48906,9.05804
3611,2024,70.7619057835431,Mobile cellular subscriptions (per 100 people),NG,Nigeria,Sub-Saharan Africa ,Lower middle income,Blend,7.48906,9.05804
3612,2023,98.4772822731425,Mobile cellular subscriptions (per 100 people),NG,Nigeria,Sub-Saharan Africa ,Lower middle income,Blend,7.48906,9.05804
3613,2022,99.5852151989567,Mobile cellular subscriptions (per 100 people),NG,Nigeria,Sub-Saharan Africa ,Lower middle income,Blend,7.48906,9.05804
3614,2021,89.2915858426408,Mobile cellular subscriptions (per 100 people),NG,Nigeria,Sub-Saharan Africa ,Lower middle income,Blend,7.48906,9.05804
3615,2025,,Mobile cellular subscriptions (per 100 people),MK,North Macedonia,Europe & Central Asia,Upper middle income,IBRD,21.4361,42.0024
3616,2024,108.38712260883,Mobile cellular subscriptions (per 100 people),MK,North Macedonia,Europe & Central Asia,Upper middle income,IBRD,21.4361,42.0024
3617,2023,106.458776658176,Mobile cellular subscriptions (per 100 people),MK,North Macedonia,Europe & Central Asia,Upper middle income,IBRD,21.4361,42.0024
3618,2022,111.303079555687,Mobile cellular subscriptions (per 100 people),MK,North Macedonia,Europe & Central Asia,Upper middle income,IBRD,21.4361,42.0024
3619,2021,104.875134243923,Mobile cellular subscriptions (per 100 people),MK,North Macedonia,Europe & Central Asia,Upper middle income,IBRD,21.4361,42.0024
3620,2025,,Mobile cellular subscriptions (per 100 people),MP,Northern Mariana Islands,East Asia & Pacific,High income,Not classified,145.765,15.1935
3621,2024,,Mobile cellular subscriptions (per 100 people),MP,Northern Mariana Islands,East Asia & Pacific,High income,Not classified,145.765,15.1935
3622,2023,,Mobile cellular subscriptions (per 100 people),MP,Northern Mariana Islands,East Asia & Pacific,High income,Not classified,145.765,15.1935
3623,2022,,Mobile cellular subscriptions (per 100 people),MP,Northern Mariana Islands,East Asia & Pacific,High income,Not classified,145.765,15.1935
3624,2021,,Mobile cellular subscriptions (per 100 people),MP,Northern Mariana Islands,East Asia & Pacific,High income,Not classified,145.765,15.1935
3625,2025,,Mobile cellular subscriptions (per 100 people),NO,Norway,Europe & Central Asia,High income,Not classified,10.7387,59.9138
3626,2024,109.348606513576,Mobile cellular subscriptions (per 100 people),NO,Norway,Europe & Central Asia,High income,Not classified,10.7387,59.9138
3627,2023,109.654228618195,Mobile cellular subscriptions (per 100 people),NO,Norway,Europe & Central Asia,High income,Not classified,10.7387,59.9138
3628,2022,111.657196221742,Mobile cellular subscriptions (per 100 people),NO,Norway,Europe & Central Asia,High income,Not classified,10.7387,59.9138
3629,2021,109.585637519783,Mobile cellular subscriptions (per 100 people),NO,Norway,Europe & Central Asia,High income,Not classified,10.7387,59.9138
3630,2025,,Mobile cellular subscriptions (per 100 people),OM,Oman,"Middle East, North Africa, Afghanistan & Pakistan",High income,Not classified,58.5874,23.6105
3631,2024,120.61105087402,Mobile cellular subscriptions (per 100 people),OM,Oman,"Middle East, North Africa, Afghanistan & Pakistan",High income,Not classified,58.5874,23.6105
3632,2023,122.291457994634,Mobile cellular subscriptions (per 100 people),OM,Oman,"Middle East, North Africa, Afghanistan & Pakistan",High income,Not classified,58.5874,23.6105
3633,2022,136.800571561762,Mobile cellular subscriptions (per 100 people),OM,Oman,"Middle East, North Africa, Afghanistan & Pakistan",High income,Not classified,58.5874,23.6105
3634,2021,135.076972756826,Mobile cellular subscriptions (per 100 people),OM,Oman,"Middle East, North Africa, Afghanistan & Pakistan",High income,Not classified,58.5874,23.6105
3635,2025,,Mobile cellular subscriptions (per 100 people),PK,Pakistan,"Middle East, North Africa, Afghanistan & Pakistan",Lower middle income,Blend,72.8,30.5167
3636,2024,76.8544559649986,Mobile cellular subscriptions (per 100 people),PK,Pakistan,"Middle East, North Africa, Afghanistan & Pakistan",Lower middle income,Blend,72.8,30.5167
3637,2023,76.5397606213172,Mobile cellular subscriptions (per 100 people),PK,Pakistan,"Middle East, North Africa, Afghanistan & Pakistan",Lower middle income,Blend,72.8,30.5167
3638,2022,79.1050539061512,Mobile cellular subscriptions (per 100 people),PK,Pakistan,"Middle East, North Africa, Afghanistan & Pakistan",Lower middle income,Blend,72.8,30.5167
3639,2021,78.8012296805749,Mobile cellular subscriptions (per 100 people),PK,Pakistan,"Middle East, North Africa, Afghanistan & Pakistan",Lower middle income,Blend,72.8,30.5167
3640,2025,,Mobile cellular subscriptions (per 100 people),PW,Palau,East Asia & Pacific,High income,IBRD,134.479,7.34194
3641,2024,,Mobile cellular subscriptions (per 100 people),PW,Palau,East Asia & Pacific,High income,IBRD,134.479,7.34194
3642,2023,135.386698256896,Mobile cellular subscriptions (per 100 people),PW,Palau,East Asia & Pacific,High income,IBRD,134.479,7.34194
3643,2022,135.142744523903,Mobile cellular subscriptions (per 100 people),PW,Palau,East Asia & Pacific,High income,IBRD,134.479,7.34194
3644,2021,134.960355395603,Mobile cellular subscriptions (per 100 people),PW,Palau,East Asia & Pacific,High income,IBRD,134.479,7.34194
3645,2025,,Mobile cellular subscriptions (per 100 people),PA,Panama,Latin America & Caribbean ,High income,IBRD,-79.5188,8.99427
3646,2024,,Mobile cellular subscriptions (per 100 people),PA,Panama,Latin America & Caribbean ,High income,IBRD,-79.5188,8.99427
3647,2023,156.586507591014,Mobile cellular subscriptions (per 100 people),PA,Panama,Latin America & Caribbean ,High income,IBRD,-79.5188,8.99427
3648,2022,152.062171804817,Mobile cellular subscriptions (per 100 people),PA,Panama,Latin America & Caribbean ,High income,IBRD,-79.5188,8.99427
3649,2021,147.899862038176,Mobile cellular subscriptions (per 100 people),PA,Panama,Latin America & Caribbean ,High income,IBRD,-79.5188,8.99427
3650,2025,,Mobile cellular subscriptions (per 100 people),PG,Papua New Guinea,East Asia & Pacific,Lower middle income,Blend,147.194,-9.47357
3651,2024,38.7651796406789,Mobile cellular subscriptions (per 100 people),PG,Papua New Guinea,East Asia & Pacific,Lower middle income,Blend,147.194,-9.47357
3652,2023,34.0588961979896,Mobile cellular subscriptions (per 100 people),PG,Papua New Guinea,East Asia & Pacific,Lower middle income,Blend,147.194,-9.47357
3653,2022,49.1906681149749,Mobile cellular subscriptions (per 100 people),PG,Papua New Guinea,East Asia & Pacific,Lower middle income,Blend,147.194,-9.47357
3654,2021,48.1179470954257,Mobile cellular subscriptions (per 100 people),PG,Papua New Guinea,East Asia & Pacific,Lower middle income,Blend,147.194,-9.47357
3655,2025,,Mobile cellular subscriptions (per 100 people),PY,Paraguay,Latin America & Caribbean ,Upper middle income,IBRD,-57.6362,-25.3005
3656,2024,,Mobile cellular subscriptions (per 100 people),PY,Paraguay,Latin America & Caribbean ,Upper middle income,IBRD,-57.6362,-25.3005
3657,2023,126.605481531224,Mobile cellular subscriptions (per 100 people),PY,Paraguay,Latin America & Caribbean ,Upper middle income,IBRD,-57.6362,-25.3005
3658,2022,128.088057269442,Mobile cellular subscriptions (per 100 people),PY,Paraguay,Latin America & Caribbean ,Upper middle income,IBRD,-57.6362,-25.3005
3659,2021,119.312639901188,Mobile cellular subscriptions (per 100 people),PY,Paraguay,Latin America & Caribbean ,Upper middle income,IBRD,-57.6362,-25.3005
3660,2025,,Mobile cellular subscriptions (per 100 people),PE,Peru,Latin America & Caribbean ,Upper middle income,IBRD,-77.0465,-12.0931
3661,2024,124.623544414599,Mobile cellular subscriptions (per 100 people),PE,Peru,Latin America & Caribbean ,Upper middle income,IBRD,-77.0465,-12.0931
3662,2023,121.975084691173,Mobile cellular subscriptions (per 100 people),PE,Peru,Latin America & Caribbean ,Upper middle income,IBRD,-77.0465,-12.0931
3663,2022,124.119322949561,Mobile cellular subscriptions (per 100 people),PE,Peru,Latin America & Caribbean ,Upper middle income,IBRD,-77.0465,-12.0931
3664,2021,129.993736857913,Mobile cellular subscriptions (per 100 people),PE,Peru,Latin America & Caribbean ,Upper middle income,IBRD,-77.0465,-12.0931
3665,2025,,Mobile cellular subscriptions (per 100 people),PH,Philippines,East Asia & Pacific,Upper middle income,IBRD,121.035,14.5515
3666,2024,115.298749599352,Mobile cellular subscriptions (per 100 people),PH,Philippines,East Asia & Pacific,Upper middle income,IBRD,121.035,14.5515
3667,2023,117.275521687262,Mobile cellular subscriptions (per 100 people),PH,Philippines,East Asia & Pacific,Upper middle income,IBRD,121.035,14.5515
3668,2022,147.428926406785,Mobile cellular subscriptions (per 100 people),PH,Philippines,East Asia & Pacific,Upper middle income,IBRD,121.035,14.5515
3669,2021,144.424289981649,Mobile cellular subscriptions (per 100 people),PH,Philippines,East Asia & Pacific,Upper middle income,IBRD,121.035,14.5515
3670,2025,,Mobile cellular subscriptions (per 100 people),PL,Poland,Europe & Central Asia,High income,IBRD,21.02,52.26
3671,2024,138.016156588197,Mobile cellular subscriptions (per 100 people),PL,Poland,Europe & Central Asia,High income,IBRD,21.02,52.26
3672,2023,135.146301442691,Mobile cellular subscriptions (per 100 people),PL,Poland,Europe & Central Asia,High income,IBRD,21.02,52.26
3673,2022,137.002148115476,Mobile cellular subscriptions (per 100 people),PL,Poland,Europe & Central Asia,High income,IBRD,21.02,52.26
3674,2021,132.987203939653,Mobile cellular subscriptions (per 100 people),PL,Poland,Europe & Central Asia,High income,IBRD,21.02,52.26
3675,2025,,Mobile cellular subscriptions (per 100 people),PT,Portugal,Europe & Central Asia,High income,Not classified,-9.13552,38.7072
3676,2024,124.129981203404,Mobile cellular subscriptions (per 100 people),PT,Portugal,Europe & Central Asia,High income,Not classified,-9.13552,38.7072
3677,2023,123.001507659381,Mobile cellular subscriptions (per 100 people),PT,Portugal,Europe & Central Asia,High income,Not classified,-9.13552,38.7072
3678,2022,122.80130896654,Mobile cellular subscriptions (per 100 people),PT,Portugal,Europe & Central Asia,High income,Not classified,-9.13552,38.7072
3679,2021,119.768700781718,Mobile cellular subscriptions (per 100 people),PT,Portugal,Europe & Central Asia,High income,Not classified,-9.13552,38.7072
3680,2025,,Mobile cellular subscriptions (per 100 people),PR,Puerto Rico (US),Latin America & Caribbean ,High income,Not classified,-66,18.23
3681,2024,126.426375391555,Mobile cellular subscriptions (per 100 people),PR,Puerto Rico (US),Latin America & Caribbean ,High income,Not classified,-66,18.23
3682,2023,124.513459651582,Mobile cellular subscriptions (per 100 people),PR,Puerto Rico (US),Latin America & Caribbean ,High income,Not classified,-66,18.23
3683,2022,120.215904630962,Mobile cellular subscriptions (per 100 people),PR,Puerto Rico (US),Latin America & Caribbean ,High income,Not classified,-66,18.23
3684,2021,112.540413929626,Mobile cellular subscriptions (per 100 people),PR,Puerto Rico (US),Latin America & Caribbean ,High income,Not classified,-66,18.23
3685,2025,,Mobile cellular subscriptions (per 100 people),QA,Qatar,"Middle East, North Africa, Afghanistan & Pakistan",High income,Not classified,51.5082,25.2948
3686,2024,153.612474384296,Mobile cellular subscriptions (per 100 people),QA,Qatar,"Middle East, North Africa, Afghanistan & Pakistan",High income,Not classified,51.5082,25.2948
3687,2023,157.82063065065,Mobile cellular subscriptions (per 100 people),QA,Qatar,"Middle East, North Africa, Afghanistan & Pakistan",High income,Not classified,51.5082,25.2948
3688,2022,162.248539735277,Mobile cellular subscriptions (per 100 people),QA,Qatar,"Middle East, North Africa, Afghanistan & Pakistan",High income,Not classified,51.5082,25.2948
3689,2021,137.709548409191,Mobile cellular subscriptions (per 100 people),QA,Qatar,"Middle East, North Africa, Afghanistan & Pakistan",High income,Not classified,51.5082,25.2948
3690,2025,,Mobile cellular subscriptions (per 100 people),RO,Romania,Europe & Central Asia,High income,IBRD,26.0979,44.4479
3691,2024,119.804862328273,Mobile cellular subscriptions (per 100 people),RO,Romania,Europe & Central Asia,High income,IBRD,26.0979,44.4479
3692,2023,123.252482585042,Mobile cellular subscriptions (per 100 people),RO,Romania,Europe & Central Asia,High income,IBRD,26.0979,44.4479
3693,2022,121.14194294167,Mobile cellular subscriptions (per 100 people),RO,Romania,Europe & Central Asia,High income,IBRD,26.0979,44.4479
3694,2021,119.123068432356,Mobile cellular subscriptions (per 100 people),RO,Romania,Europe & Central Asia,High income,IBRD,26.0979,44.4479
3695,2025,,Mobile cellular subscriptions (per 100 people),RU,Russian Federation,Europe & Central Asia,High income,IBRD,37.6176,55.7558
3696,2024,186.103787309059,Mobile cellular subscriptions (per 100 people),RU,Russian Federation,Europe & Central Asia,High income,IBRD,37.6176,55.7558
3697,2023,180.841776534047,Mobile cellular subscriptions (per 100 people),RU,Russian Federation,Europe & Central Asia,High income,IBRD,37.6176,55.7558
3698,2022,168.475831268436,Mobile cellular subscriptions (per 100 people),RU,Russian Federation,Europe & Central Asia,High income,IBRD,37.6176,55.7558
3699,2021,169.07261384221,Mobile cellular subscriptions (per 100 people),RU,Russian Federation,Europe & Central Asia,High income,IBRD,37.6176,55.7558
3700,2025,,Mobile cellular subscriptions (per 100 people),RW,Rwanda,Sub-Saharan Africa ,Low income,IDA,30.0587,-1.95325
3701,2024,93.201462876722,Mobile cellular subscriptions (per 100 people),RW,Rwanda,Sub-Saharan Africa ,Low income,IDA,30.0587,-1.95325
3702,2023,91.4622704078141,Mobile cellular subscriptions (per 100 people),RW,Rwanda,Sub-Saharan Africa ,Low income,IDA,30.0587,-1.95325
3703,2022,80.5952224850433,Mobile cellular subscriptions (per 100 people),RW,Rwanda,Sub-Saharan Africa ,Low income,IDA,30.0587,-1.95325
3704,2021,81.6381635400584,Mobile cellular subscriptions (per 100 people),RW,Rwanda,Sub-Saharan Africa ,Low income,IDA,30.0587,-1.95325
3705,2025,,Mobile cellular subscriptions (per 100 people),WS,Samoa,East Asia & Pacific,Upper middle income,IDA,-171.752,-13.8314
3706,2024,,Mobile cellular subscriptions (per 100 people),WS,Samoa,East Asia & Pacific,Upper middle income,IDA,-171.752,-13.8314
3707,2023,,Mobile cellular subscriptions (per 100 people),WS,Samoa,East Asia & Pacific,Upper middle income,IDA,-171.752,-13.8314
3708,2022,62.398669522115,Mobile cellular subscriptions (per 100 people),WS,Samoa,East Asia & Pacific,Upper middle income,IDA,-171.752,-13.8314
3709,2021,32.2763227445165,Mobile cellular subscriptions (per 100 people),WS,Samoa,East Asia & Pacific,Upper middle income,IDA,-171.752,-13.8314
3710,2025,,Mobile cellular subscriptions (per 100 people),SM,San Marino,Europe & Central Asia,High income,Not classified,12.4486,43.9322
3711,2024,,Mobile cellular subscriptions (per 100 people),SM,San Marino,Europe & Central Asia,High income,Not classified,12.4486,43.9322
3712,2023,,Mobile cellular subscriptions (per 100 people),SM,San Marino,Europe & Central Asia,High income,Not classified,12.4486,43.9322
3713,2022,120.269873863303,Mobile cellular subscriptions (per 100 people),SM,San Marino,Europe & Central Asia,High income,Not classified,12.4486,43.9322
3714,2021,115.700566932778,Mobile cellular subscriptions (per 100 people),SM,San Marino,Europe & Central Asia,High income,Not classified,12.4486,43.9322
3715,2025,,Mobile cellular subscriptions (per 100 people),ST,Sao Tome and Principe,Sub-Saharan Africa ,Lower middle income,IDA,6.6071,0.20618
3716,2024,62.4367400312479,Mobile cellular subscriptions (per 100 people),ST,Sao Tome and Principe,Sub-Saharan Africa ,Lower middle income,IDA,6.6071,0.20618
3717,2023,63.4540500972405,Mobile cellular subscriptions (per 100 people),ST,Sao Tome and Principe,Sub-Saharan Africa ,Lower middle income,IDA,6.6071,0.20618
3718,2022,86.7784626941517,Mobile cellular subscriptions (per 100 people),ST,Sao Tome and Principe,Sub-Saharan Africa ,Lower middle income,IDA,6.6071,0.20618
3719,2021,85.2577705092336,Mobile cellular subscriptions (per 100 people),ST,Sao Tome and Principe,Sub-Saharan Africa ,Lower middle income,IDA,6.6071,0.20618
3720,2025,,Mobile cellular subscriptions (per 100 people),SA,Saudi Arabia,"Middle East, North Africa, Afghanistan & Pakistan",High income,Not classified,46.6977,24.6748
3721,2024,159.541370566589,Mobile cellular subscriptions (per 100 people),SA,Saudi Arabia,"Middle East, North Africa, Afghanistan & Pakistan",High income,Not classified,46.6977,24.6748
3722,2023,157.775388696083,Mobile cellular subscriptions (per 100 people),SA,Saudi Arabia,"Middle East, North Africa, Afghanistan & Pakistan",High income,Not classified,46.6977,24.6748
3723,2022,149.79788255308,Mobile cellular subscriptions (per 100 people),SA,Saudi Arabia,"Middle East, North Africa, Afghanistan & Pakistan",High income,Not classified,46.6977,24.6748
3724,2021,145.003757775499,Mobile cellular subscriptions (per 100 people),SA,Saudi Arabia,"Middle East, North Africa, Afghanistan & Pakistan",High income,Not classified,46.6977,24.6748
3725,2025,,Mobile cellular subscriptions (per 100 people),SN,Senegal,Sub-Saharan Africa ,Lower middle income,IDA,-17.4734,14.7247
3726,2024,123.894453697506,Mobile cellular subscriptions (per 100 people),SN,Senegal,Sub-Saharan Africa ,Lower middle income,IDA,-17.4734,14.7247
3727,2023,123.911572643075,Mobile cellular subscriptions (per 100 people),SN,Senegal,Sub-Saharan Africa ,Lower middle income,IDA,-17.4734,14.7247
3728,2022,118.150293497239,Mobile cellular subscriptions (per 100 people),SN,Senegal,Sub-Saharan Africa ,Lower middle income,IDA,-17.4734,14.7247
3729,2021,115.325093678501,Mobile cellular subscriptions (per 100 people),SN,Senegal,Sub-Saharan Africa ,Lower middle income,IDA,-17.4734,14.7247
3730,2025,,Mobile cellular subscriptions (per 100 people),RS,Serbia,Europe & Central Asia,Upper middle income,IBRD,20.4656,44.8024
3731,2024,123.822194984291,Mobile cellular subscriptions (per 100 people),RS,Serbia,Europe & Central Asia,Upper middle income,IBRD,20.4656,44.8024
3732,2023,128.471147595832,Mobile cellular subscriptions (per 100 people),RS,Serbia,Europe & Central Asia,Upper middle income,IBRD,20.4656,44.8024
3733,2022,129.813149647571,Mobile cellular subscriptions (per 100 people),RS,Serbia,Europe & Central Asia,Upper middle income,IBRD,20.4656,44.8024
3734,2021,125.075587327252,Mobile cellular subscriptions (per 100 people),RS,Serbia,Europe & Central Asia,Upper middle income,IBRD,20.4656,44.8024
3735,2025,,Mobile cellular subscriptions (per 100 people),SC,Seychelles,Sub-Saharan Africa ,High income,IBRD,55.4466,-4.6309
3736,2024,125.616862703001,Mobile cellular subscriptions (per 100 people),SC,Seychelles,Sub-Saharan Africa ,High income,IBRD,55.4466,-4.6309
3737,2023,129.24400747161,Mobile cellular subscriptions (per 100 people),SC,Seychelles,Sub-Saharan Africa ,High income,IBRD,55.4466,-4.6309
3738,2022,163.429518331448,Mobile cellular subscriptions (per 100 people),SC,Seychelles,Sub-Saharan Africa ,High income,IBRD,55.4466,-4.6309
3739,2021,149.479213250181,Mobile cellular subscriptions (per 100 people),SC,Seychelles,Sub-Saharan Africa ,High income,IBRD,55.4466,-4.6309
3740,2025,,Mobile cellular subscriptions (per 100 people),SL,Sierra Leone,Sub-Saharan Africa ,Low income,IDA,-13.2134,8.4821
3741,2024,,Mobile cellular subscriptions (per 100 people),SL,Sierra Leone,Sub-Saharan Africa ,Low income,IDA,-13.2134,8.4821
3742,2023,,Mobile cellular subscriptions (per 100 people),SL,Sierra Leone,Sub-Saharan Africa ,Low income,IDA,-13.2134,8.4821
3743,2022,107.882000873042,Mobile cellular subscriptions (per 100 people),SL,Sierra Leone,Sub-Saharan Africa ,Low income,IDA,-13.2134,8.4821
3744,2021,101.636782141976,Mobile cellular subscriptions (per 100 people),SL,Sierra Leone,Sub-Saharan Africa ,Low income,IDA,-13.2134,8.4821
3745,2025,,Mobile cellular subscriptions (per 100 people),SG,Singapore,East Asia & Pacific,High income,Not classified,103.85,1.28941
3746,2024,170.78256295407,Mobile cellular subscriptions (per 100 people),SG,Singapore,East Asia & Pacific,High income,Not classified,103.85,1.28941
3747,2023,173.199932977376,Mobile cellular subscriptions (per 100 people),SG,Singapore,East Asia & Pacific,High income,Not classified,103.85,1.28941
3748,2022,173.005291258141,Mobile cellular subscriptions (per 100 people),SG,Singapore,East Asia & Pacific,High income,Not classified,103.85,1.28941
3749,2021,157.977675166643,Mobile cellular subscriptions (per 100 people),SG,Singapore,East Asia & Pacific,High income,Not classified,103.85,1.28941
3750,2025,,Mobile cellular subscriptions (per 100 people),SX,Sint Maarten (Dutch part),Latin America & Caribbean ,High income,Not classified,,
3751,2024,,Mobile cellular subscriptions (per 100 people),SX,Sint Maarten (Dutch part),Latin America & Caribbean ,High income,Not classified,,
3752,2023,,Mobile cellular subscriptions (per 100 people),SX,Sint Maarten (Dutch part),Latin America & Caribbean ,High income,Not classified,,
3753,2022,205.372695128029,Mobile cellular subscriptions (per 100 people),SX,Sint Maarten (Dutch part),Latin America & Caribbean ,High income,Not classified,,
3754,2021,,Mobile cellular subscriptions (per 100 people),SX,Sint Maarten (Dutch part),Latin America & Caribbean ,High income,Not classified,,
3755,2025,,Mobile cellular subscriptions (per 100 people),SK,Slovak Republic,Europe & Central Asia,High income,Not classified,17.1073,48.1484
3756,2024,139.967676092657,Mobile cellular subscriptions (per 100 people),SK,Slovak Republic,Europe & Central Asia,High income,Not classified,17.1073,48.1484
3757,2023,138.232946210214,Mobile cellular subscriptions (per 100 people),SK,Slovak Republic,Europe & Central Asia,High income,Not classified,17.1073,48.1484
3758,2022,136.029289645522,Mobile cellular subscriptions (per 100 people),SK,Slovak Republic,Europe & Central Asia,High income,Not classified,17.1073,48.1484
3759,2021,135.268252737261,Mobile cellular subscriptions (per 100 people),SK,Slovak Republic,Europe & Central Asia,High income,Not classified,17.1073,48.1484
3760,2025,,Mobile cellular subscriptions (per 100 people),SI,Slovenia,Europe & Central Asia,High income,Not classified,14.5044,46.0546
3761,2024,130.86090177123,Mobile cellular subscriptions (per 100 people),SI,Slovenia,Europe & Central Asia,High income,Not classified,14.5044,46.0546
3762,2023,129.227963043737,Mobile cellular subscriptions (per 100 people),SI,Slovenia,Europe & Central Asia,High income,Not classified,14.5044,46.0546
3763,2022,126.45918075971,Mobile cellular subscriptions (per 100 people),SI,Slovenia,Europe & Central Asia,High income,Not classified,14.5044,46.0546
3764,2021,123.362924143622,Mobile cellular subscriptions (per 100 people),SI,Slovenia,Europe & Central Asia,High income,Not classified,14.5044,46.0546
3765,2025,,Mobile cellular subscriptions (per 100 people),SB,Solomon Islands,East Asia & Pacific,Lower middle income,IDA,159.949,-9.42676
3766,2024,,Mobile cellular subscriptions (per 100 people),SB,Solomon Islands,East Asia & Pacific,Lower middle income,IDA,159.949,-9.42676
3767,2023,,Mobile cellular subscriptions (per 100 people),SB,Solomon Islands,East Asia & Pacific,Lower middle income,IDA,159.949,-9.42676
3768,2022,62.0734995506142,Mobile cellular subscriptions (per 100 people),SB,Solomon Islands,East Asia & Pacific,Lower middle income,IDA,159.949,-9.42676
3769,2021,62.1565164026326,Mobile cellular subscriptions (per 100 people),SB,Solomon Islands,East Asia & Pacific,Lower middle income,IDA,159.949,-9.42676
3770,2025,,Mobile cellular subscriptions (per 100 people),SO,"Somalia, Fed. Rep.",Sub-Saharan Africa ,Low income,IDA,45.3254,2.07515
3771,2024,,Mobile cellular subscriptions (per 100 people),SO,"Somalia, Fed. Rep.",Sub-Saharan Africa ,Low income,IDA,45.3254,2.07515
3772,2023,53.9579646939598,Mobile cellular subscriptions (per 100 people),SO,"Somalia, Fed. Rep.",Sub-Saharan Africa ,Low income,IDA,45.3254,2.07515
3773,2022,49.6800986995936,Mobile cellular subscriptions (per 100 people),SO,"Somalia, Fed. Rep.",Sub-Saharan Africa ,Low income,IDA,45.3254,2.07515
3774,2021,51.2059481348129,Mobile cellular subscriptions (per 100 people),SO,"Somalia, Fed. Rep.",Sub-Saharan Africa ,Low income,IDA,45.3254,2.07515
3775,2025,,Mobile cellular subscriptions (per 100 people),ZA,South Africa,Sub-Saharan Africa ,Upper middle income,IBRD,28.1871,-25.746
3776,2024,179.336329840585,Mobile cellular subscriptions (per 100 people),ZA,South Africa,Sub-Saharan Africa ,Upper middle income,IBRD,28.1871,-25.746
3777,2023,171.508619260428,Mobile cellular subscriptions (per 100 people),ZA,South Africa,Sub-Saharan Africa ,Upper middle income,IBRD,28.1871,-25.746
3778,2022,160.728511675754,Mobile cellular subscriptions (per 100 people),ZA,South Africa,Sub-Saharan Africa ,Upper middle income,IBRD,28.1871,-25.746
3779,2021,163.12806305125,Mobile cellular subscriptions (per 100 people),ZA,South Africa,Sub-Saharan Africa ,Upper middle income,IBRD,28.1871,-25.746
3780,2025,,Mobile cellular subscriptions (per 100 people),SS,South Sudan,Sub-Saharan Africa ,Low income,IDA,31.6,4.85
3781,2024,,Mobile cellular subscriptions (per 100 people),SS,South Sudan,Sub-Saharan Africa ,Low income,IDA,31.6,4.85
3782,2023,46.6152369503945,Mobile cellular subscriptions (per 100 people),SS,South Sudan,Sub-Saharan Africa ,Low income,IDA,31.6,4.85
3783,2022,48.4888320004297,Mobile cellular subscriptions (per 100 people),SS,South Sudan,Sub-Saharan Africa ,Low income,IDA,31.6,4.85
3784,2021,30.151042999214,Mobile cellular subscriptions (per 100 people),SS,South Sudan,Sub-Saharan Africa ,Low income,IDA,31.6,4.85
3785,2025,,Mobile cellular subscriptions (per 100 people),ES,Spain,Europe & Central Asia,High income,Not classified,-3.70327,40.4167
3786,2024,130.260997343256,Mobile cellular subscriptions (per 100 people),ES,Spain,Europe & Central Asia,High income,Not classified,-3.70327,40.4167
3787,2023,127.715490236713,Mobile cellular subscriptions (per 100 people),ES,Spain,Europe & Central Asia,High income,Not classified,-3.70327,40.4167
3788,2022,123.399528756795,Mobile cellular subscriptions (per 100 people),ES,Spain,Europe & Central Asia,High income,Not classified,-3.70327,40.4167
3789,2021,118.999806936801,Mobile cellular subscriptions (per 100 people),ES,Spain,Europe & Central Asia,High income,Not classified,-3.70327,40.4167
3790,2025,,Mobile cellular subscriptions (per 100 people),LK,Sri Lanka,South Asia,Upper middle income,IDA,79.8528,6.92148
3791,2024,132.548743018664,Mobile cellular subscriptions (per 100 people),LK,Sri Lanka,South Asia,Upper middle income,IDA,79.8528,6.92148
3792,2023,142.277402587724,Mobile cellular subscriptions (per 100 people),LK,Sri Lanka,South Asia,Upper middle income,IDA,79.8528,6.92148
3793,2022,151.72675762805,Mobile cellular subscriptions (per 100 people),LK,Sri Lanka,South Asia,Upper middle income,IDA,79.8528,6.92148
3794,2021,135.522602889503,Mobile cellular subscriptions (per 100 people),LK,Sri Lanka,South Asia,Upper middle income,IDA,79.8528,6.92148
3795,2025,,Mobile cellular subscriptions (per 100 people),KN,St. Kitts and Nevis,Latin America & Caribbean ,High income,IBRD,-62.7309,17.3
3796,2024,,Mobile cellular subscriptions (per 100 people),KN,St. Kitts and Nevis,Latin America & Caribbean ,High income,IBRD,-62.7309,17.3
3797,2023,118.893023653706,Mobile cellular subscriptions (per 100 people),KN,St. Kitts and Nevis,Latin America & Caribbean ,High income,IBRD,-62.7309,17.3
3798,2022,116.923933289088,Mobile cellular subscriptions (per 100 people),KN,St. Kitts and Nevis,Latin America & Caribbean ,High income,IBRD,-62.7309,17.3
3799,2021,121.256121292475,Mobile cellular subscriptions (per 100 people),KN,St. Kitts and Nevis,Latin America & Caribbean ,High income,IBRD,-62.7309,17.3
3800,2025,,Mobile cellular subscriptions (per 100 people),LC,St. Lucia,Latin America & Caribbean ,Upper middle income,Blend,-60.9832,14
3801,2024,,Mobile cellular subscriptions (per 100 people),LC,St. Lucia,Latin America & Caribbean ,Upper middle income,Blend,-60.9832,14
3802,2023,,Mobile cellular subscriptions (per 100 people),LC,St. Lucia,Latin America & Caribbean ,Upper middle income,Blend,-60.9832,14
3803,2022,98.6676436534083,Mobile cellular subscriptions (per 100 people),LC,St. Lucia,Latin America & Caribbean ,Upper middle income,Blend,-60.9832,14
3804,2021,96.2374385229832,Mobile cellular subscriptions (per 100 people),LC,St. Lucia,Latin America & Caribbean ,Upper middle income,Blend,-60.9832,14
3805,2025,,Mobile cellular subscriptions (per 100 people),MF,St. Martin (French part),Latin America & Caribbean ,High income,Not classified,,
3806,2024,,Mobile cellular subscriptions (per 100 people),MF,St. Martin (French part),Latin America & Caribbean ,High income,Not classified,,
3807,2023,,Mobile cellular subscriptions (per 100 people),MF,St. Martin (French part),Latin America & Caribbean ,High income,Not classified,,
3808,2022,,Mobile cellular subscriptions (per 100 people),MF,St. Martin (French part),Latin America & Caribbean ,High income,Not classified,,
3809,2021,,Mobile cellular subscriptions (per 100 people),MF,St. Martin (French part),Latin America & Caribbean ,High income,Not classified,,
3810,2025,,Mobile cellular subscriptions (per 100 people),VC,St. Vincent and the Grenadines,Latin America & Caribbean ,Upper middle income,Blend,-61.2653,13.2035
3811,2024,108.354536057883,Mobile cellular subscriptions (per 100 people),VC,St. Vincent and the Grenadines,Latin America & Caribbean ,Upper middle income,Blend,-61.2653,13.2035
3812,2023,101.631416361537,Mobile cellular subscriptions (per 100 people),VC,St. Vincent and the Grenadines,Latin America & Caribbean ,Upper middle income,Blend,-61.2653,13.2035
3813,2022,102.334241420536,Mobile cellular subscriptions (per 100 people),VC,St. Vincent and the Grenadines,Latin America & Caribbean ,Upper middle income,Blend,-61.2653,13.2035
3814,2021,95.5173520288601,Mobile cellular subscriptions (per 100 people),VC,St. Vincent and the Grenadines,Latin America & Caribbean ,Upper middle income,Blend,-61.2653,13.2035
3815,2025,,Mobile cellular subscriptions (per 100 people),SD,Sudan,Sub-Saharan Africa ,Low income,IDA,32.5363,15.5932
3816,2024,,Mobile cellular subscriptions (per 100 people),SD,Sudan,Sub-Saharan Africa ,Low income,IDA,32.5363,15.5932
3817,2023,,Mobile cellular subscriptions (per 100 people),SD,Sudan,Sub-Saharan Africa ,Low income,IDA,32.5363,15.5932
3818,2022,70.2084038614961,Mobile cellular subscriptions (per 100 people),SD,Sudan,Sub-Saharan Africa ,Low income,IDA,32.5363,15.5932
3819,2021,71.767230205952,Mobile cellular subscriptions (per 100 people),SD,Sudan,Sub-Saharan Africa ,Low income,IDA,32.5363,15.5932
3820,2025,,Mobile cellular subscriptions (per 100 people),SR,Suriname,Latin America & Caribbean ,Upper middle income,Blend,-55.1679,5.8232
3821,2024,142.122626416427,Mobile cellular subscriptions (per 100 people),SR,Suriname,Latin America & Caribbean ,Upper middle income,Blend,-55.1679,5.8232
3822,2023,157.24614636039,Mobile cellular subscriptions (per 100 people),SR,Suriname,Latin America & Caribbean ,Upper middle income,Blend,-55.1679,5.8232
3823,2022,149.052255906952,Mobile cellular subscriptions (per 100 people),SR,Suriname,Latin America & Caribbean ,Upper middle income,Blend,-55.1679,5.8232
3824,2021,146.654129497521,Mobile cellular subscriptions (per 100 people),SR,Suriname,Latin America & Caribbean ,Upper middle income,Blend,-55.1679,5.8232
3825,2025,,Mobile cellular subscriptions (per 100 people),SE,Sweden,Europe & Central Asia,High income,Not classified,18.0645,59.3327
3826,2024,140.686673016562,Mobile cellular subscriptions (per 100 people),SE,Sweden,Europe & Central Asia,High income,Not classified,18.0645,59.3327
3827,2023,140.265691285045,Mobile cellular subscriptions (per 100 people),SE,Sweden,Europe & Central Asia,High income,Not classified,18.0645,59.3327
3828,2022,140.781664517726,Mobile cellular subscriptions (per 100 people),SE,Sweden,Europe & Central Asia,High income,Not classified,18.0645,59.3327
3829,2021,124.96149481991,Mobile cellular subscriptions (per 100 people),SE,Sweden,Europe & Central Asia,High income,Not classified,18.0645,59.3327
3830,2025,,Mobile cellular subscriptions (per 100 people),CH,Switzerland,Europe & Central Asia,High income,Not classified,7.44821,46.948
3831,2024,129.471369643132,Mobile cellular subscriptions (per 100 people),CH,Switzerland,Europe & Central Asia,High income,Not classified,7.44821,46.948
3832,2023,130.221876609608,Mobile cellular subscriptions (per 100 people),CH,Switzerland,Europe & Central Asia,High income,Not classified,7.44821,46.948
3833,2022,123.971228075124,Mobile cellular subscriptions (per 100 people),CH,Switzerland,Europe & Central Asia,High income,Not classified,7.44821,46.948
3834,2021,123.21236546636,Mobile cellular subscriptions (per 100 people),CH,Switzerland,Europe & Central Asia,High income,Not classified,7.44821,46.948
3835,2025,,Mobile cellular subscriptions (per 100 people),SY,Syrian Arab Republic,"Middle East, North Africa, Afghanistan & Pakistan",Low income,IDA,36.3119,33.5146
3836,2024,71.2231424453527,Mobile cellular subscriptions (per 100 people),SY,Syrian Arab Republic,"Middle East, North Africa, Afghanistan & Pakistan",Low income,IDA,36.3119,33.5146
3837,2023,72.4405852977604,Mobile cellular subscriptions (per 100 people),SY,Syrian Arab Republic,"Middle East, North Africa, Afghanistan & Pakistan",Low income,IDA,36.3119,33.5146
3838,2022,78.6567844526885,Mobile cellular subscriptions (per 100 people),SY,Syrian Arab Republic,"Middle East, North Africa, Afghanistan & Pakistan",Low income,IDA,36.3119,33.5146
3839,2021,78.5558300193552,Mobile cellular subscriptions (per 100 people),SY,Syrian Arab Republic,"Middle East, North Africa, Afghanistan & Pakistan",Low income,IDA,36.3119,33.5146
3840,2025,,Mobile cellular subscriptions (per 100 people),TJ,Tajikistan,Europe & Central Asia,Lower middle income,IDA,68.7864,38.5878
3841,2024,,Mobile cellular subscriptions (per 100 people),TJ,Tajikistan,Europe & Central Asia,Lower middle income,IDA,68.7864,38.5878
3842,2023,76.215892145748,Mobile cellular subscriptions (per 100 people),TJ,Tajikistan,Europe & Central Asia,Lower middle income,IDA,68.7864,38.5878
3843,2022,63.8442080716763,Mobile cellular subscriptions (per 100 people),TJ,Tajikistan,Europe & Central Asia,Lower middle income,IDA,68.7864,38.5878
3844,2021,64.0874682499327,Mobile cellular subscriptions (per 100 people),TJ,Tajikistan,Europe & Central Asia,Lower middle income,IDA,68.7864,38.5878
3845,2025,,Mobile cellular subscriptions (per 100 people),TZ,Tanzania,Sub-Saharan Africa ,Lower middle income,IDA,35.7382,-6.17486
3846,2024,126.559163217786,Mobile cellular subscriptions (per 100 people),TZ,Tanzania,Sub-Saharan Africa ,Lower middle income,IDA,35.7382,-6.17486
3847,2023,105.40028112088,Mobile cellular subscriptions (per 100 people),TZ,Tanzania,Sub-Saharan Africa ,Lower middle income,IDA,35.7382,-6.17486
3848,2022,93.0159746238635,Mobile cellular subscriptions (per 100 people),TZ,Tanzania,Sub-Saharan Africa ,Lower middle income,IDA,35.7382,-6.17486
3849,2021,86.0162814148027,Mobile cellular subscriptions (per 100 people),TZ,Tanzania,Sub-Saharan Africa ,Lower middle income,IDA,35.7382,-6.17486
3850,2025,,Mobile cellular subscriptions (per 100 people),TH,Thailand,East Asia & Pacific,Upper middle income,IBRD,100.521,13.7308
3851,2024,160.639312286761,Mobile cellular subscriptions (per 100 people),TH,Thailand,East Asia & Pacific,Upper middle income,IBRD,100.521,13.7308
3852,2023,168.642808295144,Mobile cellular subscriptions (per 100 people),TH,Thailand,East Asia & Pacific,Upper middle income,IBRD,100.521,13.7308
3853,2022,176.22279253783,Mobile cellular subscriptions (per 100 people),TH,Thailand,East Asia & Pacific,Upper middle income,IBRD,100.521,13.7308
3854,2021,168.485285358167,Mobile cellular subscriptions (per 100 people),TH,Thailand,East Asia & Pacific,Upper middle income,IBRD,100.521,13.7308
3855,2025,,Mobile cellular subscriptions (per 100 people),TL,Timor-Leste,East Asia & Pacific,Lower middle income,Blend,125.567,-8.56667
3856,2024,116.382391453038,Mobile cellular subscriptions (per 100 people),TL,Timor-Leste,East Asia & Pacific,Lower middle income,Blend,125.567,-8.56667
3857,2023,112.647241971673,Mobile cellular subscriptions (per 100 people),TL,Timor-Leste,East Asia & Pacific,Lower middle income,Blend,125.567,-8.56667
3858,2022,108.158358863503,Mobile cellular subscriptions (per 100 people),TL,Timor-Leste,East Asia & Pacific,Lower middle income,Blend,125.567,-8.56667
3859,2021,102.668836319816,Mobile cellular subscriptions (per 100 people),TL,Timor-Leste,East Asia & Pacific,Lower middle income,Blend,125.567,-8.56667
3860,2025,,Mobile cellular subscriptions (per 100 people),TG,Togo,Sub-Saharan Africa ,Lower middle income,IDA,1.2255,6.1228
3861,2024,80.8035554767112,Mobile cellular subscriptions (per 100 people),TG,Togo,Sub-Saharan Africa ,Lower middle income,IDA,1.2255,6.1228
3862,2023,75.7906769713952,Mobile cellular subscriptions (per 100 people),TG,Togo,Sub-Saharan Africa ,Lower middle income,IDA,1.2255,6.1228
3863,2022,72.2147547047011,Mobile cellular subscriptions (per 100 people),TG,Togo,Sub-Saharan Africa ,Lower middle income,IDA,1.2255,6.1228
3864,2021,70.4496733018494,Mobile cellular subscriptions (per 100 people),TG,Togo,Sub-Saharan Africa ,Lower middle income,IDA,1.2255,6.1228
3865,2025,,Mobile cellular subscriptions (per 100 people),TO,Tonga,East Asia & Pacific,Upper middle income,IDA,-175.216,-21.136
3866,2024,,Mobile cellular subscriptions (per 100 people),TO,Tonga,East Asia & Pacific,Upper middle income,IDA,-175.216,-21.136
3867,2023,,Mobile cellular subscriptions (per 100 people),TO,Tonga,East Asia & Pacific,Upper middle income,IDA,-175.216,-21.136
3868,2022,61.7257858761257,Mobile cellular subscriptions (per 100 people),TO,Tonga,East Asia & Pacific,Upper middle income,IDA,-175.216,-21.136
3869,2021,60.9801876955162,Mobile cellular subscriptions (per 100 people),TO,Tonga,East Asia & Pacific,Upper middle income,IDA,-175.216,-21.136
3870,2025,,Mobile cellular subscriptions (per 100 people),TT,Trinidad and Tobago,Latin America & Caribbean ,High income,IBRD,-61.4789,10.6596
3871,2024,118.786668099235,Mobile cellular subscriptions (per 100 people),TT,Trinidad and Tobago,Latin America & Caribbean ,High income,IBRD,-61.4789,10.6596
3872,2023,134.230557337258,Mobile cellular subscriptions (per 100 people),TT,Trinidad and Tobago,Latin America & Caribbean ,High income,IBRD,-61.4789,10.6596
3873,2022,133.631989924602,Mobile cellular subscriptions (per 100 people),TT,Trinidad and Tobago,Latin America & Caribbean ,High income,IBRD,-61.4789,10.6596
3874,2021,134.221562299819,Mobile cellular subscriptions (per 100 people),TT,Trinidad and Tobago,Latin America & Caribbean ,High income,IBRD,-61.4789,10.6596
3875,2025,,Mobile cellular subscriptions (per 100 people),TN,Tunisia,"Middle East, North Africa, Afghanistan & Pakistan",Lower middle income,IBRD,10.21,36.7899
3876,2024,117.606816067203,Mobile cellular subscriptions (per 100 people),TN,Tunisia,"Middle East, North Africa, Afghanistan & Pakistan",Lower middle income,IBRD,10.21,36.7899
3877,2023,132.653682480562,Mobile cellular subscriptions (per 100 people),TN,Tunisia,"Middle East, North Africa, Afghanistan & Pakistan",Lower middle income,IBRD,10.21,36.7899
3878,2022,131.875365428496,Mobile cellular subscriptions (per 100 people),TN,Tunisia,"Middle East, North Africa, Afghanistan & Pakistan",Lower middle income,IBRD,10.21,36.7899
3879,2021,129.846077003661,Mobile cellular subscriptions (per 100 people),TN,Tunisia,"Middle East, North Africa, Afghanistan & Pakistan",Lower middle income,IBRD,10.21,36.7899
3880,2025,,Mobile cellular subscriptions (per 100 people),TR,Turkiye,Europe & Central Asia,Upper middle income,IBRD,32.3606,39.7153
3881,2024,107.826875714392,Mobile cellular subscriptions (per 100 people),TR,Turkiye,Europe & Central Asia,Upper middle income,IBRD,32.3606,39.7153
3882,2023,105.684032912794,Mobile cellular subscriptions (per 100 people),TR,Turkiye,Europe & Central Asia,Upper middle income,IBRD,32.3606,39.7153
3883,2022,103.720593629066,Mobile cellular subscriptions (per 100 people),TR,Turkiye,Europe & Central Asia,Upper middle income,IBRD,32.3606,39.7153
3884,2021,99.5415432248525,Mobile cellular subscriptions (per 100 people),TR,Turkiye,Europe & Central Asia,Upper middle income,IBRD,32.3606,39.7153
3885,2025,,Mobile cellular subscriptions (per 100 people),TM,Turkmenistan,Europe & Central Asia,Upper middle income,IBRD,58.3794,37.9509
3886,2024,,Mobile cellular subscriptions (per 100 people),TM,Turkmenistan,Europe & Central Asia,Upper middle income,IBRD,58.3794,37.9509
3887,2023,,Mobile cellular subscriptions (per 100 people),TM,Turkmenistan,Europe & Central Asia,Upper middle income,IBRD,58.3794,37.9509
3888,2022,,Mobile cellular subscriptions (per 100 people),TM,Turkmenistan,Europe & Central Asia,Upper middle income,IBRD,58.3794,37.9509
3889,2021,88.1929367884543,Mobile cellular subscriptions (per 100 people),TM,Turkmenistan,Europe & Central Asia,Upper middle income,IBRD,58.3794,37.9509
3890,2025,,Mobile cellular subscriptions (per 100 people),TC,Turks and Caicos Islands,Latin America & Caribbean ,High income,Not classified,-71.141389,21.4602778
3891,2024,,Mobile cellular subscriptions (per 100 people),TC,Turks and Caicos Islands,Latin America & Caribbean ,High income,Not classified,-71.141389,21.4602778
3892,2023,,Mobile cellular subscriptions (per 100 people),TC,Turks and Caicos Islands,Latin America & Caribbean ,High income,Not classified,-71.141389,21.4602778
3893,2022,,Mobile cellular subscriptions (per 100 people),TC,Turks and Caicos Islands,Latin America & Caribbean ,High income,Not classified,-71.141389,21.4602778
3894,2021,,Mobile cellular subscriptions (per 100 people),TC,Turks and Caicos Islands,Latin America & Caribbean ,High income,Not classified,-71.141389,21.4602778
3895,2025,,Mobile cellular subscriptions (per 100 people),TV,Tuvalu,East Asia & Pacific,Upper middle income,IDA,179.089567,-8.6314877
3896,2024,,Mobile cellular subscriptions (per 100 people),TV,Tuvalu,East Asia & Pacific,Upper middle income,IDA,179.089567,-8.6314877
3897,2023,,Mobile cellular subscriptions (per 100 people),TV,Tuvalu,East Asia & Pacific,Upper middle income,IDA,179.089567,-8.6314877
3898,2022,98.8590872698158,Mobile cellular subscriptions (per 100 people),TV,Tuvalu,East Asia & Pacific,Upper middle income,IDA,179.089567,-8.6314877
3899,2021,88.2872277810477,Mobile cellular subscriptions (per 100 people),TV,Tuvalu,East Asia & Pacific,Upper middle income,IDA,179.089567,-8.6314877
3900,2025,,Mobile cellular subscriptions (per 100 people),UG,Uganda,Sub-Saharan Africa ,Low income,IDA,32.5729,0.314269
3901,2024,83.165031466902,Mobile cellular subscriptions (per 100 people),UG,Uganda,Sub-Saharan Africa ,Low income,IDA,32.5729,0.314269
3902,2023,76.2966796632588,Mobile cellular subscriptions (per 100 people),UG,Uganda,Sub-Saharan Africa ,Low income,IDA,32.5729,0.314269
3903,2022,70.1401117953081,Mobile cellular subscriptions (per 100 people),UG,Uganda,Sub-Saharan Africa ,Low income,IDA,32.5729,0.314269
3904,2021,65.6220730009172,Mobile cellular subscriptions (per 100 people),UG,Uganda,Sub-Saharan Africa ,Low income,IDA,32.5729,0.314269
3905,2025,,Mobile cellular subscriptions (per 100 people),UA,Ukraine,Europe & Central Asia,Upper middle income,IBRD,30.5038,50.4536
3906,2024,,Mobile cellular subscriptions (per 100 people),UA,Ukraine,Europe & Central Asia,Upper middle income,IBRD,30.5038,50.4536
3907,2023,133.38012811971,Mobile cellular subscriptions (per 100 people),UA,Ukraine,Europe & Central Asia,Upper middle income,IBRD,30.5038,50.4536
3908,2022,120.261144906234,Mobile cellular subscriptions (per 100 people),UA,Ukraine,Europe & Central Asia,Upper middle income,IBRD,30.5038,50.4536
3909,2021,135.025688989835,Mobile cellular subscriptions (per 100 people),UA,Ukraine,Europe & Central Asia,Upper middle income,IBRD,30.5038,50.4536
3910,2025,,Mobile cellular subscriptions (per 100 people),AE,United Arab Emirates,"Middle East, North Africa, Afghanistan & Pakistan",High income,Not classified,54.3705,24.4764
3911,2024,203.206410299544,Mobile cellular subscriptions (per 100 people),AE,United Arab Emirates,"Middle East, North Africa, Afghanistan & Pakistan",High income,Not classified,54.3705,24.4764
3912,2023,199.423843889179,Mobile cellular subscriptions (per 100 people),AE,United Arab Emirates,"Middle East, North Africa, Afghanistan & Pakistan",High income,Not classified,54.3705,24.4764
3913,2022,195.624592490241,Mobile cellular subscriptions (per 100 people),AE,United Arab Emirates,"Middle East, North Africa, Afghanistan & Pakistan",High income,Not classified,54.3705,24.4764
3914,2021,186.30089463245,Mobile cellular subscriptions (per 100 people),AE,United Arab Emirates,"Middle East, North Africa, Afghanistan & Pakistan",High income,Not classified,54.3705,24.4764
3915,2025,,Mobile cellular subscriptions (per 100 people),GB,United Kingdom,Europe & Central Asia,High income,Not classified,-0.126236,51.5002
3916,2024,121.643331373201,Mobile cellular subscriptions (per 100 people),GB,United Kingdom,Europe & Central Asia,High income,Not classified,-0.126236,51.5002
3917,2023,122.781542240418,Mobile cellular subscriptions (per 100 people),GB,United Kingdom,Europe & Central Asia,High income,Not classified,-0.126236,51.5002
3918,2022,119.833999505569,Mobile cellular subscriptions (per 100 people),GB,United Kingdom,Europe & Central Asia,High income,Not classified,-0.126236,51.5002
3919,2021,117.887430294308,Mobile cellular subscriptions (per 100 people),GB,United Kingdom,Europe & Central Asia,High income,Not classified,-0.126236,51.5002
3920,2025,,Mobile cellular subscriptions (per 100 people),US,United States,North America,High income,Not classified,-77.032,38.8895
3921,2024,113.190481805755,Mobile cellular subscriptions (per 100 people),US,United States,North America,High income,Not classified,-77.032,38.8895
3922,2023,112.410910606372,Mobile cellular subscriptions (per 100 people),US,United States,North America,High income,Not classified,-77.032,38.8895
3923,2022,108.785640656159,Mobile cellular subscriptions (per 100 people),US,United States,North America,High income,Not classified,-77.032,38.8895
3924,2021,106.324514306135,Mobile cellular subscriptions (per 100 people),US,United States,North America,High income,Not classified,-77.032,38.8895
3925,2025,,Mobile cellular subscriptions (per 100 people),UY,Uruguay,Latin America & Caribbean ,High income,IBRD,-56.0675,-34.8941
3926,2024,145.501755749445,Mobile cellular subscriptions (per 100 people),UY,Uruguay,Latin America & Caribbean ,High income,IBRD,-56.0675,-34.8941
3927,2023,141.71948663565,Mobile cellular subscriptions (per 100 people),UY,Uruguay,Latin America & Caribbean ,High income,IBRD,-56.0675,-34.8941
3928,2022,139.828801269747,Mobile cellular subscriptions (per 100 people),UY,Uruguay,Latin America & Caribbean ,High income,IBRD,-56.0675,-34.8941
3929,2021,138.112989243956,Mobile cellular subscriptions (per 100 people),UY,Uruguay,Latin America & Caribbean ,High income,IBRD,-56.0675,-34.8941
3930,2025,,Mobile cellular subscriptions (per 100 people),UZ,Uzbekistan,Europe & Central Asia,Lower middle income,Blend,69.269,41.3052
3931,2024,110.492018573638,Mobile cellular subscriptions (per 100 people),UZ,Uzbekistan,Europe & Central Asia,Lower middle income,Blend,69.269,41.3052
3932,2023,106.884847592051,Mobile cellular subscriptions (per 100 people),UZ,Uzbekistan,Europe & Central Asia,Lower middle income,Blend,69.269,41.3052
3933,2022,105.471643327627,Mobile cellular subscriptions (per 100 people),UZ,Uzbekistan,Europe & Central Asia,Lower middle income,Blend,69.269,41.3052
3934,2021,102.410090312681,Mobile cellular subscriptions (per 100 people),UZ,Uzbekistan,Europe & Central Asia,Lower middle income,Blend,69.269,41.3052
3935,2025,,Mobile cellular subscriptions (per 100 people),VU,Vanuatu,East Asia & Pacific,Lower middle income,IDA,168.321,-17.7404
3936,2024,,Mobile cellular subscriptions (per 100 people),VU,Vanuatu,East Asia & Pacific,Lower middle income,IDA,168.321,-17.7404
3937,2023,89.2943082123161,Mobile cellular subscriptions (per 100 people),VU,Vanuatu,East Asia & Pacific,Lower middle income,IDA,168.321,-17.7404
3938,2022,81.6202730589115,Mobile cellular subscriptions (per 100 people),VU,Vanuatu,East Asia & Pacific,Lower middle income,IDA,168.321,-17.7404
3939,2021,81.6914485987419,Mobile cellular subscriptions (per 100 people),VU,Vanuatu,East Asia & Pacific,Lower middle income,IDA,168.321,-17.7404
3940,2025,,Mobile cellular subscriptions (per 100 people),VE,"Venezuela, RB",Latin America & Caribbean ,Lower middle income,IBRD,-69.8371,9.08165
3941,2024,71.0075917225029,Mobile cellular subscriptions (per 100 people),VE,"Venezuela, RB",Latin America & Caribbean ,Lower middle income,IBRD,-69.8371,9.08165
3942,2023,70.2197325918151,Mobile cellular subscriptions (per 100 people),VE,"Venezuela, RB",Latin America & Caribbean ,Lower middle income,IBRD,-69.8371,9.08165
3943,2022,66.4667731210739,Mobile cellular subscriptions (per 100 people),VE,"Venezuela, RB",Latin America & Caribbean ,Lower middle income,IBRD,-69.8371,9.08165
3944,2021,60.2344883065715,Mobile cellular subscriptions (per 100 people),VE,"Venezuela, RB",Latin America & Caribbean ,Lower middle income,IBRD,-69.8371,9.08165
3945,2025,,Mobile cellular subscriptions (per 100 people),VN,Viet Nam,East Asia & Pacific,Upper middle income,IBRD,105.825,21.0069
3946,2024,127.606471743496,Mobile cellular subscriptions (per 100 people),VN,Viet Nam,East Asia & Pacific,Upper middle income,IBRD,105.825,21.0069
3947,2023,130.991428667547,Mobile cellular subscriptions (per 100 people),VN,Viet Nam,East Asia & Pacific,Upper middle income,IBRD,105.825,21.0069
3948,2022,137.852422819653,Mobile cellular subscriptions (per 100 people),VN,Viet Nam,East Asia & Pacific,Upper middle income,IBRD,105.825,21.0069
3949,2021,136.806313165021,Mobile cellular subscriptions (per 100 people),VN,Viet Nam,East Asia & Pacific,Upper middle income,IBRD,105.825,21.0069
3950,2025,,Mobile cellular subscriptions (per 100 people),VI,Virgin Islands (U.S.),Latin America & Caribbean ,High income,Not classified,-64.8963,18.3358
3951,2024,,Mobile cellular subscriptions (per 100 people),VI,Virgin Islands (U.S.),Latin America & Caribbean ,High income,Not classified,-64.8963,18.3358
3952,2023,,Mobile cellular subscriptions (per 100 people),VI,Virgin Islands (U.S.),Latin America & Caribbean ,High income,Not classified,-64.8963,18.3358
3953,2022,91.4619626157421,Mobile cellular subscriptions (per 100 people),VI,Virgin Islands (U.S.),Latin America & Caribbean ,High income,Not classified,-64.8963,18.3358
3954,2021,91.7189273471447,Mobile cellular subscriptions (per 100 people),VI,Virgin Islands (U.S.),Latin America & Caribbean ,High income,Not classified,-64.8963,18.3358
3955,2025,,Mobile cellular subscriptions (per 100 people),PS,West Bank and Gaza,"Middle East, North Africa, Afghanistan & Pakistan",Lower middle income,Not classified,,
3956,2024,,Mobile cellular subscriptions (per 100 people),PS,West Bank and Gaza,"Middle East, North Africa, Afghanistan & Pakistan",Lower middle income,Not classified,,
3957,2023,76.6918854204372,Mobile cellular subscriptions (per 100 people),PS,West Bank and Gaza,"Middle East, North Africa, Afghanistan & Pakistan",Lower middle income,Not classified,,
3958,2022,76.5666403406424,Mobile cellular subscriptions (per 100 people),PS,West Bank and Gaza,"Middle East, North Africa, Afghanistan & Pakistan",Lower middle income,Not classified,,
3959,2021,78.1621094563592,Mobile cellular subscriptions (per 100 people),PS,West Bank and Gaza,"Middle East, North Africa, Afghanistan & Pakistan",Lower middle income,Not classified,,
3960,2025,,Mobile cellular subscriptions (per 100 people),YE,"Yemen, Rep.","Middle East, North Africa, Afghanistan & Pakistan",Low income,IDA,44.2075,15.352
3961,2024,,Mobile cellular subscriptions (per 100 people),YE,"Yemen, Rep.","Middle East, North Africa, Afghanistan & Pakistan",Low income,IDA,44.2075,15.352
3962,2023,50.8937810578557,Mobile cellular subscriptions (per 100 people),YE,"Yemen, Rep.","Middle East, North Africa, Afghanistan & Pakistan",Low income,IDA,44.2075,15.352
3963,2022,46.4534353720531,Mobile cellular subscriptions (per 100 people),YE,"Yemen, Rep.","Middle East, North Africa, Afghanistan & Pakistan",Low income,IDA,44.2075,15.352
3964,2021,47.8090200303014,Mobile cellular subscriptions (per 100 people),YE,"Yemen, Rep.","Middle East, North Africa, Afghanistan & Pakistan",Low income,IDA,44.2075,15.352
3965,2025,,Mobile cellular subscriptions (per 100 people),ZM,Zambia,Sub-Saharan Africa ,Lower middle income,IDA,28.2937,-15.3982
3966,2024,108.704779873813,Mobile cellular subscriptions (per 100 people),ZM,Zambia,Sub-Saharan Africa ,Lower middle income,IDA,28.2937,-15.3982
3967,2023,102.06156495632,Mobile cellular subscriptions (per 100 people),ZM,Zambia,Sub-Saharan Africa ,Lower middle income,IDA,28.2937,-15.3982
3968,2022,98.4372601156219,Mobile cellular subscriptions (per 100 people),ZM,Zambia,Sub-Saharan Africa ,Lower middle income,IDA,28.2937,-15.3982
3969,2021,103.28257957834,Mobile cellular subscriptions (per 100 people),ZM,Zambia,Sub-Saharan Africa ,Lower middle income,IDA,28.2937,-15.3982
3970,2025,,Mobile cellular subscriptions (per 100 people),ZW,Zimbabwe,Sub-Saharan Africa ,Lower middle income,Blend,31.0672,-17.8312
3971,2024,94.2451753366358,Mobile cellular subscriptions (per 100 people),ZW,Zimbabwe,Sub-Saharan Africa ,Lower middle income,Blend,31.0672,-17.8312
3972,2023,91.6344110473757,Mobile cellular subscriptions (per 100 people),ZW,Zimbabwe,Sub-Saharan Africa ,Lower middle income,Blend,31.0672,-17.8312
3973,2022,88.9958314912836,Mobile cellular subscriptions (per 100 people),ZW,Zimbabwe,Sub-Saharan Africa ,Lower middle income,Blend,31.0672,-17.8312
3974,2021,90.2538486226365,Mobile cellular subscriptions (per 100 people),ZW,Zimbabwe,Sub-Saharan Africa ,Lower middle income,Blend,31.0672,-17.8312
