,year,value,indicator_value,country_id,country_value,region,incomeLevel,lendingType,longitude,latitude
0,2025,347371312400.777,Exports of goods and services (current US$),ZH,Africa Eastern and Southern,Aggregates,Aggregates,Aggregates,,
1,2024,319674188232.428,Exports of goods and services (current US$),ZH,Africa Eastern and Southern,Aggregates,Aggregates,Aggregates,,
2,2023,308463685063.397,Exports of goods and services (current US$),ZH,Africa Eastern and Southern,Aggregates,Aggregates,Aggregates,,
3,2022,331550256662.314,Exports of goods and services (current US$),ZH,Africa Eastern and Southern,Aggregates,Aggregates,Aggregates,,
4,2021,286371016984.617,Exports of goods and services (current US$),ZH,Africa Eastern and Southern,Aggregates,Aggregates,Aggregates,,
5,2020,208274988470.384,Exports of goods and services (current US$),ZH,Africa Eastern and Southern,Aggregates,Aggregates,Aggregates,,
6,2019,244123356176.254,Exports of goods and services (current US$),ZH,Africa Eastern and Southern,Aggregates,Aggregates,Aggregates,,
7,2018,258933955173.15,Exports of goods and services (current US$),ZH,Africa Eastern and Southern,Aggregates,Aggregates,Aggregates,,
8,2017,233010739617.521,Exports of goods and services (current US$),ZH,Africa Eastern and Southern,Aggregates,Aggregates,Aggregates,,
9,2016,197213708107.097,Exports of goods and services (current US$),ZH,Africa Eastern and Southern,Aggregates,Aggregates,Aggregates,,
10,2025,,Exports of goods and services (current US$),ZI,Africa Western and Central,Aggregates,Aggregates,Aggregates,,
11,2024,,Exports of goods and services (current US$),ZI,Africa Western and Central,Aggregates,Aggregates,Aggregates,,
12,2023,,Exports of goods and services (current US$),ZI,Africa Western and Central,Aggregates,Aggregates,Aggregates,,
13,2022,,Exports of goods and services (current US$),ZI,Africa Western and Central,Aggregates,Aggregates,Aggregates,,
14,2021,,Exports of goods and services (current US$),ZI,Africa Western and Central,Aggregates,Aggregates,Aggregates,,
15,2020,,Exports of goods and services (current US$),ZI,Africa Western and Central,Aggregates,Aggregates,Aggregates,,
16,2019,,Exports of goods and services (current US$),ZI,Africa Western and Central,Aggregates,Aggregates,Aggregates,,
17,2018,,Exports of goods and services (current US$),ZI,Africa Western and Central,Aggregates,Aggregates,Aggregates,,
18,2017,,Exports of goods and services (current US$),ZI,Africa Western and Central,Aggregates,Aggregates,Aggregates,,
19,2016,,Exports of goods and services (current US$),ZI,Africa Western and Central,Aggregates,Aggregates,Aggregates,,
20,2025,,Exports of goods and services (current US$),1A,Arab World,Aggregates,Aggregates,Aggregates,,
21,2024,,Exports of goods and services (current US$),1A,Arab World,Aggregates,Aggregates,Aggregates,,
22,2023,1694145367306.17,Exports of goods and services (current US$),1A,Arab World,Aggregates,Aggregates,Aggregates,,
23,2022,1788243825591.22,Exports of goods and services (current US$),1A,Arab World,Aggregates,Aggregates,Aggregates,,
24,2021,1278077127514.27,Exports of goods and services (current US$),1A,Arab World,Aggregates,Aggregates,Aggregates,,
25,2020,929568573752.049,Exports of goods and services (current US$),1A,Arab World,Aggregates,Aggregates,Aggregates,,
26,2019,1245142173332.7,Exports of goods and services (current US$),1A,Arab World,Aggregates,Aggregates,Aggregates,,
27,2018,1293680754339.0,Exports of goods and services (current US$),1A,Arab World,Aggregates,Aggregates,Aggregates,,
28,2017,1086646434836.1,Exports of goods and services (current US$),1A,Arab World,Aggregates,Aggregates,Aggregates,,
29,2016,948507106263.179,Exports of goods and services (current US$),1A,Arab World,Aggregates,Aggregates,Aggregates,,
30,2025,,Exports of goods and services (current US$),S3,Caribbean small states,Aggregates,Aggregates,Aggregates,,
31,2024,,Exports of goods and services (current US$),S3,Caribbean small states,Aggregates,Aggregates,Aggregates,,
32,2023,,Exports of goods and services (current US$),S3,Caribbean small states,Aggregates,Aggregates,Aggregates,,
33,2022,,Exports of goods and services (current US$),S3,Caribbean small states,Aggregates,Aggregates,Aggregates,,
34,2021,,Exports of goods and services (current US$),S3,Caribbean small states,Aggregates,Aggregates,Aggregates,,
35,2020,,Exports of goods and services (current US$),S3,Caribbean small states,Aggregates,Aggregates,Aggregates,,
36,2019,,Exports of goods and services (current US$),S3,Caribbean small states,Aggregates,Aggregates,Aggregates,,
37,2018,,Exports of goods and services (current US$),S3,Caribbean small states,Aggregates,Aggregates,Aggregates,,
38,2017,,Exports of goods and services (current US$),S3,Caribbean small states,Aggregates,Aggregates,Aggregates,,
39,2016,,Exports of goods and services (current US$),S3,Caribbean small states,Aggregates,Aggregates,Aggregates,,
40,2025,1557798203708.72,Exports of goods and services (current US$),B8,Central Europe and the Baltics,Aggregates,Aggregates,Aggregates,,
41,2024,1438334518388.46,Exports of goods and services (current US$),B8,Central Europe and the Baltics,Aggregates,Aggregates,Aggregates,,
42,2023,1426026919121.61,Exports of goods and services (current US$),B8,Central Europe and the Baltics,Aggregates,Aggregates,Aggregates,,
43,2022,1341186295975.17,Exports of goods and services (current US$),B8,Central Europe and the Baltics,Aggregates,Aggregates,Aggregates,,
44,2021,1215866380973.72,Exports of goods and services (current US$),B8,Central Europe and the Baltics,Aggregates,Aggregates,Aggregates,,
45,2020,984788674735.239,Exports of goods and services (current US$),B8,Central Europe and the Baltics,Aggregates,Aggregates,Aggregates,,
46,2019,1040654835917.88,Exports of goods and services (current US$),B8,Central Europe and the Baltics,Aggregates,Aggregates,Aggregates,,
47,2018,1042008116805.89,Exports of goods and services (current US$),B8,Central Europe and the Baltics,Aggregates,Aggregates,Aggregates,,
48,2017,929211390030.223,Exports of goods and services (current US$),B8,Central Europe and the Baltics,Aggregates,Aggregates,Aggregates,,
49,2016,822184666105.749,Exports of goods and services (current US$),B8,Central Europe and the Baltics,Aggregates,Aggregates,Aggregates,,
50,2025,4215516070802.53,Exports of goods and services (current US$),V2,Early-demographic dividend,Aggregates,Aggregates,Aggregates,,
51,2024,3986378336776.57,Exports of goods and services (current US$),V2,Early-demographic dividend,Aggregates,Aggregates,Aggregates,,
52,2023,3863572956731.26,Exports of goods and services (current US$),V2,Early-demographic dividend,Aggregates,Aggregates,Aggregates,,
53,2022,3981592322814.38,Exports of goods and services (current US$),V2,Early-demographic dividend,Aggregates,Aggregates,Aggregates,,
54,2021,3248375413124.99,Exports of goods and services (current US$),V2,Early-demographic dividend,Aggregates,Aggregates,Aggregates,,
55,2020,2421338261308.34,Exports of goods and services (current US$),V2,Early-demographic dividend,Aggregates,Aggregates,Aggregates,,
56,2019,2908197796671.28,Exports of goods and services (current US$),V2,Early-demographic dividend,Aggregates,Aggregates,Aggregates,,
57,2018,2982323217848.88,Exports of goods and services (current US$),V2,Early-demographic dividend,Aggregates,Aggregates,Aggregates,,
58,2017,2685778820368.91,Exports of goods and services (current US$),V2,Early-demographic dividend,Aggregates,Aggregates,Aggregates,,
59,2016,2378138886335.24,Exports of goods and services (current US$),V2,Early-demographic dividend,Aggregates,Aggregates,Aggregates,,
60,2025,10950945357715.1,Exports of goods and services (current US$),Z4,East Asia & Pacific,Aggregates,Aggregates,Aggregates,,
61,2024,10021440747669.2,Exports of goods and services (current US$),Z4,East Asia & Pacific,Aggregates,Aggregates,Aggregates,,
62,2023,9376420895993.1,Exports of goods and services (current US$),Z4,East Asia & Pacific,Aggregates,Aggregates,Aggregates,,
63,2022,9690747062040.52,Exports of goods and services (current US$),Z4,East Asia & Pacific,Aggregates,Aggregates,Aggregates,,
64,2021,9035020633831.03,Exports of goods and services (current US$),Z4,East Asia & Pacific,Aggregates,Aggregates,Aggregates,,
65,2020,7240519396604.81,Exports of goods and services (current US$),Z4,East Asia & Pacific,Aggregates,Aggregates,Aggregates,,
66,2019,7557126900021.46,Exports of goods and services (current US$),Z4,East Asia & Pacific,Aggregates,Aggregates,Aggregates,,
67,2018,7707550916603.27,Exports of goods and services (current US$),Z4,East Asia & Pacific,Aggregates,Aggregates,Aggregates,,
68,2017,7096062820221.19,Exports of goods and services (current US$),Z4,East Asia & Pacific,Aggregates,Aggregates,Aggregates,,
69,2016,6413533781588.69,Exports of goods and services (current US$),Z4,East Asia & Pacific,Aggregates,Aggregates,Aggregates,,
70,2025,5933158784747.68,Exports of goods and services (current US$),4E,East Asia & Pacific (excluding high income),Aggregates,Aggregates,Aggregates,,
71,2024,5464702789542.71,Exports of goods and services (current US$),4E,East Asia & Pacific (excluding high income),Aggregates,Aggregates,Aggregates,,
72,2023,5046365120857.53,Exports of goods and services (current US$),4E,East Asia & Pacific (excluding high income),Aggregates,Aggregates,Aggregates,,
73,2022,5261215049052.5,Exports of goods and services (current US$),4E,East Asia & Pacific (excluding high income),Aggregates,Aggregates,Aggregates,,
74,2021,4882796762398.59,Exports of goods and services (current US$),4E,East Asia & Pacific (excluding high income),Aggregates,Aggregates,Aggregates,,
75,2020,3839515420531.83,Exports of goods and services (current US$),4E,East Asia & Pacific (excluding high income),Aggregates,Aggregates,Aggregates,,
76,2019,3873025271427.03,Exports of goods and services (current US$),4E,East Asia & Pacific (excluding high income),Aggregates,Aggregates,Aggregates,,
77,2018,3882654906002.09,Exports of goods and services (current US$),4E,East Asia & Pacific (excluding high income),Aggregates,Aggregates,Aggregates,,
78,2017,3544640440271.85,Exports of goods and services (current US$),4E,East Asia & Pacific (excluding high income),Aggregates,Aggregates,Aggregates,,
79,2016,3186230899742.27,Exports of goods and services (current US$),4E,East Asia & Pacific (excluding high income),Aggregates,Aggregates,Aggregates,,
80,2025,5925439615083.3,Exports of goods and services (current US$),T4,East Asia & Pacific (IDA & IBRD countries),Aggregates,Aggregates,Aggregates,,
81,2024,5457582669696.12,Exports of goods and services (current US$),T4,East Asia & Pacific (IDA & IBRD countries),Aggregates,Aggregates,Aggregates,,
82,2023,5039747852810.55,Exports of goods and services (current US$),T4,East Asia & Pacific (IDA & IBRD countries),Aggregates,Aggregates,Aggregates,,
83,2022,5254292021876.32,Exports of goods and services (current US$),T4,East Asia & Pacific (IDA & IBRD countries),Aggregates,Aggregates,Aggregates,,
84,2021,4876329369734.17,Exports of goods and services (current US$),T4,East Asia & Pacific (IDA & IBRD countries),Aggregates,Aggregates,Aggregates,,
85,2020,3834490398714.41,Exports of goods and services (current US$),T4,East Asia & Pacific (IDA & IBRD countries),Aggregates,Aggregates,Aggregates,,
86,2019,3868024844014.43,Exports of goods and services (current US$),T4,East Asia & Pacific (IDA & IBRD countries),Aggregates,Aggregates,Aggregates,,
87,2018,3877652994502.9,Exports of goods and services (current US$),T4,East Asia & Pacific (IDA & IBRD countries),Aggregates,Aggregates,Aggregates,,
88,2017,3540094081895.99,Exports of goods and services (current US$),T4,East Asia & Pacific (IDA & IBRD countries),Aggregates,Aggregates,Aggregates,,
89,2016,3182183469358.77,Exports of goods and services (current US$),T4,East Asia & Pacific (IDA & IBRD countries),Aggregates,Aggregates,Aggregates,,
90,2025,8747504036242.87,Exports of goods and services (current US$),XC,Euro area,Aggregates,Aggregates,Aggregates,,
91,2024,8167271217710.07,Exports of goods and services (current US$),XC,Euro area,Aggregates,Aggregates,Aggregates,,
92,2023,8041468643577.99,Exports of goods and services (current US$),XC,Euro area,Aggregates,Aggregates,Aggregates,,
93,2022,7878772641197.74,Exports of goods and services (current US$),XC,Euro area,Aggregates,Aggregates,Aggregates,,
94,2021,7297801379483.43,Exports of goods and services (current US$),XC,Euro area,Aggregates,Aggregates,Aggregates,,
95,2020,5966584503860.19,Exports of goods and services (current US$),XC,Euro area,Aggregates,Aggregates,Aggregates,,
96,2019,6487300417645.26,Exports of goods and services (current US$),XC,Euro area,Aggregates,Aggregates,Aggregates,,
97,2018,6578433094225.94,Exports of goods and services (current US$),XC,Euro area,Aggregates,Aggregates,Aggregates,,
98,2017,5988047452658.1,Exports of goods and services (current US$),XC,Euro area,Aggregates,Aggregates,Aggregates,,
99,2016,5452718215487.71,Exports of goods and services (current US$),XC,Euro area,Aggregates,Aggregates,Aggregates,,
100,2025,14105638087316.6,Exports of goods and services (current US$),Z7,Europe & Central Asia,Aggregates,Aggregates,Aggregates,,
101,2024,13154498902550.3,Exports of goods and services (current US$),Z7,Europe & Central Asia,Aggregates,Aggregates,Aggregates,,
102,2023,12856898085901.9,Exports of goods and services (current US$),Z7,Europe & Central Asia,Aggregates,Aggregates,Aggregates,,
103,2022,12855533778579.1,Exports of goods and services (current US$),Z7,Europe & Central Asia,Aggregates,Aggregates,Aggregates,,
104,2021,11617426769139.6,Exports of goods and services (current US$),Z7,Europe & Central Asia,Aggregates,Aggregates,Aggregates,,
105,2020,9362651222104.18,Exports of goods and services (current US$),Z7,Europe & Central Asia,Aggregates,Aggregates,Aggregates,,
106,2019,10277599155582.4,Exports of goods and services (current US$),Z7,Europe & Central Asia,Aggregates,Aggregates,Aggregates,,
107,2018,10412405062003.9,Exports of goods and services (current US$),Z7,Europe & Central Asia,Aggregates,Aggregates,Aggregates,,
108,2017,9407008979942.48,Exports of goods and services (current US$),Z7,Europe & Central Asia,Aggregates,Aggregates,Aggregates,,
109,2016,8558388712409.88,Exports of goods and services (current US$),Z7,Europe & Central Asia,Aggregates,Aggregates,Aggregates,,
110,2025,817100367027.836,Exports of goods and services (current US$),7E,Europe & Central Asia (excluding high income),Aggregates,Aggregates,Aggregates,,
111,2024,781334239135.559,Exports of goods and services (current US$),7E,Europe & Central Asia (excluding high income),Aggregates,Aggregates,Aggregates,,
112,2023,751133928317.819,Exports of goods and services (current US$),7E,Europe & Central Asia (excluding high income),Aggregates,Aggregates,Aggregates,,
113,2022,741610011650.466,Exports of goods and services (current US$),7E,Europe & Central Asia (excluding high income),Aggregates,Aggregates,Aggregates,,
114,2021,626681490209.651,Exports of goods and services (current US$),7E,Europe & Central Asia (excluding high income),Aggregates,Aggregates,Aggregates,,
115,2020,458756762480.894,Exports of goods and services (current US$),7E,Europe & Central Asia (excluding high income),Aggregates,Aggregates,Aggregates,,
116,2019,551243122705.044,Exports of goods and services (current US$),7E,Europe & Central Asia (excluding high income),Aggregates,Aggregates,Aggregates,,
117,2018,538599338614.224,Exports of goods and services (current US$),7E,Europe & Central Asia (excluding high income),Aggregates,Aggregates,Aggregates,,
118,2017,476013971379.994,Exports of goods and services (current US$),7E,Europe & Central Asia (excluding high income),Aggregates,Aggregates,Aggregates,,
119,2016,414549208446.019,Exports of goods and services (current US$),7E,Europe & Central Asia (excluding high income),Aggregates,Aggregates,Aggregates,,
120,2025,2069129618677.17,Exports of goods and services (current US$),T7,Europe & Central Asia (IDA & IBRD countries),Aggregates,Aggregates,Aggregates,,
121,2024,1984826367766.21,Exports of goods and services (current US$),T7,Europe & Central Asia (IDA & IBRD countries),Aggregates,Aggregates,Aggregates,,
122,2023,1932185782912.42,Exports of goods and services (current US$),T7,Europe & Central Asia (IDA & IBRD countries),Aggregates,Aggregates,Aggregates,,
123,2022,2044792143541.05,Exports of goods and services (current US$),T7,Europe & Central Asia (IDA & IBRD countries),Aggregates,Aggregates,Aggregates,,
124,2021,1771120919959.84,Exports of goods and services (current US$),T7,Europe & Central Asia (IDA & IBRD countries),Aggregates,Aggregates,Aggregates,,
125,2020,1313920766209.32,Exports of goods and services (current US$),T7,Europe & Central Asia (IDA & IBRD countries),Aggregates,Aggregates,Aggregates,,
126,2019,1525702645620.25,Exports of goods and services (current US$),T7,Europe & Central Asia (IDA & IBRD countries),Aggregates,Aggregates,Aggregates,,
127,2018,1534417252841.52,Exports of goods and services (current US$),T7,Europe & Central Asia (IDA & IBRD countries),Aggregates,Aggregates,Aggregates,,
128,2017,1315942714992.76,Exports of goods and services (current US$),T7,Europe & Central Asia (IDA & IBRD countries),Aggregates,Aggregates,Aggregates,,
129,2016,1118423327915.65,Exports of goods and services (current US$),T7,Europe & Central Asia (IDA & IBRD countries),Aggregates,Aggregates,Aggregates,,
130,2025,10538060548522.1,Exports of goods and services (current US$),EU,European Union,Aggregates,Aggregates,Aggregates,,
131,2024,9822201178200.51,Exports of goods and services (current US$),EU,European Union,Aggregates,Aggregates,Aggregates,,
132,2023,9657673463872.34,Exports of goods and services (current US$),EU,European Union,Aggregates,Aggregates,Aggregates,,
133,2022,9413958690932.8,Exports of goods and services (current US$),EU,European Union,Aggregates,Aggregates,Aggregates,,
134,2021,8698129221545.22,Exports of goods and services (current US$),EU,European Union,Aggregates,Aggregates,Aggregates,,
135,2020,7107616031188.83,Exports of goods and services (current US$),EU,European Union,Aggregates,Aggregates,Aggregates,,
136,2019,7684157673460.92,Exports of goods and services (current US$),EU,European Union,Aggregates,Aggregates,Aggregates,,
137,2018,7769972703793.73,Exports of goods and services (current US$),EU,European Union,Aggregates,Aggregates,Aggregates,,
138,2017,7063726189936.99,Exports of goods and services (current US$),EU,European Union,Aggregates,Aggregates,Aggregates,,
139,2016,6421421883139.11,Exports of goods and services (current US$),EU,European Union,Aggregates,Aggregates,Aggregates,,
140,2025,310691060959.352,Exports of goods and services (current US$),XE,Heavily indebted poor countries (HIPC),Aggregates,Aggregates,Aggregates,,
141,2024,259840446597.413,Exports of goods and services (current US$),XE,Heavily indebted poor countries (HIPC),Aggregates,Aggregates,Aggregates,,
142,2023,239192229365.911,Exports of goods and services (current US$),XE,Heavily indebted poor countries (HIPC),Aggregates,Aggregates,Aggregates,,
143,2022,239658596550.731,Exports of goods and services (current US$),XE,Heavily indebted poor countries (HIPC),Aggregates,Aggregates,Aggregates,,
144,2021,210472086809.418,Exports of goods and services (current US$),XE,Heavily indebted poor countries (HIPC),Aggregates,Aggregates,Aggregates,,
145,2020,166761981608.988,Exports of goods and services (current US$),XE,Heavily indebted poor countries (HIPC),Aggregates,Aggregates,Aggregates,,
146,2019,184981062812.827,Exports of goods and services (current US$),XE,Heavily indebted poor countries (HIPC),Aggregates,Aggregates,Aggregates,,
147,2018,183469415862.925,Exports of goods and services (current US$),XE,Heavily indebted poor countries (HIPC),Aggregates,Aggregates,Aggregates,,
148,2017,163302984129.295,Exports of goods and services (current US$),XE,Heavily indebted poor countries (HIPC),Aggregates,Aggregates,Aggregates,,
149,2016,144938492472.529,Exports of goods and services (current US$),XE,Heavily indebted poor countries (HIPC),Aggregates,Aggregates,Aggregates,,
150,2025,24406365006080.1,Exports of goods and services (current US$),XD,High income,Aggregates,Aggregates,Aggregates,,
151,2024,22701262386811.6,Exports of goods and services (current US$),XD,High income,Aggregates,Aggregates,Aggregates,,
152,2023,22026521366016.1,Exports of goods and services (current US$),XD,High income,Aggregates,Aggregates,Aggregates,,
153,2022,22166935443435.6,Exports of goods and services (current US$),XD,High income,Aggregates,Aggregates,Aggregates,,
154,2021,19750785573877.9,Exports of goods and services (current US$),XD,High income,Aggregates,Aggregates,Aggregates,,
155,2020,16027924850378.5,Exports of goods and services (current US$),XD,High income,Aggregates,Aggregates,Aggregates,,
156,2019,17823663192108.4,Exports of goods and services (current US$),XD,High income,Aggregates,Aggregates,Aggregates,,
157,2018,18145500841199.0,Exports of goods and services (current US$),XD,High income,Aggregates,Aggregates,Aggregates,,
158,2017,16587312920961.9,Exports of goods and services (current US$),XD,High income,Aggregates,Aggregates,Aggregates,,
159,2016,15168016295489.9,Exports of goods and services (current US$),XD,High income,Aggregates,Aggregates,Aggregates,,
160,2025,11252591347336.9,Exports of goods and services (current US$),XF,IBRD only,Aggregates,Aggregates,Aggregates,,
161,2024,10541343458928.9,Exports of goods and services (current US$),XF,IBRD only,Aggregates,Aggregates,Aggregates,,
162,2023,9961488165593.61,Exports of goods and services (current US$),XF,IBRD only,Aggregates,Aggregates,Aggregates,,
163,2022,10331539293036.7,Exports of goods and services (current US$),XF,IBRD only,Aggregates,Aggregates,Aggregates,,
164,2021,9163846676204.03,Exports of goods and services (current US$),XF,IBRD only,Aggregates,Aggregates,Aggregates,,
165,2020,7025840790050.23,Exports of goods and services (current US$),XF,IBRD only,Aggregates,Aggregates,Aggregates,,
166,2019,7630659794472.56,Exports of goods and services (current US$),XF,IBRD only,Aggregates,Aggregates,Aggregates,,
167,2018,7743120710922.68,Exports of goods and services (current US$),XF,IBRD only,Aggregates,Aggregates,Aggregates,,
168,2017,6954964005439.42,Exports of goods and services (current US$),XF,IBRD only,Aggregates,Aggregates,Aggregates,,
169,2016,6155405863660.46,Exports of goods and services (current US$),XF,IBRD only,Aggregates,Aggregates,Aggregates,,
170,2025,11958471133569.1,Exports of goods and services (current US$),ZT,IDA & IBRD total,Aggregates,Aggregates,Aggregates,,
171,2024,11175920722090.8,Exports of goods and services (current US$),ZT,IDA & IBRD total,Aggregates,Aggregates,Aggregates,,
172,2023,10558134697889.8,Exports of goods and services (current US$),ZT,IDA & IBRD total,Aggregates,Aggregates,Aggregates,,
173,2022,10934043460294.4,Exports of goods and services (current US$),ZT,IDA & IBRD total,Aggregates,Aggregates,Aggregates,,
174,2021,9682176783756.76,Exports of goods and services (current US$),ZT,IDA & IBRD total,Aggregates,Aggregates,Aggregates,,
175,2020,7442351263559.8,Exports of goods and services (current US$),ZT,IDA & IBRD total,Aggregates,Aggregates,Aggregates,,
176,2019,8098922309820.06,Exports of goods and services (current US$),ZT,IDA & IBRD total,Aggregates,Aggregates,Aggregates,,
177,2018,8203311894995.42,Exports of goods and services (current US$),ZT,IDA & IBRD total,Aggregates,Aggregates,Aggregates,,
178,2017,7376036842564.83,Exports of goods and services (current US$),ZT,IDA & IBRD total,Aggregates,Aggregates,Aggregates,,
179,2016,6527086249266.03,Exports of goods and services (current US$),ZT,IDA & IBRD total,Aggregates,Aggregates,Aggregates,,
180,2025,,Exports of goods and services (current US$),XH,IDA blend,Aggregates,Aggregates,Aggregates,,
181,2024,,Exports of goods and services (current US$),XH,IDA blend,Aggregates,Aggregates,Aggregates,,
182,2023,,Exports of goods and services (current US$),XH,IDA blend,Aggregates,Aggregates,Aggregates,,
183,2022,,Exports of goods and services (current US$),XH,IDA blend,Aggregates,Aggregates,Aggregates,,
184,2021,,Exports of goods and services (current US$),XH,IDA blend,Aggregates,Aggregates,Aggregates,,
185,2020,,Exports of goods and services (current US$),XH,IDA blend,Aggregates,Aggregates,Aggregates,,
186,2019,,Exports of goods and services (current US$),XH,IDA blend,Aggregates,Aggregates,Aggregates,,
187,2018,,Exports of goods and services (current US$),XH,IDA blend,Aggregates,Aggregates,Aggregates,,
188,2017,,Exports of goods and services (current US$),XH,IDA blend,Aggregates,Aggregates,Aggregates,,
189,2016,,Exports of goods and services (current US$),XH,IDA blend,Aggregates,Aggregates,Aggregates,,
190,2025,439761984290.194,Exports of goods and services (current US$),XI,IDA only,Aggregates,Aggregates,Aggregates,,
191,2024,386457723990.58,Exports of goods and services (current US$),XI,IDA only,Aggregates,Aggregates,Aggregates,,
192,2023,367561432116.947,Exports of goods and services (current US$),XI,IDA only,Aggregates,Aggregates,Aggregates,,
193,2022,365039604716.32,Exports of goods and services (current US$),XI,IDA only,Aggregates,Aggregates,Aggregates,,
194,2021,315296554812.47,Exports of goods and services (current US$),XI,IDA only,Aggregates,Aggregates,Aggregates,,
195,2020,256772443165.363,Exports of goods and services (current US$),XI,IDA only,Aggregates,Aggregates,Aggregates,,
196,2019,289835686398.075,Exports of goods and services (current US$),XI,IDA only,Aggregates,Aggregates,Aggregates,,
197,2018,278686492085.111,Exports of goods and services (current US$),XI,IDA only,Aggregates,Aggregates,Aggregates,,
198,2017,254084583850.239,Exports of goods and services (current US$),XI,IDA only,Aggregates,Aggregates,Aggregates,,
199,2016,228187085148.134,Exports of goods and services (current US$),XI,IDA only,Aggregates,Aggregates,Aggregates,,
200,2025,756149974462.913,Exports of goods and services (current US$),XG,IDA total,Aggregates,Aggregates,Aggregates,,
201,2024,667097581014.372,Exports of goods and services (current US$),XG,IDA total,Aggregates,Aggregates,Aggregates,,
202,2023,626247459053.897,Exports of goods and services (current US$),XG,IDA total,Aggregates,Aggregates,Aggregates,,
203,2022,627222427696.74,Exports of goods and services (current US$),XG,IDA total,Aggregates,Aggregates,Aggregates,,
204,2021,534429130839.556,Exports of goods and services (current US$),XG,IDA total,Aggregates,Aggregates,Aggregates,,
205,2020,435535316906.195,Exports of goods and services (current US$),XG,IDA total,Aggregates,Aggregates,Aggregates,,
206,2019,494618479475.895,Exports of goods and services (current US$),XG,IDA total,Aggregates,Aggregates,Aggregates,,
207,2018,481573202057.069,Exports of goods and services (current US$),XG,IDA total,Aggregates,Aggregates,Aggregates,,
208,2017,443044597426.382,Exports of goods and services (current US$),XG,IDA total,Aggregates,Aggregates,Aggregates,,
209,2016,390768919827.307,Exports of goods and services (current US$),XG,IDA total,Aggregates,Aggregates,Aggregates,,
210,2025,9973708911895.42,Exports of goods and services (current US$),V3,Late-demographic dividend,Aggregates,Aggregates,Aggregates,,
211,2024,9213585839150.34,Exports of goods and services (current US$),V3,Late-demographic dividend,Aggregates,Aggregates,Aggregates,,
212,2023,8607322386788.13,Exports of goods and services (current US$),V3,Late-demographic dividend,Aggregates,Aggregates,Aggregates,,
213,2022,8880792509663.57,Exports of goods and services (current US$),V3,Late-demographic dividend,Aggregates,Aggregates,Aggregates,,
214,2021,7974862014039.51,Exports of goods and services (current US$),V3,Late-demographic dividend,Aggregates,Aggregates,Aggregates,,
215,2020,6266589890712.16,Exports of goods and services (current US$),V3,Late-demographic dividend,Aggregates,Aggregates,Aggregates,,
216,2019,6517990058748.61,Exports of goods and services (current US$),V3,Late-demographic dividend,Aggregates,Aggregates,Aggregates,,
217,2018,6547730047712.65,Exports of goods and services (current US$),V3,Late-demographic dividend,Aggregates,Aggregates,Aggregates,,
218,2017,5890794895276.36,Exports of goods and services (current US$),V3,Late-demographic dividend,Aggregates,Aggregates,Aggregates,,
219,2016,5248976795556.52,Exports of goods and services (current US$),V3,Late-demographic dividend,Aggregates,Aggregates,Aggregates,,
220,2025,1933775529013.06,Exports of goods and services (current US$),ZJ,Latin America & Caribbean,Aggregates,Aggregates,Aggregates,,
221,2024,1826478875234.03,Exports of goods and services (current US$),ZJ,Latin America & Caribbean,Aggregates,Aggregates,Aggregates,,
222,2023,1741440551371.73,Exports of goods and services (current US$),ZJ,Latin America & Caribbean,Aggregates,Aggregates,Aggregates,,
223,2022,1726032776862.11,Exports of goods and services (current US$),ZJ,Latin America & Caribbean,Aggregates,Aggregates,Aggregates,,
224,2021,1462994975553.97,Exports of goods and services (current US$),ZJ,Latin America & Caribbean,Aggregates,Aggregates,Aggregates,,
225,2020,1156995558315.17,Exports of goods and services (current US$),ZJ,Latin America & Caribbean,Aggregates,Aggregates,Aggregates,,
226,2019,1353792860649.69,Exports of goods and services (current US$),ZJ,Latin America & Caribbean,Aggregates,Aggregates,Aggregates,,
227,2018,1369096787936.69,Exports of goods and services (current US$),ZJ,Latin America & Caribbean,Aggregates,Aggregates,Aggregates,,
228,2017,1278964566873.52,Exports of goods and services (current US$),ZJ,Latin America & Caribbean,Aggregates,Aggregates,Aggregates,,
229,2016,1163154013505.03,Exports of goods and services (current US$),ZJ,Latin America & Caribbean,Aggregates,Aggregates,Aggregates,,
230,2025,1602436230858.73,Exports of goods and services (current US$),XJ,Latin America & Caribbean (excluding high income),Aggregates,Aggregates,Aggregates,,
231,2024,1511017083827.36,Exports of goods and services (current US$),XJ,Latin America & Caribbean (excluding high income),Aggregates,Aggregates,Aggregates,,
232,2023,1441984597140.41,Exports of goods and services (current US$),XJ,Latin America & Caribbean (excluding high income),Aggregates,Aggregates,Aggregates,,
233,2022,1432504285261.4,Exports of goods and services (current US$),XJ,Latin America & Caribbean (excluding high income),Aggregates,Aggregates,Aggregates,,
234,2021,1201874015285.31,Exports of goods and services (current US$),XJ,Latin America & Caribbean (excluding high income),Aggregates,Aggregates,Aggregates,,
235,2020,938097776231.047,Exports of goods and services (current US$),XJ,Latin America & Caribbean (excluding high income),Aggregates,Aggregates,Aggregates,,
236,2019,1115256040818.07,Exports of goods and services (current US$),XJ,Latin America & Caribbean (excluding high income),Aggregates,Aggregates,Aggregates,,
237,2018,1128037518825.85,Exports of goods and services (current US$),XJ,Latin America & Caribbean (excluding high income),Aggregates,Aggregates,Aggregates,,
238,2017,1038450782025.36,Exports of goods and services (current US$),XJ,Latin America & Caribbean (excluding high income),Aggregates,Aggregates,Aggregates,,
239,2016,937220490779.945,Exports of goods and services (current US$),XJ,Latin America & Caribbean (excluding high income),Aggregates,Aggregates,Aggregates,,
240,2025,1841196446084.32,Exports of goods and services (current US$),T2,Latin America & the Caribbean (IDA & IBRD countries),Aggregates,Aggregates,Aggregates,,
241,2024,1730537876631.34,Exports of goods and services (current US$),T2,Latin America & the Caribbean (IDA & IBRD countries),Aggregates,Aggregates,Aggregates,,
242,2023,1649082823968.64,Exports of goods and services (current US$),T2,Latin America & the Caribbean (IDA & IBRD countries),Aggregates,Aggregates,Aggregates,,
243,2022,1638693762575.43,Exports of goods and services (current US$),T2,Latin America & the Caribbean (IDA & IBRD countries),Aggregates,Aggregates,Aggregates,,
244,2021,1382685845180.57,Exports of goods and services (current US$),T2,Latin America & the Caribbean (IDA & IBRD countries),Aggregates,Aggregates,Aggregates,,
245,2020,1078856996615.62,Exports of goods and services (current US$),T2,Latin America & the Caribbean (IDA & IBRD countries),Aggregates,Aggregates,Aggregates,,
246,2019,1266138453421.29,Exports of goods and services (current US$),T2,Latin America & the Caribbean (IDA & IBRD countries),Aggregates,Aggregates,Aggregates,,
247,2018,1283236784425.52,Exports of goods and services (current US$),T2,Latin America & the Caribbean (IDA & IBRD countries),Aggregates,Aggregates,Aggregates,,
248,2017,1183043377889.85,Exports of goods and services (current US$),T2,Latin America & the Caribbean (IDA & IBRD countries),Aggregates,Aggregates,Aggregates,,
249,2016,1067545312595.77,Exports of goods and services (current US$),T2,Latin America & the Caribbean (IDA & IBRD countries),Aggregates,Aggregates,Aggregates,,
250,2025,358162886886.608,Exports of goods and services (current US$),XL,Least developed countries: UN classification,Aggregates,Aggregates,Aggregates,,
251,2024,317395175905.713,Exports of goods and services (current US$),XL,Least developed countries: UN classification,Aggregates,Aggregates,Aggregates,,
252,2023,312954318168.557,Exports of goods and services (current US$),XL,Least developed countries: UN classification,Aggregates,Aggregates,Aggregates,,
253,2022,327657568783.959,Exports of goods and services (current US$),XL,Least developed countries: UN classification,Aggregates,Aggregates,Aggregates,,
254,2021,271889616516.704,Exports of goods and services (current US$),XL,Least developed countries: UN classification,Aggregates,Aggregates,Aggregates,,
255,2020,212442019122.507,Exports of goods and services (current US$),XL,Least developed countries: UN classification,Aggregates,Aggregates,Aggregates,,
256,2019,239043498443.569,Exports of goods and services (current US$),XL,Least developed countries: UN classification,Aggregates,Aggregates,Aggregates,,
257,2018,233721486130.028,Exports of goods and services (current US$),XL,Least developed countries: UN classification,Aggregates,Aggregates,Aggregates,,
258,2017,200815809258.823,Exports of goods and services (current US$),XL,Least developed countries: UN classification,Aggregates,Aggregates,Aggregates,,
259,2016,175547500020.515,Exports of goods and services (current US$),XL,Least developed countries: UN classification,Aggregates,Aggregates,Aggregates,,
260,2025,10477512551743.6,Exports of goods and services (current US$),XO,Low & middle income,Aggregates,Aggregates,Aggregates,,
261,2024,9761149210788.79,Exports of goods and services (current US$),XO,Low & middle income,Aggregates,Aggregates,Aggregates,,
262,2023,9176686374060.52,Exports of goods and services (current US$),XO,Low & middle income,Aggregates,Aggregates,Aggregates,,
263,2022,9430146019775.41,Exports of goods and services (current US$),XO,Low & middle income,Aggregates,Aggregates,Aggregates,,
264,2021,8362183339053.26,Exports of goods and services (current US$),XO,Low & middle income,Aggregates,Aggregates,Aggregates,,
265,2020,6450900138175.68,Exports of goods and services (current US$),XO,Low & middle income,Aggregates,Aggregates,Aggregates,,
266,2019,6978369388262.46,Exports of goods and services (current US$),XO,Low & middle income,Aggregates,Aggregates,Aggregates,,
267,2018,7056861206428.98,Exports of goods and services (current US$),XO,Low & middle income,Aggregates,Aggregates,Aggregates,,
268,2017,6396951109805.96,Exports of goods and services (current US$),XO,Low & middle income,Aggregates,Aggregates,Aggregates,,
269,2016,5698638319210.11,Exports of goods and services (current US$),XO,Low & middle income,Aggregates,Aggregates,Aggregates,,
270,2025,151660095528.084,Exports of goods and services (current US$),XM,Low income,Aggregates,Aggregates,Aggregates,,
271,2024,121755792307.669,Exports of goods and services (current US$),XM,Low income,Aggregates,Aggregates,Aggregates,,
272,2023,108645867910.147,Exports of goods and services (current US$),XM,Low income,Aggregates,Aggregates,Aggregates,,
273,2022,109463955588.862,Exports of goods and services (current US$),XM,Low income,Aggregates,Aggregates,Aggregates,,
274,2021,94011619347.7731,Exports of goods and services (current US$),XM,Low income,Aggregates,Aggregates,Aggregates,,
275,2020,74294205111.01,Exports of goods and services (current US$),XM,Low income,Aggregates,Aggregates,Aggregates,,
276,2019,79132132969.2076,Exports of goods and services (current US$),XM,Low income,Aggregates,Aggregates,Aggregates,,
277,2018,81302048866.059,Exports of goods and services (current US$),XM,Low income,Aggregates,Aggregates,Aggregates,,
278,2017,70554692920.2223,Exports of goods and services (current US$),XM,Low income,Aggregates,Aggregates,Aggregates,,
279,2016,62368681637.9628,Exports of goods and services (current US$),XM,Low income,Aggregates,Aggregates,Aggregates,,
280,2025,1697797265606.54,Exports of goods and services (current US$),XN,Lower middle income,Aggregates,Aggregates,Aggregates,,
281,2024,1588684033238.65,Exports of goods and services (current US$),XN,Lower middle income,Aggregates,Aggregates,Aggregates,,
282,2023,1527009990309.86,Exports of goods and services (current US$),XN,Lower middle income,Aggregates,Aggregates,Aggregates,,
283,2022,1530662664768.83,Exports of goods and services (current US$),XN,Lower middle income,Aggregates,Aggregates,Aggregates,,
284,2021,1280653810226.96,Exports of goods and services (current US$),XN,Lower middle income,Aggregates,Aggregates,Aggregates,,
285,2020,988361975795.243,Exports of goods and services (current US$),XN,Lower middle income,Aggregates,Aggregates,Aggregates,,
286,2019,1125203144773.72,Exports of goods and services (current US$),XN,Lower middle income,Aggregates,Aggregates,Aggregates,,
287,2018,1129126425164.67,Exports of goods and services (current US$),XN,Lower middle income,Aggregates,Aggregates,Aggregates,,
288,2017,1027535404682.25,Exports of goods and services (current US$),XN,Lower middle income,Aggregates,Aggregates,Aggregates,,
289,2016,906790860445.881,Exports of goods and services (current US$),XN,Lower middle income,Aggregates,Aggregates,Aggregates,,
290,2025,,Exports of goods and services (current US$),ZQ,"Middle East, North Africa, Afghanistan & Pakistan",Aggregates,Aggregates,Aggregates,,
291,2024,,Exports of goods and services (current US$),ZQ,"Middle East, North Africa, Afghanistan & Pakistan",Aggregates,Aggregates,Aggregates,,
292,2023,2015672935396.33,Exports of goods and services (current US$),ZQ,"Middle East, North Africa, Afghanistan & Pakistan",Aggregates,Aggregates,Aggregates,,
293,2022,2118316845415.14,Exports of goods and services (current US$),ZQ,"Middle East, North Africa, Afghanistan & Pakistan",Aggregates,Aggregates,Aggregates,,
294,2021,1558251781899.41,Exports of goods and services (current US$),ZQ,"Middle East, North Africa, Afghanistan & Pakistan",Aggregates,Aggregates,Aggregates,,
295,2020,1136970224019.84,Exports of goods and services (current US$),ZQ,"Middle East, North Africa, Afghanistan & Pakistan",Aggregates,Aggregates,Aggregates,,
296,2019,1482973222340.06,Exports of goods and services (current US$),ZQ,"Middle East, North Africa, Afghanistan & Pakistan",Aggregates,Aggregates,Aggregates,,
297,2018,1572758406104.74,Exports of goods and services (current US$),ZQ,"Middle East, North Africa, Afghanistan & Pakistan",Aggregates,Aggregates,Aggregates,,
298,2017,1341544624745.13,Exports of goods and services (current US$),ZQ,"Middle East, North Africa, Afghanistan & Pakistan",Aggregates,Aggregates,Aggregates,,
299,2016,1177966089872.21,Exports of goods and services (current US$),ZQ,"Middle East, North Africa, Afghanistan & Pakistan",Aggregates,Aggregates,Aggregates,,
300,2025,537758037752.126,Exports of goods and services (current US$),XQ,"Middle East, North Africa, Afghanistan & Pakistan (excluding high income)",Aggregates,Aggregates,Aggregates,,
301,2024,539782706283.539,Exports of goods and services (current US$),XQ,"Middle East, North Africa, Afghanistan & Pakistan (excluding high income)",Aggregates,Aggregates,Aggregates,,
302,2023,544675429693.539,Exports of goods and services (current US$),XQ,"Middle East, North Africa, Afghanistan & Pakistan (excluding high income)",Aggregates,Aggregates,Aggregates,,
303,2022,574970883431.43,Exports of goods and services (current US$),XQ,"Middle East, North Africa, Afghanistan & Pakistan (excluding high income)",Aggregates,Aggregates,Aggregates,,
304,2021,417910595511.256,Exports of goods and services (current US$),XQ,"Middle East, North Africa, Afghanistan & Pakistan (excluding high income)",Aggregates,Aggregates,Aggregates,,
305,2020,290133786446.419,Exports of goods and services (current US$),XQ,"Middle East, North Africa, Afghanistan & Pakistan (excluding high income)",Aggregates,Aggregates,Aggregates,,
306,2019,418016246332.998,Exports of goods and services (current US$),XQ,"Middle East, North Africa, Afghanistan & Pakistan (excluding high income)",Aggregates,Aggregates,Aggregates,,
307,2018,469252703143.69,Exports of goods and services (current US$),XQ,"Middle East, North Africa, Afghanistan & Pakistan (excluding high income)",Aggregates,Aggregates,Aggregates,,
308,2017,389305956018.422,Exports of goods and services (current US$),XQ,"Middle East, North Africa, Afghanistan & Pakistan (excluding high income)",Aggregates,Aggregates,Aggregates,,
309,2016,328250993929.537,Exports of goods and services (current US$),XQ,"Middle East, North Africa, Afghanistan & Pakistan (excluding high income)",Aggregates,Aggregates,Aggregates,,
310,2025,534072577910.849,Exports of goods and services (current US$),T3,"Middle East, North Africa, Afghanistan & Pakistan (IDA & IBRD)",Aggregates,Aggregates,Aggregates,,
311,2024,536290834009.608,Exports of goods and services (current US$),T3,"Middle East, North Africa, Afghanistan & Pakistan (IDA & IBRD)",Aggregates,Aggregates,Aggregates,,
312,2023,541526549331.892,Exports of goods and services (current US$),T3,"Middle East, North Africa, Afghanistan & Pakistan (IDA & IBRD)",Aggregates,Aggregates,Aggregates,,
313,2022,571451601162.597,Exports of goods and services (current US$),T3,"Middle East, North Africa, Afghanistan & Pakistan (IDA & IBRD)",Aggregates,Aggregates,Aggregates,,
314,2021,414766535147.615,Exports of goods and services (current US$),T3,"Middle East, North Africa, Afghanistan & Pakistan (IDA & IBRD)",Aggregates,Aggregates,Aggregates,,
315,2020,287740847658.742,Exports of goods and services (current US$),T3,"Middle East, North Africa, Afghanistan & Pakistan (IDA & IBRD)",Aggregates,Aggregates,Aggregates,,
316,2019,415370934545.501,Exports of goods and services (current US$),T3,"Middle East, North Africa, Afghanistan & Pakistan (IDA & IBRD)",Aggregates,Aggregates,Aggregates,,
317,2018,466682856787.989,Exports of goods and services (current US$),T3,"Middle East, North Africa, Afghanistan & Pakistan (IDA & IBRD)",Aggregates,Aggregates,Aggregates,,
318,2017,386781075379.283,Exports of goods and services (current US$),T3,"Middle East, North Africa, Afghanistan & Pakistan (IDA & IBRD)",Aggregates,Aggregates,Aggregates,,
319,2016,326051056690.992,Exports of goods and services (current US$),T3,"Middle East, North Africa, Afghanistan & Pakistan (IDA & IBRD)",Aggregates,Aggregates,Aggregates,,
320,2025,10335312482102.6,Exports of goods and services (current US$),XP,Middle income,Aggregates,Aggregates,Aggregates,,
321,2024,9645266940071.38,Exports of goods and services (current US$),XP,Middle income,Aggregates,Aggregates,Aggregates,,
322,2023,9072677517270.16,Exports of goods and services (current US$),XP,Middle income,Aggregates,Aggregates,Aggregates,,
323,2022,9325114790387.62,Exports of goods and services (current US$),XP,Middle income,Aggregates,Aggregates,Aggregates,,
324,2021,8271682914912.49,Exports of goods and services (current US$),XP,Middle income,Aggregates,Aggregates,Aggregates,,
325,2020,6379485051394.29,Exports of goods and services (current US$),XP,Middle income,Aggregates,Aggregates,Aggregates,,
326,2019,6902195908887.22,Exports of goods and services (current US$),XP,Middle income,Aggregates,Aggregates,Aggregates,,
327,2018,6978712387179.28,Exports of goods and services (current US$),XP,Middle income,Aggregates,Aggregates,Aggregates,,
328,2017,6328858476083.37,Exports of goods and services (current US$),XP,Middle income,Aggregates,Aggregates,Aggregates,,
329,2016,5638394018839.99,Exports of goods and services (current US$),XP,Middle income,Aggregates,Aggregates,Aggregates,,
330,2025,,Exports of goods and services (current US$),XU,North America,Aggregates,Aggregates,Aggregates,,
331,2024,3957512099328.94,Exports of goods and services (current US$),XU,North America,Aggregates,Aggregates,Aggregates,,
332,2023,3810279327864.39,Exports of goods and services (current US$),XU,North America,Aggregates,Aggregates,Aggregates,,
333,2022,3782447084162.59,Exports of goods and services (current US$),XU,North America,Aggregates,Aggregates,Aggregates,,
334,2021,3202667095309.72,Exports of goods and services (current US$),XU,North America,Aggregates,Aggregates,Aggregates,,
335,2020,2655074011642.93,Exports of goods and services (current US$),XU,North America,Aggregates,Aggregates,Aggregates,,
336,2019,3107374259614.78,Exports of goods and services (current US$),XU,North America,Aggregates,Aggregates,Aggregates,,
337,2018,3099528499178.03,Exports of goods and services (current US$),XU,North America,Aggregates,Aggregates,Aggregates,,
338,2017,2910493528219.71,Exports of goods and services (current US$),XU,North America,Aggregates,Aggregates,Aggregates,,
339,2016,2720319379980.24,Exports of goods and services (current US$),XU,North America,Aggregates,Aggregates,Aggregates,,
340,2025,,Exports of goods and services (current US$),XY,Not classified,Aggregates,Aggregates,Aggregates,,
341,2024,,Exports of goods and services (current US$),XY,Not classified,Aggregates,Aggregates,Aggregates,,
342,2023,,Exports of goods and services (current US$),XY,Not classified,Aggregates,Aggregates,Aggregates,,
343,2022,,Exports of goods and services (current US$),XY,Not classified,Aggregates,Aggregates,Aggregates,,
344,2021,,Exports of goods and services (current US$),XY,Not classified,Aggregates,Aggregates,Aggregates,,
345,2020,,Exports of goods and services (current US$),XY,Not classified,Aggregates,Aggregates,Aggregates,,
346,2019,,Exports of goods and services (current US$),XY,Not classified,Aggregates,Aggregates,Aggregates,,
347,2018,,Exports of goods and services (current US$),XY,Not classified,Aggregates,Aggregates,Aggregates,,
348,2017,,Exports of goods and services (current US$),XY,Not classified,Aggregates,Aggregates,Aggregates,,
349,2016,,Exports of goods and services (current US$),XY,Not classified,Aggregates,Aggregates,Aggregates,,
350,2025,20496258555643.8,Exports of goods and services (current US$),OE,OECD members,Aggregates,Aggregates,Aggregates,,
351,2024,19222636138142.3,Exports of goods and services (current US$),OE,OECD members,Aggregates,Aggregates,Aggregates,,
352,2023,18729152835612.3,Exports of goods and services (current US$),OE,OECD members,Aggregates,Aggregates,Aggregates,,
353,2022,18552292551902.7,Exports of goods and services (current US$),OE,OECD members,Aggregates,Aggregates,Aggregates,,
354,2021,16617504093666.1,Exports of goods and services (current US$),OE,OECD members,Aggregates,Aggregates,Aggregates,,
355,2020,13637665504421.7,Exports of goods and services (current US$),OE,OECD members,Aggregates,Aggregates,Aggregates,,
356,2019,15101537609005.9,Exports of goods and services (current US$),OE,OECD members,Aggregates,Aggregates,Aggregates,,
357,2018,15276560519820.9,Exports of goods and services (current US$),OE,OECD members,Aggregates,Aggregates,Aggregates,,
358,2017,14036930620041.4,Exports of goods and services (current US$),OE,OECD members,Aggregates,Aggregates,Aggregates,,
359,2016,12894983290855.3,Exports of goods and services (current US$),OE,OECD members,Aggregates,Aggregates,Aggregates,,
360,2025,173668049289.731,Exports of goods and services (current US$),S4,Other small states,Aggregates,Aggregates,Aggregates,,
361,2024,159742648833.238,Exports of goods and services (current US$),S4,Other small states,Aggregates,Aggregates,Aggregates,,
362,2023,153366683550.92,Exports of goods and services (current US$),S4,Other small states,Aggregates,Aggregates,Aggregates,,
363,2022,152315912054.555,Exports of goods and services (current US$),S4,Other small states,Aggregates,Aggregates,Aggregates,,
364,2021,130630211584.378,Exports of goods and services (current US$),S4,Other small states,Aggregates,Aggregates,Aggregates,,
365,2020,98214523353.2905,Exports of goods and services (current US$),S4,Other small states,Aggregates,Aggregates,Aggregates,,
366,2019,111113203880.307,Exports of goods and services (current US$),S4,Other small states,Aggregates,Aggregates,Aggregates,,
367,2018,108849889687.235,Exports of goods and services (current US$),S4,Other small states,Aggregates,Aggregates,Aggregates,,
368,2017,97090306419.4152,Exports of goods and services (current US$),S4,Other small states,Aggregates,Aggregates,Aggregates,,
369,2016,85297742492.8881,Exports of goods and services (current US$),S4,Other small states,Aggregates,Aggregates,Aggregates,,
370,2025,,Exports of goods and services (current US$),S2,Pacific island small states,Aggregates,Aggregates,Aggregates,,
371,2024,5113646986.93274,Exports of goods and services (current US$),S2,Pacific island small states,Aggregates,Aggregates,Aggregates,,
372,2023,4748562904.13054,Exports of goods and services (current US$),S2,Pacific island small states,Aggregates,Aggregates,Aggregates,,
373,2022,3604158929.21691,Exports of goods and services (current US$),S2,Pacific island small states,Aggregates,Aggregates,Aggregates,,
374,2021,2357421787.36011,Exports of goods and services (current US$),S2,Pacific island small states,Aggregates,Aggregates,Aggregates,,
375,2020,2558742343.00194,Exports of goods and services (current US$),S2,Pacific island small states,Aggregates,Aggregates,Aggregates,,
376,2019,4501764333.8391,Exports of goods and services (current US$),S2,Pacific island small states,Aggregates,Aggregates,Aggregates,,
377,2018,4577291050.56115,Exports of goods and services (current US$),S2,Pacific island small states,Aggregates,Aggregates,Aggregates,,
378,2017,4197076195.94803,Exports of goods and services (current US$),S2,Pacific island small states,Aggregates,Aggregates,Aggregates,,
379,2016,3957377699.0133,Exports of goods and services (current US$),S2,Pacific island small states,Aggregates,Aggregates,Aggregates,,
380,2025,19481236904657.9,Exports of goods and services (current US$),V4,Post-demographic dividend,Aggregates,Aggregates,Aggregates,,
381,2024,18305391373965.2,Exports of goods and services (current US$),V4,Post-demographic dividend,Aggregates,Aggregates,Aggregates,,
382,2023,17815515078739.8,Exports of goods and services (current US$),V4,Post-demographic dividend,Aggregates,Aggregates,Aggregates,,
383,2022,17737795554341.2,Exports of goods and services (current US$),V4,Post-demographic dividend,Aggregates,Aggregates,Aggregates,,
384,2021,16023998784936.9,Exports of goods and services (current US$),V4,Post-demographic dividend,Aggregates,Aggregates,Aggregates,,
385,2020,13131502696684.0,Exports of goods and services (current US$),V4,Post-demographic dividend,Aggregates,Aggregates,Aggregates,,
386,2019,14652630515117.8,Exports of goods and services (current US$),V4,Post-demographic dividend,Aggregates,Aggregates,Aggregates,,
387,2018,14917687722541.8,Exports of goods and services (current US$),V4,Post-demographic dividend,Aggregates,Aggregates,Aggregates,,
388,2017,13722222636018.2,Exports of goods and services (current US$),V4,Post-demographic dividend,Aggregates,Aggregates,Aggregates,,
389,2016,12624922475626.2,Exports of goods and services (current US$),V4,Post-demographic dividend,Aggregates,Aggregates,Aggregates,,
390,2025,,Exports of goods and services (current US$),V1,Pre-demographic dividend,Aggregates,Aggregates,Aggregates,,
391,2024,454735778467.228,Exports of goods and services (current US$),V1,Pre-demographic dividend,Aggregates,Aggregates,Aggregates,,
392,2023,426099430298.259,Exports of goods and services (current US$),V1,Pre-demographic dividend,Aggregates,Aggregates,Aggregates,,
393,2022,470240098617.85,Exports of goods and services (current US$),V1,Pre-demographic dividend,Aggregates,Aggregates,Aggregates,,
394,2021,356529393452.209,Exports of goods and services (current US$),V1,Pre-demographic dividend,Aggregates,Aggregates,Aggregates,,
395,2020,255759855704.543,Exports of goods and services (current US$),V1,Pre-demographic dividend,Aggregates,Aggregates,Aggregates,,
396,2019,332589092672.185,Exports of goods and services (current US$),V1,Pre-demographic dividend,Aggregates,Aggregates,Aggregates,,
397,2018,345270062804.78,Exports of goods and services (current US$),V1,Pre-demographic dividend,Aggregates,Aggregates,Aggregates,,
398,2017,270844545842.761,Exports of goods and services (current US$),V1,Pre-demographic dividend,Aggregates,Aggregates,Aggregates,,
399,2016,222726647029.927,Exports of goods and services (current US$),V1,Pre-demographic dividend,Aggregates,Aggregates,Aggregates,,
400,2025,252774245493.117,Exports of goods and services (current US$),S1,Small states,Aggregates,Aggregates,Aggregates,,
401,2024,232557766309.773,Exports of goods and services (current US$),S1,Small states,Aggregates,Aggregates,Aggregates,,
402,2023,223065989028.966,Exports of goods and services (current US$),S1,Small states,Aggregates,Aggregates,Aggregates,,
403,2022,219043775093.47,Exports of goods and services (current US$),S1,Small states,Aggregates,Aggregates,Aggregates,,
404,2021,185117118029.311,Exports of goods and services (current US$),S1,Small states,Aggregates,Aggregates,Aggregates,,
405,2020,139975915568.427,Exports of goods and services (current US$),S1,Small states,Aggregates,Aggregates,Aggregates,,
406,2019,164269813843.829,Exports of goods and services (current US$),S1,Small states,Aggregates,Aggregates,Aggregates,,
407,2018,160888632919.209,Exports of goods and services (current US$),S1,Small states,Aggregates,Aggregates,Aggregates,,
408,2017,143733444326.447,Exports of goods and services (current US$),S1,Small states,Aggregates,Aggregates,Aggregates,,
409,2016,127542517141.89,Exports of goods and services (current US$),S1,Small states,Aggregates,Aggregates,Aggregates,,
410,2025,963111456539.326,Exports of goods and services (current US$),8S,South Asia,Aggregates,Aggregates,Aggregates,,
411,2024,906401259831.09,Exports of goods and services (current US$),8S,South Asia,Aggregates,Aggregates,Aggregates,,
412,2023,866125860375.541,Exports of goods and services (current US$),8S,South Asia,Aggregates,Aggregates,Aggregates,,
413,2022,865156845178.053,Exports of goods and services (current US$),8S,South Asia,Aggregates,Aggregates,Aggregates,,
414,2021,743836201565.426,Exports of goods and services (current US$),8S,South Asia,Aggregates,Aggregates,Aggregates,,
415,2020,556574706570.76,Exports of goods and services (current US$),8S,South Asia,Aggregates,Aggregates,Aggregates,,
416,2019,601932257495.011,Exports of goods and services (current US$),8S,South Asia,Aggregates,Aggregates,Aggregates,,
417,2018,606556260033.496,Exports of goods and services (current US$),8S,South Asia,Aggregates,Aggregates,Aggregates,,
418,2017,561326671494.767,Exports of goods and services (current US$),8S,South Asia,Aggregates,Aggregates,Aggregates,,
419,2016,499813729666.906,Exports of goods and services (current US$),8S,South Asia,Aggregates,Aggregates,Aggregates,,
420,2025,963111456539.326,Exports of goods and services (current US$),T5,South Asia (IDA & IBRD),Aggregates,Aggregates,Aggregates,,
421,2024,906401259831.09,Exports of goods and services (current US$),T5,South Asia (IDA & IBRD),Aggregates,Aggregates,Aggregates,,
422,2023,866125860375.541,Exports of goods and services (current US$),T5,South Asia (IDA & IBRD),Aggregates,Aggregates,Aggregates,,
423,2022,865156845178.053,Exports of goods and services (current US$),T5,South Asia (IDA & IBRD),Aggregates,Aggregates,Aggregates,,
424,2021,743836201565.426,Exports of goods and services (current US$),T5,South Asia (IDA & IBRD),Aggregates,Aggregates,Aggregates,,
425,2020,556574706570.76,Exports of goods and services (current US$),T5,South Asia (IDA & IBRD),Aggregates,Aggregates,Aggregates,,
426,2019,601932257495.011,Exports of goods and services (current US$),T5,South Asia (IDA & IBRD),Aggregates,Aggregates,Aggregates,,
427,2018,606556260033.496,Exports of goods and services (current US$),T5,South Asia (IDA & IBRD),Aggregates,Aggregates,Aggregates,,
428,2017,561326671494.767,Exports of goods and services (current US$),T5,South Asia (IDA & IBRD),Aggregates,Aggregates,Aggregates,,
429,2016,499813729666.906,Exports of goods and services (current US$),T5,South Asia (IDA & IBRD),Aggregates,Aggregates,Aggregates,,
430,2025,616007475886.722,Exports of goods and services (current US$),ZG,Sub-Saharan Africa,Aggregates,Aggregates,Aggregates,,
431,2024,557478109547.244,Exports of goods and services (current US$),ZG,Sub-Saharan Africa,Aggregates,Aggregates,Aggregates,,
432,2023,527155772394.749,Exports of goods and services (current US$),ZG,Sub-Saharan Africa,Aggregates,Aggregates,Aggregates,,
433,2022,559029212458.656,Exports of goods and services (current US$),ZG,Sub-Saharan Africa,Aggregates,Aggregates,Aggregates,,
434,2021,490506477516.863,Exports of goods and services (current US$),ZG,Sub-Saharan Africa,Aggregates,Aggregates,Aggregates,,
435,2020,366960343990.753,Exports of goods and services (current US$),ZG,Sub-Saharan Africa,Aggregates,Aggregates,Aggregates,,
436,2019,424318060166.149,Exports of goods and services (current US$),ZG,Sub-Saharan Africa,Aggregates,Aggregates,Aggregates,,
437,2018,440350319170.115,Exports of goods and services (current US$),ZG,Sub-Saharan Africa,Aggregates,Aggregates,Aggregates,,
438,2017,393312824922.746,Exports of goods and services (current US$),ZG,Sub-Saharan Africa,Aggregates,Aggregates,Aggregates,,
439,2016,334907481167.46,Exports of goods and services (current US$),ZG,Sub-Saharan Africa,Aggregates,Aggregates,Aggregates,,
440,2025,613890246637.527,Exports of goods and services (current US$),ZF,Sub-Saharan Africa (excluding high income),Aggregates,Aggregates,Aggregates,,
441,2024,555457324402.884,Exports of goods and services (current US$),ZF,Sub-Saharan Africa (excluding high income),Aggregates,Aggregates,Aggregates,,
442,2023,525049134696.722,Exports of goods and services (current US$),ZF,Sub-Saharan Africa (excluding high income),Aggregates,Aggregates,Aggregates,,
443,2022,556979317282.792,Exports of goods and services (current US$),ZF,Sub-Saharan Africa (excluding high income),Aggregates,Aggregates,Aggregates,,
444,2021,489201343461.389,Exports of goods and services (current US$),ZF,Sub-Saharan Africa (excluding high income),Aggregates,Aggregates,Aggregates,,
445,2020,365951094795.261,Exports of goods and services (current US$),ZF,Sub-Saharan Africa (excluding high income),Aggregates,Aggregates,Aggregates,,
446,2019,422573761693.553,Exports of goods and services (current US$),ZF,Sub-Saharan Africa (excluding high income),Aggregates,Aggregates,Aggregates,,
447,2018,438593559244.325,Exports of goods and services (current US$),ZF,Sub-Saharan Africa (excluding high income),Aggregates,Aggregates,Aggregates,,
448,2017,391517612602.098,Exports of goods and services (current US$),ZF,Sub-Saharan Africa (excluding high income),Aggregates,Aggregates,Aggregates,,
449,2016,333380032838.419,Exports of goods and services (current US$),ZF,Sub-Saharan Africa (excluding high income),Aggregates,Aggregates,Aggregates,,
450,2025,616007475886.722,Exports of goods and services (current US$),T6,Sub-Saharan Africa (IDA & IBRD countries),Aggregates,Aggregates,Aggregates,,
451,2024,557478109547.243,Exports of goods and services (current US$),T6,Sub-Saharan Africa (IDA & IBRD countries),Aggregates,Aggregates,Aggregates,,
452,2023,527155772394.749,Exports of goods and services (current US$),T6,Sub-Saharan Africa (IDA & IBRD countries),Aggregates,Aggregates,Aggregates,,
453,2022,559029212458.656,Exports of goods and services (current US$),T6,Sub-Saharan Africa (IDA & IBRD countries),Aggregates,Aggregates,Aggregates,,
454,2021,490506477516.863,Exports of goods and services (current US$),T6,Sub-Saharan Africa (IDA & IBRD countries),Aggregates,Aggregates,Aggregates,,
455,2020,366960343990.753,Exports of goods and services (current US$),T6,Sub-Saharan Africa (IDA & IBRD countries),Aggregates,Aggregates,Aggregates,,
456,2019,424318060166.149,Exports of goods and services (current US$),T6,Sub-Saharan Africa (IDA & IBRD countries),Aggregates,Aggregates,Aggregates,,
457,2018,440350319170.115,Exports of goods and services (current US$),T6,Sub-Saharan Africa (IDA & IBRD countries),Aggregates,Aggregates,Aggregates,,
458,2017,393312824922.746,Exports of goods and services (current US$),T6,Sub-Saharan Africa (IDA & IBRD countries),Aggregates,Aggregates,Aggregates,,
459,2016,334907481167.46,Exports of goods and services (current US$),T6,Sub-Saharan Africa (IDA & IBRD countries),Aggregates,Aggregates,Aggregates,,
460,2025,8678295556818.62,Exports of goods and services (current US$),XT,Upper middle income,Aggregates,Aggregates,Aggregates,,
461,2024,8095189731754.07,Exports of goods and services (current US$),XT,Upper middle income,Aggregates,Aggregates,Aggregates,,
462,2023,7585646772220.98,Exports of goods and services (current US$),XT,Upper middle income,Aggregates,Aggregates,Aggregates,,
463,2022,7831244753198.45,Exports of goods and services (current US$),XT,Upper middle income,Aggregates,Aggregates,Aggregates,,
464,2021,7015131053081.84,Exports of goods and services (current US$),XT,Upper middle income,Aggregates,Aggregates,Aggregates,,
465,2020,5409785230238.22,Exports of goods and services (current US$),XT,Upper middle income,Aggregates,Aggregates,Aggregates,,
466,2019,5803448278749.2,Exports of goods and services (current US$),XT,Upper middle income,Aggregates,Aggregates,Aggregates,,
467,2018,5875375860264.59,Exports of goods and services (current US$),XT,Upper middle income,Aggregates,Aggregates,Aggregates,,
468,2017,5325109836771.74,Exports of goods and services (current US$),XT,Upper middle income,Aggregates,Aggregates,Aggregates,,
469,2016,4751825604316.14,Exports of goods and services (current US$),XT,Upper middle income,Aggregates,Aggregates,Aggregates,,
470,2025,34890517618618.2,Exports of goods and services (current US$),1W,World,Aggregates,Aggregates,Aggregates,,
471,2024,32471017522322.1,Exports of goods and services (current US$),1W,World,Aggregates,Aggregates,Aggregates,,
472,2023,31208289895380.4,Exports of goods and services (current US$),1W,World,Aggregates,Aggregates,Aggregates,,
473,2022,31600792441567.5,Exports of goods and services (current US$),1W,World,Aggregates,Aggregates,Aggregates,,
474,2021,28116772939607.1,Exports of goods and services (current US$),1W,World,Aggregates,Aggregates,Aggregates,,
475,2020,22485961987857.3,Exports of goods and services (current US$),1W,World,Aggregates,Aggregates,Aggregates,,
476,2019,24812212516152.3,Exports of goods and services (current US$),1W,World,Aggregates,Aggregates,Aggregates,,
477,2018,25213271645387.2,Exports of goods and services (current US$),1W,World,Aggregates,Aggregates,Aggregates,,
478,2017,22994860375775.7,Exports of goods and services (current US$),1W,World,Aggregates,Aggregates,Aggregates,,
479,2016,20878084469838.3,Exports of goods and services (current US$),1W,World,Aggregates,Aggregates,Aggregates,,
480,2025,,Exports of goods and services (current US$),AF,Afghanistan,"Middle East, North Africa, Afghanistan & Pakistan",Low income,IDA,69.1761,34.5228
481,2024,2791715131.02282,Exports of goods and services (current US$),AF,Afghanistan,"Middle East, North Africa, Afghanistan & Pakistan",Low income,IDA,69.1761,34.5228
482,2023,2784713052.31082,Exports of goods and services (current US$),AF,Afghanistan,"Middle East, North Africa, Afghanistan & Pakistan",Low income,IDA,69.1761,34.5228
483,2022,2664599570.76697,Exports of goods and services (current US$),AF,Afghanistan,"Middle East, North Africa, Afghanistan & Pakistan",Low income,IDA,69.1761,34.5228
484,2021,2045190335.08092,Exports of goods and services (current US$),AF,Afghanistan,"Middle East, North Africa, Afghanistan & Pakistan",Low income,IDA,69.1761,34.5228
485,2020,2079570874.83738,Exports of goods and services (current US$),AF,Afghanistan,"Middle East, North Africa, Afghanistan & Pakistan",Low income,IDA,69.1761,34.5228
486,2019,,Exports of goods and services (current US$),AF,Afghanistan,"Middle East, North Africa, Afghanistan & Pakistan",Low income,IDA,69.1761,34.5228
487,2018,,Exports of goods and services (current US$),AF,Afghanistan,"Middle East, North Africa, Afghanistan & Pakistan",Low income,IDA,69.1761,34.5228
488,2017,,Exports of goods and services (current US$),AF,Afghanistan,"Middle East, North Africa, Afghanistan & Pakistan",Low income,IDA,69.1761,34.5228
489,2016,,Exports of goods and services (current US$),AF,Afghanistan,"Middle East, North Africa, Afghanistan & Pakistan",Low income,IDA,69.1761,34.5228
490,2025,11304181754.173,Exports of goods and services (current US$),AL,Albania,Europe & Central Asia,Upper middle income,IBRD,19.8172,41.3317
491,2024,9810511991.66164,Exports of goods and services (current US$),AL,Albania,Europe & Central Asia,Upper middle income,IBRD,19.8172,41.3317
492,2023,9025058562.27334,Exports of goods and services (current US$),AL,Albania,Europe & Central Asia,Upper middle income,IBRD,19.8172,41.3317
493,2022,7073859741.47037,Exports of goods and services (current US$),AL,Albania,Europe & Central Asia,Upper middle income,IBRD,19.8172,41.3317
494,2021,5613909458.07573,Exports of goods and services (current US$),AL,Albania,Europe & Central Asia,Upper middle income,IBRD,19.8172,41.3317
495,2020,3435540416.01473,Exports of goods and services (current US$),AL,Albania,Europe & Central Asia,Upper middle income,IBRD,19.8172,41.3317
496,2019,4821429218.47484,Exports of goods and services (current US$),AL,Albania,Europe & Central Asia,Upper middle income,IBRD,19.8172,41.3317
497,2018,4785182304.44356,Exports of goods and services (current US$),AL,Albania,Europe & Central Asia,Upper middle income,IBRD,19.8172,41.3317
498,2017,4110301305.54485,Exports of goods and services (current US$),AL,Albania,Europe & Central Asia,Upper middle income,IBRD,19.8172,41.3317
499,2016,3437126544.898,Exports of goods and services (current US$),AL,Albania,Europe & Central Asia,Upper middle income,IBRD,19.8172,41.3317
500,2025,48321061532.7539,Exports of goods and services (current US$),DZ,Algeria,"Middle East, North Africa, Afghanistan & Pakistan",Upper middle income,IBRD,3.05097,36.7397
501,2024,53466882956.8478,Exports of goods and services (current US$),DZ,Algeria,"Middle East, North Africa, Afghanistan & Pakistan",Upper middle income,IBRD,3.05097,36.7397
502,2023,58981242697.4026,Exports of goods and services (current US$),DZ,Algeria,"Middle East, North Africa, Afghanistan & Pakistan",Upper middle income,IBRD,3.05097,36.7397
503,2022,69460098852.0897,Exports of goods and services (current US$),DZ,Algeria,"Middle East, North Africa, Afghanistan & Pakistan",Upper middle income,IBRD,3.05097,36.7397
504,2021,43660727771.3446,Exports of goods and services (current US$),DZ,Algeria,"Middle East, North Africa, Afghanistan & Pakistan",Upper middle income,IBRD,3.05097,36.7397
505,2020,25613416650.3651,Exports of goods and services (current US$),DZ,Algeria,"Middle East, North Africa, Afghanistan & Pakistan",Upper middle income,IBRD,3.05097,36.7397
506,2019,39481135535.1468,Exports of goods and services (current US$),DZ,Algeria,"Middle East, North Africa, Afghanistan & Pakistan",Upper middle income,IBRD,3.05097,36.7397
507,2018,45570702426.4208,Exports of goods and services (current US$),DZ,Algeria,"Middle East, North Africa, Afghanistan & Pakistan",Upper middle income,IBRD,3.05097,36.7397
508,2017,38609773040.5942,Exports of goods and services (current US$),DZ,Algeria,"Middle East, North Africa, Afghanistan & Pakistan",Upper middle income,IBRD,3.05097,36.7397
509,2016,33417246978.2851,Exports of goods and services (current US$),DZ,Algeria,"Middle East, North Africa, Afghanistan & Pakistan",Upper middle income,IBRD,3.05097,36.7397
510,2025,,Exports of goods and services (current US$),AS,American Samoa,East Asia & Pacific,High income,Not classified,-170.691,-14.2846
511,2024,,Exports of goods and services (current US$),AS,American Samoa,East Asia & Pacific,High income,Not classified,-170.691,-14.2846
512,2023,,Exports of goods and services (current US$),AS,American Samoa,East Asia & Pacific,High income,Not classified,-170.691,-14.2846
513,2022,409000000.0,Exports of goods and services (current US$),AS,American Samoa,East Asia & Pacific,High income,Not classified,-170.691,-14.2846
514,2021,332000000.0,Exports of goods and services (current US$),AS,American Samoa,East Asia & Pacific,High income,Not classified,-170.691,-14.2846
515,2020,427000000.0,Exports of goods and services (current US$),AS,American Samoa,East Asia & Pacific,High income,Not classified,-170.691,-14.2846
516,2019,399000000.0,Exports of goods and services (current US$),AS,American Samoa,East Asia & Pacific,High income,Not classified,-170.691,-14.2846
517,2018,436000000.0,Exports of goods and services (current US$),AS,American Samoa,East Asia & Pacific,High income,Not classified,-170.691,-14.2846
518,2017,362000000.0,Exports of goods and services (current US$),AS,American Samoa,East Asia & Pacific,High income,Not classified,-170.691,-14.2846
519,2016,429000000.0,Exports of goods and services (current US$),AS,American Samoa,East Asia & Pacific,High income,Not classified,-170.691,-14.2846
520,2025,,Exports of goods and services (current US$),AD,Andorra,Europe & Central Asia,High income,Not classified,1.5218,42.5075
521,2024,,Exports of goods and services (current US$),AD,Andorra,Europe & Central Asia,High income,Not classified,1.5218,42.5075
522,2023,,Exports of goods and services (current US$),AD,Andorra,Europe & Central Asia,High income,Not classified,1.5218,42.5075
523,2022,,Exports of goods and services (current US$),AD,Andorra,Europe & Central Asia,High income,Not classified,1.5218,42.5075
524,2021,,Exports of goods and services (current US$),AD,Andorra,Europe & Central Asia,High income,Not classified,1.5218,42.5075
525,2020,,Exports of goods and services (current US$),AD,Andorra,Europe & Central Asia,High income,Not classified,1.5218,42.5075
526,2019,,Exports of goods and services (current US$),AD,Andorra,Europe & Central Asia,High income,Not classified,1.5218,42.5075
527,2018,,Exports of goods and services (current US$),AD,Andorra,Europe & Central Asia,High income,Not classified,1.5218,42.5075
528,2017,,Exports of goods and services (current US$),AD,Andorra,Europe & Central Asia,High income,Not classified,1.5218,42.5075
529,2016,,Exports of goods and services (current US$),AD,Andorra,Europe & Central Asia,High income,Not classified,1.5218,42.5075
530,2025,28073040732.7773,Exports of goods and services (current US$),AO,Angola,Sub-Saharan Africa ,Lower middle income,IBRD,13.242,-8.81155
531,2024,31830777324.7249,Exports of goods and services (current US$),AO,Angola,Sub-Saharan Africa ,Lower middle income,IBRD,13.242,-8.81155
532,2023,34643370052.2038,Exports of goods and services (current US$),AO,Angola,Sub-Saharan Africa ,Lower middle income,IBRD,13.242,-8.81155
533,2022,46181518625.9944,Exports of goods and services (current US$),AO,Angola,Sub-Saharan Africa ,Lower middle income,IBRD,13.242,-8.81155
534,2021,31385829560.7359,Exports of goods and services (current US$),AO,Angola,Sub-Saharan Africa ,Lower middle income,IBRD,13.242,-8.81155
535,2020,18583150428.118,Exports of goods and services (current US$),AO,Angola,Sub-Saharan Africa ,Lower middle income,IBRD,13.242,-8.81155
536,2019,30001180996.3226,Exports of goods and services (current US$),AO,Angola,Sub-Saharan Africa ,Lower middle income,IBRD,13.242,-8.81155
537,2018,32444713522.9617,Exports of goods and services (current US$),AO,Angola,Sub-Saharan Africa ,Lower middle income,IBRD,13.242,-8.81155
538,2017,21480034960.3071,Exports of goods and services (current US$),AO,Angola,Sub-Saharan Africa ,Lower middle income,IBRD,13.242,-8.81155
539,2016,14765476550.511,Exports of goods and services (current US$),AO,Angola,Sub-Saharan Africa ,Lower middle income,IBRD,13.242,-8.81155
540,2025,,Exports of goods and services (current US$),AG,Antigua and Barbuda,Latin America & Caribbean ,High income,IBRD,-61.8456,17.1175
541,2024,,Exports of goods and services (current US$),AG,Antigua and Barbuda,Latin America & Caribbean ,High income,IBRD,-61.8456,17.1175
542,2023,,Exports of goods and services (current US$),AG,Antigua and Barbuda,Latin America & Caribbean ,High income,IBRD,-61.8456,17.1175
543,2022,1021455555.55556,Exports of goods and services (current US$),AG,Antigua and Barbuda,Latin America & Caribbean ,High income,IBRD,-61.8456,17.1175
544,2021,752377777.777778,Exports of goods and services (current US$),AG,Antigua and Barbuda,Latin America & Caribbean ,High income,IBRD,-61.8456,17.1175
545,2020,591277777.777778,Exports of goods and services (current US$),AG,Antigua and Barbuda,Latin America & Caribbean ,High income,IBRD,-61.8456,17.1175
546,2019,1194092592.59259,Exports of goods and services (current US$),AG,Antigua and Barbuda,Latin America & Caribbean ,High income,IBRD,-61.8456,17.1175
547,2018,1037966666.66667,Exports of goods and services (current US$),AG,Antigua and Barbuda,Latin America & Caribbean ,High income,IBRD,-61.8456,17.1175
548,2017,988692592.592592,Exports of goods and services (current US$),AG,Antigua and Barbuda,Latin America & Caribbean ,High income,IBRD,-61.8456,17.1175
549,2016,1043081481.48148,Exports of goods and services (current US$),AG,Antigua and Barbuda,Latin America & Caribbean ,High income,IBRD,-61.8456,17.1175
550,2025,106260393150.75,Exports of goods and services (current US$),AR,Argentina,Latin America & Caribbean ,Upper middle income,IBRD,-58.4173,-34.6118
551,2024,97349127043.1651,Exports of goods and services (current US$),AR,Argentina,Latin America & Caribbean ,Upper middle income,IBRD,-58.4173,-34.6118
552,2023,83276004574.7551,Exports of goods and services (current US$),AR,Argentina,Latin America & Caribbean ,Upper middle income,IBRD,-58.4173,-34.6118
553,2022,103224756800.251,Exports of goods and services (current US$),AR,Argentina,Latin America & Caribbean ,Upper middle income,IBRD,-58.4173,-34.6118
554,2021,87906118244.6601,Exports of goods and services (current US$),AR,Argentina,Latin America & Caribbean ,Upper middle income,IBRD,-58.4173,-34.6118
555,2020,64053810078.3073,Exports of goods and services (current US$),AR,Argentina,Latin America & Caribbean ,Upper middle income,IBRD,-58.4173,-34.6118
556,2019,80259482469.139,Exports of goods and services (current US$),AR,Argentina,Latin America & Caribbean ,Upper middle income,IBRD,-58.4173,-34.6118
557,2018,75766598613.0197,Exports of goods and services (current US$),AR,Argentina,Latin America & Caribbean ,Upper middle income,IBRD,-58.4173,-34.6118
558,2017,72860557902.7631,Exports of goods and services (current US$),AR,Argentina,Latin America & Caribbean ,Upper middle income,IBRD,-58.4173,-34.6118
559,2016,69842604407.3878,Exports of goods and services (current US$),AR,Argentina,Latin America & Caribbean ,Upper middle income,IBRD,-58.4173,-34.6118
560,2025,14065779954.0064,Exports of goods and services (current US$),AM,Armenia,Europe & Central Asia,Upper middle income,IBRD,44.509,40.1596
561,2024,19109663381.9673,Exports of goods and services (current US$),AM,Armenia,Europe & Central Asia,Upper middle income,IBRD,44.509,40.1596
562,2023,14755463717.8965,Exports of goods and services (current US$),AM,Armenia,Europe & Central Asia,Upper middle income,IBRD,44.509,40.1596
563,2022,10063294925.058,Exports of goods and services (current US$),AM,Armenia,Europe & Central Asia,Upper middle income,IBRD,44.509,40.1596
564,2021,4950452984.49689,Exports of goods and services (current US$),AM,Armenia,Europe & Central Asia,Upper middle income,IBRD,44.509,40.1596
565,2020,3802199215.3725,Exports of goods and services (current US$),AM,Armenia,Europe & Central Asia,Upper middle income,IBRD,44.509,40.1596
566,2019,5755867284.48234,Exports of goods and services (current US$),AM,Armenia,Europe & Central Asia,Upper middle income,IBRD,44.509,40.1596
567,2018,4907543376.02549,Exports of goods and services (current US$),AM,Armenia,Europe & Central Asia,Upper middle income,IBRD,44.509,40.1596
568,2017,4405338883.1041,Exports of goods and services (current US$),AM,Armenia,Europe & Central Asia,Upper middle income,IBRD,44.509,40.1596
569,2016,3558717725.79882,Exports of goods and services (current US$),AM,Armenia,Europe & Central Asia,Upper middle income,IBRD,44.509,40.1596
570,2025,,Exports of goods and services (current US$),AW,Aruba,Latin America & Caribbean ,High income,Not classified,-70.0167,12.5167
571,2024,3582826085.68774,Exports of goods and services (current US$),AW,Aruba,Latin America & Caribbean ,High income,Not classified,-70.0167,12.5167
572,2023,2991972067.03911,Exports of goods and services (current US$),AW,Aruba,Latin America & Caribbean ,High income,Not classified,-70.0167,12.5167
573,2022,2686048044.69274,Exports of goods and services (current US$),AW,Aruba,Latin America & Caribbean ,High income,Not classified,-70.0167,12.5167
574,2021,1945182681.56425,Exports of goods and services (current US$),AW,Aruba,Latin America & Caribbean ,High income,Not classified,-70.0167,12.5167
575,2020,1324110614.52514,Exports of goods and services (current US$),AW,Aruba,Latin America & Caribbean ,High income,Not classified,-70.0167,12.5167
576,2019,2232926815.64246,Exports of goods and services (current US$),AW,Aruba,Latin America & Caribbean ,High income,Not classified,-70.0167,12.5167
577,2018,2241202793.29609,Exports of goods and services (current US$),AW,Aruba,Latin America & Caribbean ,High income,Not classified,-70.0167,12.5167
578,2017,2153472067.03911,Exports of goods and services (current US$),AW,Aruba,Latin America & Caribbean ,High income,Not classified,-70.0167,12.5167
579,2016,2057715083.79888,Exports of goods and services (current US$),AW,Aruba,Latin America & Caribbean ,High income,Not classified,-70.0167,12.5167
580,2025,418055624770.646,Exports of goods and services (current US$),AU,Australia,East Asia & Pacific,High income,Not classified,149.129,-35.282
581,2024,432605705549.386,Exports of goods and services (current US$),AU,Australia,East Asia & Pacific,High income,Not classified,149.129,-35.282
582,2023,463117015978.139,Exports of goods and services (current US$),AU,Australia,East Asia & Pacific,High income,Not classified,149.129,-35.282
583,2022,431732710875.763,Exports of goods and services (current US$),AU,Australia,East Asia & Pacific,High income,Not classified,149.129,-35.282
584,2021,343364164705.654,Exports of goods and services (current US$),AU,Australia,East Asia & Pacific,High income,Not classified,149.129,-35.282
585,2020,319174580744.374,Exports of goods and services (current US$),AU,Australia,East Asia & Pacific,High income,Not classified,149.129,-35.282
586,2019,336477593836.115,Exports of goods and services (current US$),AU,Australia,East Asia & Pacific,High income,Not classified,149.129,-35.282
587,2018,312605804111.245,Exports of goods and services (current US$),AU,Australia,East Asia & Pacific,High income,Not classified,149.129,-35.282
588,2017,281774035049.614,Exports of goods and services (current US$),AU,Australia,East Asia & Pacific,High income,Not classified,149.129,-35.282
589,2016,232663011512.861,Exports of goods and services (current US$),AU,Australia,East Asia & Pacific,High income,Not classified,149.129,-35.282
590,2025,316981385994.885,Exports of goods and services (current US$),AT,Austria,Europe & Central Asia,High income,Not classified,16.3798,48.2201
591,2024,297762301950.52,Exports of goods and services (current US$),AT,Austria,Europe & Central Asia,High income,Not classified,16.3798,48.2201
592,2023,302183838742.939,Exports of goods and services (current US$),AT,Austria,Europe & Central Asia,High income,Not classified,16.3798,48.2201
593,2022,290687124329.312,Exports of goods and services (current US$),AT,Austria,Europe & Central Asia,High income,Not classified,16.3798,48.2201
594,2021,268839884920.186,Exports of goods and services (current US$),AT,Austria,Europe & Central Asia,High income,Not classified,16.3798,48.2201
595,2020,224423223720.542,Exports of goods and services (current US$),AT,Austria,Europe & Central Asia,High income,Not classified,16.3798,48.2201
596,2019,247609283522.368,Exports of goods and services (current US$),AT,Austria,Europe & Central Asia,High income,Not classified,16.3798,48.2201
597,2018,252098473760.43,Exports of goods and services (current US$),AT,Austria,Europe & Central Asia,High income,Not classified,16.3798,48.2201
598,2017,225412896932.944,Exports of goods and services (current US$),AT,Austria,Europe & Central Asia,High income,Not classified,16.3798,48.2201
599,2016,207329157226.967,Exports of goods and services (current US$),AT,Austria,Europe & Central Asia,High income,Not classified,16.3798,48.2201
600,2025,32670058823.5294,Exports of goods and services (current US$),AZ,Azerbaijan,Europe & Central Asia,Upper middle income,IBRD,49.8932,40.3834
601,2024,34112882352.9412,Exports of goods and services (current US$),AZ,Azerbaijan,Europe & Central Asia,Upper middle income,IBRD,49.8932,40.3834
602,2023,35487352941.1765,Exports of goods and services (current US$),AZ,Azerbaijan,Europe & Central Asia,Upper middle income,IBRD,49.8932,40.3834
603,2022,47274117647.0588,Exports of goods and services (current US$),AZ,Azerbaijan,Europe & Central Asia,Upper middle income,IBRD,49.8932,40.3834
604,2021,25487647058.8235,Exports of goods and services (current US$),AZ,Azerbaijan,Europe & Central Asia,Upper middle income,IBRD,49.8932,40.3834
605,2020,15208764705.8824,Exports of goods and services (current US$),AZ,Azerbaijan,Europe & Central Asia,Upper middle income,IBRD,49.8932,40.3834
606,2019,23629764705.8824,Exports of goods and services (current US$),AZ,Azerbaijan,Europe & Central Asia,Upper middle income,IBRD,49.8932,40.3834
607,2018,25484215746.0778,Exports of goods and services (current US$),AZ,Azerbaijan,Europe & Central Asia,Upper middle income,IBRD,49.8932,40.3834
608,2017,19839874967.6816,Exports of goods and services (current US$),AZ,Azerbaijan,Europe & Central Asia,Upper middle income,IBRD,49.8932,40.3834
609,2016,17580756547.8197,Exports of goods and services (current US$),AZ,Azerbaijan,Europe & Central Asia,Upper middle income,IBRD,49.8932,40.3834
610,2025,,Exports of goods and services (current US$),BS,"Bahamas, The",Latin America & Caribbean ,High income,Not classified,-77.339,25.0661
611,2024,5982200000.0,Exports of goods and services (current US$),BS,"Bahamas, The",Latin America & Caribbean ,High income,Not classified,-77.339,25.0661
612,2023,5774300000.0,Exports of goods and services (current US$),BS,"Bahamas, The",Latin America & Caribbean ,High income,Not classified,-77.339,25.0661
613,2022,5163900000.0,Exports of goods and services (current US$),BS,"Bahamas, The",Latin America & Caribbean ,High income,Not classified,-77.339,25.0661
614,2021,3366900000.0,Exports of goods and services (current US$),BS,"Bahamas, The",Latin America & Caribbean ,High income,Not classified,-77.339,25.0661
615,2020,2411900000.0,Exports of goods and services (current US$),BS,"Bahamas, The",Latin America & Caribbean ,High income,Not classified,-77.339,25.0661
616,2019,4644400000.0,Exports of goods and services (current US$),BS,"Bahamas, The",Latin America & Caribbean ,High income,Not classified,-77.339,25.0661
617,2018,4519000000.0,Exports of goods and services (current US$),BS,"Bahamas, The",Latin America & Caribbean ,High income,Not classified,-77.339,25.0661
618,2017,3948900000.0,Exports of goods and services (current US$),BS,"Bahamas, The",Latin America & Caribbean ,High income,Not classified,-77.339,25.0661
619,2016,3903100000.0,Exports of goods and services (current US$),BS,"Bahamas, The",Latin America & Caribbean ,High income,Not classified,-77.339,25.0661
620,2025,,Exports of goods and services (current US$),BH,Bahrain,"Middle East, North Africa, Afghanistan & Pakistan",High income,Not classified,50.5354,26.1921
621,2024,41303457446.8085,Exports of goods and services (current US$),BH,Bahrain,"Middle East, North Africa, Afghanistan & Pakistan",High income,Not classified,50.5354,26.1921
622,2023,40349468085.1064,Exports of goods and services (current US$),BH,Bahrain,"Middle East, North Africa, Afghanistan & Pakistan",High income,Not classified,50.5354,26.1921
623,2022,44581914893.617,Exports of goods and services (current US$),BH,Bahrain,"Middle East, North Africa, Afghanistan & Pakistan",High income,Not classified,50.5354,26.1921
624,2021,35234574468.0851,Exports of goods and services (current US$),BH,Bahrain,"Middle East, North Africa, Afghanistan & Pakistan",High income,Not classified,50.5354,26.1921
625,2020,25249202127.6596,Exports of goods and services (current US$),BH,Bahrain,"Middle East, North Africa, Afghanistan & Pakistan",High income,Not classified,50.5354,26.1921
626,2019,29564361702.1277,Exports of goods and services (current US$),BH,Bahrain,"Middle East, North Africa, Afghanistan & Pakistan",High income,Not classified,50.5354,26.1921
627,2018,29959042553.1915,Exports of goods and services (current US$),BH,Bahrain,"Middle East, North Africa, Afghanistan & Pakistan",High income,Not classified,50.5354,26.1921
628,2017,26881914893.617,Exports of goods and services (current US$),BH,Bahrain,"Middle East, North Africa, Afghanistan & Pakistan",High income,Not classified,50.5354,26.1921
629,2016,23918617021.2766,Exports of goods and services (current US$),BH,Bahrain,"Middle East, North Africa, Afghanistan & Pakistan",High income,Not classified,50.5354,26.1921
630,2025,50724940945.2083,Exports of goods and services (current US$),BD,Bangladesh,South Asia,Lower middle income,IDA,90.4113,23.7055
631,2024,47087839244.3229,Exports of goods and services (current US$),BD,Bangladesh,South Asia,Lower middle income,IDA,90.4113,23.7055
632,2023,57551452000.7801,Exports of goods and services (current US$),BD,Bangladesh,South Asia,Lower middle income,IDA,90.4113,23.7055
633,2022,59275206086.406,Exports of goods and services (current US$),BD,Bangladesh,South Asia,Lower middle income,IDA,90.4113,23.7055
634,2021,44386125441.8587,Exports of goods and services (current US$),BD,Bangladesh,South Asia,Lower middle income,IDA,90.4113,23.7055
635,2020,39053880559.8514,Exports of goods and services (current US$),BD,Bangladesh,South Asia,Lower middle income,IDA,90.4113,23.7055
636,2019,45992932855.1263,Exports of goods and services (current US$),BD,Bangladesh,South Asia,Lower middle income,IDA,90.4113,23.7055
637,2018,40732047404.0872,Exports of goods and services (current US$),BD,Bangladesh,South Asia,Lower middle income,IDA,90.4113,23.7055
638,2017,37655756192.841,Exports of goods and services (current US$),BD,Bangladesh,South Asia,Lower middle income,IDA,90.4113,23.7055
639,2016,36922447162.046,Exports of goods and services (current US$),BD,Bangladesh,South Asia,Lower middle income,IDA,90.4113,23.7055
640,2025,,Exports of goods and services (current US$),BB,Barbados,Latin America & Caribbean ,High income,IBRD,-59.6105,13.0935
641,2024,,Exports of goods and services (current US$),BB,Barbados,Latin America & Caribbean ,High income,IBRD,-59.6105,13.0935
642,2023,,Exports of goods and services (current US$),BB,Barbados,Latin America & Caribbean ,High income,IBRD,-59.6105,13.0935
643,2022,,Exports of goods and services (current US$),BB,Barbados,Latin America & Caribbean ,High income,IBRD,-59.6105,13.0935
644,2021,,Exports of goods and services (current US$),BB,Barbados,Latin America & Caribbean ,High income,IBRD,-59.6105,13.0935
645,2020,,Exports of goods and services (current US$),BB,Barbados,Latin America & Caribbean ,High income,IBRD,-59.6105,13.0935
646,2019,,Exports of goods and services (current US$),BB,Barbados,Latin America & Caribbean ,High income,IBRD,-59.6105,13.0935
647,2018,,Exports of goods and services (current US$),BB,Barbados,Latin America & Caribbean ,High income,IBRD,-59.6105,13.0935
648,2017,,Exports of goods and services (current US$),BB,Barbados,Latin America & Caribbean ,High income,IBRD,-59.6105,13.0935
649,2016,,Exports of goods and services (current US$),BB,Barbados,Latin America & Caribbean ,High income,IBRD,-59.6105,13.0935
650,2025,51443726734.383,Exports of goods and services (current US$),BY,Belarus,Europe & Central Asia,Upper middle income,IBRD,27.5766,53.9678
651,2024,49635542198.3666,Exports of goods and services (current US$),BY,Belarus,Europe & Central Asia,Upper middle income,IBRD,27.5766,53.9678
652,2023,47855354381.7647,Exports of goods and services (current US$),BY,Belarus,Europe & Central Asia,Upper middle income,IBRD,27.5766,53.9678
653,2022,46516126575.5303,Exports of goods and services (current US$),BY,Belarus,Europe & Central Asia,Upper middle income,IBRD,27.5766,53.9678
654,2021,49351137896.7375,Exports of goods and services (current US$),BY,Belarus,Europe & Central Asia,Upper middle income,IBRD,27.5766,53.9678
655,2020,37444144984.2698,Exports of goods and services (current US$),BY,Belarus,Europe & Central Asia,Upper middle income,IBRD,27.5766,53.9678
656,2019,41927532636.0335,Exports of goods and services (current US$),BY,Belarus,Europe & Central Asia,Upper middle income,IBRD,27.5766,53.9678
657,2018,42294886945.8699,Exports of goods and services (current US$),BY,Belarus,Europe & Central Asia,Upper middle income,IBRD,27.5766,53.9678
658,2017,36550879709.6994,Exports of goods and services (current US$),BY,Belarus,Europe & Central Asia,Upper middle income,IBRD,27.5766,53.9678
659,2016,29831676604.3599,Exports of goods and services (current US$),BY,Belarus,Europe & Central Asia,Upper middle income,IBRD,27.5766,53.9678
660,2025,547364961669.411,Exports of goods and services (current US$),BE,Belgium,Europe & Central Asia,High income,Not classified,4.36761,50.8371
661,2024,532215676718.359,Exports of goods and services (current US$),BE,Belgium,Europe & Central Asia,High income,Not classified,4.36761,50.8371
662,2023,538931856271.578,Exports of goods and services (current US$),BE,Belgium,Europe & Central Asia,High income,Not classified,4.36761,50.8371
663,2022,558111250100.975,Exports of goods and services (current US$),BE,Belgium,Europe & Central Asia,High income,Not classified,4.36761,50.8371
664,2021,536427964592.627,Exports of goods and services (current US$),BE,Belgium,Europe & Central Asia,High income,Not classified,4.36761,50.8371
665,2020,419501446549.729,Exports of goods and services (current US$),BE,Belgium,Europe & Central Asia,High income,Not classified,4.36761,50.8371
666,2019,445308040880.784,Exports of goods and services (current US$),BE,Belgium,Europe & Central Asia,High income,Not classified,4.36761,50.8371
667,2018,453011551860.862,Exports of goods and services (current US$),BE,Belgium,Europe & Central Asia,High income,Not classified,4.36761,50.8371
668,2017,417980340772.354,Exports of goods and services (current US$),BE,Belgium,Europe & Central Asia,High income,Not classified,4.36761,50.8371
669,2016,377606160656.616,Exports of goods and services (current US$),BE,Belgium,Europe & Central Asia,High income,Not classified,4.36761,50.8371
670,2025,,Exports of goods and services (current US$),BZ,Belize,Latin America & Caribbean ,Upper middle income,Blend,-88.7713,17.2534
671,2024,1769154200.0,Exports of goods and services (current US$),BZ,Belize,Latin America & Caribbean ,Upper middle income,Blend,-88.7713,17.2534
672,2023,1676688500.0,Exports of goods and services (current US$),BZ,Belize,Latin America & Caribbean ,Upper middle income,Blend,-88.7713,17.2534
673,2022,1496710050.0,Exports of goods and services (current US$),BZ,Belize,Latin America & Caribbean ,Upper middle income,Blend,-88.7713,17.2534
674,2021,1155566850.0,Exports of goods and services (current US$),BZ,Belize,Latin America & Caribbean ,Upper middle income,Blend,-88.7713,17.2534
675,2020,770543100.0,Exports of goods and services (current US$),BZ,Belize,Latin America & Caribbean ,Upper middle income,Blend,-88.7713,17.2534
676,2019,1238668200.0,Exports of goods and services (current US$),BZ,Belize,Latin America & Caribbean ,Upper middle income,Blend,-88.7713,17.2534
677,2018,1182621350.0,Exports of goods and services (current US$),BZ,Belize,Latin America & Caribbean ,Upper middle income,Blend,-88.7713,17.2534
678,2017,1128699550.0,Exports of goods and services (current US$),BZ,Belize,Latin America & Caribbean ,Upper middle income,Blend,-88.7713,17.2534
679,2016,1059495900.0,Exports of goods and services (current US$),BZ,Belize,Latin America & Caribbean ,Upper middle income,Blend,-88.7713,17.2534
680,2025,4189174580.02885,Exports of goods and services (current US$),BJ,Benin,Sub-Saharan Africa ,Lower middle income,IDA,2.6323,6.4779
681,2024,4047363784.45537,Exports of goods and services (current US$),BJ,Benin,Sub-Saharan Africa ,Lower middle income,IDA,2.6323,6.4779
682,2023,3935350521.8556,Exports of goods and services (current US$),BJ,Benin,Sub-Saharan Africa ,Lower middle income,IDA,2.6323,6.4779
683,2022,3627155581.76734,Exports of goods and services (current US$),BJ,Benin,Sub-Saharan Africa ,Lower middle income,IDA,2.6323,6.4779
684,2021,3700039683.35829,Exports of goods and services (current US$),BJ,Benin,Sub-Saharan Africa ,Lower middle income,IDA,2.6323,6.4779
685,2020,3117343141.94693,Exports of goods and services (current US$),BJ,Benin,Sub-Saharan Africa ,Lower middle income,IDA,2.6323,6.4779
686,2019,4264332526.72108,Exports of goods and services (current US$),BJ,Benin,Sub-Saharan Africa ,Lower middle income,IDA,2.6323,6.4779
687,2018,3889962074.25631,Exports of goods and services (current US$),BJ,Benin,Sub-Saharan Africa ,Lower middle income,IDA,2.6323,6.4779
688,2017,3455561017.58914,Exports of goods and services (current US$),BJ,Benin,Sub-Saharan Africa ,Lower middle income,IDA,2.6323,6.4779
689,2016,3263416597.90044,Exports of goods and services (current US$),BJ,Benin,Sub-Saharan Africa ,Lower middle income,IDA,2.6323,6.4779
690,2025,,Exports of goods and services (current US$),BM,Bermuda,North America,High income,Not classified,-64.706,32.3293
691,2024,5070450000.0,Exports of goods and services (current US$),BM,Bermuda,North America,High income,Not classified,-64.706,32.3293
692,2023,4538654000.0,Exports of goods and services (current US$),BM,Bermuda,North America,High income,Not classified,-64.706,32.3293
693,2022,3960723000.0,Exports of goods and services (current US$),BM,Bermuda,North America,High income,Not classified,-64.706,32.3293
694,2021,3491937000.0,Exports of goods and services (current US$),BM,Bermuda,North America,High income,Not classified,-64.706,32.3293
695,2020,3246335000.0,Exports of goods and services (current US$),BM,Bermuda,North America,High income,Not classified,-64.706,32.3293
696,2019,3841155000.0,Exports of goods and services (current US$),BM,Bermuda,North America,High income,Not classified,-64.706,32.3293
697,2018,3719872000.0,Exports of goods and services (current US$),BM,Bermuda,North America,High income,Not classified,-64.706,32.3293
698,2017,3466748000.0,Exports of goods and services (current US$),BM,Bermuda,North America,High income,Not classified,-64.706,32.3293
699,2016,3403730000.0,Exports of goods and services (current US$),BM,Bermuda,North America,High income,Not classified,-64.706,32.3293
700,2025,,Exports of goods and services (current US$),BT,Bhutan,South Asia,Lower middle income,IDA,89.6177,27.5768
701,2024,1054008208.1737,Exports of goods and services (current US$),BT,Bhutan,South Asia,Lower middle income,IDA,89.6177,27.5768
702,2023,855304391.530018,Exports of goods and services (current US$),BT,Bhutan,South Asia,Lower middle income,IDA,89.6177,27.5768
703,2022,739014454.021463,Exports of goods and services (current US$),BT,Bhutan,South Asia,Lower middle income,IDA,89.6177,27.5768
704,2021,808455596.608096,Exports of goods and services (current US$),BT,Bhutan,South Asia,Lower middle income,IDA,89.6177,27.5768
705,2020,689742274.742307,Exports of goods and services (current US$),BT,Bhutan,South Asia,Lower middle income,IDA,89.6177,27.5768
706,2019,860577748.409369,Exports of goods and services (current US$),BT,Bhutan,South Asia,Lower middle income,IDA,89.6177,27.5768
707,2018,754068443.025006,Exports of goods and services (current US$),BT,Bhutan,South Asia,Lower middle income,IDA,89.6177,27.5768
708,2017,737148272.640667,Exports of goods and services (current US$),BT,Bhutan,South Asia,Lower middle income,IDA,89.6177,27.5768
709,2016,639422100.764677,Exports of goods and services (current US$),BT,Bhutan,South Asia,Lower middle income,IDA,89.6177,27.5768
710,2025,,Exports of goods and services (current US$),BO,Bolivia,Latin America & Caribbean ,Lower middle income,IBRD,-66.1936,-13.9908
711,2024,11763846801.7366,Exports of goods and services (current US$),BO,Bolivia,Latin America & Caribbean ,Lower middle income,IBRD,-66.1936,-13.9908
712,2023,11725676874.0955,Exports of goods and services (current US$),BO,Bolivia,Latin America & Caribbean ,Lower middle income,IBRD,-66.1936,-13.9908
713,2022,14163562908.8278,Exports of goods and services (current US$),BO,Bolivia,Latin America & Caribbean ,Lower middle income,IBRD,-66.1936,-13.9908
714,2021,11276448089.725,Exports of goods and services (current US$),BO,Bolivia,Latin America & Caribbean ,Lower middle income,IBRD,-66.1936,-13.9908
715,2020,7139077206.94645,Exports of goods and services (current US$),BO,Bolivia,Latin America & Caribbean ,Lower middle income,IBRD,-66.1936,-13.9908
716,2019,9834601157.7424,Exports of goods and services (current US$),BO,Bolivia,Latin America & Caribbean ,Lower middle income,IBRD,-66.1936,-13.9908
717,2018,9854706136.03473,Exports of goods and services (current US$),BO,Bolivia,Latin America & Caribbean ,Lower middle income,IBRD,-66.1936,-13.9908
718,2017,8973701186.68596,Exports of goods and services (current US$),BO,Bolivia,Latin America & Caribbean ,Lower middle income,IBRD,-66.1936,-13.9908
719,2016,8311504862.51809,Exports of goods and services (current US$),BO,Bolivia,Latin America & Caribbean ,Lower middle income,IBRD,-66.1936,-13.9908
720,2025,13366489381.94,Exports of goods and services (current US$),BA,Bosnia and Herzegovina,Europe & Central Asia,Upper middle income,IBRD,18.4214,43.8607
721,2024,12103908354.0057,Exports of goods and services (current US$),BA,Bosnia and Herzegovina,Europe & Central Asia,Upper middle income,IBRD,18.4214,43.8607
722,2023,12121804463.0702,Exports of goods and services (current US$),BA,Bosnia and Herzegovina,Europe & Central Asia,Upper middle income,IBRD,18.4214,43.8607
723,2022,11851990990.2836,Exports of goods and services (current US$),BA,Bosnia and Herzegovina,Europe & Central Asia,Upper middle income,IBRD,18.4214,43.8607
724,2021,10137269156.0142,Exports of goods and services (current US$),BA,Bosnia and Herzegovina,Europe & Central Asia,Upper middle income,IBRD,18.4214,43.8607
725,2020,6996561966.72044,Exports of goods and services (current US$),BA,Bosnia and Herzegovina,Europe & Central Asia,Upper middle income,IBRD,18.4214,43.8607
726,2019,8201250825.66056,Exports of goods and services (current US$),BA,Bosnia and Herzegovina,Europe & Central Asia,Upper middle income,IBRD,18.4214,43.8607
727,2018,8600140375.44094,Exports of goods and services (current US$),BA,Bosnia and Herzegovina,Europe & Central Asia,Upper middle income,IBRD,18.4214,43.8607
728,2017,7390002149.41859,Exports of goods and services (current US$),BA,Bosnia and Herzegovina,Europe & Central Asia,Upper middle income,IBRD,18.4214,43.8607
729,2016,6146467330.90555,Exports of goods and services (current US$),BA,Bosnia and Herzegovina,Europe & Central Asia,Upper middle income,IBRD,18.4214,43.8607
730,2025,6383839015.67597,Exports of goods and services (current US$),BW,Botswana,Sub-Saharan Africa ,Upper middle income,IBRD,25.9201,-24.6544
731,2024,5222081144.52612,Exports of goods and services (current US$),BW,Botswana,Sub-Saharan Africa ,Upper middle income,IBRD,25.9201,-24.6544
732,2023,6386475984.09077,Exports of goods and services (current US$),BW,Botswana,Sub-Saharan Africa ,Upper middle income,IBRD,25.9201,-24.6544
733,2022,8835446422.96978,Exports of goods and services (current US$),BW,Botswana,Sub-Saharan Africa ,Upper middle income,IBRD,25.9201,-24.6544
734,2021,7832700186.10553,Exports of goods and services (current US$),BW,Botswana,Sub-Saharan Africa ,Upper middle income,IBRD,25.9201,-24.6544
735,2020,4675227906.32391,Exports of goods and services (current US$),BW,Botswana,Sub-Saharan Africa ,Upper middle income,IBRD,25.9201,-24.6544
736,2019,6203274315.31089,Exports of goods and services (current US$),BW,Botswana,Sub-Saharan Africa ,Upper middle income,IBRD,25.9201,-24.6544
737,2018,7532912345.37339,Exports of goods and services (current US$),BW,Botswana,Sub-Saharan Africa ,Upper middle income,IBRD,25.9201,-24.6544
738,2017,6912339736.57387,Exports of goods and services (current US$),BW,Botswana,Sub-Saharan Africa ,Upper middle income,IBRD,25.9201,-24.6544
739,2016,8236832499.81332,Exports of goods and services (current US$),BW,Botswana,Sub-Saharan Africa ,Upper middle income,IBRD,25.9201,-24.6544
740,2025,406298241937.141,Exports of goods and services (current US$),BR,Brazil,Latin America & Caribbean ,Upper middle income,IBRD,-47.9292,-15.7801
741,2024,392105346047.039,Exports of goods and services (current US$),BR,Brazil,Latin America & Caribbean ,Upper middle income,IBRD,-47.9292,-15.7801
742,2023,393731572887.926,Exports of goods and services (current US$),BR,Brazil,Latin America & Caribbean ,Upper middle income,IBRD,-47.9292,-15.7801
743,2022,383177602116.201,Exports of goods and services (current US$),BR,Brazil,Latin America & Caribbean ,Upper middle income,IBRD,-47.9292,-15.7801
744,2021,319251201403.084,Exports of goods and services (current US$),BR,Brazil,Latin America & Caribbean ,Upper middle income,IBRD,-47.9292,-15.7801
745,2020,242872071018.291,Exports of goods and services (current US$),BR,Brazil,Latin America & Caribbean ,Upper middle income,IBRD,-47.9292,-15.7801
746,2019,264562979421.068,Exports of goods and services (current US$),BR,Brazil,Latin America & Caribbean ,Upper middle income,IBRD,-47.9292,-15.7801
747,2018,280543266303.121,Exports of goods and services (current US$),BR,Brazil,Latin America & Caribbean ,Upper middle income,IBRD,-47.9292,-15.7801
748,2017,258330777006.501,Exports of goods and services (current US$),BR,Brazil,Latin America & Caribbean ,Upper middle income,IBRD,-47.9292,-15.7801
749,2016,223863343103.297,Exports of goods and services (current US$),BR,Brazil,Latin America & Caribbean ,Upper middle income,IBRD,-47.9292,-15.7801
750,2025,,Exports of goods and services (current US$),VG,British Virgin Islands,Latin America & Caribbean ,High income,Not classified,-64.623056,18.431389
751,2024,,Exports of goods and services (current US$),VG,British Virgin Islands,Latin America & Caribbean ,High income,Not classified,-64.623056,18.431389
752,2023,,Exports of goods and services (current US$),VG,British Virgin Islands,Latin America & Caribbean ,High income,Not classified,-64.623056,18.431389
753,2022,,Exports of goods and services (current US$),VG,British Virgin Islands,Latin America & Caribbean ,High income,Not classified,-64.623056,18.431389
754,2021,,Exports of goods and services (current US$),VG,British Virgin Islands,Latin America & Caribbean ,High income,Not classified,-64.623056,18.431389
755,2020,,Exports of goods and services (current US$),VG,British Virgin Islands,Latin America & Caribbean ,High income,Not classified,-64.623056,18.431389
756,2019,,Exports of goods and services (current US$),VG,British Virgin Islands,Latin America & Caribbean ,High income,Not classified,-64.623056,18.431389
757,2018,,Exports of goods and services (current US$),VG,British Virgin Islands,Latin America & Caribbean ,High income,Not classified,-64.623056,18.431389
758,2017,,Exports of goods and services (current US$),VG,British Virgin Islands,Latin America & Caribbean ,High income,Not classified,-64.623056,18.431389
759,2016,,Exports of goods and services (current US$),VG,British Virgin Islands,Latin America & Caribbean ,High income,Not classified,-64.623056,18.431389
760,2025,10758583397.0485,Exports of goods and services (current US$),BN,Brunei Darussalam,East Asia & Pacific,High income,Not classified,114.946,4.94199
761,2024,11393732340.4437,Exports of goods and services (current US$),BN,Brunei Darussalam,East Asia & Pacific,High income,Not classified,114.946,4.94199
762,2023,11578413348.423,Exports of goods and services (current US$),BN,Brunei Darussalam,East Asia & Pacific,High income,Not classified,114.946,4.94199
763,2022,14411072071.9153,Exports of goods and services (current US$),BN,Brunei Darussalam,East Asia & Pacific,High income,Not classified,114.946,4.94199
764,2021,11228855780.6292,Exports of goods and services (current US$),BN,Brunei Darussalam,East Asia & Pacific,High income,Not classified,114.946,4.94199
765,2020,6886059825.91906,Exports of goods and services (current US$),BN,Brunei Darussalam,East Asia & Pacific,High income,Not classified,114.946,4.94199
766,2019,7804888584.60408,Exports of goods and services (current US$),BN,Brunei Darussalam,East Asia & Pacific,High income,Not classified,114.946,4.94199
767,2018,7045735066.37537,Exports of goods and services (current US$),BN,Brunei Darussalam,East Asia & Pacific,High income,Not classified,114.946,4.94199
768,2017,6012333920.6353,Exports of goods and services (current US$),BN,Brunei Darussalam,East Asia & Pacific,High income,Not classified,114.946,4.94199
769,2016,5651998520.28491,Exports of goods and services (current US$),BN,Brunei Darussalam,East Asia & Pacific,High income,Not classified,114.946,4.94199
770,2025,66354382380.9581,Exports of goods and services (current US$),BG,Bulgaria,Europe & Central Asia,High income,IBRD,23.3238,42.7105
771,2024,63894874227.789,Exports of goods and services (current US$),BG,Bulgaria,Europe & Central Asia,High income,IBRD,23.3238,42.7105
772,2023,63371847847.3694,Exports of goods and services (current US$),BG,Bulgaria,Europe & Central Asia,High income,IBRD,23.3238,42.7105
773,2022,63338969112.3653,Exports of goods and services (current US$),BG,Bulgaria,Europe & Central Asia,High income,IBRD,23.3238,42.7105
774,2021,52188034903.5088,Exports of goods and services (current US$),BG,Bulgaria,Europe & Central Asia,High income,IBRD,23.3238,42.7105
775,2020,39809586250.4753,Exports of goods and services (current US$),BG,Bulgaria,Europe & Central Asia,High income,IBRD,23.3238,42.7105
776,2019,44053127057.0848,Exports of goods and services (current US$),BG,Bulgaria,Europe & Central Asia,High income,IBRD,23.3238,42.7105
777,2018,43572669715.493,Exports of goods and services (current US$),BG,Bulgaria,Europe & Central Asia,High income,IBRD,23.3238,42.7105
778,2017,39638742330.8676,Exports of goods and services (current US$),BG,Bulgaria,Europe & Central Asia,High income,IBRD,23.3238,42.7105
779,2016,34441575793.7464,Exports of goods and services (current US$),BG,Bulgaria,Europe & Central Asia,High income,IBRD,23.3238,42.7105
780,2025,9666763788.45255,Exports of goods and services (current US$),BF,Burkina Faso,Sub-Saharan Africa ,Low income,IDA,-1.53395,12.3605
781,2024,6608822103.86993,Exports of goods and services (current US$),BF,Burkina Faso,Sub-Saharan Africa ,Low income,IDA,-1.53395,12.3605
782,2023,5820589716.51653,Exports of goods and services (current US$),BF,Burkina Faso,Sub-Saharan Africa ,Low income,IDA,-1.53395,12.3605
783,2022,5813561183.39553,Exports of goods and services (current US$),BF,Burkina Faso,Sub-Saharan Africa ,Low income,IDA,-1.53395,12.3605
784,2021,6460208896.64941,Exports of goods and services (current US$),BF,Burkina Faso,Sub-Saharan Africa ,Low income,IDA,-1.53395,12.3605
785,2020,5632452790.61293,Exports of goods and services (current US$),BF,Burkina Faso,Sub-Saharan Africa ,Low income,IDA,-1.53395,12.3605
786,2019,4690831780.11539,Exports of goods and services (current US$),BF,Burkina Faso,Sub-Saharan Africa ,Low income,IDA,-1.53395,12.3605
787,2018,4461756780.16476,Exports of goods and services (current US$),BF,Burkina Faso,Sub-Saharan Africa ,Low income,IDA,-1.53395,12.3605
788,2017,3731626300.73619,Exports of goods and services (current US$),BF,Burkina Faso,Sub-Saharan Africa ,Low income,IDA,-1.53395,12.3605
789,2016,3325889850.03121,Exports of goods and services (current US$),BF,Burkina Faso,Sub-Saharan Africa ,Low income,IDA,-1.53395,12.3605
790,2025,,Exports of goods and services (current US$),BI,Burundi,Sub-Saharan Africa ,Low income,IDA,29.3639,-3.3784
791,2024,,Exports of goods and services (current US$),BI,Burundi,Sub-Saharan Africa ,Low income,IDA,29.3639,-3.3784
792,2023,,Exports of goods and services (current US$),BI,Burundi,Sub-Saharan Africa ,Low income,IDA,29.3639,-3.3784
793,2022,,Exports of goods and services (current US$),BI,Burundi,Sub-Saharan Africa ,Low income,IDA,29.3639,-3.3784
794,2021,,Exports of goods and services (current US$),BI,Burundi,Sub-Saharan Africa ,Low income,IDA,29.3639,-3.3784
795,2020,,Exports of goods and services (current US$),BI,Burundi,Sub-Saharan Africa ,Low income,IDA,29.3639,-3.3784
796,2019,,Exports of goods and services (current US$),BI,Burundi,Sub-Saharan Africa ,Low income,IDA,29.3639,-3.3784
797,2018,,Exports of goods and services (current US$),BI,Burundi,Sub-Saharan Africa ,Low income,IDA,29.3639,-3.3784
798,2017,,Exports of goods and services (current US$),BI,Burundi,Sub-Saharan Africa ,Low income,IDA,29.3639,-3.3784
799,2016,,Exports of goods and services (current US$),BI,Burundi,Sub-Saharan Africa ,Low income,IDA,29.3639,-3.3784
800,2025,1283053104.60468,Exports of goods and services (current US$),CV,Cabo Verde,Sub-Saharan Africa ,Upper middle income,Blend,-23.5087,14.9218
801,2024,1158196703.94847,Exports of goods and services (current US$),CV,Cabo Verde,Sub-Saharan Africa ,Upper middle income,Blend,-23.5087,14.9218
802,2023,983790275.220092,Exports of goods and services (current US$),CV,Cabo Verde,Sub-Saharan Africa ,Upper middle income,Blend,-23.5087,14.9218
803,2022,869236485.990215,Exports of goods and services (current US$),CV,Cabo Verde,Sub-Saharan Africa ,Upper middle income,Blend,-23.5087,14.9218
804,2021,489360327.17769,Exports of goods and services (current US$),CV,Cabo Verde,Sub-Saharan Africa ,Upper middle income,Blend,-23.5087,14.9218
805,2020,460735344.52853,Exports of goods and services (current US$),CV,Cabo Verde,Sub-Saharan Africa ,Upper middle income,Blend,-23.5087,14.9218
806,2019,1051880072.22161,Exports of goods and services (current US$),CV,Cabo Verde,Sub-Saharan Africa ,Upper middle income,Blend,-23.5087,14.9218
807,2018,1011390795.76429,Exports of goods and services (current US$),CV,Cabo Verde,Sub-Saharan Africa ,Upper middle income,Blend,-23.5087,14.9218
808,2017,840005276.517296,Exports of goods and services (current US$),CV,Cabo Verde,Sub-Saharan Africa ,Upper middle income,Blend,-23.5087,14.9218
809,2016,767162452.285936,Exports of goods and services (current US$),CV,Cabo Verde,Sub-Saharan Africa ,Upper middle income,Blend,-23.5087,14.9218
810,2025,35193057307.4029,Exports of goods and services (current US$),KH,Cambodia,East Asia & Pacific,Lower middle income,IDA,104.874,11.5556
811,2024,33078910281.3995,Exports of goods and services (current US$),KH,Cambodia,East Asia & Pacific,Lower middle income,IDA,104.874,11.5556
812,2023,28319442900.3223,Exports of goods and services (current US$),KH,Cambodia,East Asia & Pacific,Lower middle income,IDA,104.874,11.5556
813,2022,28878876682.0659,Exports of goods and services (current US$),KH,Cambodia,East Asia & Pacific,Lower middle income,IDA,104.874,11.5556
814,2021,26621743091.289,Exports of goods and services (current US$),KH,Cambodia,East Asia & Pacific,Lower middle income,IDA,104.874,11.5556
815,2020,20863615890.1823,Exports of goods and services (current US$),KH,Cambodia,East Asia & Pacific,Lower middle income,IDA,104.874,11.5556
816,2019,20340881132.781,Exports of goods and services (current US$),KH,Cambodia,East Asia & Pacific,Lower middle income,IDA,104.874,11.5556
817,2018,18386489552.4053,Exports of goods and services (current US$),KH,Cambodia,East Asia & Pacific,Lower middle income,IDA,104.874,11.5556
818,2017,16527255663.0116,Exports of goods and services (current US$),KH,Cambodia,East Asia & Pacific,Lower middle income,IDA,104.874,11.5556
819,2016,14986346465.4653,Exports of goods and services (current US$),KH,Cambodia,East Asia & Pacific,Lower middle income,IDA,104.874,11.5556
820,2025,7713888549.30439,Exports of goods and services (current US$),CM,Cameroon,Sub-Saharan Africa ,Lower middle income,Blend,11.5174,3.8721
821,2024,8353326094.39976,Exports of goods and services (current US$),CM,Cameroon,Sub-Saharan Africa ,Lower middle income,Blend,11.5174,3.8721
822,2023,8226588945.45928,Exports of goods and services (current US$),CM,Cameroon,Sub-Saharan Africa ,Lower middle income,Blend,11.5174,3.8721
823,2022,8568684369.04679,Exports of goods and services (current US$),CM,Cameroon,Sub-Saharan Africa ,Lower middle income,Blend,11.5174,3.8721
824,2021,7430968539.29677,Exports of goods and services (current US$),CM,Cameroon,Sub-Saharan Africa ,Lower middle income,Blend,11.5174,3.8721
825,2020,6212103784.55953,Exports of goods and services (current US$),CM,Cameroon,Sub-Saharan Africa ,Lower middle income,Blend,11.5174,3.8721
826,2019,7874085866.66636,Exports of goods and services (current US$),CM,Cameroon,Sub-Saharan Africa ,Lower middle income,Blend,11.5174,3.8721
827,2018,7486173533.2258,Exports of goods and services (current US$),CM,Cameroon,Sub-Saharan Africa ,Lower middle income,Blend,11.5174,3.8721
828,2017,6624479953.0876,Exports of goods and services (current US$),CM,Cameroon,Sub-Saharan Africa ,Lower middle income,Blend,11.5174,3.8721
829,2016,6407809686.3797,Exports of goods and services (current US$),CM,Cameroon,Sub-Saharan Africa ,Lower middle income,Blend,11.5174,3.8721
830,2025,726879970410.257,Exports of goods and services (current US$),CA,Canada,North America,High income,Not classified,-75.6919,45.4215
831,2024,737073649328.937,Exports of goods and services (current US$),CA,Canada,North America,High income,Not classified,-75.6919,45.4215
832,2023,732380673864.391,Exports of goods and services (current US$),CA,Canada,North America,High income,Not classified,-75.6919,45.4215
833,2022,742056361162.595,Exports of goods and services (current US$),CA,Canada,North America,High income,Not classified,-75.6919,45.4215
834,2021,630478158309.719,Exports of goods and services (current US$),CA,Canada,North America,High income,Not classified,-75.6919,45.4215
835,2020,487990676642.934,Exports of goods and services (current US$),CA,Canada,North America,High income,Not classified,-75.6919,45.4215
836,2019,564142104614.779,Exports of goods and services (current US$),CA,Canada,North America,High income,Not classified,-75.6919,45.4215
837,2018,557719627178.031,Exports of goods and services (current US$),CA,Canada,North America,High income,Not classified,-75.6919,45.4215
838,2017,518766780219.71,Exports of goods and services (current US$),CA,Canada,North America,High income,Not classified,-75.6919,45.4215
839,2016,481357649980.237,Exports of goods and services (current US$),CA,Canada,North America,High income,Not classified,-75.6919,45.4215
840,2025,,Exports of goods and services (current US$),KY,Cayman Islands,Latin America & Caribbean ,High income,Not classified,-81.3857,19.3022
841,2024,,Exports of goods and services (current US$),KY,Cayman Islands,Latin America & Caribbean ,High income,Not classified,-81.3857,19.3022
842,2023,,Exports of goods and services (current US$),KY,Cayman Islands,Latin America & Caribbean ,High income,Not classified,-81.3857,19.3022
843,2022,,Exports of goods and services (current US$),KY,Cayman Islands,Latin America & Caribbean ,High income,Not classified,-81.3857,19.3022
844,2021,,Exports of goods and services (current US$),KY,Cayman Islands,Latin America & Caribbean ,High income,Not classified,-81.3857,19.3022
845,2020,3372493489.97396,Exports of goods and services (current US$),KY,Cayman Islands,Latin America & Caribbean ,High income,Not classified,-81.3857,19.3022
846,2019,4127896511.58605,Exports of goods and services (current US$),KY,Cayman Islands,Latin America & Caribbean ,High income,Not classified,-81.3857,19.3022
847,2018,3958935835.74334,Exports of goods and services (current US$),KY,Cayman Islands,Latin America & Caribbean ,High income,Not classified,-81.3857,19.3022
848,2017,3824175296.70119,Exports of goods and services (current US$),KY,Cayman Islands,Latin America & Caribbean ,High income,Not classified,-81.3857,19.3022
849,2016,,Exports of goods and services (current US$),KY,Cayman Islands,Latin America & Caribbean ,High income,Not classified,-81.3857,19.3022
850,2025,593132852.007634,Exports of goods and services (current US$),CF,Central African Republic,Sub-Saharan Africa ,Low income,IDA,21.6407,5.63056
851,2024,412917514.039995,Exports of goods and services (current US$),CF,Central African Republic,Sub-Saharan Africa ,Low income,IDA,21.6407,5.63056
852,2023,369034170.925932,Exports of goods and services (current US$),CF,Central African Republic,Sub-Saharan Africa ,Low income,IDA,21.6407,5.63056
853,2022,293074002.707976,Exports of goods and services (current US$),CF,Central African Republic,Sub-Saharan Africa ,Low income,IDA,21.6407,5.63056
854,2021,332868820.827631,Exports of goods and services (current US$),CF,Central African Republic,Sub-Saharan Africa ,Low income,IDA,21.6407,5.63056
855,2020,353021263.260214,Exports of goods and services (current US$),CF,Central African Republic,Sub-Saharan Africa ,Low income,IDA,21.6407,5.63056
856,2019,349974468.904547,Exports of goods and services (current US$),CF,Central African Republic,Sub-Saharan Africa ,Low income,IDA,21.6407,5.63056
857,2018,354024742.201165,Exports of goods and services (current US$),CF,Central African Republic,Sub-Saharan Africa ,Low income,IDA,21.6407,5.63056
858,2017,357682916.800674,Exports of goods and services (current US$),CF,Central African Republic,Sub-Saharan Africa ,Low income,IDA,21.6407,5.63056
859,2016,270501993.134169,Exports of goods and services (current US$),CF,Central African Republic,Sub-Saharan Africa ,Low income,IDA,21.6407,5.63056
860,2025,6316032158.59785,Exports of goods and services (current US$),TD,Chad,Sub-Saharan Africa ,Low income,IDA,15.0445,12.1048
861,2024,5511283770.19261,Exports of goods and services (current US$),TD,Chad,Sub-Saharan Africa ,Low income,IDA,15.0445,12.1048
862,2023,5340996645.48059,Exports of goods and services (current US$),TD,Chad,Sub-Saharan Africa ,Low income,IDA,15.0445,12.1048
863,2022,5657938456.17481,Exports of goods and services (current US$),TD,Chad,Sub-Saharan Africa ,Low income,IDA,15.0445,12.1048
864,2021,4434510318.11721,Exports of goods and services (current US$),TD,Chad,Sub-Saharan Africa ,Low income,IDA,15.0445,12.1048
865,2020,3178743027.29094,Exports of goods and services (current US$),TD,Chad,Sub-Saharan Africa ,Low income,IDA,15.0445,12.1048
866,2019,3721677783.17558,Exports of goods and services (current US$),TD,Chad,Sub-Saharan Africa ,Low income,IDA,15.0445,12.1048
867,2018,3961229688.85689,Exports of goods and services (current US$),TD,Chad,Sub-Saharan Africa ,Low income,IDA,15.0445,12.1048
868,2017,3095057450.03395,Exports of goods and services (current US$),TD,Chad,Sub-Saharan Africa ,Low income,IDA,15.0445,12.1048
869,2016,2944981828.42901,Exports of goods and services (current US$),TD,Chad,Sub-Saharan Africa ,Low income,IDA,15.0445,12.1048
870,2025,,Exports of goods and services (current US$),JG,Channel Islands,Europe & Central Asia,High income,Not classified,,
871,2024,,Exports of goods and services (current US$),JG,Channel Islands,Europe & Central Asia,High income,Not classified,,
872,2023,,Exports of goods and services (current US$),JG,Channel Islands,Europe & Central Asia,High income,Not classified,,
873,2022,,Exports of goods and services (current US$),JG,Channel Islands,Europe & Central Asia,High income,Not classified,,
874,2021,,Exports of goods and services (current US$),JG,Channel Islands,Europe & Central Asia,High income,Not classified,,
875,2020,,Exports of goods and services (current US$),JG,Channel Islands,Europe & Central Asia,High income,Not classified,,
876,2019,,Exports of goods and services (current US$),JG,Channel Islands,Europe & Central Asia,High income,Not classified,,
877,2018,,Exports of goods and services (current US$),JG,Channel Islands,Europe & Central Asia,High income,Not classified,,
878,2017,,Exports of goods and services (current US$),JG,Channel Islands,Europe & Central Asia,High income,Not classified,,
879,2016,,Exports of goods and services (current US$),JG,Channel Islands,Europe & Central Asia,High income,Not classified,,
880,2025,123520198503.178,Exports of goods and services (current US$),CL,Chile,Latin America & Caribbean ,High income,IBRD,-70.6475,-33.475
881,2024,111066428901.988,Exports of goods and services (current US$),CL,Chile,Latin America & Caribbean ,High income,IBRD,-70.6475,-33.475
882,2023,103343502222.414,Exports of goods and services (current US$),CL,Chile,Latin America & Caribbean ,High income,IBRD,-70.6475,-33.475
883,2022,107256627766.463,Exports of goods and services (current US$),CL,Chile,Latin America & Caribbean ,High income,IBRD,-70.6475,-33.475
884,2021,100881456526.221,Exports of goods and services (current US$),CL,Chile,Latin America & Caribbean ,High income,IBRD,-70.6475,-33.475
885,2020,79592398711.3847,Exports of goods and services (current US$),CL,Chile,Latin America & Caribbean ,High income,IBRD,-70.6475,-33.475
886,2019,77571036969.0353,Exports of goods and services (current US$),CL,Chile,Latin America & Caribbean ,High income,IBRD,-70.6475,-33.475
887,2018,84405337954.8003,Exports of goods and services (current US$),CL,Chile,Latin America & Caribbean ,High income,IBRD,-70.6475,-33.475
888,2017,78238304189.7642,Exports of goods and services (current US$),CL,Chile,Latin America & Caribbean ,High income,IBRD,-70.6475,-33.475
889,2016,69624959647.1384,Exports of goods and services (current US$),CL,Chile,Latin America & Caribbean ,High income,IBRD,-70.6475,-33.475
890,2025,4108470555117.51,Exports of goods and services (current US$),CN,China,East Asia & Pacific,Upper middle income,IBRD,116.286,40.0495
891,2024,3828873971971.62,Exports of goods and services (current US$),CN,China,East Asia & Pacific,Upper middle income,IBRD,116.286,40.0495
892,2023,3544871083631.02,Exports of goods and services (current US$),CN,China,East Asia & Pacific,Upper middle income,IBRD,116.286,40.0495
893,2022,3705070541732.88,Exports of goods and services (current US$),CN,China,East Asia & Pacific,Upper middle income,IBRD,116.286,40.0495
894,2021,3537510275663.96,Exports of goods and services (current US$),CN,China,East Asia & Pacific,Upper middle income,IBRD,116.286,40.0495
895,2020,2739785089628.44,Exports of goods and services (current US$),CN,China,East Asia & Pacific,Upper middle income,IBRD,116.286,40.0495
896,2019,2641188436776.47,Exports of goods and services (current US$),CN,China,East Asia & Pacific,Upper middle income,IBRD,116.286,40.0495
897,2018,2655609176087.45,Exports of goods and services (current US$),CN,China,East Asia & Pacific,Upper middle income,IBRD,116.286,40.0495
898,2017,2424216052098.35,Exports of goods and services (current US$),CN,China,East Asia & Pacific,Upper middle income,IBRD,116.286,40.0495
899,2016,2199974853570.14,Exports of goods and services (current US$),CN,China,East Asia & Pacific,Upper middle income,IBRD,116.286,40.0495
900,2025,68538536936.8153,Exports of goods and services (current US$),CO,Colombia,Latin America & Caribbean ,Upper middle income,IBRD,-74.082,4.60987
901,2024,67618959764.1375,Exports of goods and services (current US$),CO,Colombia,Latin America & Caribbean ,Upper middle income,IBRD,-74.082,4.60987
902,2023,65337018068.8426,Exports of goods and services (current US$),CO,Colombia,Latin America & Caribbean ,Upper middle income,IBRD,-74.082,4.60987
903,2022,70468824548.812,Exports of goods and services (current US$),CO,Colombia,Latin America & Caribbean ,Upper middle income,IBRD,-74.082,4.60987
904,2021,51591453811.2973,Exports of goods and services (current US$),CO,Colombia,Latin America & Caribbean ,Upper middle income,IBRD,-74.082,4.60987
905,2020,36557247848.5389,Exports of goods and services (current US$),CO,Colombia,Latin America & Caribbean ,Upper middle income,IBRD,-74.082,4.60987
906,2019,51258795210.3544,Exports of goods and services (current US$),CO,Colombia,Latin America & Caribbean ,Upper middle income,IBRD,-74.082,4.60987
907,2018,53136579844.9701,Exports of goods and services (current US$),CO,Colombia,Latin America & Caribbean ,Upper middle income,IBRD,-74.082,4.60987
908,2017,47233141871.792,Exports of goods and services (current US$),CO,Colombia,Latin America & Caribbean ,Upper middle income,IBRD,-74.082,4.60987
909,2016,41608310926.5839,Exports of goods and services (current US$),CO,Colombia,Latin America & Caribbean ,Upper middle income,IBRD,-74.082,4.60987
910,2025,168747748.104269,Exports of goods and services (current US$),KM,Comoros,Sub-Saharan Africa ,Lower middle income,IDA,43.2418,-11.6986
911,2024,148632460.903961,Exports of goods and services (current US$),KM,Comoros,Sub-Saharan Africa ,Lower middle income,IDA,43.2418,-11.6986
912,2023,151154559.488802,Exports of goods and services (current US$),KM,Comoros,Sub-Saharan Africa ,Lower middle income,IDA,43.2418,-11.6986
913,2022,165662686.997069,Exports of goods and services (current US$),KM,Comoros,Sub-Saharan Africa ,Lower middle income,IDA,43.2418,-11.6986
914,2021,128826172.606603,Exports of goods and services (current US$),KM,Comoros,Sub-Saharan Africa ,Lower middle income,IDA,43.2418,-11.6986
915,2020,69481186.4625695,Exports of goods and services (current US$),KM,Comoros,Sub-Saharan Africa ,Lower middle income,IDA,43.2418,-11.6986
916,2019,152645349.458342,Exports of goods and services (current US$),KM,Comoros,Sub-Saharan Africa ,Lower middle income,IDA,43.2418,-11.6986
917,2018,153462136.034887,Exports of goods and services (current US$),KM,Comoros,Sub-Saharan Africa ,Lower middle income,IDA,43.2418,-11.6986
918,2017,128229514.973898,Exports of goods and services (current US$),KM,Comoros,Sub-Saharan Africa ,Lower middle income,IDA,43.2418,-11.6986
919,2016,108098874.554256,Exports of goods and services (current US$),KM,Comoros,Sub-Saharan Africa ,Lower middle income,IDA,43.2418,-11.6986
920,2025,39523166164.4367,Exports of goods and services (current US$),CD,"Congo, Dem. Rep.",Sub-Saharan Africa ,Low income,IDA,15.3222,-4.325
921,2024,34599989014.9216,Exports of goods and services (current US$),CD,"Congo, Dem. Rep.",Sub-Saharan Africa ,Low income,IDA,15.3222,-4.325
922,2023,29372039343.0999,Exports of goods and services (current US$),CD,"Congo, Dem. Rep.",Sub-Saharan Africa ,Low income,IDA,15.3222,-4.325
923,2022,28746630293.9711,Exports of goods and services (current US$),CD,"Congo, Dem. Rep.",Sub-Saharan Africa ,Low income,IDA,15.3222,-4.325
924,2021,22344866847.553,Exports of goods and services (current US$),CD,"Congo, Dem. Rep.",Sub-Saharan Africa ,Low income,IDA,15.3222,-4.325
925,2020,13935463325.7316,Exports of goods and services (current US$),CD,"Congo, Dem. Rep.",Sub-Saharan Africa ,Low income,IDA,15.3222,-4.325
926,2019,13335027131.6524,Exports of goods and services (current US$),CD,"Congo, Dem. Rep.",Sub-Saharan Africa ,Low income,IDA,15.3222,-4.325
927,2018,16081644406.2824,Exports of goods and services (current US$),CD,"Congo, Dem. Rep.",Sub-Saharan Africa ,Low income,IDA,15.3222,-4.325
928,2017,11668171687.8894,Exports of goods and services (current US$),CD,"Congo, Dem. Rep.",Sub-Saharan Africa ,Low income,IDA,15.3222,-4.325
929,2016,12013307808.8789,Exports of goods and services (current US$),CD,"Congo, Dem. Rep.",Sub-Saharan Africa ,Low income,IDA,15.3222,-4.325
930,2025,7830871682.15092,Exports of goods and services (current US$),CG,"Congo, Rep.",Sub-Saharan Africa ,Lower middle income,Blend,15.2662,-4.2767
931,2024,8296952539.2444,Exports of goods and services (current US$),CG,"Congo, Rep.",Sub-Saharan Africa ,Lower middle income,Blend,15.2662,-4.2767
932,2023,8717056859.49555,Exports of goods and services (current US$),CG,"Congo, Rep.",Sub-Saharan Africa ,Lower middle income,Blend,15.2662,-4.2767
933,2022,10093186510.6175,Exports of goods and services (current US$),CG,"Congo, Rep.",Sub-Saharan Africa ,Lower middle income,Blend,15.2662,-4.2767
934,2021,7833386313.57048,Exports of goods and services (current US$),CG,"Congo, Rep.",Sub-Saharan Africa ,Lower middle income,Blend,15.2662,-4.2767
935,2020,4669939812.03556,Exports of goods and services (current US$),CG,"Congo, Rep.",Sub-Saharan Africa ,Lower middle income,Blend,15.2662,-4.2767
936,2019,7854704721.17581,Exports of goods and services (current US$),CG,"Congo, Rep.",Sub-Saharan Africa ,Lower middle income,Blend,15.2662,-4.2767
937,2018,9190930874.56505,Exports of goods and services (current US$),CG,"Congo, Rep.",Sub-Saharan Africa ,Lower middle income,Blend,15.2662,-4.2767
938,2017,5676136547.10808,Exports of goods and services (current US$),CG,"Congo, Rep.",Sub-Saharan Africa ,Lower middle income,Blend,15.2662,-4.2767
939,2016,4598648630.75926,Exports of goods and services (current US$),CG,"Congo, Rep.",Sub-Saharan Africa ,Lower middle income,Blend,15.2662,-4.2767
940,2025,39978465048.217,Exports of goods and services (current US$),CR,Costa Rica,Latin America & Caribbean ,High income,IBRD,-84.0089,9.63701
941,2024,36297226370.6152,Exports of goods and services (current US$),CR,Costa Rica,Latin America & Caribbean ,High income,IBRD,-84.0089,9.63701
942,2023,33338594300.6173,Exports of goods and services (current US$),CR,Costa Rica,Latin America & Caribbean ,High income,IBRD,-84.0089,9.63701
943,2022,28818553202.073,Exports of goods and services (current US$),CR,Costa Rica,Latin America & Caribbean ,High income,IBRD,-84.0089,9.63701
944,2021,23500424108.3769,Exports of goods and services (current US$),CR,Costa Rica,Latin America & Caribbean ,High income,IBRD,-84.0089,9.63701
945,2020,19908254023.667,Exports of goods and services (current US$),CR,Costa Rica,Latin America & Caribbean ,High income,IBRD,-84.0089,9.63701
946,2019,22111572605.0372,Exports of goods and services (current US$),CR,Costa Rica,Latin America & Caribbean ,High income,IBRD,-84.0089,9.63701
947,2018,21059634001.5172,Exports of goods and services (current US$),CR,Costa Rica,Latin America & Caribbean ,High income,IBRD,-84.0089,9.63701
948,2017,19826679944.9507,Exports of goods and services (current US$),CR,Costa Rica,Latin America & Caribbean ,High income,IBRD,-84.0089,9.63701
949,2016,18395634879.8269,Exports of goods and services (current US$),CR,Costa Rica,Latin America & Caribbean ,High income,IBRD,-84.0089,9.63701
950,2025,29717948364.1736,Exports of goods and services (current US$),CI,Cote d'Ivoire,Sub-Saharan Africa ,Lower middle income,Blend,-4.0305,5.332
951,2024,22673827945.9702,Exports of goods and services (current US$),CI,Cote d'Ivoire,Sub-Saharan Africa ,Lower middle income,Blend,-4.0305,5.332
952,2023,18123337011.1187,Exports of goods and services (current US$),CI,Cote d'Ivoire,Sub-Saharan Africa ,Lower middle income,Blend,-4.0305,5.332
953,2022,17211097451.1321,Exports of goods and services (current US$),CI,Cote d'Ivoire,Sub-Saharan Africa ,Lower middle income,Blend,-4.0305,5.332
954,2021,16230487159.2541,Exports of goods and services (current US$),CI,Cote d'Ivoire,Sub-Saharan Africa ,Lower middle income,Blend,-4.0305,5.332
955,2020,13231732415.0367,Exports of goods and services (current US$),CI,Cote d'Ivoire,Sub-Saharan Africa ,Lower middle income,Blend,-4.0305,5.332
956,2019,13683059068.9034,Exports of goods and services (current US$),CI,Cote d'Ivoire,Sub-Saharan Africa ,Lower middle income,Blend,-4.0305,5.332
957,2018,13281208105.2104,Exports of goods and services (current US$),CI,Cote d'Ivoire,Sub-Saharan Africa ,Lower middle income,Blend,-4.0305,5.332
958,2017,13390010535.4842,Exports of goods and services (current US$),CI,Cote d'Ivoire,Sub-Saharan Africa ,Lower middle income,Blend,-4.0305,5.332
959,2016,12073797174.534,Exports of goods and services (current US$),CI,Cote d'Ivoire,Sub-Saharan Africa ,Lower middle income,Blend,-4.0305,5.332
960,2025,50399507887.8431,Exports of goods and services (current US$),HR,Croatia,Europe & Central Asia,High income,IBRD,15.9614,45.8069
961,2024,46622456310.9375,Exports of goods and services (current US$),HR,Croatia,Europe & Central Asia,High income,IBRD,15.9614,45.8069
962,2023,45008887886.2753,Exports of goods and services (current US$),HR,Croatia,Europe & Central Asia,High income,IBRD,15.9614,45.8069
963,2022,42370596882.2789,Exports of goods and services (current US$),HR,Croatia,Europe & Central Asia,High income,IBRD,15.9614,45.8069
964,2021,34353885110.1626,Exports of goods and services (current US$),HR,Croatia,Europe & Central Asia,High income,IBRD,15.9614,45.8069
965,2020,23925674726.4144,Exports of goods and services (current US$),HR,Croatia,Europe & Central Asia,High income,IBRD,15.9614,45.8069
966,2019,31035895644.6976,Exports of goods and services (current US$),HR,Croatia,Europe & Central Asia,High income,IBRD,15.9614,45.8069
967,2018,30285565817.1339,Exports of goods and services (current US$),HR,Croatia,Europe & Central Asia,High income,IBRD,15.9614,45.8069
968,2017,27482204405.6029,Exports of goods and services (current US$),HR,Croatia,Europe & Central Asia,High income,IBRD,15.9614,45.8069
969,2016,24545506871.635,Exports of goods and services (current US$),HR,Croatia,Europe & Central Asia,High income,IBRD,15.9614,45.8069
970,2025,,Exports of goods and services (current US$),CU,Cuba,Latin America & Caribbean ,Upper middle income,Not classified,-82.3667,23.1333
971,2024,,Exports of goods and services (current US$),CU,Cuba,Latin America & Caribbean ,Upper middle income,Not classified,-82.3667,23.1333
972,2023,,Exports of goods and services (current US$),CU,Cuba,Latin America & Caribbean ,Upper middle income,Not classified,-82.3667,23.1333
973,2022,,Exports of goods and services (current US$),CU,Cuba,Latin America & Caribbean ,Upper middle income,Not classified,-82.3667,23.1333
974,2021,,Exports of goods and services (current US$),CU,Cuba,Latin America & Caribbean ,Upper middle income,Not classified,-82.3667,23.1333
975,2020,8769000000.0,Exports of goods and services (current US$),CU,Cuba,Latin America & Caribbean ,Upper middle income,Not classified,-82.3667,23.1333
976,2019,12632000000.0,Exports of goods and services (current US$),CU,Cuba,Latin America & Caribbean ,Upper middle income,Not classified,-82.3667,23.1333
977,2018,14530000000.0,Exports of goods and services (current US$),CU,Cuba,Latin America & Caribbean ,Upper middle income,Not classified,-82.3667,23.1333
978,2017,14093000000.0,Exports of goods and services (current US$),CU,Cuba,Latin America & Caribbean ,Upper middle income,Not classified,-82.3667,23.1333
979,2016,13689600000.0,Exports of goods and services (current US$),CU,Cuba,Latin America & Caribbean ,Upper middle income,Not classified,-82.3667,23.1333
980,2025,,Exports of goods and services (current US$),CW,Curacao,Latin America & Caribbean ,High income,Not classified,,
981,2024,,Exports of goods and services (current US$),CW,Curacao,Latin America & Caribbean ,High income,Not classified,,
982,2023,,Exports of goods and services (current US$),CW,Curacao,Latin America & Caribbean ,High income,Not classified,,
983,2022,,Exports of goods and services (current US$),CW,Curacao,Latin America & Caribbean ,High income,Not classified,,
984,2021,,Exports of goods and services (current US$),CW,Curacao,Latin America & Caribbean ,High income,Not classified,,
985,2020,,Exports of goods and services (current US$),CW,Curacao,Latin America & Caribbean ,High income,Not classified,,
986,2019,,Exports of goods and services (current US$),CW,Curacao,Latin America & Caribbean ,High income,Not classified,,
987,2018,1926703910.61453,Exports of goods and services (current US$),CW,Curacao,Latin America & Caribbean ,High income,Not classified,,
988,2017,1808826815.64246,Exports of goods and services (current US$),CW,Curacao,Latin America & Caribbean ,High income,Not classified,,
989,2016,1905418994.41341,Exports of goods and services (current US$),CW,Curacao,Latin America & Caribbean ,High income,Not classified,,
990,2025,40225580413.4235,Exports of goods and services (current US$),CY,Cyprus,Europe & Central Asia,High income,Not classified,33.3736,35.1676
991,2024,36513130970.8594,Exports of goods and services (current US$),CY,Cyprus,Europe & Central Asia,High income,Not classified,33.3736,35.1676
992,2023,33809206919.8516,Exports of goods and services (current US$),CY,Cyprus,Europe & Central Asia,High income,Not classified,33.3736,35.1676
993,2022,32674705004.8484,Exports of goods and services (current US$),CY,Cyprus,Europe & Central Asia,High income,Not classified,33.3736,35.1676
994,2021,27565547681.4841,Exports of goods and services (current US$),CY,Cyprus,Europe & Central Asia,High income,Not classified,33.3736,35.1676
995,2020,20353920955.1253,Exports of goods and services (current US$),CY,Cyprus,Europe & Central Asia,High income,Not classified,33.3736,35.1676
996,2019,19846292633.1451,Exports of goods and services (current US$),CY,Cyprus,Europe & Central Asia,High income,Not classified,33.3736,35.1676
997,2018,19189606173.1592,Exports of goods and services (current US$),CY,Cyprus,Europe & Central Asia,High income,Not classified,33.3736,35.1676
998,2017,16942949247.2565,Exports of goods and services (current US$),CY,Cyprus,Europe & Central Asia,High income,Not classified,33.3736,35.1676
999,2016,14834392302.579,Exports of goods and services (current US$),CY,Cyprus,Europe & Central Asia,High income,Not classified,33.3736,35.1676
1000,2025,261773375377.022,Exports of goods and services (current US$),CZ,Czechia,Europe & Central Asia,High income,Not classified,14.4205,50.0878
1001,2024,238995944034.86,Exports of goods and services (current US$),CZ,Czechia,Europe & Central Asia,High income,Not classified,14.4205,50.0878
1002,2023,236031278976.789,Exports of goods and services (current US$),CZ,Czechia,Europe & Central Asia,High income,Not classified,14.4205,50.0878
1003,2022,218554266386.95,Exports of goods and services (current US$),CZ,Czechia,Europe & Central Asia,High income,Not classified,14.4205,50.0878
1004,2021,205281381420.63,Exports of goods and services (current US$),CZ,Czechia,Europe & Central Asia,High income,Not classified,14.4205,50.0878
1005,2020,170154349910.061,Exports of goods and services (current US$),CZ,Czechia,Europe & Central Asia,High income,Not classified,14.4205,50.0878
1006,2019,185212440994.669,Exports of goods and services (current US$),CZ,Czechia,Europe & Central Asia,High income,Not classified,14.4205,50.0878
1007,2018,190530873335.148,Exports of goods and services (current US$),CZ,Czechia,Europe & Central Asia,High income,Not classified,14.4205,50.0878
1008,2017,172120406679.12,Exports of goods and services (current US$),CZ,Czechia,Europe & Central Asia,High income,Not classified,14.4205,50.0878
1009,2016,154779987656.804,Exports of goods and services (current US$),CZ,Czechia,Europe & Central Asia,High income,Not classified,14.4205,50.0878
1010,2025,324310154069.936,Exports of goods and services (current US$),DK,Denmark,Europe & Central Asia,High income,Not classified,12.5681,55.6763
1011,2024,301421099196.281,Exports of goods and services (current US$),DK,Denmark,Europe & Central Asia,High income,Not classified,12.5681,55.6763
1012,2023,280481748656.828,Exports of goods and services (current US$),DK,Denmark,Europe & Central Asia,High income,Not classified,12.5681,55.6763
1013,2022,283101737204.979,Exports of goods and services (current US$),DK,Denmark,Europe & Central Asia,High income,Not classified,12.5681,55.6763
1014,2021,240447056409.375,Exports of goods and services (current US$),DK,Denmark,Europe & Central Asia,High income,Not classified,12.5681,55.6763
1015,2020,195728280394.404,Exports of goods and services (current US$),DK,Denmark,Europe & Central Asia,High income,Not classified,12.5681,55.6763
1016,2019,203616268094.231,Exports of goods and services (current US$),DK,Denmark,Europe & Central Asia,High income,Not classified,12.5681,55.6763
1017,2018,202458132658.687,Exports of goods and services (current US$),DK,Denmark,Europe & Central Asia,High income,Not classified,12.5681,55.6763
1018,2017,183533038706.585,Exports of goods and services (current US$),DK,Denmark,Europe & Central Asia,High income,Not classified,12.5681,55.6763
1019,2016,167778866084.333,Exports of goods and services (current US$),DK,Denmark,Europe & Central Asia,High income,Not classified,12.5681,55.6763
1020,2025,5109812571.38999,Exports of goods and services (current US$),DJ,Djibouti,"Middle East, North Africa, Afghanistan & Pakistan",Lower middle income,IDA,43.1425,11.5806
1021,2024,5248946382.25083,Exports of goods and services (current US$),DJ,Djibouti,"Middle East, North Africa, Afghanistan & Pakistan",Lower middle income,IDA,43.1425,11.5806
1022,2023,5876570579.7289,Exports of goods and services (current US$),DJ,Djibouti,"Middle East, North Africa, Afghanistan & Pakistan",Lower middle income,IDA,43.1425,11.5806
1023,2022,5673808947.73268,Exports of goods and services (current US$),DJ,Djibouti,"Middle East, North Africa, Afghanistan & Pakistan",Lower middle income,IDA,43.1425,11.5806
1024,2021,4842477816.3526,Exports of goods and services (current US$),DJ,Djibouti,"Middle East, North Africa, Afghanistan & Pakistan",Lower middle income,IDA,43.1425,11.5806
1025,2020,3682879344.59068,Exports of goods and services (current US$),DJ,Djibouti,"Middle East, North Africa, Afghanistan & Pakistan",Lower middle income,IDA,43.1425,11.5806
1026,2019,5149667174.954,Exports of goods and services (current US$),DJ,Djibouti,"Middle East, North Africa, Afghanistan & Pakistan",Lower middle income,IDA,43.1425,11.5806
1027,2018,4563067954.82807,Exports of goods and services (current US$),DJ,Djibouti,"Middle East, North Africa, Afghanistan & Pakistan",Lower middle income,IDA,43.1425,11.5806
1028,2017,4146589316.96311,Exports of goods and services (current US$),DJ,Djibouti,"Middle East, North Africa, Afghanistan & Pakistan",Lower middle income,IDA,43.1425,11.5806
1029,2016,2703006397.66826,Exports of goods and services (current US$),DJ,Djibouti,"Middle East, North Africa, Afghanistan & Pakistan",Lower middle income,IDA,43.1425,11.5806
1030,2025,,Exports of goods and services (current US$),DM,Dominica,Latin America & Caribbean ,Upper middle income,Blend,-61.39,15.2976
1031,2024,,Exports of goods and services (current US$),DM,Dominica,Latin America & Caribbean ,Upper middle income,Blend,-61.39,15.2976
1032,2023,,Exports of goods and services (current US$),DM,Dominica,Latin America & Caribbean ,Upper middle income,Blend,-61.39,15.2976
1033,2022,,Exports of goods and services (current US$),DM,Dominica,Latin America & Caribbean ,Upper middle income,Blend,-61.39,15.2976
1034,2021,,Exports of goods and services (current US$),DM,Dominica,Latin America & Caribbean ,Upper middle income,Blend,-61.39,15.2976
1035,2020,,Exports of goods and services (current US$),DM,Dominica,Latin America & Caribbean ,Upper middle income,Blend,-61.39,15.2976
1036,2019,,Exports of goods and services (current US$),DM,Dominica,Latin America & Caribbean ,Upper middle income,Blend,-61.39,15.2976
1037,2018,,Exports of goods and services (current US$),DM,Dominica,Latin America & Caribbean ,Upper middle income,Blend,-61.39,15.2976
1038,2017,,Exports of goods and services (current US$),DM,Dominica,Latin America & Caribbean ,Upper middle income,Blend,-61.39,15.2976
1039,2016,,Exports of goods and services (current US$),DM,Dominica,Latin America & Caribbean ,Upper middle income,Blend,-61.39,15.2976
1040,2025,30119023791.074,Exports of goods and services (current US$),DO,Dominican Republic,Latin America & Caribbean ,Upper middle income,IBRD,-69.8908,18.479
1041,2024,28296491455.8321,Exports of goods and services (current US$),DO,Dominican Republic,Latin America & Caribbean ,Upper middle income,IBRD,-69.8908,18.479
1042,2023,25685265157.3429,Exports of goods and services (current US$),DO,Dominican Republic,Latin America & Caribbean ,Upper middle income,IBRD,-69.8908,18.479
1043,2022,24994898871.2427,Exports of goods and services (current US$),DO,Dominican Republic,Latin America & Caribbean ,Upper middle income,IBRD,-69.8908,18.479
1044,2021,20419747258.6912,Exports of goods and services (current US$),DO,Dominican Republic,Latin America & Caribbean ,Upper middle income,IBRD,-69.8908,18.479
1045,2020,14764580793.6175,Exports of goods and services (current US$),DO,Dominican Republic,Latin America & Caribbean ,Upper middle income,IBRD,-69.8908,18.479
1046,2019,20793631484.4658,Exports of goods and services (current US$),DO,Dominican Republic,Latin America & Caribbean ,Upper middle income,IBRD,-69.8908,18.479
1047,2018,20392862253.0809,Exports of goods and services (current US$),DO,Dominican Republic,Latin America & Caribbean ,Upper middle income,IBRD,-69.8908,18.479
1048,2017,19118996309.9954,Exports of goods and services (current US$),DO,Dominican Republic,Latin America & Caribbean ,Upper middle income,IBRD,-69.8908,18.479
1049,2016,18279168807.508,Exports of goods and services (current US$),DO,Dominican Republic,Latin America & Caribbean ,Upper middle income,IBRD,-69.8908,18.479
1050,2025,40970936400.0,Exports of goods and services (current US$),EC,Ecuador,Latin America & Caribbean ,Upper middle income,IBRD,-78.5243,-0.229498
1051,2024,37757097000.0,Exports of goods and services (current US$),EC,Ecuador,Latin America & Caribbean ,Upper middle income,IBRD,-78.5243,-0.229498
1052,2023,34606578000.0,Exports of goods and services (current US$),EC,Ecuador,Latin America & Caribbean ,Upper middle income,IBRD,-78.5243,-0.229498
1053,2022,35914453000.0,Exports of goods and services (current US$),EC,Ecuador,Latin America & Caribbean ,Upper middle income,IBRD,-78.5243,-0.229498
1054,2021,29009062000.0,Exports of goods and services (current US$),EC,Ecuador,Latin America & Caribbean ,Upper middle income,IBRD,-78.5243,-0.229498
1055,2020,22320897000.0,Exports of goods and services (current US$),EC,Ecuador,Latin America & Caribbean ,Upper middle income,IBRD,-78.5243,-0.229498
1056,2019,25875328000.0,Exports of goods and services (current US$),EC,Ecuador,Latin America & Caribbean ,Upper middle income,IBRD,-78.5243,-0.229498
1057,2018,25304707000.0,Exports of goods and services (current US$),EC,Ecuador,Latin America & Caribbean ,Upper middle income,IBRD,-78.5243,-0.229498
1058,2017,22445453000.0,Exports of goods and services (current US$),EC,Ecuador,Latin America & Caribbean ,Upper middle income,IBRD,-78.5243,-0.229498
1059,2016,20061020000.0,Exports of goods and services (current US$),EC,Ecuador,Latin America & Caribbean ,Upper middle income,IBRD,-78.5243,-0.229498
1060,2025,72393571621.6233,Exports of goods and services (current US$),EG,"Egypt, Arab Rep.","Middle East, North Africa, Afghanistan & Pakistan",Lower middle income,IBRD,31.2461,30.0982
1061,2024,63713393301.1736,Exports of goods and services (current US$),EG,"Egypt, Arab Rep.","Middle East, North Africa, Afghanistan & Pakistan",Lower middle income,IBRD,31.2461,30.0982
1062,2023,75645996851.8977,Exports of goods and services (current US$),EG,"Egypt, Arab Rep.","Middle East, North Africa, Afghanistan & Pakistan",Lower middle income,IBRD,31.2461,30.0982
1063,2022,71927051671.7325,Exports of goods and services (current US$),EG,"Egypt, Arab Rep.","Middle East, North Africa, Afghanistan & Pakistan",Lower middle income,IBRD,31.2461,30.0982
1064,2021,44850223072.0204,Exports of goods and services (current US$),EG,"Egypt, Arab Rep.","Middle East, North Africa, Afghanistan & Pakistan",Lower middle income,IBRD,31.2461,30.0982
1065,2020,47872738615.0967,Exports of goods and services (current US$),EG,"Egypt, Arab Rep.","Middle East, North Africa, Afghanistan & Pakistan",Lower middle income,IBRD,31.2461,30.0982
1066,2019,53041002277.9043,Exports of goods and services (current US$),EG,"Egypt, Arab Rep.","Middle East, North Africa, Afghanistan & Pakistan",Lower middle income,IBRD,31.2461,30.0982
1067,2018,47225661226.7867,Exports of goods and services (current US$),EG,"Egypt, Arab Rep.","Middle East, North Africa, Afghanistan & Pakistan",Lower middle income,IBRD,31.2461,30.0982
1068,2017,37289402173.913,Exports of goods and services (current US$),EG,"Egypt, Arab Rep.","Middle East, North Africa, Afghanistan & Pakistan",Lower middle income,IBRD,31.2461,30.0982
1069,2016,34392638036.8098,Exports of goods and services (current US$),EG,"Egypt, Arab Rep.","Middle East, North Africa, Afghanistan & Pakistan",Lower middle income,IBRD,31.2461,30.0982
1070,2025,11763690000.0,Exports of goods and services (current US$),SV,El Salvador,Latin America & Caribbean ,Upper middle income,IBRD,-89.2073,13.7034
1071,2024,11391670000.0,Exports of goods and services (current US$),SV,El Salvador,Latin America & Caribbean ,Upper middle income,IBRD,-89.2073,13.7034
1072,2023,9664110000.0,Exports of goods and services (current US$),SV,El Salvador,Latin America & Caribbean ,Upper middle income,IBRD,-89.2073,13.7034
1073,2022,10336590000.0,Exports of goods and services (current US$),SV,El Salvador,Latin America & Caribbean ,Upper middle income,IBRD,-89.2073,13.7034
1074,2021,8359050000.0,Exports of goods and services (current US$),SV,El Salvador,Latin America & Caribbean ,Upper middle income,IBRD,-89.2073,13.7034
1075,2020,6112370000.0,Exports of goods and services (current US$),SV,El Salvador,Latin America & Caribbean ,Upper middle income,IBRD,-89.2073,13.7034
1076,2019,8052490000.0,Exports of goods and services (current US$),SV,El Salvador,Latin America & Caribbean ,Upper middle income,IBRD,-89.2073,13.7034
1077,2018,7528970000.0,Exports of goods and services (current US$),SV,El Salvador,Latin America & Caribbean ,Upper middle income,IBRD,-89.2073,13.7034
1078,2017,7251400000.0,Exports of goods and services (current US$),SV,El Salvador,Latin America & Caribbean ,Upper middle income,IBRD,-89.2073,13.7034
1079,2016,6884540000.0,Exports of goods and services (current US$),SV,El Salvador,Latin America & Caribbean ,Upper middle income,IBRD,-89.2073,13.7034
1080,2025,5965354779.22415,Exports of goods and services (current US$),GQ,Equatorial Guinea,Sub-Saharan Africa ,Upper middle income,IBRD,8.7741,3.7523
1081,2024,5961375349.85882,Exports of goods and services (current US$),GQ,Equatorial Guinea,Sub-Saharan Africa ,Upper middle income,IBRD,8.7741,3.7523
1082,2023,4741380525.48779,Exports of goods and services (current US$),GQ,Equatorial Guinea,Sub-Saharan Africa ,Upper middle income,IBRD,8.7741,3.7523
1083,2022,7249945760.76341,Exports of goods and services (current US$),GQ,Equatorial Guinea,Sub-Saharan Africa ,Upper middle income,IBRD,8.7741,3.7523
1084,2021,5512726595.33217,Exports of goods and services (current US$),GQ,Equatorial Guinea,Sub-Saharan Africa ,Upper middle income,IBRD,8.7741,3.7523
1085,2020,4041173655.70763,Exports of goods and services (current US$),GQ,Equatorial Guinea,Sub-Saharan Africa ,Upper middle income,IBRD,8.7741,3.7523
1086,2019,5810566663.64454,Exports of goods and services (current US$),GQ,Equatorial Guinea,Sub-Saharan Africa ,Upper middle income,IBRD,8.7741,3.7523
1087,2018,7807722846.25857,Exports of goods and services (current US$),GQ,Equatorial Guinea,Sub-Saharan Africa ,Upper middle income,IBRD,8.7741,3.7523
1088,2017,7181836773.61884,Exports of goods and services (current US$),GQ,Equatorial Guinea,Sub-Saharan Africa ,Upper middle income,IBRD,8.7741,3.7523
1089,2016,5779217937.37982,Exports of goods and services (current US$),GQ,Equatorial Guinea,Sub-Saharan Africa ,Upper middle income,IBRD,8.7741,3.7523
1090,2025,,Exports of goods and services (current US$),ER,Eritrea,Sub-Saharan Africa ,Low income,IDA,38.9183,15.3315
1091,2024,,Exports of goods and services (current US$),ER,Eritrea,Sub-Saharan Africa ,Low income,IDA,38.9183,15.3315
1092,2023,,Exports of goods and services (current US$),ER,Eritrea,Sub-Saharan Africa ,Low income,IDA,38.9183,15.3315
1093,2022,,Exports of goods and services (current US$),ER,Eritrea,Sub-Saharan Africa ,Low income,IDA,38.9183,15.3315
1094,2021,,Exports of goods and services (current US$),ER,Eritrea,Sub-Saharan Africa ,Low income,IDA,38.9183,15.3315
1095,2020,,Exports of goods and services (current US$),ER,Eritrea,Sub-Saharan Africa ,Low income,IDA,38.9183,15.3315
1096,2019,,Exports of goods and services (current US$),ER,Eritrea,Sub-Saharan Africa ,Low income,IDA,38.9183,15.3315
1097,2018,,Exports of goods and services (current US$),ER,Eritrea,Sub-Saharan Africa ,Low income,IDA,38.9183,15.3315
1098,2017,,Exports of goods and services (current US$),ER,Eritrea,Sub-Saharan Africa ,Low income,IDA,38.9183,15.3315
1099,2016,,Exports of goods and services (current US$),ER,Eritrea,Sub-Saharan Africa ,Low income,IDA,38.9183,15.3315
1100,2025,36854468950.5399,Exports of goods and services (current US$),EE,Estonia,Europe & Central Asia,High income,Not classified,24.7586,59.4392
1101,2024,32636565839.1828,Exports of goods and services (current US$),EE,Estonia,Europe & Central Asia,High income,Not classified,24.7586,59.4392
1102,2023,32253419230.1692,Exports of goods and services (current US$),EE,Estonia,Europe & Central Asia,High income,Not classified,24.7586,59.4392
1103,2022,33421529205.1091,Exports of goods and services (current US$),EE,Estonia,Europe & Central Asia,High income,Not classified,24.7586,59.4392
1104,2021,29617994789.2515,Exports of goods and services (current US$),EE,Estonia,Europe & Central Asia,High income,Not classified,24.7586,59.4392
1105,2020,21687304701.9674,Exports of goods and services (current US$),EE,Estonia,Europe & Central Asia,High income,Not classified,24.7586,59.4392
1106,2019,22955204325.3882,Exports of goods and services (current US$),EE,Estonia,Europe & Central Asia,High income,Not classified,24.7586,59.4392
1107,2018,22761453869.1051,Exports of goods and services (current US$),EE,Estonia,Europe & Central Asia,High income,Not classified,24.7586,59.4392
1108,2017,20411337063.7789,Exports of goods and services (current US$),EE,Estonia,Europe & Central Asia,High income,Not classified,24.7586,59.4392
1109,2016,18537893089.3891,Exports of goods and services (current US$),EE,Estonia,Europe & Central Asia,High income,Not classified,24.7586,59.4392
1110,2025,,Exports of goods and services (current US$),SZ,Eswatini,Sub-Saharan Africa ,Lower middle income,Blend,31.4659,-26.5225
1111,2024,2611937418.73633,Exports of goods and services (current US$),SZ,Eswatini,Sub-Saharan Africa ,Lower middle income,Blend,31.4659,-26.5225
1112,2023,2241325005.99341,Exports of goods and services (current US$),SZ,Eswatini,Sub-Saharan Africa ,Lower middle income,Blend,31.4659,-26.5225
1113,2022,2112045177.31419,Exports of goods and services (current US$),SZ,Eswatini,Sub-Saharan Africa ,Lower middle income,Blend,31.4659,-26.5225
1114,2021,2144557154.68022,Exports of goods and services (current US$),SZ,Eswatini,Sub-Saharan Africa ,Lower middle income,Blend,31.4659,-26.5225
1115,2020,1802851570.73454,Exports of goods and services (current US$),SZ,Eswatini,Sub-Saharan Africa ,Lower middle income,Blend,31.4659,-26.5225
1116,2019,2066646226.29074,Exports of goods and services (current US$),SZ,Eswatini,Sub-Saharan Africa ,Lower middle income,Blend,31.4659,-26.5225
1117,2018,1897999486.40871,Exports of goods and services (current US$),SZ,Eswatini,Sub-Saharan Africa ,Lower middle income,Blend,31.4659,-26.5225
1118,2017,1925910543.61037,Exports of goods and services (current US$),SZ,Eswatini,Sub-Saharan Africa ,Lower middle income,Blend,31.4659,-26.5225
1119,2016,1685718187.92489,Exports of goods and services (current US$),SZ,Eswatini,Sub-Saharan Africa ,Lower middle income,Blend,31.4659,-26.5225
1120,2025,16785187367.6025,Exports of goods and services (current US$),ET,Ethiopia,Sub-Saharan Africa ,Low income,IDA,38.7468,9.02274
1121,2024,8294520632.75419,Exports of goods and services (current US$),ET,Ethiopia,Sub-Saharan Africa ,Low income,IDA,38.7468,9.02274
1122,2023,8962144165.66712,Exports of goods and services (current US$),ET,Ethiopia,Sub-Saharan Africa ,Low income,IDA,38.7468,9.02274
1123,2022,10151637925.551,Exports of goods and services (current US$),ET,Ethiopia,Sub-Saharan Africa ,Low income,IDA,38.7468,9.02274
1124,2021,8323978508.07578,Exports of goods and services (current US$),ET,Ethiopia,Sub-Saharan Africa ,Low income,IDA,38.7468,9.02274
1125,2020,7032893577.0121,Exports of goods and services (current US$),ET,Ethiopia,Sub-Saharan Africa ,Low income,IDA,38.7468,9.02274
1126,2019,7291628539.93174,Exports of goods and services (current US$),ET,Ethiopia,Sub-Saharan Africa ,Low income,IDA,38.7468,9.02274
1127,2018,6977614238.63636,Exports of goods and services (current US$),ET,Ethiopia,Sub-Saharan Africa ,Low income,IDA,38.7468,9.02274
1128,2017,5826254533.33333,Exports of goods and services (current US$),ET,Ethiopia,Sub-Saharan Africa ,Low income,IDA,38.7468,9.02274
1129,2016,5349377912.66376,Exports of goods and services (current US$),ET,Ethiopia,Sub-Saharan Africa ,Low income,IDA,38.7468,9.02274
1130,2025,,Exports of goods and services (current US$),FO,Faroe Islands,Europe & Central Asia,High income,Not classified,-6.91181,61.8926
1131,2024,2211130769.46935,Exports of goods and services (current US$),FO,Faroe Islands,Europe & Central Asia,High income,Not classified,-6.91181,61.8926
1132,2023,2255264259.45073,Exports of goods and services (current US$),FO,Faroe Islands,Europe & Central Asia,High income,Not classified,-6.91181,61.8926
1133,2022,2218833103.79562,Exports of goods and services (current US$),FO,Faroe Islands,Europe & Central Asia,High income,Not classified,-6.91181,61.8926
1134,2021,1923044780.86346,Exports of goods and services (current US$),FO,Faroe Islands,Europe & Central Asia,High income,Not classified,-6.91181,61.8926
1135,2020,1551767675.22369,Exports of goods and services (current US$),FO,Faroe Islands,Europe & Central Asia,High income,Not classified,-6.91181,61.8926
1136,2019,1821680268.24413,Exports of goods and services (current US$),FO,Faroe Islands,Europe & Central Asia,High income,Not classified,-6.91181,61.8926
1137,2018,1684155449.442,Exports of goods and services (current US$),FO,Faroe Islands,Europe & Central Asia,High income,Not classified,-6.91181,61.8926
1138,2017,1679718268.94666,Exports of goods and services (current US$),FO,Faroe Islands,Europe & Central Asia,High income,Not classified,-6.91181,61.8926
1139,2016,1534259159.40032,Exports of goods and services (current US$),FO,Faroe Islands,Europe & Central Asia,High income,Not classified,-6.91181,61.8926
1140,2025,,Exports of goods and services (current US$),FJ,Fiji,East Asia & Pacific,Upper middle income,Blend,178.399,-18.1149
1141,2024,3247013181.67791,Exports of goods and services (current US$),FJ,Fiji,East Asia & Pacific,Upper middle income,Blend,178.399,-18.1149
1142,2023,3149469473.91812,Exports of goods and services (current US$),FJ,Fiji,East Asia & Pacific,Upper middle income,Blend,178.399,-18.1149
1143,2022,2487954294.68517,Exports of goods and services (current US$),FJ,Fiji,East Asia & Pacific,Upper middle income,Blend,178.399,-18.1149
1144,2021,1422753331.95211,Exports of goods and services (current US$),FJ,Fiji,East Asia & Pacific,Upper middle income,Blend,178.399,-18.1149
1145,2020,1327735780.76406,Exports of goods and services (current US$),FJ,Fiji,East Asia & Pacific,Upper middle income,Blend,178.399,-18.1149
1146,2019,2707100050.7778,Exports of goods and services (current US$),FJ,Fiji,East Asia & Pacific,Upper middle income,Blend,178.399,-18.1149
1147,2018,2665063380.88896,Exports of goods and services (current US$),FJ,Fiji,East Asia & Pacific,Upper middle income,Blend,178.399,-18.1149
1148,2017,2463429089.80949,Exports of goods and services (current US$),FJ,Fiji,East Asia & Pacific,Upper middle income,Blend,178.399,-18.1149
1149,2016,2299808659.58593,Exports of goods and services (current US$),FJ,Fiji,East Asia & Pacific,Upper middle income,Blend,178.399,-18.1149
1150,2025,134192277447.843,Exports of goods and services (current US$),FI,Finland,Europe & Central Asia,High income,Not classified,24.9525,60.1608
1151,2024,125177301210.937,Exports of goods and services (current US$),FI,Finland,Europe & Central Asia,High income,Not classified,24.9525,60.1608
1152,2023,126248924941.179,Exports of goods and services (current US$),FI,Finland,Europe & Central Asia,High income,Not classified,24.9525,60.1608
1153,2022,129714531245.137,Exports of goods and services (current US$),FI,Finland,Europe & Central Asia,High income,Not classified,24.9525,60.1608
1154,2021,117459122934.107,Exports of goods and services (current US$),FI,Finland,Europe & Central Asia,High income,Not classified,24.9525,60.1608
1155,2020,97778840102.724,Exports of goods and services (current US$),FI,Finland,Europe & Central Asia,High income,Not classified,24.9525,60.1608
1156,2019,108456929458.823,Exports of goods and services (current US$),FI,Finland,Europe & Central Asia,High income,Not classified,24.9525,60.1608
1157,2018,107217678990.588,Exports of goods and services (current US$),FI,Finland,Europe & Central Asia,High income,Not classified,24.9525,60.1608
1158,2017,96883717056.4707,Exports of goods and services (current US$),FI,Finland,Europe & Central Asia,High income,Not classified,24.9525,60.1608
1159,2016,84368155260.7006,Exports of goods and services (current US$),FI,Finland,Europe & Central Asia,High income,Not classified,24.9525,60.1608
1160,2025,1124107902931.06,Exports of goods and services (current US$),FR,France,Europe & Central Asia,High income,Not classified,2.35097,48.8566
1161,2024,1071066237472.11,Exports of goods and services (current US$),FR,France,Europe & Central Asia,High income,Not classified,2.35097,48.8566
1162,2023,1053069574154.53,Exports of goods and services (current US$),FR,France,Europe & Central Asia,High income,Not classified,2.35097,48.8566
1163,2022,1023340977697.09,Exports of goods and services (current US$),FR,France,Europe & Central Asia,High income,Not classified,2.35097,48.8566
1164,2021,928139254791.07,Exports of goods and services (current US$),FR,France,Europe & Central Asia,High income,Not classified,2.35097,48.8566
1165,2020,756174143647.162,Exports of goods and services (current US$),FR,France,Europe & Central Asia,High income,Not classified,2.35097,48.8566
1166,2019,895514342479.214,Exports of goods and services (current US$),FR,France,Europe & Central Asia,High income,Not classified,2.35097,48.8566
1167,2018,915638789626.901,Exports of goods and services (current US$),FR,France,Europe & Central Asia,High income,Not classified,2.35097,48.8566
1168,2017,836510836277.649,Exports of goods and services (current US$),FR,France,Europe & Central Asia,High income,Not classified,2.35097,48.8566
1169,2016,778134181664.243,Exports of goods and services (current US$),FR,France,Europe & Central Asia,High income,Not classified,2.35097,48.8566
1170,2025,,Exports of goods and services (current US$),PF,French Polynesia,East Asia & Pacific,High income,Not classified,-149.57,-17.535
1171,2024,1158591620.0156,Exports of goods and services (current US$),PF,French Polynesia,East Asia & Pacific,High income,Not classified,-149.57,-17.535
1172,2023,1477156129.35831,Exports of goods and services (current US$),PF,French Polynesia,East Asia & Pacific,High income,Not classified,-149.57,-17.535
1173,2022,1226708759.69725,Exports of goods and services (current US$),PF,French Polynesia,East Asia & Pacific,High income,Not classified,-149.57,-17.535
1174,2021,805906228.022513,Exports of goods and services (current US$),PF,French Polynesia,East Asia & Pacific,High income,Not classified,-149.57,-17.535
1175,2020,529592952.034048,Exports of goods and services (current US$),PF,French Polynesia,East Asia & Pacific,High income,Not classified,-149.57,-17.535
1176,2019,1240128736.0656,Exports of goods and services (current US$),PF,French Polynesia,East Asia & Pacific,High income,Not classified,-149.57,-17.535
1177,2018,1287096391.80933,Exports of goods and services (current US$),PF,French Polynesia,East Asia & Pacific,High income,Not classified,-149.57,-17.535
1178,2017,1140826361.22749,Exports of goods and services (current US$),PF,French Polynesia,East Asia & Pacific,High income,Not classified,-149.57,-17.535
1179,2016,1078113650.99587,Exports of goods and services (current US$),PF,French Polynesia,East Asia & Pacific,High income,Not classified,-149.57,-17.535
1180,2025,11890462993.1663,Exports of goods and services (current US$),GA,Gabon,Sub-Saharan Africa ,Upper middle income,IBRD,9.45162,0.38832
1181,2024,13494077457.825,Exports of goods and services (current US$),GA,Gabon,Sub-Saharan Africa ,Upper middle income,IBRD,9.45162,0.38832
1182,2023,12355875610.3482,Exports of goods and services (current US$),GA,Gabon,Sub-Saharan Africa ,Upper middle income,IBRD,9.45162,0.38832
1183,2022,13813536175.2073,Exports of goods and services (current US$),GA,Gabon,Sub-Saharan Africa ,Upper middle income,IBRD,9.45162,0.38832
1184,2021,11849572428.6127,Exports of goods and services (current US$),GA,Gabon,Sub-Saharan Africa ,Upper middle income,IBRD,9.45162,0.38832
1185,2020,7302825066.42947,Exports of goods and services (current US$),GA,Gabon,Sub-Saharan Africa ,Upper middle income,IBRD,9.45162,0.38832
1186,2019,8678687831.55984,Exports of goods and services (current US$),GA,Gabon,Sub-Saharan Africa ,Upper middle income,IBRD,9.45162,0.38832
1187,2018,9158802464.98934,Exports of goods and services (current US$),GA,Gabon,Sub-Saharan Africa ,Upper middle income,IBRD,9.45162,0.38832
1188,2017,7498596948.54146,Exports of goods and services (current US$),GA,Gabon,Sub-Saharan Africa ,Upper middle income,IBRD,9.45162,0.38832
1189,2016,6175468782.21868,Exports of goods and services (current US$),GA,Gabon,Sub-Saharan Africa ,Upper middle income,IBRD,9.45162,0.38832
1190,2025,330185893.239135,Exports of goods and services (current US$),GM,"Gambia, The",Sub-Saharan Africa ,Low income,IDA,-16.5885,13.4495
1191,2024,210399922.677429,Exports of goods and services (current US$),GM,"Gambia, The",Sub-Saharan Africa ,Low income,IDA,-16.5885,13.4495
1192,2023,168026281.747652,Exports of goods and services (current US$),GM,"Gambia, The",Sub-Saharan Africa ,Low income,IDA,-16.5885,13.4495
1193,2022,188942455.877392,Exports of goods and services (current US$),GM,"Gambia, The",Sub-Saharan Africa ,Low income,IDA,-16.5885,13.4495
1194,2021,133283633.187106,Exports of goods and services (current US$),GM,"Gambia, The",Sub-Saharan Africa ,Low income,IDA,-16.5885,13.4495
1195,2020,174106925.873846,Exports of goods and services (current US$),GM,"Gambia, The",Sub-Saharan Africa ,Low income,IDA,-16.5885,13.4495
1196,2019,365730558.072245,Exports of goods and services (current US$),GM,"Gambia, The",Sub-Saharan Africa ,Low income,IDA,-16.5885,13.4495
1197,2018,372362228.927732,Exports of goods and services (current US$),GM,"Gambia, The",Sub-Saharan Africa ,Low income,IDA,-16.5885,13.4495
1198,2017,278118327.12068,Exports of goods and services (current US$),GM,"Gambia, The",Sub-Saharan Africa ,Low income,IDA,-16.5885,13.4495
1199,2016,189367460.895985,Exports of goods and services (current US$),GM,"Gambia, The",Sub-Saharan Africa ,Low income,IDA,-16.5885,13.4495
1200,2025,18082223921.5759,Exports of goods and services (current US$),GE,Georgia,Europe & Central Asia,Upper middle income,IBRD,44.793,41.71
1201,2024,16347695357.7103,Exports of goods and services (current US$),GE,Georgia,Europe & Central Asia,Upper middle income,IBRD,44.793,41.71
1202,2023,15163333694.8312,Exports of goods and services (current US$),GE,Georgia,Europe & Central Asia,Upper middle income,IBRD,44.793,41.71
1203,2022,13111621768.0543,Exports of goods and services (current US$),GE,Georgia,Europe & Central Asia,Upper middle income,IBRD,44.793,41.71
1204,2021,8045446645.34757,Exports of goods and services (current US$),GE,Georgia,Europe & Central Asia,Upper middle income,IBRD,44.793,41.71
1205,2020,5908062642.69865,Exports of goods and services (current US$),GE,Georgia,Europe & Central Asia,Upper middle income,IBRD,44.793,41.71
1206,2019,9578376986.37911,Exports of goods and services (current US$),GE,Georgia,Europe & Central Asia,Upper middle income,IBRD,44.793,41.71
1207,2018,8896766541.72421,Exports of goods and services (current US$),GE,Georgia,Europe & Central Asia,Upper middle income,IBRD,44.793,41.71
1208,2017,7557302009.68942,Exports of goods and services (current US$),GE,Georgia,Europe & Central Asia,Upper middle income,IBRD,44.793,41.71
1209,2016,6177710295.87299,Exports of goods and services (current US$),GE,Georgia,Europe & Central Asia,Upper middle income,IBRD,44.793,41.71
1210,2025,2042329262308.23,Exports of goods and services (current US$),DE,Germany,Europe & Central Asia,High income,Not classified,13.4115,52.5235
1211,2024,1941431210621.87,Exports of goods and services (current US$),DE,Germany,Europe & Central Asia,High income,Not classified,13.4115,52.5235
1212,2023,1960255682615.72,Exports of goods and services (current US$),DE,Germany,Europe & Central Asia,High income,Not classified,13.4115,52.5235
1213,2022,1916859170749.03,Exports of goods and services (current US$),DE,Germany,Europe & Central Asia,High income,Not classified,13.4115,52.5235
1214,2021,1851846071996.09,Exports of goods and services (current US$),DE,Germany,Europe & Central Asia,High income,Not classified,13.4115,52.5235
1215,2020,1541867660412.46,Exports of goods and services (current US$),DE,Germany,Europe & Central Asia,High income,Not classified,13.4115,52.5235
1216,2019,1676629137011.76,Exports of goods and services (current US$),DE,Germany,Europe & Central Asia,High income,Not classified,13.4115,52.5235
1217,2018,1723433049609.41,Exports of goods and services (current US$),DE,Germany,Europe & Central Asia,High income,Not classified,13.4115,52.5235
1218,2017,1589089750187.06,Exports of goods and services (current US$),DE,Germany,Europe & Central Asia,High income,Not classified,13.4115,52.5235
1219,2016,1472560807845.53,Exports of goods and services (current US$),DE,Germany,Europe & Central Asia,High income,Not classified,13.4115,52.5235
1220,2025,,Exports of goods and services (current US$),GH,Ghana,Sub-Saharan Africa ,Lower middle income,IDA,-0.20795,5.57045
1221,2024,29197465998.8647,Exports of goods and services (current US$),GH,Ghana,Sub-Saharan Africa ,Lower middle income,IDA,-0.20795,5.57045
1222,2023,25590486225.4334,Exports of goods and services (current US$),GH,Ghana,Sub-Saharan Africa ,Lower middle income,IDA,-0.20795,5.57045
1223,2022,25623315466.9184,Exports of goods and services (current US$),GH,Ghana,Sub-Saharan Africa ,Lower middle income,IDA,-0.20795,5.57045
1224,2021,23898089227.0418,Exports of goods and services (current US$),GH,Ghana,Sub-Saharan Africa ,Lower middle income,IDA,-0.20795,5.57045
1225,2020,22070393252.1853,Exports of goods and services (current US$),GH,Ghana,Sub-Saharan Africa ,Lower middle income,IDA,-0.20795,5.57045
1226,2019,25597786148.2046,Exports of goods and services (current US$),GH,Ghana,Sub-Saharan Africa ,Lower middle income,IDA,-0.20795,5.57045
1227,2018,22501546548.8178,Exports of goods and services (current US$),GH,Ghana,Sub-Saharan Africa ,Lower middle income,IDA,-0.20795,5.57045
1228,2017,20456689539.6174,Exports of goods and services (current US$),GH,Ghana,Sub-Saharan Africa ,Lower middle income,IDA,-0.20795,5.57045
1229,2016,17513188147.4573,Exports of goods and services (current US$),GH,Ghana,Sub-Saharan Africa ,Lower middle income,IDA,-0.20795,5.57045
1230,2025,,Exports of goods and services (current US$),GI,Gibraltar,Europe & Central Asia,High income,Not classified,,
1231,2024,,Exports of goods and services (current US$),GI,Gibraltar,Europe & Central Asia,High income,Not classified,,
1232,2023,,Exports of goods and services (current US$),GI,Gibraltar,Europe & Central Asia,High income,Not classified,,
1233,2022,,Exports of goods and services (current US$),GI,Gibraltar,Europe & Central Asia,High income,Not classified,,
1234,2021,,Exports of goods and services (current US$),GI,Gibraltar,Europe & Central Asia,High income,Not classified,,
1235,2020,,Exports of goods and services (current US$),GI,Gibraltar,Europe & Central Asia,High income,Not classified,,
1236,2019,,Exports of goods and services (current US$),GI,Gibraltar,Europe & Central Asia,High income,Not classified,,
1237,2018,,Exports of goods and services (current US$),GI,Gibraltar,Europe & Central Asia,High income,Not classified,,
1238,2017,,Exports of goods and services (current US$),GI,Gibraltar,Europe & Central Asia,High income,Not classified,,
1239,2016,,Exports of goods and services (current US$),GI,Gibraltar,Europe & Central Asia,High income,Not classified,,
1240,2025,110743741990.477,Exports of goods and services (current US$),GR,Greece,Europe & Central Asia,High income,Not classified,23.7166,37.9792
1241,2024,107906278860.86,Exports of goods and services (current US$),GR,Greece,Europe & Central Asia,High income,Not classified,23.7166,37.9792
1242,2023,106504786800.943,Exports of goods and services (current US$),GR,Greece,Europe & Central Asia,High income,Not classified,23.7166,37.9792
1243,2022,107320102999.948,Exports of goods and services (current US$),GR,Greece,Europe & Central Asia,High income,Not classified,23.7166,37.9792
1244,2021,87890002522.6885,Exports of goods and services (current US$),GR,Greece,Europe & Central Asia,High income,Not classified,23.7166,37.9792
1245,2020,60184486579.7402,Exports of goods and services (current US$),GR,Greece,Europe & Central Asia,High income,Not classified,23.7166,37.9792
1246,2019,82010713282.0312,Exports of goods and services (current US$),GR,Greece,Europe & Central Asia,High income,Not classified,23.7166,37.9792
1247,2018,82399082670.3113,Exports of goods and services (current US$),GR,Greece,Europe & Central Asia,High income,Not classified,23.7166,37.9792
1248,2017,69691264258.6342,Exports of goods and services (current US$),GR,Greece,Europe & Central Asia,High income,Not classified,23.7166,37.9792
1249,2016,60206483726.2834,Exports of goods and services (current US$),GR,Greece,Europe & Central Asia,High income,Not classified,23.7166,37.9792
1250,2025,,Exports of goods and services (current US$),GL,Greenland,Europe & Central Asia,High income,Not classified,-51.7214,64.1836
1251,2024,,Exports of goods and services (current US$),GL,Greenland,Europe & Central Asia,High income,Not classified,-51.7214,64.1836
1252,2023,1357184772.6963,Exports of goods and services (current US$),GL,Greenland,Europe & Central Asia,High income,Not classified,-51.7214,64.1836
1253,2022,1285840100.66488,Exports of goods and services (current US$),GL,Greenland,Europe & Central Asia,High income,Not classified,-51.7214,64.1836
1254,2021,1121643590.62737,Exports of goods and services (current US$),GL,Greenland,Europe & Central Asia,High income,Not classified,-51.7214,64.1836
1255,2020,1111209277.92567,Exports of goods and services (current US$),GL,Greenland,Europe & Central Asia,High income,Not classified,-51.7214,64.1836
1256,2019,1230176954.70104,Exports of goods and services (current US$),GL,Greenland,Europe & Central Asia,High income,Not classified,-51.7214,64.1836
1257,2018,1358435085.31552,Exports of goods and services (current US$),GL,Greenland,Europe & Central Asia,High income,Not classified,-51.7214,64.1836
1258,2017,1160385303.83576,Exports of goods and services (current US$),GL,Greenland,Europe & Central Asia,High income,Not classified,-51.7214,64.1836
1259,2016,1103566726.94846,Exports of goods and services (current US$),GL,Greenland,Europe & Central Asia,High income,Not classified,-51.7214,64.1836
1260,2025,,Exports of goods and services (current US$),GD,Grenada,Latin America & Caribbean ,Upper middle income,Blend,-61.7449,12.0653
1261,2024,,Exports of goods and services (current US$),GD,Grenada,Latin America & Caribbean ,Upper middle income,Blend,-61.7449,12.0653
1262,2023,,Exports of goods and services (current US$),GD,Grenada,Latin America & Caribbean ,Upper middle income,Blend,-61.7449,12.0653
1263,2022,,Exports of goods and services (current US$),GD,Grenada,Latin America & Caribbean ,Upper middle income,Blend,-61.7449,12.0653
1264,2021,,Exports of goods and services (current US$),GD,Grenada,Latin America & Caribbean ,Upper middle income,Blend,-61.7449,12.0653
1265,2020,,Exports of goods and services (current US$),GD,Grenada,Latin America & Caribbean ,Upper middle income,Blend,-61.7449,12.0653
1266,2019,,Exports of goods and services (current US$),GD,Grenada,Latin America & Caribbean ,Upper middle income,Blend,-61.7449,12.0653
1267,2018,,Exports of goods and services (current US$),GD,Grenada,Latin America & Caribbean ,Upper middle income,Blend,-61.7449,12.0653
1268,2017,,Exports of goods and services (current US$),GD,Grenada,Latin America & Caribbean ,Upper middle income,Blend,-61.7449,12.0653
1269,2016,,Exports of goods and services (current US$),GD,Grenada,Latin America & Caribbean ,Upper middle income,Blend,-61.7449,12.0653
1270,2025,,Exports of goods and services (current US$),GU,Guam,East Asia & Pacific,High income,Not classified,144.794,13.4443
1271,2024,,Exports of goods and services (current US$),GU,Guam,East Asia & Pacific,High income,Not classified,144.794,13.4443
1272,2023,,Exports of goods and services (current US$),GU,Guam,East Asia & Pacific,High income,Not classified,144.794,13.4443
1273,2022,545000000.0,Exports of goods and services (current US$),GU,Guam,East Asia & Pacific,High income,Not classified,144.794,13.4443
1274,2021,193000000.0,Exports of goods and services (current US$),GU,Guam,East Asia & Pacific,High income,Not classified,144.794,13.4443
1275,2020,379000000.0,Exports of goods and services (current US$),GU,Guam,East Asia & Pacific,High income,Not classified,144.794,13.4443
1276,2019,1414000000.0,Exports of goods and services (current US$),GU,Guam,East Asia & Pacific,High income,Not classified,144.794,13.4443
1277,2018,1165000000.0,Exports of goods and services (current US$),GU,Guam,East Asia & Pacific,High income,Not classified,144.794,13.4443
1278,2017,1141000000.0,Exports of goods and services (current US$),GU,Guam,East Asia & Pacific,High income,Not classified,144.794,13.4443
1279,2016,1119000000.0,Exports of goods and services (current US$),GU,Guam,East Asia & Pacific,High income,Not classified,144.794,13.4443
1280,2025,19185393857.5219,Exports of goods and services (current US$),GT,Guatemala,Latin America & Caribbean ,Upper middle income,IBRD,-90.5328,14.6248
1281,2024,17982554316.29,Exports of goods and services (current US$),GT,Guatemala,Latin America & Caribbean ,Upper middle income,IBRD,-90.5328,14.6248
1282,2023,17331724160.4735,Exports of goods and services (current US$),GT,Guatemala,Latin America & Caribbean ,Upper middle income,IBRD,-90.5328,14.6248
1283,2022,18119750229.8585,Exports of goods and services (current US$),GT,Guatemala,Latin America & Caribbean ,Upper middle income,IBRD,-90.5328,14.6248
1284,2021,15241812021.8432,Exports of goods and services (current US$),GT,Guatemala,Latin America & Caribbean ,Upper middle income,IBRD,-90.5328,14.6248
1285,2020,12702168189.4414,Exports of goods and services (current US$),GT,Guatemala,Latin America & Caribbean ,Upper middle income,IBRD,-90.5328,14.6248
1286,2019,13591570047.3112,Exports of goods and services (current US$),GT,Guatemala,Latin America & Caribbean ,Upper middle income,IBRD,-90.5328,14.6248
1287,2018,13323267942.6505,Exports of goods and services (current US$),GT,Guatemala,Latin America & Caribbean ,Upper middle income,IBRD,-90.5328,14.6248
1288,2017,13252394991.303,Exports of goods and services (current US$),GT,Guatemala,Latin America & Caribbean ,Upper middle income,IBRD,-90.5328,14.6248
1289,2016,12387053734.7875,Exports of goods and services (current US$),GT,Guatemala,Latin America & Caribbean ,Upper middle income,IBRD,-90.5328,14.6248
1290,2025,11738637526.4471,Exports of goods and services (current US$),GN,Guinea,Sub-Saharan Africa ,Lower middle income,IDA,-13.7,9.51667
1291,2024,10351843899.1646,Exports of goods and services (current US$),GN,Guinea,Sub-Saharan Africa ,Lower middle income,IDA,-13.7,9.51667
1292,2023,9888943025.0436,Exports of goods and services (current US$),GN,Guinea,Sub-Saharan Africa ,Lower middle income,IDA,-13.7,9.51667
1293,2022,9043059038.49661,Exports of goods and services (current US$),GN,Guinea,Sub-Saharan Africa ,Lower middle income,IDA,-13.7,9.51667
1294,2021,9596023580.50904,Exports of goods and services (current US$),GN,Guinea,Sub-Saharan Africa ,Lower middle income,IDA,-13.7,9.51667
1295,2020,6617433828.61847,Exports of goods and services (current US$),GN,Guinea,Sub-Saharan Africa ,Lower middle income,IDA,-13.7,9.51667
1296,2019,4710654157.7052,Exports of goods and services (current US$),GN,Guinea,Sub-Saharan Africa ,Lower middle income,IDA,-13.7,9.51667
1297,2018,4767367526.93678,Exports of goods and services (current US$),GN,Guinea,Sub-Saharan Africa ,Lower middle income,IDA,-13.7,9.51667
1298,2017,4611027664.18413,Exports of goods and services (current US$),GN,Guinea,Sub-Saharan Africa ,Lower middle income,IDA,-13.7,9.51667
1299,2016,2524762071.63808,Exports of goods and services (current US$),GN,Guinea,Sub-Saharan Africa ,Lower middle income,IDA,-13.7,9.51667
1300,2025,350530220.912147,Exports of goods and services (current US$),GW,Guinea-Bissau,Sub-Saharan Africa ,Low income,IDA,-15.1804,11.8037
1301,2024,279080313.574065,Exports of goods and services (current US$),GW,Guinea-Bissau,Sub-Saharan Africa ,Low income,IDA,-15.1804,11.8037
1302,2023,285372469.695365,Exports of goods and services (current US$),GW,Guinea-Bissau,Sub-Saharan Africa ,Low income,IDA,-15.1804,11.8037
1303,2022,273823396.615999,Exports of goods and services (current US$),GW,Guinea-Bissau,Sub-Saharan Africa ,Low income,IDA,-15.1804,11.8037
1304,2021,334639591.939616,Exports of goods and services (current US$),GW,Guinea-Bissau,Sub-Saharan Africa ,Low income,IDA,-15.1804,11.8037
1305,2020,263737478.988913,Exports of goods and services (current US$),GW,Guinea-Bissau,Sub-Saharan Africa ,Low income,IDA,-15.1804,11.8037
1306,2019,291804550.872984,Exports of goods and services (current US$),GW,Guinea-Bissau,Sub-Saharan Africa ,Low income,IDA,-15.1804,11.8037
1307,2018,395944553.849329,Exports of goods and services (current US$),GW,Guinea-Bissau,Sub-Saharan Africa ,Low income,IDA,-15.1804,11.8037
1308,2017,390049715.257766,Exports of goods and services (current US$),GW,Guinea-Bissau,Sub-Saharan Africa ,Low income,IDA,-15.1804,11.8037
1309,2016,296013057.520557,Exports of goods and services (current US$),GW,Guinea-Bissau,Sub-Saharan Africa ,Low income,IDA,-15.1804,11.8037
1310,2025,,Exports of goods and services (current US$),GY,Guyana,Latin America & Caribbean ,High income,IDA,-58.1548,6.80461
1311,2024,,Exports of goods and services (current US$),GY,Guyana,Latin America & Caribbean ,High income,IDA,-58.1548,6.80461
1312,2023,,Exports of goods and services (current US$),GY,Guyana,Latin America & Caribbean ,High income,IDA,-58.1548,6.80461
1313,2022,,Exports of goods and services (current US$),GY,Guyana,Latin America & Caribbean ,High income,IDA,-58.1548,6.80461
1314,2021,,Exports of goods and services (current US$),GY,Guyana,Latin America & Caribbean ,High income,IDA,-58.1548,6.80461
1315,2020,,Exports of goods and services (current US$),GY,Guyana,Latin America & Caribbean ,High income,IDA,-58.1548,6.80461
1316,2019,,Exports of goods and services (current US$),GY,Guyana,Latin America & Caribbean ,High income,IDA,-58.1548,6.80461
1317,2018,,Exports of goods and services (current US$),GY,Guyana,Latin America & Caribbean ,High income,IDA,-58.1548,6.80461
1318,2017,,Exports of goods and services (current US$),GY,Guyana,Latin America & Caribbean ,High income,IDA,-58.1548,6.80461
1319,2016,,Exports of goods and services (current US$),GY,Guyana,Latin America & Caribbean ,High income,IDA,-58.1548,6.80461
1320,2025,500396994.725824,Exports of goods and services (current US$),HT,Haiti,Latin America & Caribbean ,Lower middle income,IDA,-72.3288,18.5392
1321,2024,531304704.367574,Exports of goods and services (current US$),HT,Haiti,Latin America & Caribbean ,Lower middle income,IDA,-72.3288,18.5392
1322,2023,626235383.720766,Exports of goods and services (current US$),HT,Haiti,Latin America & Caribbean ,Lower middle income,IDA,-72.3288,18.5392
1323,2022,787285237.854403,Exports of goods and services (current US$),HT,Haiti,Latin America & Caribbean ,Lower middle income,IDA,-72.3288,18.5392
1324,2021,903284255.418806,Exports of goods and services (current US$),HT,Haiti,Latin America & Caribbean ,Lower middle income,IDA,-72.3288,18.5392
1325,2020,1110024754.94218,Exports of goods and services (current US$),HT,Haiti,Latin America & Caribbean ,Lower middle income,IDA,-72.3288,18.5392
1326,2019,1585349842.81308,Exports of goods and services (current US$),HT,Haiti,Latin America & Caribbean ,Lower middle income,IDA,-72.3288,18.5392
1327,2018,1768471542.63842,Exports of goods and services (current US$),HT,Haiti,Latin America & Caribbean ,Lower middle income,IDA,-72.3288,18.5392
1328,2017,1660793079.17233,Exports of goods and services (current US$),HT,Haiti,Latin America & Caribbean ,Lower middle income,IDA,-72.3288,18.5392
1329,2016,1632313490.51577,Exports of goods and services (current US$),HT,Haiti,Latin America & Caribbean ,Lower middle income,IDA,-72.3288,18.5392
1330,2025,13857222810.3654,Exports of goods and services (current US$),HN,Honduras,Latin America & Caribbean ,Lower middle income,IDA,-87.4667,15.1333
1331,2024,12544270434.9263,Exports of goods and services (current US$),HN,Honduras,Latin America & Caribbean ,Lower middle income,IDA,-87.4667,15.1333
1332,2023,12838311191.1166,Exports of goods and services (current US$),HN,Honduras,Latin America & Caribbean ,Lower middle income,IDA,-87.4667,15.1333
1333,2022,13336955013.3273,Exports of goods and services (current US$),HN,Honduras,Latin America & Caribbean ,Lower middle income,IDA,-87.4667,15.1333
1334,2021,11079128213.317,Exports of goods and services (current US$),HN,Honduras,Latin America & Caribbean ,Lower middle income,IDA,-87.4667,15.1333
1335,2020,8377646120.73421,Exports of goods and services (current US$),HN,Honduras,Latin America & Caribbean ,Lower middle income,IDA,-87.4667,15.1333
1336,2019,10007263182.8442,Exports of goods and services (current US$),HN,Honduras,Latin America & Caribbean ,Lower middle income,IDA,-87.4667,15.1333
1337,2018,9977241928.20167,Exports of goods and services (current US$),HN,Honduras,Latin America & Caribbean ,Lower middle income,IDA,-87.4667,15.1333
1338,2017,9970301123.80064,Exports of goods and services (current US$),HN,Honduras,Latin America & Caribbean ,Lower middle income,IDA,-87.4667,15.1333
1339,2016,9276480535.29014,Exports of goods and services (current US$),HN,Honduras,Latin America & Caribbean ,Lower middle income,IDA,-87.4667,15.1333
1340,2025,853585244635.718,Exports of goods and services (current US$),HK,"Hong Kong SAR, China",East Asia & Pacific,High income,Not classified,114.109,22.3964
1341,2024,741699367477.495,Exports of goods and services (current US$),HK,"Hong Kong SAR, China",East Asia & Pacific,High income,Not classified,114.109,22.3964
1342,2023,673394100298.828,Exports of goods and services (current US$),HK,"Hong Kong SAR, China",East Asia & Pacific,High income,Not classified,114.109,22.3964
1343,2022,697577334982.928,Exports of goods and services (current US$),HK,"Hong Kong SAR, China",East Asia & Pacific,High income,Not classified,114.109,22.3964
1344,2021,752719132923.809,Exports of goods and services (current US$),HK,"Hong Kong SAR, China",East Asia & Pacific,High income,Not classified,114.109,22.3964
1345,2020,608150234620.739,Exports of goods and services (current US$),HK,"Hong Kong SAR, China",East Asia & Pacific,High income,Not classified,114.109,22.3964
1346,2019,645006704384.439,Exports of goods and services (current US$),HK,"Hong Kong SAR, China",East Asia & Pacific,High income,Not classified,114.109,22.3964
1347,2018,681282515787.459,Exports of goods and services (current US$),HK,"Hong Kong SAR, China",East Asia & Pacific,High income,Not classified,114.109,22.3964
1348,2017,644673433249.5,Exports of goods and services (current US$),HK,"Hong Kong SAR, China",East Asia & Pacific,High income,Not classified,114.109,22.3964
1349,2016,600025250410.641,Exports of goods and services (current US$),HK,"Hong Kong SAR, China",East Asia & Pacific,High income,Not classified,114.109,22.3964
1350,2025,179026907175.624,Exports of goods and services (current US$),HU,Hungary,Europe & Central Asia,High income,Not classified,19.0408,47.4984
1351,2024,169805683762.924,Exports of goods and services (current US$),HU,Hungary,Europe & Central Asia,High income,Not classified,19.0408,47.4984
1352,2023,173379370601.313,Exports of goods and services (current US$),HU,Hungary,Europe & Central Asia,High income,Not classified,19.0408,47.4984
1353,2022,158966257003.232,Exports of goods and services (current US$),HU,Hungary,Europe & Central Asia,High income,Not classified,19.0408,47.4984
1354,2021,145547409482.391,Exports of goods and services (current US$),HU,Hungary,Europe & Central Asia,High income,Not classified,19.0408,47.4984
1355,2020,123744764553.729,Exports of goods and services (current US$),HU,Hungary,Europe & Central Asia,High income,Not classified,19.0408,47.4984
1356,2019,133707076997.179,Exports of goods and services (current US$),HU,Hungary,Europe & Central Asia,High income,Not classified,19.0408,47.4984
1357,2018,134422841352.766,Exports of goods and services (current US$),HU,Hungary,Europe & Central Asia,High income,Not classified,19.0408,47.4984
1358,2017,122904333778.696,Exports of goods and services (current US$),HU,Hungary,Europe & Central Asia,High income,Not classified,19.0408,47.4984
1359,2016,111069631883.681,Exports of goods and services (current US$),HU,Hungary,Europe & Central Asia,High income,Not classified,19.0408,47.4984
1360,2025,15476918000.4086,Exports of goods and services (current US$),IS,Iceland,Europe & Central Asia,High income,Not classified,-21.8952,64.1353
1361,2024,14090127915.4851,Exports of goods and services (current US$),IS,Iceland,Europe & Central Asia,High income,Not classified,-21.8952,64.1353
1362,2023,13940823776.2369,Exports of goods and services (current US$),IS,Iceland,Europe & Central Asia,High income,Not classified,-21.8952,64.1353
1363,2022,13632709461.7587,Exports of goods and services (current US$),IS,Iceland,Europe & Central Asia,High income,Not classified,-21.8952,64.1353
1364,2021,9802647460.53158,Exports of goods and services (current US$),IS,Iceland,Europe & Central Asia,High income,Not classified,-21.8952,64.1353
1365,2020,7522355305.84085,Exports of goods and services (current US$),IS,Iceland,Europe & Central Asia,High income,Not classified,-21.8952,64.1353
1366,2019,11172065684.1319,Exports of goods and services (current US$),IS,Iceland,Europe & Central Asia,High income,Not classified,-21.8952,64.1353
1367,2018,12397616650.2127,Exports of goods and services (current US$),IS,Iceland,Europe & Central Asia,High income,Not classified,-21.8952,64.1353
1368,2017,11445214118.2273,Exports of goods and services (current US$),IS,Iceland,Europe & Central Asia,High income,Not classified,-21.8952,64.1353
1369,2016,10012449483.2795,Exports of goods and services (current US$),IS,Iceland,Europe & Central Asia,High income,Not classified,-21.8952,64.1353
1370,2025,880740846621.545,Exports of goods and services (current US$),IN,India,South Asia,Lower middle income,IBRD,77.225,28.6353
1371,2024,829785193474.459,Exports of goods and services (current US$),IN,India,South Asia,Lower middle income,IBRD,77.225,28.6353
1372,2023,782620610192.051,Exports of goods and services (current US$),IN,India,South Asia,Lower middle income,IBRD,77.225,28.6353
1373,2022,781290791563.827,Exports of goods and services (current US$),IN,India,South Asia,Lower middle income,IBRD,77.225,28.6353
1374,2021,677769255428.552,Exports of goods and services (current US$),IN,India,South Asia,Lower middle income,IBRD,77.225,28.6353
1375,2020,499728529072.629,Exports of goods and services (current US$),IN,India,South Asia,Lower middle income,IBRD,77.225,28.6353
1376,2019,529245063167.215,Exports of goods and services (current US$),IN,India,South Asia,Lower middle income,IBRD,77.225,28.6353
1377,2018,538635186135.438,Exports of goods and services (current US$),IN,India,South Asia,Lower middle income,IBRD,77.225,28.6353
1378,2017,498258808231.521,Exports of goods and services (current US$),IN,India,South Asia,Lower middle income,IBRD,77.225,28.6353
1379,2016,439642578076.358,Exports of goods and services (current US$),IN,India,South Asia,Lower middle income,IBRD,77.225,28.6353
1380,2025,330279431218.799,Exports of goods and services (current US$),ID,Indonesia,East Asia & Pacific,Upper middle income,IBRD,106.83,-6.19752
1381,2024,311510024778.671,Exports of goods and services (current US$),ID,Indonesia,East Asia & Pacific,Upper middle income,IBRD,106.83,-6.19752
1382,2023,299031805850.549,Exports of goods and services (current US$),ID,Indonesia,East Asia & Pacific,Upper middle income,IBRD,106.83,-6.19752
1383,2022,323218198016.355,Exports of goods and services (current US$),ID,Indonesia,East Asia & Pacific,Upper middle income,IBRD,106.83,-6.19752
1384,2021,254109508154.492,Exports of goods and services (current US$),ID,Indonesia,East Asia & Pacific,Upper middle income,IBRD,106.83,-6.19752
1385,2020,183546577017.375,Exports of goods and services (current US$),ID,Indonesia,East Asia & Pacific,Upper middle income,IBRD,106.83,-6.19752
1386,2019,208057763659.252,Exports of goods and services (current US$),ID,Indonesia,East Asia & Pacific,Upper middle income,IBRD,106.83,-6.19752
1387,2018,218905647886.556,Exports of goods and services (current US$),ID,Indonesia,East Asia & Pacific,Upper middle income,IBRD,106.83,-6.19752
1388,2017,204924485909.157,Exports of goods and services (current US$),ID,Indonesia,East Asia & Pacific,Upper middle income,IBRD,106.83,-6.19752
1389,2016,177886012744.865,Exports of goods and services (current US$),ID,Indonesia,East Asia & Pacific,Upper middle income,IBRD,106.83,-6.19752
1390,2025,93406513015.3745,Exports of goods and services (current US$),IR,"Iran, Islamic Rep.","Middle East, North Africa, Afghanistan & Pakistan",Upper middle income,IBRD,51.4447,35.6878
1391,2024,111928863188.398,Exports of goods and services (current US$),IR,"Iran, Islamic Rep.","Middle East, North Africa, Afghanistan & Pakistan",Upper middle income,IBRD,51.4447,35.6878
1392,2023,109444045103.672,Exports of goods and services (current US$),IR,"Iran, Islamic Rep.","Middle East, North Africa, Afghanistan & Pakistan",Upper middle income,IBRD,51.4447,35.6878
1393,2022,108060448021.703,Exports of goods and services (current US$),IR,"Iran, Islamic Rep.","Middle East, North Africa, Afghanistan & Pakistan",Upper middle income,IBRD,51.4447,35.6878
1394,2021,89695394080.1348,Exports of goods and services (current US$),IR,"Iran, Islamic Rep.","Middle East, North Africa, Afghanistan & Pakistan",Upper middle income,IBRD,51.4447,35.6878
1395,2020,51664876275.961,Exports of goods and services (current US$),IR,"Iran, Islamic Rep.","Middle East, North Africa, Afghanistan & Pakistan",Upper middle income,IBRD,51.4447,35.6878
1396,2019,77652596277.174,Exports of goods and services (current US$),IR,"Iran, Islamic Rep.","Middle East, North Africa, Afghanistan & Pakistan",Upper middle income,IBRD,51.4447,35.6878
1397,2018,122086879297.775,Exports of goods and services (current US$),IR,"Iran, Islamic Rep.","Middle East, North Africa, Afghanistan & Pakistan",Upper middle income,IBRD,51.4447,35.6878
1398,2017,111400323836.85,Exports of goods and services (current US$),IR,"Iran, Islamic Rep.","Middle East, North Africa, Afghanistan & Pakistan",Upper middle income,IBRD,51.4447,35.6878
1399,2016,97206283742.5977,Exports of goods and services (current US$),IR,"Iran, Islamic Rep.","Middle East, North Africa, Afghanistan & Pakistan",Upper middle income,IBRD,51.4447,35.6878
1400,2025,,Exports of goods and services (current US$),IQ,Iraq,"Middle East, North Africa, Afghanistan & Pakistan",Upper middle income,IBRD,44.394,33.3302
1401,2024,111195200000.0,Exports of goods and services (current US$),IQ,Iraq,"Middle East, North Africa, Afghanistan & Pakistan",Upper middle income,IBRD,44.394,33.3302
1402,2023,106560874026.221,Exports of goods and services (current US$),IQ,Iraq,"Middle East, North Africa, Afghanistan & Pakistan",Upper middle income,IBRD,44.394,33.3302
1403,2022,127955205517.241,Exports of goods and services (current US$),IQ,Iraq,"Middle East, North Africa, Afghanistan & Pakistan",Upper middle income,IBRD,44.394,33.3302
1404,2021,78260500000.0,Exports of goods and services (current US$),IQ,Iraq,"Middle East, North Africa, Afghanistan & Pakistan",Upper middle income,IBRD,44.394,33.3302
1405,2020,50199918397.8191,Exports of goods and services (current US$),IQ,Iraq,"Middle East, North Africa, Afghanistan & Pakistan",Upper middle income,IBRD,44.394,33.3302
1406,2019,88902900000.0,Exports of goods and services (current US$),IQ,Iraq,"Middle East, North Africa, Afghanistan & Pakistan",Upper middle income,IBRD,44.394,33.3302
1407,2018,92771934474.7411,Exports of goods and services (current US$),IQ,Iraq,"Middle East, North Africa, Afghanistan & Pakistan",Upper middle income,IBRD,44.394,33.3302
1408,2017,63496860304.0541,Exports of goods and services (current US$),IQ,Iraq,"Middle East, North Africa, Afghanistan & Pakistan",Upper middle income,IBRD,44.394,33.3302
1409,2016,46869152413.2091,Exports of goods and services (current US$),IQ,Iraq,"Middle East, North Africa, Afghanistan & Pakistan",Upper middle income,IBRD,44.394,33.3302
1410,2025,1010863026885.02,Exports of goods and services (current US$),IE,Ireland,Europe & Central Asia,High income,Not classified,-6.26749,53.3441
1411,2024,877092941905.469,Exports of goods and services (current US$),IE,Ireland,Europe & Central Asia,High income,Not classified,-6.26749,53.3441
1412,2023,774613383952.367,Exports of goods and services (current US$),IE,Ireland,Europe & Central Asia,High income,Not classified,-6.26749,53.3441
1413,2022,764969597258.952,Exports of goods and services (current US$),IE,Ireland,Europe & Central Asia,High income,Not classified,-6.26749,53.3441
1414,2021,723445227902.702,Exports of goods and services (current US$),IE,Ireland,Europe & Central Asia,High income,Not classified,-6.26749,53.3441
1415,2020,609592461958.134,Exports of goods and services (current US$),IE,Ireland,Europe & Central Asia,High income,Not classified,-6.26749,53.3441
1416,2019,534361678398.431,Exports of goods and services (current US$),IE,Ireland,Europe & Central Asia,High income,Not classified,-6.26749,53.3441
1417,2018,498559384824.956,Exports of goods and services (current US$),IE,Ireland,Europe & Central Asia,High income,Not classified,-6.26749,53.3441
1418,2017,447623457263.236,Exports of goods and services (current US$),IE,Ireland,Europe & Central Asia,High income,Not classified,-6.26749,53.3441
1419,2016,394551308718.876,Exports of goods and services (current US$),IE,Ireland,Europe & Central Asia,High income,Not classified,-6.26749,53.3441
1420,2025,,Exports of goods and services (current US$),IM,Isle of Man,Europe & Central Asia,High income,Not classified,-4.47928,54.1509
1421,2024,,Exports of goods and services (current US$),IM,Isle of Man,Europe & Central Asia,High income,Not classified,-4.47928,54.1509
1422,2023,,Exports of goods and services (current US$),IM,Isle of Man,Europe & Central Asia,High income,Not classified,-4.47928,54.1509
1423,2022,,Exports of goods and services (current US$),IM,Isle of Man,Europe & Central Asia,High income,Not classified,-4.47928,54.1509
1424,2021,,Exports of goods and services (current US$),IM,Isle of Man,Europe & Central Asia,High income,Not classified,-4.47928,54.1509
1425,2020,,Exports of goods and services (current US$),IM,Isle of Man,Europe & Central Asia,High income,Not classified,-4.47928,54.1509
1426,2019,,Exports of goods and services (current US$),IM,Isle of Man,Europe & Central Asia,High income,Not classified,-4.47928,54.1509
1427,2018,,Exports of goods and services (current US$),IM,Isle of Man,Europe & Central Asia,High income,Not classified,-4.47928,54.1509
1428,2017,,Exports of goods and services (current US$),IM,Isle of Man,Europe & Central Asia,High income,Not classified,-4.47928,54.1509
1429,2016,,Exports of goods and services (current US$),IM,Isle of Man,Europe & Central Asia,High income,Not classified,-4.47928,54.1509
1430,2025,168320379115.799,Exports of goods and services (current US$),IL,Israel,"Middle East, North Africa, Afghanistan & Pakistan",High income,Not classified,35.2035,31.7717
1431,2024,154003411594.937,Exports of goods and services (current US$),IL,Israel,"Middle East, North Africa, Afghanistan & Pakistan",High income,Not classified,35.2035,31.7717
1432,2023,155704384530.223,Exports of goods and services (current US$),IL,Israel,"Middle East, North Africa, Afghanistan & Pakistan",High income,Not classified,35.2035,31.7717
1433,2022,164717379095.48,Exports of goods and services (current US$),IL,Israel,"Middle East, North Africa, Afghanistan & Pakistan",High income,Not classified,35.2035,31.7717
1434,2021,141134707990.82,Exports of goods and services (current US$),IL,Israel,"Middle East, North Africa, Afghanistan & Pakistan",High income,Not classified,35.2035,31.7717
1435,2020,111580807003.97,Exports of goods and services (current US$),IL,Israel,"Middle East, North Africa, Afghanistan & Pakistan",High income,Not classified,35.2035,31.7717
1436,2019,116111159420.199,Exports of goods and services (current US$),IL,Israel,"Middle East, North Africa, Afghanistan & Pakistan",High income,Not classified,35.2035,31.7717
1437,2018,111732613655.371,Exports of goods and services (current US$),IL,Israel,"Middle East, North Africa, Afghanistan & Pakistan",High income,Not classified,35.2035,31.7717
1438,2017,103870950732.907,Exports of goods and services (current US$),IL,Israel,"Middle East, North Africa, Afghanistan & Pakistan",High income,Not classified,35.2035,31.7717
1439,2016,95603619691.5385,Exports of goods and services (current US$),IL,Israel,"Middle East, North Africa, Afghanistan & Pakistan",High income,Not classified,35.2035,31.7717
1440,2025,822290762950.038,Exports of goods and services (current US$),IT,Italy,Europe & Central Asia,High income,Not classified,12.4823,41.8955
1441,2024,770685525117.266,Exports of goods and services (current US$),IT,Italy,Europe & Central Asia,High income,Not classified,12.4823,41.8955
1442,2023,772202263040.014,Exports of goods and services (current US$),IT,Italy,Europe & Central Asia,High income,Not classified,12.4823,41.8955
1443,2022,738509644128.602,Exports of goods and services (current US$),IT,Italy,Europe & Central Asia,High income,Not classified,12.4823,41.8955
1444,2021,679294123497.663,Exports of goods and services (current US$),IT,Italy,Europe & Central Asia,High income,Not classified,12.4823,41.8955
1445,2020,547940256804.982,Exports of goods and services (current US$),IT,Italy,Europe & Central Asia,High income,Not classified,12.4823,41.8955
1446,2019,625065757185.881,Exports of goods and services (current US$),IT,Italy,Europe & Central Asia,High income,Not classified,12.4823,41.8955
1447,2018,646909638534.745,Exports of goods and services (current US$),IT,Italy,Europe & Central Asia,High income,Not classified,12.4823,41.8955
1448,2017,593973032350.354,Exports of goods and services (current US$),IT,Italy,Europe & Central Asia,High income,Not classified,12.4823,41.8955
1449,2016,543464412394.32,Exports of goods and services (current US$),IT,Italy,Europe & Central Asia,High income,Not classified,12.4823,41.8955
1450,2025,,Exports of goods and services (current US$),JM,Jamaica,Latin America & Caribbean ,Upper middle income,IBRD,-76.792,17.9927
1451,2024,,Exports of goods and services (current US$),JM,Jamaica,Latin America & Caribbean ,Upper middle income,IBRD,-76.792,17.9927
1452,2023,,Exports of goods and services (current US$),JM,Jamaica,Latin America & Caribbean ,Upper middle income,IBRD,-76.792,17.9927
1453,2022,,Exports of goods and services (current US$),JM,Jamaica,Latin America & Caribbean ,Upper middle income,IBRD,-76.792,17.9927
1454,2021,,Exports of goods and services (current US$),JM,Jamaica,Latin America & Caribbean ,Upper middle income,IBRD,-76.792,17.9927
1455,2020,,Exports of goods and services (current US$),JM,Jamaica,Latin America & Caribbean ,Upper middle income,IBRD,-76.792,17.9927
1456,2019,,Exports of goods and services (current US$),JM,Jamaica,Latin America & Caribbean ,Upper middle income,IBRD,-76.792,17.9927
1457,2018,,Exports of goods and services (current US$),JM,Jamaica,Latin America & Caribbean ,Upper middle income,IBRD,-76.792,17.9927
1458,2017,,Exports of goods and services (current US$),JM,Jamaica,Latin America & Caribbean ,Upper middle income,IBRD,-76.792,17.9927
1459,2016,,Exports of goods and services (current US$),JM,Jamaica,Latin America & Caribbean ,Upper middle income,IBRD,-76.792,17.9927
1460,2025,,Exports of goods and services (current US$),JP,Japan,East Asia & Pacific,High income,Not classified,139.77,35.67
1461,2024,920960002390.344,Exports of goods and services (current US$),JP,Japan,East Asia & Pacific,High income,Not classified,139.77,35.67
1462,2023,923420059650.996,Exports of goods and services (current US$),JP,Japan,East Asia & Pacific,High income,Not classified,139.77,35.67
1463,2022,918412226913.945,Exports of goods and services (current US$),JP,Japan,East Asia & Pacific,High income,Not classified,139.77,35.67
1464,2021,912551747360.225,Exports of goods and services (current US$),JP,Japan,East Asia & Pacific,High income,Not classified,139.77,35.67
1465,2020,785057625362.297,Exports of goods and services (current US$),JP,Japan,East Asia & Pacific,High income,Not classified,139.77,35.67
1466,2019,893761110034.084,Exports of goods and services (current US$),JP,Japan,East Asia & Pacific,High income,Not classified,139.77,35.67
1467,2018,923192943803.364,Exports of goods and services (current US$),JP,Japan,East Asia & Pacific,High income,Not classified,139.77,35.67
1468,2017,867373157903.215,Exports of goods and services (current US$),JP,Japan,East Asia & Pacific,High income,Not classified,139.77,35.67
1469,2016,803470630550.066,Exports of goods and services (current US$),JP,Japan,East Asia & Pacific,High income,Not classified,139.77,35.67
1470,2025,,Exports of goods and services (current US$),JO,Jordan,"Middle East, North Africa, Afghanistan & Pakistan",Upper middle income,IBRD,35.9263,31.9497
1471,2024,,Exports of goods and services (current US$),JO,Jordan,"Middle East, North Africa, Afghanistan & Pakistan",Upper middle income,IBRD,35.9263,31.9497
1472,2023,,Exports of goods and services (current US$),JO,Jordan,"Middle East, North Africa, Afghanistan & Pakistan",Upper middle income,IBRD,35.9263,31.9497
1473,2022,,Exports of goods and services (current US$),JO,Jordan,"Middle East, North Africa, Afghanistan & Pakistan",Upper middle income,IBRD,35.9263,31.9497
1474,2021,,Exports of goods and services (current US$),JO,Jordan,"Middle East, North Africa, Afghanistan & Pakistan",Upper middle income,IBRD,35.9263,31.9497
1475,2020,,Exports of goods and services (current US$),JO,Jordan,"Middle East, North Africa, Afghanistan & Pakistan",Upper middle income,IBRD,35.9263,31.9497
1476,2019,,Exports of goods and services (current US$),JO,Jordan,"Middle East, North Africa, Afghanistan & Pakistan",Upper middle income,IBRD,35.9263,31.9497
1477,2018,,Exports of goods and services (current US$),JO,Jordan,"Middle East, North Africa, Afghanistan & Pakistan",Upper middle income,IBRD,35.9263,31.9497
1478,2017,,Exports of goods and services (current US$),JO,Jordan,"Middle East, North Africa, Afghanistan & Pakistan",Upper middle income,IBRD,35.9263,31.9497
1479,2016,,Exports of goods and services (current US$),JO,Jordan,"Middle East, North Africa, Afghanistan & Pakistan",Upper middle income,IBRD,35.9263,31.9497
1480,2025,,Exports of goods and services (current US$),KZ,Kazakhstan,Europe & Central Asia,Upper middle income,IBRD,71.4382,51.1879
1481,2024,92070351467.3348,Exports of goods and services (current US$),KZ,Kazakhstan,Europe & Central Asia,Upper middle income,IBRD,71.4382,51.1879
1482,2023,90729107011.7173,Exports of goods and services (current US$),KZ,Kazakhstan,Europe & Central Asia,Upper middle income,IBRD,71.4382,51.1879
1483,2022,93736589049.58,Exports of goods and services (current US$),KZ,Kazakhstan,Europe & Central Asia,Upper middle income,IBRD,71.4382,51.1879
1484,2021,66318146545.9049,Exports of goods and services (current US$),KZ,Kazakhstan,Europe & Central Asia,Upper middle income,IBRD,71.4382,51.1879
1485,2020,52229576023.3033,Exports of goods and services (current US$),KZ,Kazakhstan,Europe & Central Asia,Upper middle income,IBRD,71.4382,51.1879
1486,2019,66197682052.4286,Exports of goods and services (current US$),KZ,Kazakhstan,Europe & Central Asia,Upper middle income,IBRD,71.4382,51.1879
1487,2018,67477058329.9065,Exports of goods and services (current US$),KZ,Kazakhstan,Europe & Central Asia,Upper middle income,IBRD,71.4382,51.1879
1488,2017,54041327348.8409,Exports of goods and services (current US$),KZ,Kazakhstan,Europe & Central Asia,Upper middle income,IBRD,71.4382,51.1879
1489,2016,43714755377.6011,Exports of goods and services (current US$),KZ,Kazakhstan,Europe & Central Asia,Upper middle income,IBRD,71.4382,51.1879
1490,2025,21429875346.9498,Exports of goods and services (current US$),KE,Kenya,Sub-Saharan Africa ,Lower middle income,Blend,36.8126,-1.27975
1491,2024,20292950694.2844,Exports of goods and services (current US$),KE,Kenya,Sub-Saharan Africa ,Lower middle income,Blend,36.8126,-1.27975
1492,2023,17966992982.8146,Exports of goods and services (current US$),KE,Kenya,Sub-Saharan Africa ,Lower middle income,Blend,36.8126,-1.27975
1493,2022,18262655904.9193,Exports of goods and services (current US$),KE,Kenya,Sub-Saharan Africa ,Lower middle income,Blend,36.8126,-1.27975
1494,2021,14381862480.2642,Exports of goods and services (current US$),KE,Kenya,Sub-Saharan Africa ,Lower middle income,Blend,36.8126,-1.27975
1495,2020,11516270712.1545,Exports of goods and services (current US$),KE,Kenya,Sub-Saharan Africa ,Lower middle income,Blend,36.8126,-1.27975
1496,2019,11471243360.3894,Exports of goods and services (current US$),KE,Kenya,Sub-Saharan Africa ,Lower middle income,Blend,36.8126,-1.27975
1497,2018,11564075006.3765,Exports of goods and services (current US$),KE,Kenya,Sub-Saharan Africa ,Lower middle income,Blend,36.8126,-1.27975
1498,2017,10448711418.2037,Exports of goods and services (current US$),KE,Kenya,Sub-Saharan Africa ,Lower middle income,Blend,36.8126,-1.27975
1499,2016,9912815673.9736,Exports of goods and services (current US$),KE,Kenya,Sub-Saharan Africa ,Lower middle income,Blend,36.8126,-1.27975
1500,2025,,Exports of goods and services (current US$),KI,Kiribati,East Asia & Pacific,Lower middle income,IDA,172.979,1.32905
1501,2024,15496547.3632504,Exports of goods and services (current US$),KI,Kiribati,East Asia & Pacific,Lower middle income,IDA,172.979,1.32905
1502,2023,17086211.2197061,Exports of goods and services (current US$),KI,Kiribati,East Asia & Pacific,Lower middle income,IDA,172.979,1.32905
1503,2022,20535972.4197843,Exports of goods and services (current US$),KI,Kiribati,East Asia & Pacific,Lower middle income,IDA,172.979,1.32905
1504,2021,10754926.7885233,Exports of goods and services (current US$),KI,Kiribati,East Asia & Pacific,Lower middle income,IDA,172.979,1.32905
1505,2020,23017530.924642,Exports of goods and services (current US$),KI,Kiribati,East Asia & Pacific,Lower middle income,IDA,172.979,1.32905
1506,2019,32509629.5463649,Exports of goods and services (current US$),KI,Kiribati,East Asia & Pacific,Lower middle income,IDA,172.979,1.32905
1507,2018,21134673.0304271,Exports of goods and services (current US$),KI,Kiribati,East Asia & Pacific,Lower middle income,IDA,172.979,1.32905
1508,2017,29545095.7188996,Exports of goods and services (current US$),KI,Kiribati,East Asia & Pacific,Lower middle income,IDA,172.979,1.32905
1509,2016,34309336.6557291,Exports of goods and services (current US$),KI,Kiribati,East Asia & Pacific,Lower middle income,IDA,172.979,1.32905
1510,2025,,Exports of goods and services (current US$),KP,"Korea, Dem. People's Rep.",East Asia & Pacific,Low income,Not classified,125.754,39.0319
1511,2024,,Exports of goods and services (current US$),KP,"Korea, Dem. People's Rep.",East Asia & Pacific,Low income,Not classified,125.754,39.0319
1512,2023,,Exports of goods and services (current US$),KP,"Korea, Dem. People's Rep.",East Asia & Pacific,Low income,Not classified,125.754,39.0319
1513,2022,,Exports of goods and services (current US$),KP,"Korea, Dem. People's Rep.",East Asia & Pacific,Low income,Not classified,125.754,39.0319
1514,2021,,Exports of goods and services (current US$),KP,"Korea, Dem. People's Rep.",East Asia & Pacific,Low income,Not classified,125.754,39.0319
1515,2020,,Exports of goods and services (current US$),KP,"Korea, Dem. People's Rep.",East Asia & Pacific,Low income,Not classified,125.754,39.0319
1516,2019,,Exports of goods and services (current US$),KP,"Korea, Dem. People's Rep.",East Asia & Pacific,Low income,Not classified,125.754,39.0319
1517,2018,,Exports of goods and services (current US$),KP,"Korea, Dem. People's Rep.",East Asia & Pacific,Low income,Not classified,125.754,39.0319
1518,2017,,Exports of goods and services (current US$),KP,"Korea, Dem. People's Rep.",East Asia & Pacific,Low income,Not classified,125.754,39.0319
1519,2016,,Exports of goods and services (current US$),KP,"Korea, Dem. People's Rep.",East Asia & Pacific,Low income,Not classified,125.754,39.0319
1520,2025,856855674924.231,Exports of goods and services (current US$),KR,"Korea, Rep.",East Asia & Pacific,High income,Not classified,126.957,37.5323
1521,2024,831889172091.318,Exports of goods and services (current US$),KR,"Korea, Rep.",East Asia & Pacific,High income,Not classified,126.957,37.5323
1522,2023,762299062736.35,Exports of goods and services (current US$),KR,"Korea, Rep.",East Asia & Pacific,High income,Not classified,126.957,37.5323
1523,2022,815019022384.453,Exports of goods and services (current US$),KR,"Korea, Rep.",East Asia & Pacific,High income,Not classified,126.957,37.5323
1524,2021,764083221345.796,Exports of goods and services (current US$),KR,"Korea, Rep.",East Asia & Pacific,High income,Not classified,126.957,37.5323
1525,2020,603713417774.2,Exports of goods and services (current US$),KR,"Korea, Rep.",East Asia & Pacific,High income,Not classified,126.957,37.5323
1526,2019,648610576582.722,Exports of goods and services (current US$),KR,"Korea, Rep.",East Asia & Pacific,High income,Not classified,126.957,37.5323
1527,2018,719710064860.371,Exports of goods and services (current US$),KR,"Korea, Rep.",East Asia & Pacific,High income,Not classified,126.957,37.5323
1528,2017,664392456663.161,Exports of goods and services (current US$),KR,"Korea, Rep.",East Asia & Pacific,High income,Not classified,126.957,37.5323
1529,2016,601861440813.944,Exports of goods and services (current US$),KR,"Korea, Rep.",East Asia & Pacific,High income,Not classified,126.957,37.5323
1530,2025,5474849308.4911,Exports of goods and services (current US$),XK,Kosovo,Europe & Central Asia,Upper middle income,IDA,20.926,42.565
1531,2024,4677083984.93984,Exports of goods and services (current US$),XK,Kosovo,Europe & Central Asia,Upper middle income,IDA,20.926,42.565
1532,2023,4149071008.97066,Exports of goods and services (current US$),XK,Kosovo,Europe & Central Asia,Upper middle income,IDA,20.926,42.565
1533,2022,3618309871.22764,Exports of goods and services (current US$),XK,Kosovo,Europe & Central Asia,Upper middle income,IDA,20.926,42.565
1534,2021,3144505535.53096,Exports of goods and services (current US$),XK,Kosovo,Europe & Central Asia,Upper middle income,IDA,20.926,42.565
1535,2020,1678010583.42257,Exports of goods and services (current US$),XK,Kosovo,Europe & Central Asia,Upper middle income,IDA,20.926,42.565
1536,2019,2315462863.40392,Exports of goods and services (current US$),XK,Kosovo,Europe & Central Asia,Upper middle income,IDA,20.926,42.565
1537,2018,2289053573.98902,Exports of goods and services (current US$),XK,Kosovo,Europe & Central Asia,Upper middle income,IDA,20.926,42.565
1538,2017,1962421136.98118,Exports of goods and services (current US$),XK,Kosovo,Europe & Central Asia,Upper middle income,IDA,20.926,42.565
1539,2016,1592307800.39884,Exports of goods and services (current US$),XK,Kosovo,Europe & Central Asia,Upper middle income,IDA,20.926,42.565
1540,2025,,Exports of goods and services (current US$),KW,Kuwait,"Middle East, North Africa, Afghanistan & Pakistan",High income,Not classified,47.9824,29.3721
1541,2024,89713098851.9389,Exports of goods and services (current US$),KW,Kuwait,"Middle East, North Africa, Afghanistan & Pakistan",High income,Not classified,47.9824,29.3721
1542,2023,95475365008.057,Exports of goods and services (current US$),KW,Kuwait,"Middle East, North Africa, Afghanistan & Pakistan",High income,Not classified,47.9824,29.3721
1543,2022,110924408163.265,Exports of goods and services (current US$),KW,Kuwait,"Middle East, North Africa, Afghanistan & Pakistan",High income,Not classified,47.9824,29.3721
1544,2021,76735412391.4694,Exports of goods and services (current US$),KW,Kuwait,"Middle East, North Africa, Afghanistan & Pakistan",High income,Not classified,47.9824,29.3721
1545,2020,48541470057.1134,Exports of goods and services (current US$),KW,Kuwait,"Middle East, North Africa, Afghanistan & Pakistan",High income,Not classified,47.9824,29.3721
1546,2019,73327382736.4621,Exports of goods and services (current US$),KW,Kuwait,"Middle East, North Africa, Afghanistan & Pakistan",High income,Not classified,47.9824,29.3721
1547,2018,79460231954.3245,Exports of goods and services (current US$),KW,Kuwait,"Middle East, North Africa, Afghanistan & Pakistan",High income,Not classified,47.9824,29.3721
1548,2017,61787573759.6835,Exports of goods and services (current US$),KW,Kuwait,"Middle East, North Africa, Afghanistan & Pakistan",High income,Not classified,47.9824,29.3721
1549,2016,52112899115.302,Exports of goods and services (current US$),KW,Kuwait,"Middle East, North Africa, Afghanistan & Pakistan",High income,Not classified,47.9824,29.3721
1550,2025,6065757632.01443,Exports of goods and services (current US$),KG,Kyrgyz Republic,Europe & Central Asia,Lower middle income,IDA,74.6057,42.8851
1551,2024,8494384868.13008,Exports of goods and services (current US$),KG,Kyrgyz Republic,Europe & Central Asia,Lower middle income,IDA,74.6057,42.8851
1552,2023,5599943025.03163,Exports of goods and services (current US$),KG,Kyrgyz Republic,Europe & Central Asia,Lower middle income,IDA,74.6057,42.8851
1553,2022,5622995972.26342,Exports of goods and services (current US$),KG,Kyrgyz Republic,Europe & Central Asia,Lower middle income,IDA,74.6057,42.8851
1554,2021,3311706968.06324,Exports of goods and services (current US$),KG,Kyrgyz Republic,Europe & Central Asia,Lower middle income,IDA,74.6057,42.8851
1555,2020,2446559919.56571,Exports of goods and services (current US$),KG,Kyrgyz Republic,Europe & Central Asia,Lower middle income,IDA,74.6057,42.8851
1556,2019,3137172120.63405,Exports of goods and services (current US$),KG,Kyrgyz Republic,Europe & Central Asia,Lower middle income,IDA,74.6057,42.8851
1557,2018,2613812660.95219,Exports of goods and services (current US$),KG,Kyrgyz Republic,Europe & Central Asia,Lower middle income,IDA,74.6057,42.8851
1558,2017,2638475263.53388,Exports of goods and services (current US$),KG,Kyrgyz Republic,Europe & Central Asia,Lower middle income,IDA,74.6057,42.8851
1559,2016,2440819276.62454,Exports of goods and services (current US$),KG,Kyrgyz Republic,Europe & Central Asia,Lower middle income,IDA,74.6057,42.8851
1560,2025,,Exports of goods and services (current US$),LA,Lao PDR,East Asia & Pacific,Lower middle income,IDA,102.177,18.5826
1561,2024,,Exports of goods and services (current US$),LA,Lao PDR,East Asia & Pacific,Lower middle income,IDA,102.177,18.5826
1562,2023,,Exports of goods and services (current US$),LA,Lao PDR,East Asia & Pacific,Lower middle income,IDA,102.177,18.5826
1563,2022,,Exports of goods and services (current US$),LA,Lao PDR,East Asia & Pacific,Lower middle income,IDA,102.177,18.5826
1564,2021,,Exports of goods and services (current US$),LA,Lao PDR,East Asia & Pacific,Lower middle income,IDA,102.177,18.5826
1565,2020,,Exports of goods and services (current US$),LA,Lao PDR,East Asia & Pacific,Lower middle income,IDA,102.177,18.5826
1566,2019,,Exports of goods and services (current US$),LA,Lao PDR,East Asia & Pacific,Lower middle income,IDA,102.177,18.5826
1567,2018,,Exports of goods and services (current US$),LA,Lao PDR,East Asia & Pacific,Lower middle income,IDA,102.177,18.5826
1568,2017,,Exports of goods and services (current US$),LA,Lao PDR,East Asia & Pacific,Lower middle income,IDA,102.177,18.5826
1569,2016,5284450716.02575,Exports of goods and services (current US$),LA,Lao PDR,East Asia & Pacific,Lower middle income,IDA,102.177,18.5826
1570,2025,30422285148.0572,Exports of goods and services (current US$),LV,Latvia,Europe & Central Asia,High income,Not classified,24.1048,56.9465
1571,2024,28540727742.625,Exports of goods and services (current US$),LV,Latvia,Europe & Central Asia,High income,Not classified,24.1048,56.9465
1572,2023,28230078137.1985,Exports of goods and services (current US$),LV,Latvia,Europe & Central Asia,High income,Not classified,24.1048,56.9465
1573,2022,29453042751.9515,Exports of goods and services (current US$),LV,Latvia,Europe & Central Asia,High income,Not classified,24.1048,56.9465
1574,2021,25510768209.8252,Exports of goods and services (current US$),LV,Latvia,Europe & Central Asia,High income,Not classified,24.1048,56.9465
1575,2020,20915609598.0545,Exports of goods and services (current US$),LV,Latvia,Europe & Central Asia,High income,Not classified,24.1048,56.9465
1576,2019,20699384824.9176,Exports of goods and services (current US$),LV,Latvia,Europe & Central Asia,High income,Not classified,24.1048,56.9465
1577,2018,21235396108.6282,Exports of goods and services (current US$),LV,Latvia,Europe & Central Asia,High income,Not classified,24.1048,56.9465
1578,2017,18851412292.5247,Exports of goods and services (current US$),LV,Latvia,Europe & Central Asia,High income,Not classified,24.1048,56.9465
1579,2016,16793194616.7362,Exports of goods and services (current US$),LV,Latvia,Europe & Central Asia,High income,Not classified,24.1048,56.9465
1580,2025,,Exports of goods and services (current US$),LB,Lebanon,"Middle East, North Africa, Afghanistan & Pakistan",Lower middle income,IBRD,35.5134,33.8872
1581,2024,6055691106.14525,Exports of goods and services (current US$),LB,Lebanon,"Middle East, North Africa, Afghanistan & Pakistan",Lower middle income,IBRD,35.5134,33.8872
1582,2023,6134302022.64995,Exports of goods and services (current US$),LB,Lebanon,"Middle East, North Africa, Afghanistan & Pakistan",Lower middle income,IBRD,35.5134,33.8872
1583,2022,7311404298.94906,Exports of goods and services (current US$),LB,Lebanon,"Middle East, North Africa, Afghanistan & Pakistan",Lower middle income,IBRD,35.5134,33.8872
1584,2021,6020232987.66482,Exports of goods and services (current US$),LB,Lebanon,"Middle East, North Africa, Afghanistan & Pakistan",Lower middle income,IBRD,35.5134,33.8872
1585,2020,5192095745.93275,Exports of goods and services (current US$),LB,Lebanon,"Middle East, North Africa, Afghanistan & Pakistan",Lower middle income,IBRD,35.5134,33.8872
1586,2019,10681277028.314,Exports of goods and services (current US$),LB,Lebanon,"Middle East, North Africa, Afghanistan & Pakistan",Lower middle income,IBRD,35.5134,33.8872
1587,2018,11394547409.6186,Exports of goods and services (current US$),LB,Lebanon,"Middle East, North Africa, Afghanistan & Pakistan",Lower middle income,IBRD,35.5134,33.8872
1588,2017,11627344114.0962,Exports of goods and services (current US$),LB,Lebanon,"Middle East, North Africa, Afghanistan & Pakistan",Lower middle income,IBRD,35.5134,33.8872
1589,2016,11112344036.4842,Exports of goods and services (current US$),LB,Lebanon,"Middle East, North Africa, Afghanistan & Pakistan",Lower middle income,IBRD,35.5134,33.8872
1590,2025,1274711831.44221,Exports of goods and services (current US$),LS,Lesotho,Sub-Saharan Africa ,Lower middle income,IDA,27.7167,-29.5208
1591,2024,1181428558.49021,Exports of goods and services (current US$),LS,Lesotho,Sub-Saharan Africa ,Lower middle income,IDA,27.7167,-29.5208
1592,2023,909092611.458147,Exports of goods and services (current US$),LS,Lesotho,Sub-Saharan Africa ,Lower middle income,IDA,27.7167,-29.5208
1593,2022,1095216446.36938,Exports of goods and services (current US$),LS,Lesotho,Sub-Saharan Africa ,Lower middle income,IDA,27.7167,-29.5208
1594,2021,1113103702.50979,Exports of goods and services (current US$),LS,Lesotho,Sub-Saharan Africa ,Lower middle income,IDA,27.7167,-29.5208
1595,2020,912849307.419814,Exports of goods and services (current US$),LS,Lesotho,Sub-Saharan Africa ,Lower middle income,IDA,27.7167,-29.5208
1596,2019,1104727469.64081,Exports of goods and services (current US$),LS,Lesotho,Sub-Saharan Africa ,Lower middle income,IDA,27.7167,-29.5208
1597,2018,1273857561.24071,Exports of goods and services (current US$),LS,Lesotho,Sub-Saharan Africa ,Lower middle income,IDA,27.7167,-29.5208
1598,2017,1095170222.07101,Exports of goods and services (current US$),LS,Lesotho,Sub-Saharan Africa ,Lower middle income,IDA,27.7167,-29.5208
1599,2016,967977351.678437,Exports of goods and services (current US$),LS,Lesotho,Sub-Saharan Africa ,Lower middle income,IDA,27.7167,-29.5208
1600,2025,,Exports of goods and services (current US$),LR,Liberia,Sub-Saharan Africa ,Low income,IDA,-10.7957,6.30039
1601,2024,,Exports of goods and services (current US$),LR,Liberia,Sub-Saharan Africa ,Low income,IDA,-10.7957,6.30039
1602,2023,,Exports of goods and services (current US$),LR,Liberia,Sub-Saharan Africa ,Low income,IDA,-10.7957,6.30039
1603,2022,,Exports of goods and services (current US$),LR,Liberia,Sub-Saharan Africa ,Low income,IDA,-10.7957,6.30039
1604,2021,,Exports of goods and services (current US$),LR,Liberia,Sub-Saharan Africa ,Low income,IDA,-10.7957,6.30039
1605,2020,,Exports of goods and services (current US$),LR,Liberia,Sub-Saharan Africa ,Low income,IDA,-10.7957,6.30039
1606,2019,,Exports of goods and services (current US$),LR,Liberia,Sub-Saharan Africa ,Low income,IDA,-10.7957,6.30039
1607,2018,,Exports of goods and services (current US$),LR,Liberia,Sub-Saharan Africa ,Low income,IDA,-10.7957,6.30039
1608,2017,,Exports of goods and services (current US$),LR,Liberia,Sub-Saharan Africa ,Low income,IDA,-10.7957,6.30039
1609,2016,,Exports of goods and services (current US$),LR,Liberia,Sub-Saharan Africa ,Low income,IDA,-10.7957,6.30039
1610,2025,34493399341.6137,Exports of goods and services (current US$),LY,Libya,"Middle East, North Africa, Afghanistan & Pakistan",Upper middle income,IBRD,13.1072,32.8578
1611,2024,34779502869.0818,Exports of goods and services (current US$),LY,Libya,"Middle East, North Africa, Afghanistan & Pakistan",Upper middle income,IBRD,13.1072,32.8578
1612,2023,37688122856.9238,Exports of goods and services (current US$),LY,Libya,"Middle East, North Africa, Afghanistan & Pakistan",Upper middle income,IBRD,13.1072,32.8578
1613,2022,39778344211.4613,Exports of goods and services (current US$),LY,Libya,"Middle East, North Africa, Afghanistan & Pakistan",Upper middle income,IBRD,13.1072,32.8578
1614,2021,32419787680.6016,Exports of goods and services (current US$),LY,Libya,"Middle East, North Africa, Afghanistan & Pakistan",Upper middle income,IBRD,13.1072,32.8578
1615,2020,9541308319.41711,Exports of goods and services (current US$),LY,Libya,"Middle East, North Africa, Afghanistan & Pakistan",Upper middle income,IBRD,13.1072,32.8578
1616,2019,29332965257.6089,Exports of goods and services (current US$),LY,Libya,"Middle East, North Africa, Afghanistan & Pakistan",Upper middle income,IBRD,13.1072,32.8578
1617,2018,30378023791.0514,Exports of goods and services (current US$),LY,Libya,"Middle East, North Africa, Afghanistan & Pakistan",Upper middle income,IBRD,13.1072,32.8578
1618,2017,18264984000.8035,Exports of goods and services (current US$),LY,Libya,"Middle East, North Africa, Afghanistan & Pakistan",Upper middle income,IBRD,13.1072,32.8578
1619,2016,7276125978.06769,Exports of goods and services (current US$),LY,Libya,"Middle East, North Africa, Afghanistan & Pakistan",Upper middle income,IBRD,13.1072,32.8578
1620,2025,,Exports of goods and services (current US$),LI,Liechtenstein,Europe & Central Asia,High income,Not classified,9.52148,47.1411
1621,2024,,Exports of goods and services (current US$),LI,Liechtenstein,Europe & Central Asia,High income,Not classified,9.52148,47.1411
1622,2023,,Exports of goods and services (current US$),LI,Liechtenstein,Europe & Central Asia,High income,Not classified,9.52148,47.1411
1623,2022,,Exports of goods and services (current US$),LI,Liechtenstein,Europe & Central Asia,High income,Not classified,9.52148,47.1411
1624,2021,,Exports of goods and services (current US$),LI,Liechtenstein,Europe & Central Asia,High income,Not classified,9.52148,47.1411
1625,2020,,Exports of goods and services (current US$),LI,Liechtenstein,Europe & Central Asia,High income,Not classified,9.52148,47.1411
1626,2019,,Exports of goods and services (current US$),LI,Liechtenstein,Europe & Central Asia,High income,Not classified,9.52148,47.1411
1627,2018,,Exports of goods and services (current US$),LI,Liechtenstein,Europe & Central Asia,High income,Not classified,9.52148,47.1411
1628,2017,,Exports of goods and services (current US$),LI,Liechtenstein,Europe & Central Asia,High income,Not classified,9.52148,47.1411
1629,2016,,Exports of goods and services (current US$),LI,Liechtenstein,Europe & Central Asia,High income,Not classified,9.52148,47.1411
1630,2025,69488132228.1881,Exports of goods and services (current US$),LT,Lithuania,Europe & Central Asia,High income,Not classified,25.2799,54.6896
1631,2024,63222232836.6562,Exports of goods and services (current US$),LT,Lithuania,Europe & Central Asia,High income,Not classified,25.2799,54.6896
1632,2023,61017599737.3148,Exports of goods and services (current US$),LT,Lithuania,Europe & Central Asia,High income,Not classified,25.2799,54.6896
1633,2022,61643097916.829,Exports of goods and services (current US$),LT,Lithuania,Europe & Central Asia,High income,Not classified,25.2799,54.6896
1634,2021,53381777500.2317,Exports of goods and services (current US$),LT,Lithuania,Europe & Central Asia,High income,Not classified,25.2799,54.6896
1635,2020,41586229552.7005,Exports of goods and services (current US$),LT,Lithuania,Europe & Central Asia,High income,Not classified,25.2799,54.6896
1636,2019,42344067359.6078,Exports of goods and services (current US$),LT,Lithuania,Europe & Central Asia,High income,Not classified,25.2799,54.6896
1637,2018,40441054996.4392,Exports of goods and services (current US$),LT,Lithuania,Europe & Central Asia,High income,Not classified,25.2799,54.6896
1638,2017,35152006747.9412,Exports of goods and services (current US$),LT,Lithuania,Europe & Central Asia,High income,Not classified,25.2799,54.6896
1639,2016,29095247184.8522,Exports of goods and services (current US$),LT,Lithuania,Europe & Central Asia,High income,Not classified,25.2799,54.6896
1640,2025,192728057158.053,Exports of goods and services (current US$),LU,Luxembourg,Europe & Central Asia,High income,Not classified,6.1296,49.61
1641,2024,178661670860.586,Exports of goods and services (current US$),LU,Luxembourg,Europe & Central Asia,High income,Not classified,6.1296,49.61
1642,2023,193009113164.633,Exports of goods and services (current US$),LU,Luxembourg,Europe & Central Asia,High income,Not classified,6.1296,49.61
1643,2022,179628968244.446,Exports of goods and services (current US$),LU,Luxembourg,Europe & Central Asia,High income,Not classified,6.1296,49.61
1644,2021,186265544320.237,Exports of goods and services (current US$),LU,Luxembourg,Europe & Central Asia,High income,Not classified,6.1296,49.61
1645,2020,150610309020.746,Exports of goods and services (current US$),LU,Luxembourg,Europe & Central Asia,High income,Not classified,6.1296,49.61
1646,2019,144341752039.059,Exports of goods and services (current US$),LU,Luxembourg,Europe & Central Asia,High income,Not classified,6.1296,49.61
1647,2018,140193787082.697,Exports of goods and services (current US$),LU,Luxembourg,Europe & Central Asia,High income,Not classified,6.1296,49.61
1648,2017,126658587133.284,Exports of goods and services (current US$),LU,Luxembourg,Europe & Central Asia,High income,Not classified,6.1296,49.61
1649,2016,118895618024.066,Exports of goods and services (current US$),LU,Luxembourg,Europe & Central Asia,High income,Not classified,6.1296,49.61
1650,2025,48045096957.4623,Exports of goods and services (current US$),MO,"Macao SAR, China",East Asia & Pacific,High income,Not classified,113.55,22.1667
1651,2024,45603671397.3456,Exports of goods and services (current US$),MO,"Macao SAR, China",East Asia & Pacific,High income,Not classified,113.55,22.1667
1652,2023,42166632148.5132,Exports of goods and services (current US$),MO,"Macao SAR, China",East Asia & Pacific,High income,Not classified,113.55,22.1667
1653,2022,21137959774.3691,Exports of goods and services (current US$),MO,"Macao SAR, China",East Asia & Pacific,High income,Not classified,113.55,22.1667
1654,2021,28151033560.2931,Exports of goods and services (current US$),MO,"Macao SAR, China",East Asia & Pacific,High income,Not classified,113.55,22.1667
1655,2020,15588938976.8161,Exports of goods and services (current US$),MO,"Macao SAR, China",East Asia & Pacific,High income,Not classified,113.55,22.1667
1656,2019,45476533584.785,Exports of goods and services (current US$),MO,"Macao SAR, China",East Asia & Pacific,High income,Not classified,113.55,22.1667
1657,2018,45631673035.4028,Exports of goods and services (current US$),MO,"Macao SAR, China",East Asia & Pacific,High income,Not classified,113.55,22.1667
1658,2017,40563040049.4592,Exports of goods and services (current US$),MO,"Macao SAR, China",East Asia & Pacific,High income,Not classified,113.55,22.1667
1659,2016,34536934288.456,Exports of goods and services (current US$),MO,"Macao SAR, China",East Asia & Pacific,High income,Not classified,113.55,22.1667
1660,2025,4185661511.34711,Exports of goods and services (current US$),MG,Madagascar,Sub-Saharan Africa ,Low income,IDA,45.7167,-20.4667
1661,2024,4223672838.17646,Exports of goods and services (current US$),MG,Madagascar,Sub-Saharan Africa ,Low income,IDA,45.7167,-20.4667
1662,2023,4285471210.35863,Exports of goods and services (current US$),MG,Madagascar,Sub-Saharan Africa ,Low income,IDA,45.7167,-20.4667
1663,2022,4680944198.87187,Exports of goods and services (current US$),MG,Madagascar,Sub-Saharan Africa ,Low income,IDA,45.7167,-20.4667
1664,2021,3314741894.16389,Exports of goods and services (current US$),MG,Madagascar,Sub-Saharan Africa ,Low income,IDA,45.7167,-20.4667
1665,2020,2628831060.657,Exports of goods and services (current US$),MG,Madagascar,Sub-Saharan Africa ,Low income,IDA,45.7167,-20.4667
1666,2019,4009166482.22619,Exports of goods and services (current US$),MG,Madagascar,Sub-Saharan Africa ,Low income,IDA,45.7167,-20.4667
1667,2018,4339367350.69394,Exports of goods and services (current US$),MG,Madagascar,Sub-Saharan Africa ,Low income,IDA,45.7167,-20.4667
1668,2017,4071827552.94261,Exports of goods and services (current US$),MG,Madagascar,Sub-Saharan Africa ,Low income,IDA,45.7167,-20.4667
1669,2016,3447066213.68097,Exports of goods and services (current US$),MG,Madagascar,Sub-Saharan Africa ,Low income,IDA,45.7167,-20.4667
1670,2025,1588626335.55329,Exports of goods and services (current US$),MW,Malawi,Sub-Saharan Africa ,Low income,IDA,33.7703,-13.9899
1671,2024,1276619389.15652,Exports of goods and services (current US$),MW,Malawi,Sub-Saharan Africa ,Low income,IDA,33.7703,-13.9899
1672,2023,1502749517.68843,Exports of goods and services (current US$),MW,Malawi,Sub-Saharan Africa ,Low income,IDA,33.7703,-13.9899
1673,2022,1409751312.6797,Exports of goods and services (current US$),MW,Malawi,Sub-Saharan Africa ,Low income,IDA,33.7703,-13.9899
1674,2021,1573501117.66397,Exports of goods and services (current US$),MW,Malawi,Sub-Saharan Africa ,Low income,IDA,33.7703,-13.9899
1675,2020,1295183976.26652,Exports of goods and services (current US$),MW,Malawi,Sub-Saharan Africa ,Low income,IDA,33.7703,-13.9899
1676,2019,1435575611.01415,Exports of goods and services (current US$),MW,Malawi,Sub-Saharan Africa ,Low income,IDA,33.7703,-13.9899
1677,2018,1153179791.14847,Exports of goods and services (current US$),MW,Malawi,Sub-Saharan Africa ,Low income,IDA,33.7703,-13.9899
1678,2017,1133605606.12648,Exports of goods and services (current US$),MW,Malawi,Sub-Saharan Africa ,Low income,IDA,33.7703,-13.9899
1679,2016,,Exports of goods and services (current US$),MW,Malawi,Sub-Saharan Africa ,Low income,IDA,33.7703,-13.9899
1680,2025,335105024619.412,Exports of goods and services (current US$),MY,Malaysia,East Asia & Pacific,Upper middle income,IBRD,101.684,3.12433
1681,2024,301221326764.018,Exports of goods and services (current US$),MY,Malaysia,East Asia & Pacific,Upper middle income,IBRD,101.684,3.12433
1682,2023,274681075589.892,Exports of goods and services (current US$),MY,Malaysia,East Asia & Pacific,Upper middle income,IBRD,101.684,3.12433
1683,2022,313245644474.215,Exports of goods and services (current US$),MY,Malaysia,East Asia & Pacific,Upper middle income,IBRD,101.684,3.12433
1684,2021,264015450976.493,Exports of goods and services (current US$),MY,Malaysia,East Asia & Pacific,Upper middle income,IBRD,101.684,3.12433
1685,2020,207798540352.974,Exports of goods and services (current US$),MY,Malaysia,East Asia & Pacific,Upper middle income,IBRD,101.684,3.12433
1686,2019,238379861290.486,Exports of goods and services (current US$),MY,Malaysia,East Asia & Pacific,Upper middle income,IBRD,101.684,3.12433
1687,2018,245967590635.246,Exports of goods and services (current US$),MY,Malaysia,East Asia & Pacific,Upper middle income,IBRD,101.684,3.12433
1688,2017,223413837325.056,Exports of goods and services (current US$),MY,Malaysia,East Asia & Pacific,Upper middle income,IBRD,101.684,3.12433
1689,2016,201165058574.724,Exports of goods and services (current US$),MY,Malaysia,East Asia & Pacific,Upper middle income,IBRD,101.684,3.12433
1690,2025,,Exports of goods and services (current US$),MV,Maldives,South Asia,Upper middle income,IDA,73.5109,4.1742
1691,2024,5523181581.41595,Exports of goods and services (current US$),MV,Maldives,South Asia,Upper middle income,IDA,73.5109,4.1742
1692,2023,4902444407.8474,Exports of goods and services (current US$),MV,Maldives,South Asia,Upper middle income,IDA,73.5109,4.1742
1693,2022,5106680724.33038,Exports of goods and services (current US$),MV,Maldives,South Asia,Upper middle income,IDA,73.5109,4.1742
1694,2021,3997066754.3199,Exports of goods and services (current US$),MV,Maldives,South Asia,Upper middle income,IDA,73.5109,4.1742
1695,2020,1791004988.53476,Exports of goods and services (current US$),MV,Maldives,South Asia,Upper middle income,IDA,73.5109,4.1742
1696,2019,3751360417.55704,Exports of goods and services (current US$),MV,Maldives,South Asia,Upper middle income,IDA,73.5109,4.1742
1697,2018,3591094857.28424,Exports of goods and services (current US$),MV,Maldives,South Asia,Upper middle income,IDA,73.5109,4.1742
1698,2017,3326197407.68958,Exports of goods and services (current US$),MV,Maldives,South Asia,Upper middle income,IDA,73.5109,4.1742
1699,2016,3158120131.89655,Exports of goods and services (current US$),MV,Maldives,South Asia,Upper middle income,IDA,73.5109,4.1742
1700,2025,6638297560.40789,Exports of goods and services (current US$),ML,Mali,Sub-Saharan Africa ,Low income,IDA,-7.50034,13.5667
1701,2024,5974568257.06758,Exports of goods and services (current US$),ML,Mali,Sub-Saharan Africa ,Low income,IDA,-7.50034,13.5667
1702,2023,6141554207.08006,Exports of goods and services (current US$),ML,Mali,Sub-Saharan Africa ,Low income,IDA,-7.50034,13.5667
1703,2022,5866178905.32816,Exports of goods and services (current US$),ML,Mali,Sub-Saharan Africa ,Low income,IDA,-7.50034,13.5667
1704,2021,5389820860.67646,Exports of goods and services (current US$),ML,Mali,Sub-Saharan Africa ,Low income,IDA,-7.50034,13.5667
1705,2020,5204085877.66132,Exports of goods and services (current US$),ML,Mali,Sub-Saharan Africa ,Low income,IDA,-7.50034,13.5667
1706,2019,4449175629.33742,Exports of goods and services (current US$),ML,Mali,Sub-Saharan Africa ,Low income,IDA,-7.50034,13.5667
1707,2018,4195619517.30008,Exports of goods and services (current US$),ML,Mali,Sub-Saharan Africa ,Low income,IDA,-7.50034,13.5667
1708,2017,3461471859.23525,Exports of goods and services (current US$),ML,Mali,Sub-Saharan Africa ,Low income,IDA,-7.50034,13.5667
1709,2016,3291642790.12105,Exports of goods and services (current US$),ML,Mali,Sub-Saharan Africa ,Low income,IDA,-7.50034,13.5667
1710,2025,33078900363.3725,Exports of goods and services (current US$),MT,Malta,"Middle East, North Africa, Afghanistan & Pakistan",High income,Not classified,14.5189,35.9042
1711,2024,29670971075.7031,Exports of goods and services (current US$),MT,Malta,"Middle East, North Africa, Afghanistan & Pakistan",High income,Not classified,14.5189,35.9042
1712,2023,27093456124.9024,Exports of goods and services (current US$),MT,Malta,"Middle East, North Africa, Afghanistan & Pakistan",High income,Not classified,14.5189,35.9042
1713,2022,24298465495.7199,Exports of goods and services (current US$),MT,Malta,"Middle East, North Africa, Afghanistan & Pakistan",High income,Not classified,14.5189,35.9042
1714,2021,23436235792.2477,Exports of goods and services (current US$),MT,Malta,"Middle East, North Africa, Afghanistan & Pakistan",High income,Not classified,14.5189,35.9042
1715,2020,21318525671.7846,Exports of goods and services (current US$),MT,Malta,"Middle East, North Africa, Afghanistan & Pakistan",High income,Not classified,14.5189,35.9042
1716,2019,20343821137.327,Exports of goods and services (current US$),MT,Malta,"Middle East, North Africa, Afghanistan & Pakistan",High income,Not classified,14.5189,35.9042
1717,2018,19925582337.9643,Exports of goods and services (current US$),MT,Malta,"Middle East, North Africa, Afghanistan & Pakistan",High income,Not classified,14.5189,35.9042
1718,2017,16515915189.6634,Exports of goods and services (current US$),MT,Malta,"Middle East, North Africa, Afghanistan & Pakistan",High income,Not classified,14.5189,35.9042
1719,2016,13609122283.9863,Exports of goods and services (current US$),MT,Malta,"Middle East, North Africa, Afghanistan & Pakistan",High income,Not classified,14.5189,35.9042
1720,2025,111000000.0,Exports of goods and services (current US$),MH,Marshall Islands,East Asia & Pacific,Upper middle income,IDA,171.135,7.11046
1721,2024,106000000.0,Exports of goods and services (current US$),MH,Marshall Islands,East Asia & Pacific,Upper middle income,IDA,171.135,7.11046
1722,2023,101000000.0,Exports of goods and services (current US$),MH,Marshall Islands,East Asia & Pacific,Upper middle income,IDA,171.135,7.11046
1723,2022,103432100.0,Exports of goods and services (current US$),MH,Marshall Islands,East Asia & Pacific,Upper middle income,IDA,171.135,7.11046
1724,2021,120116600.0,Exports of goods and services (current US$),MH,Marshall Islands,East Asia & Pacific,Upper middle income,IDA,171.135,7.11046
1725,2020,85811100.0,Exports of goods and services (current US$),MH,Marshall Islands,East Asia & Pacific,Upper middle income,IDA,171.135,7.11046
1726,2019,86317100.0,Exports of goods and services (current US$),MH,Marshall Islands,East Asia & Pacific,Upper middle income,IDA,171.135,7.11046
1727,2018,87396700.0,Exports of goods and services (current US$),MH,Marshall Islands,East Asia & Pacific,Upper middle income,IDA,171.135,7.11046
1728,2017,83584300.0,Exports of goods and services (current US$),MH,Marshall Islands,East Asia & Pacific,Upper middle income,IDA,171.135,7.11046
1729,2016,73643500.0,Exports of goods and services (current US$),MH,Marshall Islands,East Asia & Pacific,Upper middle income,IDA,171.135,7.11046
1730,2025,4654787700.16574,Exports of goods and services (current US$),MR,Mauritania,Sub-Saharan Africa ,Lower middle income,IDA,-15.9824,18.2367
1731,2024,4505172131.66341,Exports of goods and services (current US$),MR,Mauritania,Sub-Saharan Africa ,Lower middle income,IDA,-15.9824,18.2367
1732,2023,4104773823.61346,Exports of goods and services (current US$),MR,Mauritania,Sub-Saharan Africa ,Lower middle income,IDA,-15.9824,18.2367
1733,2022,3799926863.95341,Exports of goods and services (current US$),MR,Mauritania,Sub-Saharan Africa ,Lower middle income,IDA,-15.9824,18.2367
1734,2021,3675141707.59752,Exports of goods and services (current US$),MR,Mauritania,Sub-Saharan Africa ,Lower middle income,IDA,-15.9824,18.2367
1735,2020,3420379134.17585,Exports of goods and services (current US$),MR,Mauritania,Sub-Saharan Africa ,Lower middle income,IDA,-15.9824,18.2367
1736,2019,3347184840.42049,Exports of goods and services (current US$),MR,Mauritania,Sub-Saharan Africa ,Lower middle income,IDA,-15.9824,18.2367
1737,2018,2734994651.97883,Exports of goods and services (current US$),MR,Mauritania,Sub-Saharan Africa ,Lower middle income,IDA,-15.9824,18.2367
1738,2017,2350689953.24464,Exports of goods and services (current US$),MR,Mauritania,Sub-Saharan Africa ,Lower middle income,IDA,-15.9824,18.2367
1739,2016,2173889319.13291,Exports of goods and services (current US$),MR,Mauritania,Sub-Saharan Africa ,Lower middle income,IDA,-15.9824,18.2367
1740,2025,10508453742.1783,Exports of goods and services (current US$),MU,Mauritius,Sub-Saharan Africa ,Upper middle income,IBRD,57.4977,-20.1605
1741,2024,10025062116.6689,Exports of goods and services (current US$),MU,Mauritius,Sub-Saharan Africa ,Upper middle income,IBRD,57.4977,-20.1605
1742,2023,9715616541.54855,Exports of goods and services (current US$),MU,Mauritius,Sub-Saharan Africa ,Upper middle income,IBRD,57.4977,-20.1605
1743,2022,8671207274.78073,Exports of goods and services (current US$),MU,Mauritius,Sub-Saharan Africa ,Upper middle income,IBRD,57.4977,-20.1605
1744,2021,7062411510.58402,Exports of goods and services (current US$),MU,Mauritius,Sub-Saharan Africa ,Upper middle income,IBRD,57.4977,-20.1605
1745,2020,6403116603.77697,Exports of goods and services (current US$),MU,Mauritius,Sub-Saharan Africa ,Upper middle income,IBRD,57.4977,-20.1605
1746,2019,8837804269.59075,Exports of goods and services (current US$),MU,Mauritius,Sub-Saharan Africa ,Upper middle income,IBRD,57.4977,-20.1605
1747,2018,8760255080.3904,Exports of goods and services (current US$),MU,Mauritius,Sub-Saharan Africa ,Upper middle income,IBRD,57.4977,-20.1605
1748,2017,8385997462.74862,Exports of goods and services (current US$),MU,Mauritius,Sub-Saharan Africa ,Upper middle income,IBRD,57.4977,-20.1605
1749,2016,7788248022.76233,Exports of goods and services (current US$),MU,Mauritius,Sub-Saharan Africa ,Upper middle income,IBRD,57.4977,-20.1605
1750,2025,726556896246.645,Exports of goods and services (current US$),MX,Mexico,Latin America & Caribbean ,Upper middle income,IBRD,-99.1276,19.427
1751,2024,682472609894.051,Exports of goods and services (current US$),MX,Mexico,Latin America & Caribbean ,Upper middle income,IBRD,-99.1276,19.427
1752,2023,648642274776.945,Exports of goods and services (current US$),MX,Mexico,Latin America & Caribbean ,Upper middle income,IBRD,-99.1276,19.427
1753,2022,629788673074.2,Exports of goods and services (current US$),MX,Mexico,Latin America & Caribbean ,Upper middle income,IBRD,-99.1276,19.427
1754,2021,534121610565.454,Exports of goods and services (current US$),MX,Mexico,Latin America & Caribbean ,Upper middle income,IBRD,-99.1276,19.427
1755,2020,439853932827.966,Exports of goods and services (current US$),MX,Mexico,Latin America & Caribbean ,Upper middle income,IBRD,-99.1276,19.427
1756,2019,502467566320.434,Exports of goods and services (current US$),MX,Mexico,Latin America & Caribbean ,Upper middle income,IBRD,-99.1276,19.427
1757,2018,490508969545.438,Exports of goods and services (current US$),MX,Mexico,Latin America & Caribbean ,Upper middle income,IBRD,-99.1276,19.427
1758,2017,446688309687.408,Exports of goods and services (current US$),MX,Mexico,Latin America & Caribbean ,Upper middle income,IBRD,-99.1276,19.427
1759,2016,409476294705.042,Exports of goods and services (current US$),MX,Mexico,Latin America & Caribbean ,Upper middle income,IBRD,-99.1276,19.427
1760,2025,111000000.0,Exports of goods and services (current US$),FM,"Micronesia, Fed. Sts.",East Asia & Pacific,Upper middle income,IDA,158.185,6.91771
1761,2024,108000000.0,Exports of goods and services (current US$),FM,"Micronesia, Fed. Sts.",East Asia & Pacific,Upper middle income,IDA,158.185,6.91771
1762,2023,98000000.0,Exports of goods and services (current US$),FM,"Micronesia, Fed. Sts.",East Asia & Pacific,Upper middle income,IDA,158.185,6.91771
1763,2022,120000000.0,Exports of goods and services (current US$),FM,"Micronesia, Fed. Sts.",East Asia & Pacific,Upper middle income,IDA,158.185,6.91771
1764,2021,77000000.0,Exports of goods and services (current US$),FM,"Micronesia, Fed. Sts.",East Asia & Pacific,Upper middle income,IDA,158.185,6.91771
1765,2020,85000000.0,Exports of goods and services (current US$),FM,"Micronesia, Fed. Sts.",East Asia & Pacific,Upper middle income,IDA,158.185,6.91771
1766,2019,140000000.0,Exports of goods and services (current US$),FM,"Micronesia, Fed. Sts.",East Asia & Pacific,Upper middle income,IDA,158.185,6.91771
1767,2018,150000000.0,Exports of goods and services (current US$),FM,"Micronesia, Fed. Sts.",East Asia & Pacific,Upper middle income,IDA,158.185,6.91771
1768,2017,113000000.0,Exports of goods and services (current US$),FM,"Micronesia, Fed. Sts.",East Asia & Pacific,Upper middle income,IDA,158.185,6.91771
1769,2016,92000000.0,Exports of goods and services (current US$),FM,"Micronesia, Fed. Sts.",East Asia & Pacific,Upper middle income,IDA,158.185,6.91771
1770,2025,6462088523.64641,Exports of goods and services (current US$),MD,Moldova,Europe & Central Asia,Upper middle income,IBRD,28.8497,47.0167
1771,2024,5747499409.84049,Exports of goods and services (current US$),MD,Moldova,Europe & Central Asia,Upper middle income,IBRD,28.8497,47.0167
1772,2023,5867982592.76155,Exports of goods and services (current US$),MD,Moldova,Europe & Central Asia,Upper middle income,IBRD,28.8497,47.0167
1773,2022,5988282384.84134,Exports of goods and services (current US$),MD,Moldova,Europe & Central Asia,Upper middle income,IBRD,28.8497,47.0167
1774,2021,4196391944.64671,Exports of goods and services (current US$),MD,Moldova,Europe & Central Asia,Upper middle income,IBRD,28.8497,47.0167
1775,2020,3218731277.60425,Exports of goods and services (current US$),MD,Moldova,Europe & Central Asia,Upper middle income,IBRD,28.8497,47.0167
1776,2019,3660834340.67571,Exports of goods and services (current US$),MD,Moldova,Europe & Central Asia,Upper middle income,IBRD,28.8497,47.0167
1777,2018,3454064033.36926,Exports of goods and services (current US$),MD,Moldova,Europe & Central Asia,Upper middle income,IBRD,28.8497,47.0167
1778,2017,3095306463.28308,Exports of goods and services (current US$),MD,Moldova,Europe & Central Asia,Upper middle income,IBRD,28.8497,47.0167
1779,2016,2623048025.71072,Exports of goods and services (current US$),MD,Moldova,Europe & Central Asia,Upper middle income,IBRD,28.8497,47.0167
1780,2025,,Exports of goods and services (current US$),MC,Monaco,Europe & Central Asia,High income,Not classified,7.41891,43.7325
1781,2024,,Exports of goods and services (current US$),MC,Monaco,Europe & Central Asia,High income,Not classified,7.41891,43.7325
1782,2023,,Exports of goods and services (current US$),MC,Monaco,Europe & Central Asia,High income,Not classified,7.41891,43.7325
1783,2022,,Exports of goods and services (current US$),MC,Monaco,Europe & Central Asia,High income,Not classified,7.41891,43.7325
1784,2021,,Exports of goods and services (current US$),MC,Monaco,Europe & Central Asia,High income,Not classified,7.41891,43.7325
1785,2020,,Exports of goods and services (current US$),MC,Monaco,Europe & Central Asia,High income,Not classified,7.41891,43.7325
1786,2019,,Exports of goods and services (current US$),MC,Monaco,Europe & Central Asia,High income,Not classified,7.41891,43.7325
1787,2018,,Exports of goods and services (current US$),MC,Monaco,Europe & Central Asia,High income,Not classified,7.41891,43.7325
1788,2017,,Exports of goods and services (current US$),MC,Monaco,Europe & Central Asia,High income,Not classified,7.41891,43.7325
1789,2016,,Exports of goods and services (current US$),MC,Monaco,Europe & Central Asia,High income,Not classified,7.41891,43.7325
1790,2025,17268519883.6881,Exports of goods and services (current US$),MN,Mongolia,East Asia & Pacific,Upper middle income,IBRD,106.937,47.9129
1791,2024,16350790018.4659,Exports of goods and services (current US$),MN,Mongolia,East Asia & Pacific,Upper middle income,IBRD,106.937,47.9129
1792,2023,15499351627.5757,Exports of goods and services (current US$),MN,Mongolia,East Asia & Pacific,Upper middle income,IBRD,106.937,47.9129
1793,2022,11155726172.5221,Exports of goods and services (current US$),MN,Mongolia,East Asia & Pacific,Upper middle income,IBRD,106.937,47.9129
1794,2021,8950037976.40907,Exports of goods and services (current US$),MN,Mongolia,East Asia & Pacific,Upper middle income,IBRD,106.937,47.9129
1795,2020,7676311652.04846,Exports of goods and services (current US$),MN,Mongolia,East Asia & Pacific,Upper middle income,IBRD,106.937,47.9129
1796,2019,8412612745.88232,Exports of goods and services (current US$),MN,Mongolia,East Asia & Pacific,Upper middle income,IBRD,106.937,47.9129
1797,2018,7665010102.42513,Exports of goods and services (current US$),MN,Mongolia,East Asia & Pacific,Upper middle income,IBRD,106.937,47.9129
1798,2017,6792836359.89678,Exports of goods and services (current US$),MN,Mongolia,East Asia & Pacific,Upper middle income,IBRD,106.937,47.9129
1799,2016,5688198400.40209,Exports of goods and services (current US$),MN,Mongolia,East Asia & Pacific,Upper middle income,IBRD,106.937,47.9129
1800,2025,3698908466.47919,Exports of goods and services (current US$),ME,Montenegro,Europe & Central Asia,Upper middle income,IBRD,19.2595,42.4602
1801,2024,3619760732.27945,Exports of goods and services (current US$),ME,Montenegro,Europe & Central Asia,Upper middle income,IBRD,19.2595,42.4602
1802,2023,3762730917.08399,Exports of goods and services (current US$),ME,Montenegro,Europe & Central Asia,Upper middle income,IBRD,19.2595,42.4602
1803,2022,3214050501.42589,Exports of goods and services (current US$),ME,Montenegro,Europe & Central Asia,Upper middle income,IBRD,19.2595,42.4602
1804,2021,2510801556.5736,Exports of goods and services (current US$),ME,Montenegro,Europe & Central Asia,Upper middle income,IBRD,19.2595,42.4602
1805,2020,1242829754.00685,Exports of goods and services (current US$),ME,Montenegro,Europe & Central Asia,Upper middle income,IBRD,19.2595,42.4602
1806,2019,2430552007.64862,Exports of goods and services (current US$),ME,Montenegro,Europe & Central Asia,Upper middle income,IBRD,19.2595,42.4602
1807,2018,2361307913.76235,Exports of goods and services (current US$),ME,Montenegro,Europe & Central Asia,Upper middle income,IBRD,19.2595,42.4602
1808,2017,1993698280.80977,Exports of goods and services (current US$),ME,Montenegro,Europe & Central Asia,Upper middle income,IBRD,19.2595,42.4602
1809,2016,1777062105.86615,Exports of goods and services (current US$),ME,Montenegro,Europe & Central Asia,Upper middle income,IBRD,19.2595,42.4602
1810,2025,76541039367.7208,Exports of goods and services (current US$),MA,Morocco,"Middle East, North Africa, Afghanistan & Pakistan",Lower middle income,IBRD,-6.8704,33.9905
1811,2024,67454245753.4821,Exports of goods and services (current US$),MA,Morocco,"Middle East, North Africa, Afghanistan & Pakistan",Lower middle income,IBRD,-6.8704,33.9905
1812,2023,61945010973.2121,Exports of goods and services (current US$),MA,Morocco,"Middle East, North Africa, Afghanistan & Pakistan",Lower middle income,IBRD,-6.8704,33.9905
1813,2022,58681916332.2068,Exports of goods and services (current US$),MA,Morocco,"Middle East, North Africa, Afghanistan & Pakistan",Lower middle income,IBRD,-6.8704,33.9905
1814,2021,47060549921.4328,Exports of goods and services (current US$),MA,Morocco,"Middle East, North Africa, Afghanistan & Pakistan",Lower middle income,IBRD,-6.8704,33.9905
1815,2020,37369771251.448,Exports of goods and services (current US$),MA,Morocco,"Middle East, North Africa, Afghanistan & Pakistan",Lower middle income,IBRD,-6.8704,33.9905
1816,2019,43952860516.0238,Exports of goods and services (current US$),MA,Morocco,"Middle East, North Africa, Afghanistan & Pakistan",Lower middle income,IBRD,-6.8704,33.9905
1817,2018,43077520359.3568,Exports of goods and services (current US$),MA,Morocco,"Middle East, North Africa, Afghanistan & Pakistan",Lower middle income,IBRD,-6.8704,33.9905
1818,2017,38651885813.4308,Exports of goods and services (current US$),MA,Morocco,"Middle East, North Africa, Afghanistan & Pakistan",Lower middle income,IBRD,-6.8704,33.9905
1819,2016,34291493550.4303,Exports of goods and services (current US$),MA,Morocco,"Middle East, North Africa, Afghanistan & Pakistan",Lower middle income,IBRD,-6.8704,33.9905
1820,2025,9243792672.4646,Exports of goods and services (current US$),MZ,Mozambique,Sub-Saharan Africa ,Low income,IDA,32.5713,-25.9664
1821,2024,9743034216.41499,Exports of goods and services (current US$),MZ,Mozambique,Sub-Saharan Africa ,Low income,IDA,32.5713,-25.9664
1822,2023,9543000054.48782,Exports of goods and services (current US$),MZ,Mozambique,Sub-Saharan Africa ,Low income,IDA,32.5713,-25.9664
1823,2022,9409084985.62579,Exports of goods and services (current US$),MZ,Mozambique,Sub-Saharan Africa ,Low income,IDA,32.5713,-25.9664
1824,2021,6523890986.02307,Exports of goods and services (current US$),MZ,Mozambique,Sub-Saharan Africa ,Low income,IDA,32.5713,-25.9664
1825,2020,4667776262.86619,Exports of goods and services (current US$),MZ,Mozambique,Sub-Saharan Africa ,Low income,IDA,32.5713,-25.9664
1826,2019,5761757708.23501,Exports of goods and services (current US$),MZ,Mozambique,Sub-Saharan Africa ,Low income,IDA,32.5713,-25.9664
1827,2018,6837559087.08865,Exports of goods and services (current US$),MZ,Mozambique,Sub-Saharan Africa ,Low income,IDA,32.5713,-25.9664
1828,2017,5444267918.05269,Exports of goods and services (current US$),MZ,Mozambique,Sub-Saharan Africa ,Low income,IDA,32.5713,-25.9664
1829,2016,4270264152.95059,Exports of goods and services (current US$),MZ,Mozambique,Sub-Saharan Africa ,Low income,IDA,32.5713,-25.9664
1830,2025,,Exports of goods and services (current US$),MM,Myanmar,East Asia & Pacific,Lower middle income,IDA,95.9562,21.914
1831,2024,,Exports of goods and services (current US$),MM,Myanmar,East Asia & Pacific,Lower middle income,IDA,95.9562,21.914
1832,2023,,Exports of goods and services (current US$),MM,Myanmar,East Asia & Pacific,Lower middle income,IDA,95.9562,21.914
1833,2022,,Exports of goods and services (current US$),MM,Myanmar,East Asia & Pacific,Lower middle income,IDA,95.9562,21.914
1834,2021,,Exports of goods and services (current US$),MM,Myanmar,East Asia & Pacific,Lower middle income,IDA,95.9562,21.914
1835,2020,,Exports of goods and services (current US$),MM,Myanmar,East Asia & Pacific,Lower middle income,IDA,95.9562,21.914
1836,2019,,Exports of goods and services (current US$),MM,Myanmar,East Asia & Pacific,Lower middle income,IDA,95.9562,21.914
1837,2018,,Exports of goods and services (current US$),MM,Myanmar,East Asia & Pacific,Lower middle income,IDA,95.9562,21.914
1838,2017,,Exports of goods and services (current US$),MM,Myanmar,East Asia & Pacific,Lower middle income,IDA,95.9562,21.914
1839,2016,,Exports of goods and services (current US$),MM,Myanmar,East Asia & Pacific,Lower middle income,IDA,95.9562,21.914
1840,2025,6737407578.92088,Exports of goods and services (current US$),NA,Namibia,Sub-Saharan Africa ,Lower middle income,IBRD,17.0931,-22.5648
1841,2024,5601781051.69729,Exports of goods and services (current US$),NA,Namibia,Sub-Saharan Africa ,Lower middle income,IBRD,17.0931,-22.5648
1842,2023,5420105284.64656,Exports of goods and services (current US$),NA,Namibia,Sub-Saharan Africa ,Lower middle income,IBRD,17.0931,-22.5648
1843,2022,5085407032.75854,Exports of goods and services (current US$),NA,Namibia,Sub-Saharan Africa ,Lower middle income,IBRD,17.0931,-22.5648
1844,2021,3963389444.58823,Exports of goods and services (current US$),NA,Namibia,Sub-Saharan Africa ,Lower middle income,IBRD,17.0931,-22.5648
1845,2020,3564380963.997,Exports of goods and services (current US$),NA,Namibia,Sub-Saharan Africa ,Lower middle income,IBRD,17.0931,-22.5648
1846,2019,4565372504.91404,Exports of goods and services (current US$),NA,Namibia,Sub-Saharan Africa ,Lower middle income,IBRD,17.0931,-22.5648
1847,2018,4909459328.14274,Exports of goods and services (current US$),NA,Namibia,Sub-Saharan Africa ,Lower middle income,IBRD,17.0931,-22.5648
1848,2017,4335454250.28185,Exports of goods and services (current US$),NA,Namibia,Sub-Saharan Africa ,Lower middle income,IBRD,17.0931,-22.5648
1849,2016,3753721654.57513,Exports of goods and services (current US$),NA,Namibia,Sub-Saharan Africa ,Lower middle income,IBRD,17.0931,-22.5648
1850,2025,108730615.369979,Exports of goods and services (current US$),NR,Naoero,East Asia & Pacific,High income,IBRD,166.920867,-0.5477
1851,2024,89817100.9137743,Exports of goods and services (current US$),NR,Naoero,East Asia & Pacific,High income,IBRD,166.920867,-0.5477
1852,2023,65958621.0609915,Exports of goods and services (current US$),NR,Naoero,East Asia & Pacific,High income,IBRD,166.920867,-0.5477
1853,2022,81992870.3744686,Exports of goods and services (current US$),NR,Naoero,East Asia & Pacific,High income,IBRD,166.920867,-0.5477
1854,2021,54051776.7035434,Exports of goods and services (current US$),NR,Naoero,East Asia & Pacific,High income,IBRD,166.920867,-0.5477
1855,2020,54342514.2667912,Exports of goods and services (current US$),NR,Naoero,East Asia & Pacific,High income,IBRD,166.920867,-0.5477
1856,2019,75590487.5451381,Exports of goods and services (current US$),NR,Naoero,East Asia & Pacific,High income,IBRD,166.920867,-0.5477
1857,2018,71669767.1534431,Exports of goods and services (current US$),NR,Naoero,East Asia & Pacific,High income,IBRD,166.920867,-0.5477
1858,2017,65613383.3201729,Exports of goods and services (current US$),NR,Naoero,East Asia & Pacific,High income,IBRD,166.920867,-0.5477
1859,2016,70608719.9585374,Exports of goods and services (current US$),NR,Naoero,East Asia & Pacific,High income,IBRD,166.920867,-0.5477
1860,2025,4015673776.7883,Exports of goods and services (current US$),NP,Nepal,South Asia,Lower middle income,IDA,85.3157,27.6939
1861,2024,3270900880.52931,Exports of goods and services (current US$),NP,Nepal,South Asia,Lower middle income,IDA,85.3157,27.6939
1862,2023,2875902618.37774,Exports of goods and services (current US$),NP,Nepal,South Asia,Lower middle income,IDA,85.3157,27.6939
1863,2022,2760241576.41351,Exports of goods and services (current US$),NP,Nepal,South Asia,Lower middle income,IDA,85.3157,27.6939
1864,2021,1890245951.47223,Exports of goods and services (current US$),NP,Nepal,South Asia,Lower middle income,IDA,85.3157,27.6939
1865,2020,2275260266.56851,Exports of goods and services (current US$),NP,Nepal,South Asia,Lower middle income,IDA,85.3157,27.6939
1866,2019,2659663141.42524,Exports of goods and services (current US$),NP,Nepal,South Asia,Lower middle income,IDA,85.3157,27.6939
1867,2018,2587877949.51035,Exports of goods and services (current US$),NP,Nepal,South Asia,Lower middle income,IDA,85.3157,27.6939
1868,2017,2263315184.52804,Exports of goods and services (current US$),NP,Nepal,South Asia,Lower middle income,IDA,85.3157,27.6939
1869,2016,2005968673.73752,Exports of goods and services (current US$),NP,Nepal,South Asia,Lower middle income,IDA,85.3157,27.6939
1870,2025,1075134885755.68,Exports of goods and services (current US$),NL,Netherlands,Europe & Central Asia,High income,Not classified,4.89095,52.3738
1871,2024,1001469281569.53,Exports of goods and services (current US$),NL,Netherlands,Europe & Central Asia,High income,Not classified,4.89095,52.3738
1872,2023,993383113411.782,Exports of goods and services (current US$),NL,Netherlands,Europe & Central Asia,High income,Not classified,4.89095,52.3738
1873,2022,1009321846482.49,Exports of goods and services (current US$),NL,Netherlands,Europe & Central Asia,High income,Not classified,4.89095,52.3738
1874,2021,911591180290.683,Exports of goods and services (current US$),NL,Netherlands,Europe & Central Asia,High income,Not classified,4.89095,52.3738
1875,2020,757626674438.913,Exports of goods and services (current US$),NL,Netherlands,Europe & Central Asia,High income,Not classified,4.89095,52.3738
1876,2019,792548771333.332,Exports of goods and services (current US$),NL,Netherlands,Europe & Central Asia,High income,Not classified,4.89095,52.3738
1877,2018,809393154293.333,Exports of goods and services (current US$),NL,Netherlands,Europe & Central Asia,High income,Not classified,4.89095,52.3738
1878,2017,722521486847.06,Exports of goods and services (current US$),NL,Netherlands,Europe & Central Asia,High income,Not classified,4.89095,52.3738
1879,2016,644981374821.013,Exports of goods and services (current US$),NL,Netherlands,Europe & Central Asia,High income,Not classified,4.89095,52.3738
1880,2025,,Exports of goods and services (current US$),NC,New Caledonia,East Asia & Pacific,High income,Not classified,166.464,-22.2677
1881,2024,999771629.625021,Exports of goods and services (current US$),NC,New Caledonia,East Asia & Pacific,High income,Not classified,166.464,-22.2677
1882,2023,1654638546.19345,Exports of goods and services (current US$),NC,New Caledonia,East Asia & Pacific,High income,Not classified,166.464,-22.2677
1883,2022,1480256674.17911,Exports of goods and services (current US$),NC,New Caledonia,East Asia & Pacific,High income,Not classified,166.464,-22.2677
1884,2021,1425561376.88157,Exports of goods and services (current US$),NC,New Caledonia,East Asia & Pacific,High income,Not classified,166.464,-22.2677
1885,2020,1706103572.61988,Exports of goods and services (current US$),NC,New Caledonia,East Asia & Pacific,High income,Not classified,166.464,-22.2677
1886,2019,1736827318.30304,Exports of goods and services (current US$),NC,New Caledonia,East Asia & Pacific,High income,Not classified,166.464,-22.2677
1887,2018,2077196183.36933,Exports of goods and services (current US$),NC,New Caledonia,East Asia & Pacific,High income,Not classified,166.464,-22.2677
1888,2017,1927265624.12581,Exports of goods and services (current US$),NC,New Caledonia,East Asia & Pacific,High income,Not classified,166.464,-22.2677
1889,2016,1680830644.32587,Exports of goods and services (current US$),NC,New Caledonia,East Asia & Pacific,High income,Not classified,166.464,-22.2677
1890,2025,,Exports of goods and services (current US$),NZ,New Zealand,East Asia & Pacific,High income,Not classified,174.776,-41.2865
1891,2024,64603559666.5273,Exports of goods and services (current US$),NZ,New Zealand,East Asia & Pacific,High income,Not classified,174.776,-41.2865
1892,2023,60581540539.9874,Exports of goods and services (current US$),NZ,New Zealand,East Asia & Pacific,High income,Not classified,174.776,-41.2865
1893,2022,60051357377.6037,Exports of goods and services (current US$),NZ,New Zealand,East Asia & Pacific,High income,Not classified,174.776,-41.2865
1894,2021,56667845522.7048,Exports of goods and services (current US$),NZ,New Zealand,East Asia & Pacific,High income,Not classified,174.776,-41.2865
1895,2020,46221986846.5859,Exports of goods and services (current US$),NZ,New Zealand,East Asia & Pacific,High income,Not classified,174.776,-41.2865
1896,2019,58216256279.3379,Exports of goods and services (current US$),NZ,New Zealand,East Asia & Pacific,High income,Not classified,174.776,-41.2865
1897,2018,59080095254.0205,Exports of goods and services (current US$),NZ,New Zealand,East Asia & Pacific,High income,Not classified,174.776,-41.2865
1898,2017,56994830924.4535,Exports of goods and services (current US$),NZ,New Zealand,East Asia & Pacific,High income,Not classified,174.776,-41.2865
1899,2016,50327700527.3142,Exports of goods and services (current US$),NZ,New Zealand,East Asia & Pacific,High income,Not classified,174.776,-41.2865
1900,2025,9249209961.6921,Exports of goods and services (current US$),NI,Nicaragua,Latin America & Caribbean ,Lower middle income,IDA,-86.2734,12.1475
1901,2024,8072799619.37839,Exports of goods and services (current US$),NI,Nicaragua,Latin America & Caribbean ,Lower middle income,IDA,-86.2734,12.1475
1902,2023,8166793678.60449,Exports of goods and services (current US$),NI,Nicaragua,Latin America & Caribbean ,Lower middle income,IDA,-86.2734,12.1475
1903,2022,7800991076.62253,Exports of goods and services (current US$),NI,Nicaragua,Latin America & Caribbean ,Lower middle income,IDA,-86.2734,12.1475
1904,2021,6593588345.76777,Exports of goods and services (current US$),NI,Nicaragua,Latin America & Caribbean ,Lower middle income,IDA,-86.2734,12.1475
1905,2020,5312785103.96067,Exports of goods and services (current US$),NI,Nicaragua,Latin America & Caribbean ,Lower middle income,IDA,-86.2734,12.1475
1906,2019,5689725118.64939,Exports of goods and services (current US$),NI,Nicaragua,Latin America & Caribbean ,Lower middle income,IDA,-86.2734,12.1475
1907,2018,5506692298.07729,Exports of goods and services (current US$),NI,Nicaragua,Latin America & Caribbean ,Lower middle income,IDA,-86.2734,12.1475
1908,2017,5698946072.93662,Exports of goods and services (current US$),NI,Nicaragua,Latin America & Caribbean ,Lower middle income,IDA,-86.2734,12.1475
1909,2016,5165902337.59438,Exports of goods and services (current US$),NI,Nicaragua,Latin America & Caribbean ,Lower middle income,IDA,-86.2734,12.1475
1910,2025,3411837458.42472,Exports of goods and services (current US$),NE,Niger,Sub-Saharan Africa ,Low income,IDA,2.1073,13.514
1911,2024,1775252489.87748,Exports of goods and services (current US$),NE,Niger,Sub-Saharan Africa ,Low income,IDA,2.1073,13.514
1912,2023,1398553093.02846,Exports of goods and services (current US$),NE,Niger,Sub-Saharan Africa ,Low income,IDA,2.1073,13.514
1913,2022,1575783107.54,Exports of goods and services (current US$),NE,Niger,Sub-Saharan Africa ,Low income,IDA,2.1073,13.514
1914,2021,1652265674.93313,Exports of goods and services (current US$),NE,Niger,Sub-Saharan Africa ,Low income,IDA,2.1073,13.514
1915,2020,1416889905.09768,Exports of goods and services (current US$),NE,Niger,Sub-Saharan Africa ,Low income,IDA,2.1073,13.514
1916,2019,1485042917.25952,Exports of goods and services (current US$),NE,Niger,Sub-Saharan Africa ,Low income,IDA,2.1073,13.514
1917,2018,1533317906.22383,Exports of goods and services (current US$),NE,Niger,Sub-Saharan Africa ,Low income,IDA,2.1073,13.514
1918,2017,1495756313.86357,Exports of goods and services (current US$),NE,Niger,Sub-Saharan Africa ,Low income,IDA,2.1073,13.514
1919,2016,1265134823.2669,Exports of goods and services (current US$),NE,Niger,Sub-Saharan Africa ,Low income,IDA,2.1073,13.514
1920,2025,,Exports of goods and services (current US$),NG,Nigeria,Sub-Saharan Africa ,Lower middle income,Blend,7.48906,9.05804
1921,2024,,Exports of goods and services (current US$),NG,Nigeria,Sub-Saharan Africa ,Lower middle income,Blend,7.48906,9.05804
1922,2023,,Exports of goods and services (current US$),NG,Nigeria,Sub-Saharan Africa ,Lower middle income,Blend,7.48906,9.05804
1923,2022,,Exports of goods and services (current US$),NG,Nigeria,Sub-Saharan Africa ,Lower middle income,Blend,7.48906,9.05804
1924,2021,,Exports of goods and services (current US$),NG,Nigeria,Sub-Saharan Africa ,Lower middle income,Blend,7.48906,9.05804
1925,2020,,Exports of goods and services (current US$),NG,Nigeria,Sub-Saharan Africa ,Lower middle income,Blend,7.48906,9.05804
1926,2019,,Exports of goods and services (current US$),NG,Nigeria,Sub-Saharan Africa ,Lower middle income,Blend,7.48906,9.05804
1927,2018,,Exports of goods and services (current US$),NG,Nigeria,Sub-Saharan Africa ,Lower middle income,Blend,7.48906,9.05804
1928,2017,,Exports of goods and services (current US$),NG,Nigeria,Sub-Saharan Africa ,Lower middle income,Blend,7.48906,9.05804
1929,2016,,Exports of goods and services (current US$),NG,Nigeria,Sub-Saharan Africa ,Lower middle income,Blend,7.48906,9.05804
1930,2025,11393731930.4666,Exports of goods and services (current US$),MK,North Macedonia,Europe & Central Asia,Upper middle income,IBRD,21.4361,42.0024
1931,2024,10455662616.042,Exports of goods and services (current US$),MK,North Macedonia,Europe & Central Asia,Upper middle income,IBRD,21.4361,42.0024
1932,2023,10685882457.5582,Exports of goods and services (current US$),MK,North Macedonia,Europe & Central Asia,Upper middle income,IBRD,21.4361,42.0024
1933,2022,10140779608.9458,Exports of goods and services (current US$),MK,North Macedonia,Europe & Central Asia,Upper middle income,IBRD,21.4361,42.0024
1934,2021,9162326827.23046,Exports of goods and services (current US$),MK,North Macedonia,Europe & Central Asia,Upper middle income,IBRD,21.4361,42.0024
1935,2020,7141154682.41593,Exports of goods and services (current US$),MK,North Macedonia,Europe & Central Asia,Upper middle income,IBRD,21.4361,42.0024
1936,2019,7867370857.84171,Exports of goods and services (current US$),MK,North Macedonia,Europe & Central Asia,Upper middle income,IBRD,21.4361,42.0024
1937,2018,7657419790.02174,Exports of goods and services (current US$),MK,North Macedonia,Europe & Central Asia,Upper middle income,IBRD,21.4361,42.0024
1938,2017,6235363472.12165,Exports of goods and services (current US$),MK,North Macedonia,Europe & Central Asia,Upper middle income,IBRD,21.4361,42.0024
1939,2016,5407081873.02654,Exports of goods and services (current US$),MK,North Macedonia,Europe & Central Asia,Upper middle income,IBRD,21.4361,42.0024
1940,2025,,Exports of goods and services (current US$),MP,Northern Mariana Islands,East Asia & Pacific,High income,Not classified,145.765,15.1935
1941,2024,,Exports of goods and services (current US$),MP,Northern Mariana Islands,East Asia & Pacific,High income,Not classified,145.765,15.1935
1942,2023,,Exports of goods and services (current US$),MP,Northern Mariana Islands,East Asia & Pacific,High income,Not classified,145.765,15.1935
1943,2022,244000000.0,Exports of goods and services (current US$),MP,Northern Mariana Islands,East Asia & Pacific,High income,Not classified,145.765,15.1935
1944,2021,55000000.0,Exports of goods and services (current US$),MP,Northern Mariana Islands,East Asia & Pacific,High income,Not classified,145.765,15.1935
1945,2020,128000000.0,Exports of goods and services (current US$),MP,Northern Mariana Islands,East Asia & Pacific,High income,Not classified,145.765,15.1935
1946,2019,501000000.0,Exports of goods and services (current US$),MP,Northern Mariana Islands,East Asia & Pacific,High income,Not classified,145.765,15.1935
1947,2018,660000000.0,Exports of goods and services (current US$),MP,Northern Mariana Islands,East Asia & Pacific,High income,Not classified,145.765,15.1935
1948,2017,1081000000.0,Exports of goods and services (current US$),MP,Northern Mariana Islands,East Asia & Pacific,High income,Not classified,145.765,15.1935
1949,2016,882000000.0,Exports of goods and services (current US$),MP,Northern Mariana Islands,East Asia & Pacific,High income,Not classified,145.765,15.1935
1950,2025,240819559118.237,Exports of goods and services (current US$),NO,Norway,Europe & Central Asia,High income,Not classified,10.7387,59.9138
1951,2024,232308553702.986,Exports of goods and services (current US$),NO,Norway,Europe & Central Asia,High income,Not classified,10.7387,59.9138
1952,2023,233044619753.866,Exports of goods and services (current US$),NO,Norway,Europe & Central Asia,High income,Not classified,10.7387,59.9138
1953,2022,330758256045.766,Exports of goods and services (current US$),NO,Norway,Europe & Central Asia,High income,Not classified,10.7387,59.9138
1954,2021,217945634458.673,Exports of goods and services (current US$),NO,Norway,Europe & Central Asia,High income,Not classified,10.7387,59.9138
1955,2020,119822214355.253,Exports of goods and services (current US$),NO,Norway,Europe & Central Asia,High income,Not classified,10.7387,59.9138
1956,2019,151434431818.182,Exports of goods and services (current US$),NO,Norway,Europe & Central Asia,High income,Not classified,10.7387,59.9138
1957,2018,169569750999.078,Exports of goods and services (current US$),NO,Norway,Europe & Central Asia,High income,Not classified,10.7387,59.9138
1958,2017,148727825911.747,Exports of goods and services (current US$),NO,Norway,Europe & Central Asia,High income,Not classified,10.7387,59.9138
1959,2016,134453095238.095,Exports of goods and services (current US$),NO,Norway,Europe & Central Asia,High income,Not classified,10.7387,59.9138
1960,2025,,Exports of goods and services (current US$),OM,Oman,"Middle East, North Africa, Afghanistan & Pakistan",High income,Not classified,58.5874,23.6105
1961,2024,70788296488.9467,Exports of goods and services (current US$),OM,Oman,"Middle East, North Africa, Afghanistan & Pakistan",High income,Not classified,58.5874,23.6105
1962,2023,65386996098.8297,Exports of goods and services (current US$),OM,Oman,"Middle East, North Africa, Afghanistan & Pakistan",High income,Not classified,58.5874,23.6105
1963,2022,69482444733.42,Exports of goods and services (current US$),OM,Oman,"Middle East, North Africa, Afghanistan & Pakistan",High income,Not classified,58.5874,23.6105
1964,2021,46569570871.2614,Exports of goods and services (current US$),OM,Oman,"Middle East, North Africa, Afghanistan & Pakistan",High income,Not classified,58.5874,23.6105
1965,2020,35719115734.7204,Exports of goods and services (current US$),OM,Oman,"Middle East, North Africa, Afghanistan & Pakistan",High income,Not classified,58.5874,23.6105
1966,2019,43583875162.5488,Exports of goods and services (current US$),OM,Oman,"Middle East, North Africa, Afghanistan & Pakistan",High income,Not classified,58.5874,23.6105
1967,2018,46322496749.0247,Exports of goods and services (current US$),OM,Oman,"Middle East, North Africa, Afghanistan & Pakistan",High income,Not classified,58.5874,23.6105
1968,2017,36964889466.84,Exports of goods and services (current US$),OM,Oman,"Middle East, North Africa, Afghanistan & Pakistan",High income,Not classified,58.5874,23.6105
1969,2016,31042912873.8622,Exports of goods and services (current US$),OM,Oman,"Middle East, North Africa, Afghanistan & Pakistan",High income,Not classified,58.5874,23.6105
1970,2025,40670467311.9112,Exports of goods and services (current US$),PK,Pakistan,"Middle East, North Africa, Afghanistan & Pakistan",Lower middle income,Blend,72.8,30.5167
1971,2024,38607805445.6242,Exports of goods and services (current US$),PK,Pakistan,"Middle East, North Africa, Afghanistan & Pakistan",Lower middle income,Blend,72.8,30.5167
1972,2023,35331726543.8312,Exports of goods and services (current US$),PK,Pakistan,"Middle East, North Africa, Afghanistan & Pakistan",Lower middle income,Blend,72.8,30.5167
1973,2022,39515650036.1059,Exports of goods and services (current US$),PK,Pakistan,"Middle East, North Africa, Afghanistan & Pakistan",Lower middle income,Blend,72.8,30.5167
1974,2021,31546332472.5314,Exports of goods and services (current US$),PK,Pakistan,"Middle East, North Africa, Afghanistan & Pakistan",Lower middle income,Blend,72.8,30.5167
1975,2020,27935253908.9592,Exports of goods and services (current US$),PK,Pakistan,"Middle East, North Africa, Afghanistan & Pakistan",Lower middle income,Blend,72.8,30.5167
1976,2019,30136170670.3429,Exports of goods and services (current US$),PK,Pakistan,"Middle East, North Africa, Afghanistan & Pakistan",Lower middle income,Blend,72.8,30.5167
1977,2018,30562205605.5736,Exports of goods and services (current US$),PK,Pakistan,"Middle East, North Africa, Afghanistan & Pakistan",Lower middle income,Blend,72.8,30.5167
1978,2017,27888160733.4655,Exports of goods and services (current US$),PK,Pakistan,"Middle East, North Africa, Afghanistan & Pakistan",Lower middle income,Blend,72.8,30.5167
1979,2016,27400963629.0087,Exports of goods and services (current US$),PK,Pakistan,"Middle East, North Africa, Afghanistan & Pakistan",Lower middle income,Blend,72.8,30.5167
1980,2025,,Exports of goods and services (current US$),PW,Palau,East Asia & Pacific,High income,IBRD,134.479,7.34194
1981,2024,105126808.166504,Exports of goods and services (current US$),PW,Palau,East Asia & Pacific,High income,IBRD,134.479,7.34194
1982,2023,72190391.5405273,Exports of goods and services (current US$),PW,Palau,East Asia & Pacific,High income,IBRD,134.479,7.34194
1983,2022,38204284.6679688,Exports of goods and services (current US$),PW,Palau,East Asia & Pacific,High income,IBRD,134.479,7.34194
1984,2021,15530629.15802,Exports of goods and services (current US$),PW,Palau,East Asia & Pacific,High income,IBRD,134.479,7.34194
1985,2020,60400900.0,Exports of goods and services (current US$),PW,Palau,East Asia & Pacific,High income,IBRD,134.479,7.34194
1986,2019,108052200.0,Exports of goods and services (current US$),PW,Palau,East Asia & Pacific,High income,IBRD,134.479,7.34194
1987,2018,123289700.0,Exports of goods and services (current US$),PW,Palau,East Asia & Pacific,High income,IBRD,134.479,7.34194
1988,2017,132309900.0,Exports of goods and services (current US$),PW,Palau,East Asia & Pacific,High income,IBRD,134.479,7.34194
1989,2016,146216600.0,Exports of goods and services (current US$),PW,Palau,East Asia & Pacific,High income,IBRD,134.479,7.34194
1990,2025,,Exports of goods and services (current US$),PA,Panama,Latin America & Caribbean ,High income,IBRD,-79.5188,8.99427
1991,2024,38380161300.0,Exports of goods and services (current US$),PA,Panama,Latin America & Caribbean ,High income,IBRD,-79.5188,8.99427
1992,2023,38242852800.0,Exports of goods and services (current US$),PA,Panama,Latin America & Caribbean ,High income,IBRD,-79.5188,8.99427
1993,2022,36730408000.0,Exports of goods and services (current US$),PA,Panama,Latin America & Caribbean ,High income,IBRD,-79.5188,8.99427
1994,2021,28041417500.0,Exports of goods and services (current US$),PA,Panama,Latin America & Caribbean ,High income,IBRD,-79.5188,8.99427
1995,2020,20695086000.0,Exports of goods and services (current US$),PA,Panama,Latin America & Caribbean ,High income,IBRD,-79.5188,8.99427
1996,2019,28061045300.0,Exports of goods and services (current US$),PA,Panama,Latin America & Caribbean ,High income,IBRD,-79.5188,8.99427
1997,2018,28506576400.0,Exports of goods and services (current US$),PA,Panama,Latin America & Caribbean ,High income,IBRD,-79.5188,8.99427
1998,2017,26677342700.0,Exports of goods and services (current US$),PA,Panama,Latin America & Caribbean ,High income,IBRD,-79.5188,8.99427
1999,2016,24944633900.0,Exports of goods and services (current US$),PA,Panama,Latin America & Caribbean ,High income,IBRD,-79.5188,8.99427
2000,2025,,Exports of goods and services (current US$),PG,Papua New Guinea,East Asia & Pacific,Lower middle income,Blend,147.194,-9.47357
2001,2024,,Exports of goods and services (current US$),PG,Papua New Guinea,East Asia & Pacific,Lower middle income,Blend,147.194,-9.47357
2002,2023,,Exports of goods and services (current US$),PG,Papua New Guinea,East Asia & Pacific,Lower middle income,Blend,147.194,-9.47357
2003,2022,,Exports of goods and services (current US$),PG,Papua New Guinea,East Asia & Pacific,Lower middle income,Blend,147.194,-9.47357
2004,2021,,Exports of goods and services (current US$),PG,Papua New Guinea,East Asia & Pacific,Lower middle income,Blend,147.194,-9.47357
2005,2020,,Exports of goods and services (current US$),PG,Papua New Guinea,East Asia & Pacific,Lower middle income,Blend,147.194,-9.47357
2006,2019,,Exports of goods and services (current US$),PG,Papua New Guinea,East Asia & Pacific,Lower middle income,Blend,147.194,-9.47357
2007,2018,,Exports of goods and services (current US$),PG,Papua New Guinea,East Asia & Pacific,Lower middle income,Blend,147.194,-9.47357
2008,2017,,Exports of goods and services (current US$),PG,Papua New Guinea,East Asia & Pacific,Lower middle income,Blend,147.194,-9.47357
2009,2016,,Exports of goods and services (current US$),PG,Papua New Guinea,East Asia & Pacific,Lower middle income,Blend,147.194,-9.47357
2010,2025,18320665709.9656,Exports of goods and services (current US$),PY,Paraguay,Latin America & Caribbean ,Upper middle income,IBRD,-57.6362,-25.3005
2011,2024,16872593925.2401,Exports of goods and services (current US$),PY,Paraguay,Latin America & Caribbean ,Upper middle income,IBRD,-57.6362,-25.3005
2012,2023,18230152445.6283,Exports of goods and services (current US$),PY,Paraguay,Latin America & Caribbean ,Upper middle income,IBRD,-57.6362,-25.3005
2013,2022,14393374837.8934,Exports of goods and services (current US$),PY,Paraguay,Latin America & Caribbean ,Upper middle income,IBRD,-57.6362,-25.3005
2014,2021,14163870137.0282,Exports of goods and services (current US$),PY,Paraguay,Latin America & Caribbean ,Upper middle income,IBRD,-57.6362,-25.3005
2015,2020,11788507797.7316,Exports of goods and services (current US$),PY,Paraguay,Latin America & Caribbean ,Upper middle income,IBRD,-57.6362,-25.3005
2016,2019,13686227184.1267,Exports of goods and services (current US$),PY,Paraguay,Latin America & Caribbean ,Upper middle income,IBRD,-57.6362,-25.3005
2017,2018,14824374395.5056,Exports of goods and services (current US$),PY,Paraguay,Latin America & Caribbean ,Upper middle income,IBRD,-57.6362,-25.3005
2018,2017,14884925311.3424,Exports of goods and services (current US$),PY,Paraguay,Latin America & Caribbean ,Upper middle income,IBRD,-57.6362,-25.3005
2019,2016,13404881408.5995,Exports of goods and services (current US$),PY,Paraguay,Latin America & Caribbean ,Upper middle income,IBRD,-57.6362,-25.3005
2020,2025,100355362281.137,Exports of goods and services (current US$),PE,Peru,Latin America & Caribbean ,Upper middle income,IBRD,-77.0465,-12.0931
2021,2024,84269317212.8241,Exports of goods and services (current US$),PE,Peru,Latin America & Caribbean ,Upper middle income,IBRD,-77.0465,-12.0931
2022,2023,72822828838.7334,Exports of goods and services (current US$),PE,Peru,Latin America & Caribbean ,Upper middle income,IBRD,-77.0465,-12.0931
2023,2022,70945282634.6397,Exports of goods and services (current US$),PE,Peru,Latin America & Caribbean ,Upper middle income,IBRD,-77.0465,-12.0931
2024,2021,66169160382.7701,Exports of goods and services (current US$),PE,Peru,Latin America & Caribbean ,Upper middle income,IBRD,-77.0465,-12.0931
2025,2020,46347277393.2378,Exports of goods and services (current US$),PE,Peru,Latin America & Caribbean ,Upper middle income,IBRD,-77.0465,-12.0931
2026,2019,54892296037.3345,Exports of goods and services (current US$),PE,Peru,Latin America & Caribbean ,Upper middle income,IBRD,-77.0465,-12.0931
2027,2018,56077049768.4083,Exports of goods and services (current US$),PE,Peru,Latin America & Caribbean ,Upper middle income,IBRD,-77.0465,-12.0931
2028,2017,52160903521.1907,Exports of goods and services (current US$),PE,Peru,Latin America & Caribbean ,Upper middle income,IBRD,-77.0465,-12.0931
2029,2016,43369573655.2395,Exports of goods and services (current US$),PE,Peru,Latin America & Caribbean ,Upper middle income,IBRD,-77.0465,-12.0931
2030,2025,129323001566.143,Exports of goods and services (current US$),PH,Philippines,East Asia & Pacific,Upper middle income,IBRD,121.035,14.5515
2031,2024,118820216615.131,Exports of goods and services (current US$),PH,Philippines,East Asia & Pacific,Upper middle income,IBRD,121.035,14.5515
2032,2023,116417848992.129,Exports of goods and services (current US$),PH,Philippines,East Asia & Pacific,Upper middle income,IBRD,121.035,14.5515
2033,2022,114785414693.615,Exports of goods and services (current US$),PH,Philippines,East Asia & Pacific,Upper middle income,IBRD,121.035,14.5515
2034,2021,101485514507.701,Exports of goods and services (current US$),PH,Philippines,East Asia & Pacific,Upper middle income,IBRD,121.035,14.5515
2035,2020,91171559890.9852,Exports of goods and services (current US$),PH,Philippines,East Asia & Pacific,Upper middle income,IBRD,121.035,14.5515
2036,2019,106953484846.44,Exports of goods and services (current US$),PH,Philippines,East Asia & Pacific,Upper middle income,IBRD,121.035,14.5515
2037,2018,104793441904.255,Exports of goods and services (current US$),PH,Philippines,East Asia & Pacific,Upper middle income,IBRD,121.035,14.5515
2038,2017,97073582741.5119,Exports of goods and services (current US$),PH,Philippines,East Asia & Pacific,Upper middle income,IBRD,121.035,14.5515
2039,2016,84987391167.9967,Exports of goods and services (current US$),PH,Philippines,East Asia & Pacific,Upper middle income,IBRD,121.035,14.5515
2040,2025,517233997757.263,Exports of goods and services (current US$),PL,Poland,Europe & Central Asia,High income,IBRD,21.02,52.26
2041,2024,478889163359.631,Exports of goods and services (current US$),PL,Poland,Europe & Central Asia,High income,IBRD,21.02,52.26
2042,2023,470257077151.136,Exports of goods and services (current US$),PL,Poland,Europe & Central Asia,High income,IBRD,21.02,52.26
2043,2022,433728761282.735,Exports of goods and services (current US$),PL,Poland,Europe & Central Asia,High income,IBRD,21.02,52.26
2044,2021,393088751264.328,Exports of goods and services (current US$),PL,Poland,Europe & Central Asia,High income,IBRD,21.02,52.26
2045,2020,317704377851.373,Exports of goods and services (current US$),PL,Poland,Europe & Central Asia,High income,IBRD,21.02,52.26
2046,2019,317089370014.651,Exports of goods and services (current US$),PL,Poland,Europe & Central Asia,High income,IBRD,21.02,52.26
2047,2018,310583581160.982,Exports of goods and services (current US$),PL,Poland,Europe & Central Asia,High income,IBRD,21.02,52.26
2048,2017,273120944886.307,Exports of goods and services (current US$),PL,Poland,Europe & Central Asia,High income,IBRD,21.02,52.26
2049,2016,236186977573.962,Exports of goods and services (current US$),PL,Poland,Europe & Central Asia,High income,IBRD,21.02,52.26
2050,2025,151336322847.151,Exports of goods and services (current US$),PT,Portugal,Europe & Central Asia,High income,Not classified,-9.13552,38.7072
2051,2024,143716598545.751,Exports of goods and services (current US$),PT,Portugal,Europe & Central Asia,High income,Not classified,-9.13552,38.7072
2052,2023,137846682521.679,Exports of goods and services (current US$),PT,Portugal,Europe & Central Asia,High income,Not classified,-9.13552,38.7072
2053,2022,127117787016.907,Exports of goods and services (current US$),PT,Portugal,Europe & Central Asia,High income,Not classified,-9.13552,38.7072
2054,2021,106387190475.432,Exports of goods and services (current US$),PT,Portugal,Europe & Central Asia,High income,Not classified,-9.13552,38.7072
2055,2020,85546804977.8602,Exports of goods and services (current US$),PT,Portugal,Europe & Central Asia,High income,Not classified,-9.13552,38.7072
2056,2019,104818126821.584,Exports of goods and services (current US$),PT,Portugal,Europe & Central Asia,High income,Not classified,-9.13552,38.7072
2057,2018,105740319070.278,Exports of goods and services (current US$),PT,Portugal,Europe & Central Asia,High income,Not classified,-9.13552,38.7072
2058,2017,94844484377.5766,Exports of goods and services (current US$),PT,Portugal,Europe & Central Asia,High income,Not classified,-9.13552,38.7072
2059,2016,83254740236.8473,Exports of goods and services (current US$),PT,Portugal,Europe & Central Asia,High income,Not classified,-9.13552,38.7072
2060,2025,60652000000.0,Exports of goods and services (current US$),PR,Puerto Rico (US),Latin America & Caribbean ,High income,Not classified,-66,18.23
2061,2024,65380300000.0,Exports of goods and services (current US$),PR,Puerto Rico (US),Latin America & Caribbean ,High income,Not classified,-66,18.23
2062,2023,63557700000.0,Exports of goods and services (current US$),PR,Puerto Rico (US),Latin America & Caribbean ,High income,Not classified,-66,18.23
2063,2022,59706800000.0,Exports of goods and services (current US$),PR,Puerto Rico (US),Latin America & Caribbean ,High income,Not classified,-66,18.23
2064,2021,57909200000.0,Exports of goods and services (current US$),PR,Puerto Rico (US),Latin America & Caribbean ,High income,Not classified,-66,18.23
2065,2020,62237400000.0,Exports of goods and services (current US$),PR,Puerto Rico (US),Latin America & Caribbean ,High income,Not classified,-66,18.23
2066,2019,63684400000.0,Exports of goods and services (current US$),PR,Puerto Rico (US),Latin America & Caribbean ,High income,Not classified,-66,18.23
2067,2018,60528400000.0,Exports of goods and services (current US$),PR,Puerto Rico (US),Latin America & Caribbean ,High income,Not classified,-66,18.23
2068,2017,71091600000.0,Exports of goods and services (current US$),PR,Puerto Rico (US),Latin America & Caribbean ,High income,Not classified,-66,18.23
2069,2016,71740000000.0,Exports of goods and services (current US$),PR,Puerto Rico (US),Latin America & Caribbean ,High income,Not classified,-66,18.23
2070,2025,,Exports of goods and services (current US$),QA,Qatar,"Middle East, North Africa, Afghanistan & Pakistan",High income,Not classified,51.5082,25.2948
2071,2024,,Exports of goods and services (current US$),QA,Qatar,"Middle East, North Africa, Afghanistan & Pakistan",High income,Not classified,51.5082,25.2948
2072,2023,,Exports of goods and services (current US$),QA,Qatar,"Middle East, North Africa, Afghanistan & Pakistan",High income,Not classified,51.5082,25.2948
2073,2022,161692857142.857,Exports of goods and services (current US$),QA,Qatar,"Middle East, North Africa, Afghanistan & Pakistan",High income,Not classified,51.5082,25.2948
2074,2021,105549450549.451,Exports of goods and services (current US$),QA,Qatar,"Middle East, North Africa, Afghanistan & Pakistan",High income,Not classified,51.5082,25.2948
2075,2020,70933241758.2418,Exports of goods and services (current US$),QA,Qatar,"Middle East, North Africa, Afghanistan & Pakistan",High income,Not classified,51.5082,25.2948
2076,2019,92046153846.1538,Exports of goods and services (current US$),QA,Qatar,"Middle East, North Africa, Afghanistan & Pakistan",High income,Not classified,51.5082,25.2948
2077,2018,102560989010.989,Exports of goods and services (current US$),QA,Qatar,"Middle East, North Africa, Afghanistan & Pakistan",High income,Not classified,51.5082,25.2948
2078,2017,85204395604.3956,Exports of goods and services (current US$),QA,Qatar,"Middle East, North Africa, Afghanistan & Pakistan",High income,Not classified,51.5082,25.2948
2079,2016,72397252747.2527,Exports of goods and services (current US$),QA,Qatar,"Middle East, North Africa, Afghanistan & Pakistan",High income,Not classified,51.5082,25.2948
2080,2025,152113432501.957,Exports of goods and services (current US$),RO,Romania,Europe & Central Asia,High income,IBRD,26.0979,44.4479
2081,2024,136204440675.017,Exports of goods and services (current US$),RO,Romania,Europe & Central Asia,High income,IBRD,26.0979,44.4479
2082,2023,136476225870.625,Exports of goods and services (current US$),RO,Romania,Europe & Central Asia,High income,IBRD,26.0979,44.4479
2083,2022,128501972912.445,Exports of goods and services (current US$),RO,Romania,Europe & Central Asia,High income,IBRD,26.0979,44.4479
2084,2021,116008484761.081,Exports of goods and services (current US$),RO,Romania,Europe & Central Asia,High income,IBRD,26.0979,44.4479
2085,2020,92658765315.7399,Exports of goods and services (current US$),RO,Romania,Europe & Central Asia,High income,IBRD,26.0979,44.4479
2086,2019,100870449571.429,Exports of goods and services (current US$),RO,Romania,Europe & Central Asia,High income,IBRD,26.0979,44.4479
2087,2018,101030592267.082,Exports of goods and services (current US$),RO,Romania,Europe & Central Asia,High income,IBRD,26.0979,44.4479
2088,2017,88964370565.0745,Exports of goods and services (current US$),RO,Romania,Europe & Central Asia,High income,IBRD,26.0979,44.4479
2089,2016,78593549490.1314,Exports of goods and services (current US$),RO,Romania,Europe & Central Asia,High income,IBRD,26.0979,44.4479
2090,2025,466237273304.333,Exports of goods and services (current US$),RU,Russian Federation,Europe & Central Asia,High income,IBRD,37.6176,55.7558
2091,2024,477881194057.271,Exports of goods and services (current US$),RU,Russian Federation,Europe & Central Asia,High income,IBRD,37.6176,55.7558
2092,2023,465937815839.194,Exports of goods and services (current US$),RU,Russian Federation,Europe & Central Asia,High income,IBRD,37.6176,55.7558
2093,2022,635241831700.755,Exports of goods and services (current US$),RU,Russian Federation,Europe & Central Asia,High income,IBRD,37.6176,55.7558
2094,2021,548800273711.107,Exports of goods and services (current US$),RU,Russian Federation,Europe & Central Asia,High income,IBRD,37.6176,55.7558
2095,2020,381065599584.428,Exports of goods and services (current US$),RU,Russian Federation,Europe & Central Asia,High income,IBRD,37.6176,55.7558
2096,2019,481410680627.341,Exports of goods and services (current US$),RU,Russian Federation,Europe & Central Asia,High income,IBRD,37.6176,55.7558
2097,2018,510345505266.608,Exports of goods and services (current US$),RU,Russian Federation,Europe & Central Asia,High income,IBRD,37.6176,55.7558
2098,2017,410722481424.915,Exports of goods and services (current US$),RU,Russian Federation,Europe & Central Asia,High income,IBRD,37.6176,55.7558
2099,2016,330106509740.16,Exports of goods and services (current US$),RU,Russian Federation,Europe & Central Asia,High income,IBRD,37.6176,55.7558
2100,2025,3528969299.26467,Exports of goods and services (current US$),RW,Rwanda,Sub-Saharan Africa ,Low income,IDA,30.0587,-1.95325
2101,2024,4294750318.23475,Exports of goods and services (current US$),RW,Rwanda,Sub-Saharan Africa ,Low income,IDA,30.0587,-1.95325
2102,2023,3509230572.15337,Exports of goods and services (current US$),RW,Rwanda,Sub-Saharan Africa ,Low income,IDA,30.0587,-1.95325
2103,2022,2996830050.57806,Exports of goods and services (current US$),RW,Rwanda,Sub-Saharan Africa ,Low income,IDA,30.0587,-1.95325
2104,2021,2170210079.50491,Exports of goods and services (current US$),RW,Rwanda,Sub-Saharan Africa ,Low income,IDA,30.0587,-1.95325
2105,2020,1957774331.56167,Exports of goods and services (current US$),RW,Rwanda,Sub-Saharan Africa ,Low income,IDA,30.0587,-1.95325
2106,2019,2317442503.27655,Exports of goods and services (current US$),RW,Rwanda,Sub-Saharan Africa ,Low income,IDA,30.0587,-1.95325
2107,2018,2087871422.24704,Exports of goods and services (current US$),RW,Rwanda,Sub-Saharan Africa ,Low income,IDA,30.0587,-1.95325
2108,2017,1900056224.82831,Exports of goods and services (current US$),RW,Rwanda,Sub-Saharan Africa ,Low income,IDA,30.0587,-1.95325
2109,2016,1342645864.07494,Exports of goods and services (current US$),RW,Rwanda,Sub-Saharan Africa ,Low income,IDA,30.0587,-1.95325
2110,2025,355715052.484773,Exports of goods and services (current US$),WS,Samoa,East Asia & Pacific,Upper middle income,IDA,-171.752,-13.8314
2111,2024,360459844.101333,Exports of goods and services (current US$),WS,Samoa,East Asia & Pacific,Upper middle income,IDA,-171.752,-13.8314
2112,2023,273855941.297155,Exports of goods and services (current US$),WS,Samoa,East Asia & Pacific,Upper middle income,IDA,-171.752,-13.8314
2113,2022,102172245.946326,Exports of goods and services (current US$),WS,Samoa,East Asia & Pacific,Upper middle income,IDA,-171.752,-13.8314
2114,2021,98618300.6408823,Exports of goods and services (current US$),WS,Samoa,East Asia & Pacific,Upper middle income,IDA,-171.752,-13.8314
2115,2020,253683215.960745,Exports of goods and services (current US$),WS,Samoa,East Asia & Pacific,Upper middle income,IDA,-171.752,-13.8314
2116,2019,319836950.812897,Exports of goods and services (current US$),WS,Samoa,East Asia & Pacific,Upper middle income,IDA,-171.752,-13.8314
2117,2018,280801999.406942,Exports of goods and services (current US$),WS,Samoa,East Asia & Pacific,Upper middle income,IDA,-171.752,-13.8314
2118,2017,262464978.81376,Exports of goods and services (current US$),WS,Samoa,East Asia & Pacific,Upper middle income,IDA,-171.752,-13.8314
2119,2016,242864849.457573,Exports of goods and services (current US$),WS,Samoa,East Asia & Pacific,Upper middle income,IDA,-171.752,-13.8314
2120,2025,,Exports of goods and services (current US$),SM,San Marino,Europe & Central Asia,High income,Not classified,12.4486,43.9322
2121,2024,,Exports of goods and services (current US$),SM,San Marino,Europe & Central Asia,High income,Not classified,12.4486,43.9322
2122,2023,3770526323.2536,Exports of goods and services (current US$),SM,San Marino,Europe & Central Asia,High income,Not classified,12.4486,43.9322
2123,2022,3616004115.92959,Exports of goods and services (current US$),SM,San Marino,Europe & Central Asia,High income,Not classified,12.4486,43.9322
2124,2021,3419759247.28987,Exports of goods and services (current US$),SM,San Marino,Europe & Central Asia,High income,Not classified,12.4486,43.9322
2125,2020,2540725125.08499,Exports of goods and services (current US$),SM,San Marino,Europe & Central Asia,High income,Not classified,12.4486,43.9322
2126,2019,2650575318.9647,Exports of goods and services (current US$),SM,San Marino,Europe & Central Asia,High income,Not classified,12.4486,43.9322
2127,2018,2757778906.55733,Exports of goods and services (current US$),SM,San Marino,Europe & Central Asia,High income,Not classified,12.4486,43.9322
2128,2017,2579986656.95718,Exports of goods and services (current US$),SM,San Marino,Europe & Central Asia,High income,Not classified,12.4486,43.9322
2129,2016,2541233368.90378,Exports of goods and services (current US$),SM,San Marino,Europe & Central Asia,High income,Not classified,12.4486,43.9322
2130,2025,130155394.190871,Exports of goods and services (current US$),ST,Sao Tome and Principe,Sub-Saharan Africa ,Lower middle income,IDA,6.6071,0.20618
2131,2024,128387058.08696,Exports of goods and services (current US$),ST,Sao Tome and Principe,Sub-Saharan Africa ,Lower middle income,IDA,6.6071,0.20618
2132,2023,98347301.701195,Exports of goods and services (current US$),ST,Sao Tome and Principe,Sub-Saharan Africa ,Lower middle income,IDA,6.6071,0.20618
2133,2022,106389640.502336,Exports of goods and services (current US$),ST,Sao Tome and Principe,Sub-Saharan Africa ,Lower middle income,IDA,6.6071,0.20618
2134,2021,79196680.7963758,Exports of goods and services (current US$),ST,Sao Tome and Principe,Sub-Saharan Africa ,Lower middle income,IDA,6.6071,0.20618
2135,2020,49997678.64339,Exports of goods and services (current US$),ST,Sao Tome and Principe,Sub-Saharan Africa ,Lower middle income,IDA,6.6071,0.20618
2136,2019,69047794.8473085,Exports of goods and services (current US$),ST,Sao Tome and Principe,Sub-Saharan Africa ,Lower middle income,IDA,6.6071,0.20618
2137,2018,80710285.9849044,Exports of goods and services (current US$),ST,Sao Tome and Principe,Sub-Saharan Africa ,Lower middle income,IDA,6.6071,0.20618
2138,2017,87280843.7576649,Exports of goods and services (current US$),ST,Sao Tome and Principe,Sub-Saharan Africa ,Lower middle income,IDA,6.6071,0.20618
2139,2016,93304990.6561444,Exports of goods and services (current US$),ST,Sao Tome and Principe,Sub-Saharan Africa ,Lower middle income,IDA,6.6071,0.20618
2140,2025,379825066666.667,Exports of goods and services (current US$),SA,Saudi Arabia,"Middle East, North Africa, Afghanistan & Pakistan",High income,Not classified,46.6977,24.6748
2141,2024,368566933333.333,Exports of goods and services (current US$),SA,Saudi Arabia,"Middle East, North Africa, Afghanistan & Pakistan",High income,Not classified,46.6977,24.6748
2142,2023,374787466666.667,Exports of goods and services (current US$),SA,Saudi Arabia,"Middle East, North Africa, Afghanistan & Pakistan",High income,Not classified,46.6977,24.6748
2143,2022,445881333333.333,Exports of goods and services (current US$),SA,Saudi Arabia,"Middle East, North Africa, Afghanistan & Pakistan",High income,Not classified,46.6977,24.6748
2144,2021,286501333333.333,Exports of goods and services (current US$),SA,Saudi Arabia,"Middle East, North Africa, Afghanistan & Pakistan",High income,Not classified,46.6977,24.6748
2145,2020,182847733333.333,Exports of goods and services (current US$),SA,Saudi Arabia,"Middle East, North Africa, Afghanistan & Pakistan",High income,Not classified,46.6977,24.6748
2146,2019,285860000000.0,Exports of goods and services (current US$),SA,Saudi Arabia,"Middle East, North Africa, Afghanistan & Pakistan",High income,Not classified,46.6977,24.6748
2147,2018,314916533333.333,Exports of goods and services (current US$),SA,Saudi Arabia,"Middle East, North Africa, Afghanistan & Pakistan",High income,Not classified,46.6977,24.6748
2148,2017,239892533333.333,Exports of goods and services (current US$),SA,Saudi Arabia,"Middle East, North Africa, Afghanistan & Pakistan",High income,Not classified,46.6977,24.6748
2149,2016,200877333333.333,Exports of goods and services (current US$),SA,Saudi Arabia,"Middle East, North Africa, Afghanistan & Pakistan",High income,Not classified,46.6977,24.6748
2150,2025,12022634773.9314,Exports of goods and services (current US$),SN,Senegal,Sub-Saharan Africa ,Lower middle income,IDA,-17.4734,14.7247
2151,2024,8197606373.40137,Exports of goods and services (current US$),SN,Senegal,Sub-Saharan Africa ,Lower middle income,IDA,-17.4734,14.7247
2152,2023,7092836396.8035,Exports of goods and services (current US$),SN,Senegal,Sub-Saharan Africa ,Lower middle income,IDA,-17.4734,14.7247
2153,2022,7417917497.04587,Exports of goods and services (current US$),SN,Senegal,Sub-Saharan Africa ,Lower middle income,IDA,-17.4734,14.7247
2154,2021,6781011708.68501,Exports of goods and services (current US$),SN,Senegal,Sub-Saharan Africa ,Lower middle income,IDA,-17.4734,14.7247
2155,2020,5077951817.12245,Exports of goods and services (current US$),SN,Senegal,Sub-Saharan Africa ,Lower middle income,IDA,-17.4734,14.7247
2156,2019,5847051726.26615,Exports of goods and services (current US$),SN,Senegal,Sub-Saharan Africa ,Lower middle income,IDA,-17.4734,14.7247
2157,2018,5305072986.89084,Exports of goods and services (current US$),SN,Senegal,Sub-Saharan Africa ,Lower middle income,IDA,-17.4734,14.7247
2158,2017,4604563711.6937,Exports of goods and services (current US$),SN,Senegal,Sub-Saharan Africa ,Lower middle income,IDA,-17.4734,14.7247
2159,2016,4105254723.24457,Exports of goods and services (current US$),SN,Senegal,Sub-Saharan Africa ,Lower middle income,IDA,-17.4734,14.7247
2160,2025,54287734484.3107,Exports of goods and services (current US$),RS,Serbia,Europe & Central Asia,Upper middle income,IBRD,20.4656,44.8024
2161,2024,48272740041.0961,Exports of goods and services (current US$),RS,Serbia,Europe & Central Asia,Upper middle income,IBRD,20.4656,44.8024
2162,2023,44799890209.3686,Exports of goods and services (current US$),RS,Serbia,Europe & Central Asia,Upper middle income,IBRD,20.4656,44.8024
2163,2022,40579106356.8943,Exports of goods and services (current US$),RS,Serbia,Europe & Central Asia,Upper middle income,IBRD,20.4656,44.8024
2164,2021,34628348308.2237,Exports of goods and services (current US$),RS,Serbia,Europe & Central Asia,Upper middle income,IBRD,20.4656,44.8024
2165,2020,25760764788.3125,Exports of goods and services (current US$),RS,Serbia,Europe & Central Asia,Upper middle income,IBRD,20.4656,44.8024
2166,2019,26372690325.2173,Exports of goods and services (current US$),RS,Serbia,Europe & Central Asia,Upper middle income,IBRD,20.4656,44.8024
2167,2018,25691797086.2512,Exports of goods and services (current US$),RS,Serbia,Europe & Central Asia,Upper middle income,IBRD,20.4656,44.8024
2168,2017,22127853999.9267,Exports of goods and services (current US$),RS,Serbia,Europe & Central Asia,Upper middle income,IBRD,20.4656,44.8024
2169,2016,19615292710.9932,Exports of goods and services (current US$),RS,Serbia,Europe & Central Asia,Upper middle income,IBRD,20.4656,44.8024
2170,2025,1900518394.81236,Exports of goods and services (current US$),SC,Seychelles,Sub-Saharan Africa ,High income,IBRD,55.4466,-4.6309
2171,2024,1795765732.97178,Exports of goods and services (current US$),SC,Seychelles,Sub-Saharan Africa ,High income,IBRD,55.4466,-4.6309
2172,2023,1856806847.94121,Exports of goods and services (current US$),SC,Seychelles,Sub-Saharan Africa ,High income,IBRD,55.4466,-4.6309
2173,2022,1818966306.17899,Exports of goods and services (current US$),SC,Seychelles,Sub-Saharan Africa ,High income,IBRD,55.4466,-4.6309
2174,2021,1193663263.24547,Exports of goods and services (current US$),SC,Seychelles,Sub-Saharan Africa ,High income,IBRD,55.4466,-4.6309
2175,2020,920042421.547639,Exports of goods and services (current US$),SC,Seychelles,Sub-Saharan Africa ,High income,IBRD,55.4466,-4.6309
2176,2019,1538983435.76862,Exports of goods and services (current US$),SC,Seychelles,Sub-Saharan Africa ,High income,IBRD,55.4466,-4.6309
2177,2018,1553145430.37773,Exports of goods and services (current US$),SC,Seychelles,Sub-Saharan Africa ,High income,IBRD,55.4466,-4.6309
2178,2017,1573333403.18565,Exports of goods and services (current US$),SC,Seychelles,Sub-Saharan Africa ,High income,IBRD,55.4466,-4.6309
2179,2016,1338730180.08626,Exports of goods and services (current US$),SC,Seychelles,Sub-Saharan Africa ,High income,IBRD,55.4466,-4.6309
2180,2025,1559342046.4639,Exports of goods and services (current US$),SL,Sierra Leone,Sub-Saharan Africa ,Low income,IDA,-13.2134,8.4821
2181,2024,1203610315.47802,Exports of goods and services (current US$),SL,Sierra Leone,Sub-Saharan Africa ,Low income,IDA,-13.2134,8.4821
2182,2023,1344997466.54228,Exports of goods and services (current US$),SL,Sierra Leone,Sub-Saharan Africa ,Low income,IDA,-13.2134,8.4821
2183,2022,1194958865.00589,Exports of goods and services (current US$),SL,Sierra Leone,Sub-Saharan Africa ,Low income,IDA,-13.2134,8.4821
2184,2021,1114288670.11354,Exports of goods and services (current US$),SL,Sierra Leone,Sub-Saharan Africa ,Low income,IDA,-13.2134,8.4821
2185,2020,661505014.228488,Exports of goods and services (current US$),SL,Sierra Leone,Sub-Saharan Africa ,Low income,IDA,-13.2134,8.4821
2186,2019,632404798.949993,Exports of goods and services (current US$),SL,Sierra Leone,Sub-Saharan Africa ,Low income,IDA,-13.2134,8.4821
2187,2018,718218823.061887,Exports of goods and services (current US$),SL,Sierra Leone,Sub-Saharan Africa ,Low income,IDA,-13.2134,8.4821
2188,2017,796390825.997179,Exports of goods and services (current US$),SL,Sierra Leone,Sub-Saharan Africa ,Low income,IDA,-13.2134,8.4821
2189,2016,858631195.210129,Exports of goods and services (current US$),SL,Sierra Leone,Sub-Saharan Africa ,Low income,IDA,-13.2134,8.4821
2190,2025,1073990898313.51,Exports of goods and services (current US$),SG,Singapore,East Asia & Pacific,High income,Not classified,103.85,1.28941
2191,2024,1000563674149.64,Exports of goods and services (current US$),SG,Singapore,East Asia & Pacific,High income,Not classified,103.85,1.28941
2192,2023,922325317795.269,Exports of goods and services (current US$),SG,Singapore,East Asia & Pacific,High income,Not classified,103.85,1.28941
2193,2022,951421989501.453,Exports of goods and services (current US$),SG,Singapore,East Asia & Pacific,High income,Not classified,103.85,1.28941
2194,2021,799113423839.379,Exports of goods and services (current US$),SG,Singapore,East Asia & Pacific,High income,Not classified,103.85,1.28941
2195,2020,636352158591.969,Exports of goods and services (current US$),SG,Singapore,East Asia & Pacific,High income,Not classified,103.85,1.28941
2196,2019,666302583718.308,Exports of goods and services (current US$),SG,Singapore,East Asia & Pacific,High income,Not classified,103.85,1.28941
2197,2018,671713291845.894,Exports of goods and services (current US$),SG,Singapore,East Asia & Pacific,High income,Not classified,103.85,1.28941
2198,2017,589508336803.23,Exports of goods and services (current US$),SG,Singapore,East Asia & Pacific,High income,Not classified,103.85,1.28941
2199,2016,525391771247.573,Exports of goods and services (current US$),SG,Singapore,East Asia & Pacific,High income,Not classified,103.85,1.28941
2200,2025,,Exports of goods and services (current US$),SX,Sint Maarten (Dutch part),Latin America & Caribbean ,High income,Not classified,,
2201,2024,,Exports of goods and services (current US$),SX,Sint Maarten (Dutch part),Latin America & Caribbean ,High income,Not classified,,
2202,2023,,Exports of goods and services (current US$),SX,Sint Maarten (Dutch part),Latin America & Caribbean ,High income,Not classified,,
2203,2022,,Exports of goods and services (current US$),SX,Sint Maarten (Dutch part),Latin America & Caribbean ,High income,Not classified,,
2204,2021,,Exports of goods and services (current US$),SX,Sint Maarten (Dutch part),Latin America & Caribbean ,High income,Not classified,,
2205,2020,,Exports of goods and services (current US$),SX,Sint Maarten (Dutch part),Latin America & Caribbean ,High income,Not classified,,
2206,2019,,Exports of goods and services (current US$),SX,Sint Maarten (Dutch part),Latin America & Caribbean ,High income,Not classified,,
2207,2018,,Exports of goods and services (current US$),SX,Sint Maarten (Dutch part),Latin America & Caribbean ,High income,Not classified,,
2208,2017,,Exports of goods and services (current US$),SX,Sint Maarten (Dutch part),Latin America & Caribbean ,High income,Not classified,,
2209,2016,,Exports of goods and services (current US$),SX,Sint Maarten (Dutch part),Latin America & Caribbean ,High income,Not classified,,
2210,2025,131496787422.657,Exports of goods and services (current US$),SK,Slovak Republic,Europe & Central Asia,High income,Not classified,17.1073,48.1484
2211,2024,120475379841.381,Exports of goods and services (current US$),SK,Slovak Republic,Europe & Central Asia,High income,Not classified,17.1073,48.1484
2212,2023,122215736734.818,Exports of goods and services (current US$),SK,Slovak Republic,Europe & Central Asia,High income,Not classified,17.1073,48.1484
2213,2022,114713195239.543,Exports of goods and services (current US$),SK,Slovak Republic,Europe & Central Asia,High income,Not classified,17.1073,48.1484
2214,2021,109378268572.459,Exports of goods and services (current US$),SK,Slovak Republic,Europe & Central Asia,High income,Not classified,17.1073,48.1484
2215,2020,90816799595.6874,Exports of goods and services (current US$),SK,Slovak Republic,Europe & Central Asia,High income,Not classified,17.1073,48.1484
2216,2019,97210994149.8744,Exports of goods and services (current US$),SK,Slovak Republic,Europe & Central Asia,High income,Not classified,17.1073,48.1484
2217,2018,101203084757.884,Exports of goods and services (current US$),SK,Slovak Republic,Europe & Central Asia,High income,Not classified,17.1073,48.1484
2218,2017,90173773495.8931,Exports of goods and services (current US$),SK,Slovak Republic,Europe & Central Asia,High income,Not classified,17.1073,48.1484
2219,2016,83400999772.7594,Exports of goods and services (current US$),SK,Slovak Republic,Europe & Central Asia,High income,Not classified,17.1073,48.1484
2220,2025,62634926878.6125,Exports of goods and services (current US$),SI,Slovenia,Europe & Central Asia,High income,Not classified,14.5044,46.0546
2221,2024,59047049757.4562,Exports of goods and services (current US$),SI,Slovenia,Europe & Central Asia,High income,Not classified,14.5044,46.0546
2222,2023,57785396948.603,Exports of goods and services (current US$),SI,Slovenia,Europe & Central Asia,High income,Not classified,14.5044,46.0546
2223,2022,56494607281.7259,Exports of goods and services (current US$),SI,Slovenia,Europe & Central Asia,High income,Not classified,14.5044,46.0546
2224,2021,51509624959.8519,Exports of goods and services (current US$),SI,Slovenia,Europe & Central Asia,High income,Not classified,14.5044,46.0546
2225,2020,41785212679.0367,Exports of goods and services (current US$),SI,Slovenia,Europe & Central Asia,High income,Not classified,14.5044,46.0546
2226,2019,45476824978.3842,Exports of goods and services (current US$),SI,Slovenia,Europe & Central Asia,High income,Not classified,14.5044,46.0546
2227,2018,45941003425.2251,Exports of goods and services (current US$),SI,Slovenia,Europe & Central Asia,High income,Not classified,14.5044,46.0546
2228,2017,40391857784.4177,Exports of goods and services (current US$),SI,Slovenia,Europe & Central Asia,High income,Not classified,14.5044,46.0546
2229,2016,34740102172.0518,Exports of goods and services (current US$),SI,Slovenia,Europe & Central Asia,High income,Not classified,14.5044,46.0546
2230,2025,,Exports of goods and services (current US$),SB,Solomon Islands,East Asia & Pacific,Lower middle income,IDA,159.949,-9.42676
2231,2024,642590820.212243,Exports of goods and services (current US$),SB,Solomon Islands,East Asia & Pacific,Lower middle income,IDA,159.949,-9.42676
2232,2023,546110325.031159,Exports of goods and services (current US$),SB,Solomon Islands,East Asia & Pacific,Lower middle income,IDA,159.949,-9.42676
2233,2022,412603523.327549,Exports of goods and services (current US$),SB,Solomon Islands,East Asia & Pacific,Lower middle income,IDA,159.949,-9.42676
2234,2021,413817855.138346,Exports of goods and services (current US$),SB,Solomon Islands,East Asia & Pacific,Lower middle income,IDA,159.949,-9.42676
2235,2020,429176031.937028,Exports of goods and services (current US$),SB,Solomon Islands,East Asia & Pacific,Lower middle income,IDA,159.949,-9.42676
2236,2019,590941418.619108,Exports of goods and services (current US$),SB,Solomon Islands,East Asia & Pacific,Lower middle income,IDA,159.949,-9.42676
2237,2018,680540282.590203,Exports of goods and services (current US$),SB,Solomon Islands,East Asia & Pacific,Lower middle income,IDA,159.949,-9.42676
2238,2017,568502381.649697,Exports of goods and services (current US$),SB,Solomon Islands,East Asia & Pacific,Lower middle income,IDA,159.949,-9.42676
2239,2016,548051855.569464,Exports of goods and services (current US$),SB,Solomon Islands,East Asia & Pacific,Lower middle income,IDA,159.949,-9.42676
2240,2025,3800899999.86713,Exports of goods and services (current US$),SO,"Somalia, Fed. Rep.",Sub-Saharan Africa ,Low income,IDA,45.3254,2.07515
2241,2024,3735000000.0,Exports of goods and services (current US$),SO,"Somalia, Fed. Rep.",Sub-Saharan Africa ,Low income,IDA,45.3254,2.07515
2242,2023,2404000000.0,Exports of goods and services (current US$),SO,"Somalia, Fed. Rep.",Sub-Saharan Africa ,Low income,IDA,45.3254,2.07515
2243,2022,1804000000.0,Exports of goods and services (current US$),SO,"Somalia, Fed. Rep.",Sub-Saharan Africa ,Low income,IDA,45.3254,2.07515
2244,2021,1532000000.0,Exports of goods and services (current US$),SO,"Somalia, Fed. Rep.",Sub-Saharan Africa ,Low income,IDA,45.3254,2.07515
2245,2020,1178000000.0,Exports of goods and services (current US$),SO,"Somalia, Fed. Rep.",Sub-Saharan Africa ,Low income,IDA,45.3254,2.07515
2246,2019,1131000000.0,Exports of goods and services (current US$),SO,"Somalia, Fed. Rep.",Sub-Saharan Africa ,Low income,IDA,45.3254,2.07515
2247,2018,1119000000.0,Exports of goods and services (current US$),SO,"Somalia, Fed. Rep.",Sub-Saharan Africa ,Low income,IDA,45.3254,2.07515
2248,2017,994339299.998874,Exports of goods and services (current US$),SO,"Somalia, Fed. Rep.",Sub-Saharan Africa ,Low income,IDA,45.3254,2.07515
2249,2016,1067190800.00052,Exports of goods and services (current US$),SO,"Somalia, Fed. Rep.",Sub-Saharan Africa ,Low income,IDA,45.3254,2.07515
2250,2025,134179428667.706,Exports of goods and services (current US$),ZA,South Africa,Sub-Saharan Africa ,Upper middle income,IBRD,28.1871,-25.746
2251,2024,127531645077.343,Exports of goods and services (current US$),ZA,South Africa,Sub-Saharan Africa ,Upper middle income,IBRD,28.1871,-25.746
2252,2023,126843584296.229,Exports of goods and services (current US$),ZA,South Africa,Sub-Saharan Africa ,Upper middle income,IBRD,28.1871,-25.746
2253,2022,136705431596.872,Exports of goods and services (current US$),ZA,South Africa,Sub-Saharan Africa ,Upper middle income,IBRD,28.1871,-25.746
2254,2021,131000485997.462,Exports of goods and services (current US$),ZA,South Africa,Sub-Saharan Africa ,Upper middle income,IBRD,28.1871,-25.746
2255,2020,93199600859.2205,Exports of goods and services (current US$),ZA,South Africa,Sub-Saharan Africa ,Upper middle income,IBRD,28.1871,-25.746
2256,2019,105906059178.622,Exports of goods and services (current US$),ZA,South Africa,Sub-Saharan Africa ,Upper middle income,IBRD,28.1871,-25.746
2257,2018,111434691806.498,Exports of goods and services (current US$),ZA,South Africa,Sub-Saharan Africa ,Upper middle income,IBRD,28.1871,-25.746
2258,2017,104288394992.827,Exports of goods and services (current US$),ZA,South Africa,Sub-Saharan Africa ,Upper middle income,IBRD,28.1871,-25.746
2259,2016,91109021408.9525,Exports of goods and services (current US$),ZA,South Africa,Sub-Saharan Africa ,Upper middle income,IBRD,28.1871,-25.746
2260,2025,,Exports of goods and services (current US$),SS,South Sudan,Sub-Saharan Africa ,Low income,IDA,31.6,4.85
2261,2024,,Exports of goods and services (current US$),SS,South Sudan,Sub-Saharan Africa ,Low income,IDA,31.6,4.85
2262,2023,,Exports of goods and services (current US$),SS,South Sudan,Sub-Saharan Africa ,Low income,IDA,31.6,4.85
2263,2022,,Exports of goods and services (current US$),SS,South Sudan,Sub-Saharan Africa ,Low income,IDA,31.6,4.85
2264,2021,,Exports of goods and services (current US$),SS,South Sudan,Sub-Saharan Africa ,Low income,IDA,31.6,4.85
2265,2020,,Exports of goods and services (current US$),SS,South Sudan,Sub-Saharan Africa ,Low income,IDA,31.6,4.85
2266,2019,,Exports of goods and services (current US$),SS,South Sudan,Sub-Saharan Africa ,Low income,IDA,31.6,4.85
2267,2018,,Exports of goods and services (current US$),SS,South Sudan,Sub-Saharan Africa ,Low income,IDA,31.6,4.85
2268,2017,,Exports of goods and services (current US$),SS,South Sudan,Sub-Saharan Africa ,Low income,IDA,31.6,4.85
2269,2016,,Exports of goods and services (current US$),SS,South Sudan,Sub-Saharan Africa ,Low income,IDA,31.6,4.85
2270,2025,698476476631.372,Exports of goods and services (current US$),ES,Spain,Europe & Central Asia,High income,Not classified,-3.70327,40.4167
2271,2024,639462804274.219,Exports of goods and services (current US$),ES,Spain,Europe & Central Asia,High income,Not classified,-3.70327,40.4167
2272,2023,612433794394.128,Exports of goods and services (current US$),ES,Spain,Europe & Central Asia,High income,Not classified,-3.70327,40.4167
2273,2022,574783432054.477,Exports of goods and services (current US$),ES,Spain,Europe & Central Asia,High income,Not classified,-3.70327,40.4167
2274,2021,493273673720.922,Exports of goods and services (current US$),ES,Spain,Europe & Central Asia,High income,Not classified,-3.70327,40.4167
2275,2020,393139331915.954,Exports of goods and services (current US$),ES,Spain,Europe & Central Asia,High income,Not classified,-3.70327,40.4167
2276,2019,486670273121.568,Exports of goods and services (current US$),ES,Spain,Europe & Central Asia,High income,Not classified,-3.70327,40.4167
2277,2018,499282766700.392,Exports of goods and services (current US$),ES,Spain,Europe & Central Asia,High income,Not classified,-3.70327,40.4167
2278,2017,461297400643.53,Exports of goods and services (current US$),ES,Spain,Europe & Central Asia,High income,Not classified,-3.70327,40.4167
2279,2016,417367780824.515,Exports of goods and services (current US$),ES,Spain,Europe & Central Asia,High income,Not classified,-3.70327,40.4167
2280,2025,20641294805.6633,Exports of goods and services (current US$),LK,Sri Lanka,South Asia,Upper middle income,IDA,79.8528,6.92148
2281,2024,19680136442.1892,Exports of goods and services (current US$),LK,Sri Lanka,South Asia,Upper middle income,IDA,79.8528,6.92148
2282,2023,17320146764.9548,Exports of goods and services (current US$),LK,Sri Lanka,South Asia,Upper middle income,IDA,79.8528,6.92148
2283,2022,15984910773.0554,Exports of goods and services (current US$),LK,Sri Lanka,South Asia,Upper middle income,IDA,79.8528,6.92148
2284,2021,14985052392.6152,Exports of goods and services (current US$),LK,Sri Lanka,South Asia,Upper middle income,IDA,79.8528,6.92148
2285,2020,13036289408.4338,Exports of goods and services (current US$),LK,Sri Lanka,South Asia,Upper middle income,IDA,79.8528,6.92148
2286,2019,19422660165.2782,Exports of goods and services (current US$),LK,Sri Lanka,South Asia,Upper middle income,IDA,79.8528,6.92148
2287,2018,20255985244.1513,Exports of goods and services (current US$),LK,Sri Lanka,South Asia,Upper middle income,IDA,79.8528,6.92148
2288,2017,19085446205.5468,Exports of goods and services (current US$),LK,Sri Lanka,South Asia,Upper middle income,IDA,79.8528,6.92148
2289,2016,17445193522.1031,Exports of goods and services (current US$),LK,Sri Lanka,South Asia,Upper middle income,IDA,79.8528,6.92148
2290,2025,,Exports of goods and services (current US$),KN,St. Kitts and Nevis,Latin America & Caribbean ,High income,IBRD,-62.7309,17.3
2291,2024,,Exports of goods and services (current US$),KN,St. Kitts and Nevis,Latin America & Caribbean ,High income,IBRD,-62.7309,17.3
2292,2023,,Exports of goods and services (current US$),KN,St. Kitts and Nevis,Latin America & Caribbean ,High income,IBRD,-62.7309,17.3
2293,2022,,Exports of goods and services (current US$),KN,St. Kitts and Nevis,Latin America & Caribbean ,High income,IBRD,-62.7309,17.3
2294,2021,,Exports of goods and services (current US$),KN,St. Kitts and Nevis,Latin America & Caribbean ,High income,IBRD,-62.7309,17.3
2295,2020,,Exports of goods and services (current US$),KN,St. Kitts and Nevis,Latin America & Caribbean ,High income,IBRD,-62.7309,17.3
2296,2019,,Exports of goods and services (current US$),KN,St. Kitts and Nevis,Latin America & Caribbean ,High income,IBRD,-62.7309,17.3
2297,2018,,Exports of goods and services (current US$),KN,St. Kitts and Nevis,Latin America & Caribbean ,High income,IBRD,-62.7309,17.3
2298,2017,,Exports of goods and services (current US$),KN,St. Kitts and Nevis,Latin America & Caribbean ,High income,IBRD,-62.7309,17.3
2299,2016,,Exports of goods and services (current US$),KN,St. Kitts and Nevis,Latin America & Caribbean ,High income,IBRD,-62.7309,17.3
2300,2025,,Exports of goods and services (current US$),LC,St. Lucia,Latin America & Caribbean ,Upper middle income,Blend,-60.9832,14
2301,2024,,Exports of goods and services (current US$),LC,St. Lucia,Latin America & Caribbean ,Upper middle income,Blend,-60.9832,14
2302,2023,,Exports of goods and services (current US$),LC,St. Lucia,Latin America & Caribbean ,Upper middle income,Blend,-60.9832,14
2303,2022,,Exports of goods and services (current US$),LC,St. Lucia,Latin America & Caribbean ,Upper middle income,Blend,-60.9832,14
2304,2021,,Exports of goods and services (current US$),LC,St. Lucia,Latin America & Caribbean ,Upper middle income,Blend,-60.9832,14
2305,2020,,Exports of goods and services (current US$),LC,St. Lucia,Latin America & Caribbean ,Upper middle income,Blend,-60.9832,14
2306,2019,,Exports of goods and services (current US$),LC,St. Lucia,Latin America & Caribbean ,Upper middle income,Blend,-60.9832,14
2307,2018,,Exports of goods and services (current US$),LC,St. Lucia,Latin America & Caribbean ,Upper middle income,Blend,-60.9832,14
2308,2017,,Exports of goods and services (current US$),LC,St. Lucia,Latin America & Caribbean ,Upper middle income,Blend,-60.9832,14
2309,2016,,Exports of goods and services (current US$),LC,St. Lucia,Latin America & Caribbean ,Upper middle income,Blend,-60.9832,14
2310,2025,,Exports of goods and services (current US$),MF,St. Martin (French part),Latin America & Caribbean ,High income,Not classified,,
2311,2024,,Exports of goods and services (current US$),MF,St. Martin (French part),Latin America & Caribbean ,High income,Not classified,,
2312,2023,,Exports of goods and services (current US$),MF,St. Martin (French part),Latin America & Caribbean ,High income,Not classified,,
2313,2022,,Exports of goods and services (current US$),MF,St. Martin (French part),Latin America & Caribbean ,High income,Not classified,,
2314,2021,,Exports of goods and services (current US$),MF,St. Martin (French part),Latin America & Caribbean ,High income,Not classified,,
2315,2020,,Exports of goods and services (current US$),MF,St. Martin (French part),Latin America & Caribbean ,High income,Not classified,,
2316,2019,,Exports of goods and services (current US$),MF,St. Martin (French part),Latin America & Caribbean ,High income,Not classified,,
2317,2018,,Exports of goods and services (current US$),MF,St. Martin (French part),Latin America & Caribbean ,High income,Not classified,,
2318,2017,,Exports of goods and services (current US$),MF,St. Martin (French part),Latin America & Caribbean ,High income,Not classified,,
2319,2016,,Exports of goods and services (current US$),MF,St. Martin (French part),Latin America & Caribbean ,High income,Not classified,,
2320,2025,,Exports of goods and services (current US$),VC,St. Vincent and the Grenadines,Latin America & Caribbean ,Upper middle income,Blend,-61.2653,13.2035
2321,2024,,Exports of goods and services (current US$),VC,St. Vincent and the Grenadines,Latin America & Caribbean ,Upper middle income,Blend,-61.2653,13.2035
2322,2023,,Exports of goods and services (current US$),VC,St. Vincent and the Grenadines,Latin America & Caribbean ,Upper middle income,Blend,-61.2653,13.2035
2323,2022,,Exports of goods and services (current US$),VC,St. Vincent and the Grenadines,Latin America & Caribbean ,Upper middle income,Blend,-61.2653,13.2035
2324,2021,,Exports of goods and services (current US$),VC,St. Vincent and the Grenadines,Latin America & Caribbean ,Upper middle income,Blend,-61.2653,13.2035
2325,2020,,Exports of goods and services (current US$),VC,St. Vincent and the Grenadines,Latin America & Caribbean ,Upper middle income,Blend,-61.2653,13.2035
2326,2019,,Exports of goods and services (current US$),VC,St. Vincent and the Grenadines,Latin America & Caribbean ,Upper middle income,Blend,-61.2653,13.2035
2327,2018,,Exports of goods and services (current US$),VC,St. Vincent and the Grenadines,Latin America & Caribbean ,Upper middle income,Blend,-61.2653,13.2035
2328,2017,,Exports of goods and services (current US$),VC,St. Vincent and the Grenadines,Latin America & Caribbean ,Upper middle income,Blend,-61.2653,13.2035
2329,2016,,Exports of goods and services (current US$),VC,St. Vincent and the Grenadines,Latin America & Caribbean ,Upper middle income,Blend,-61.2653,13.2035
2330,2025,663619143.86802,Exports of goods and services (current US$),SD,Sudan,Sub-Saharan Africa ,Low income,IDA,32.5363,15.5932
2331,2024,358103583.799949,Exports of goods and services (current US$),SD,Sudan,Sub-Saharan Africa ,Low income,IDA,32.5363,15.5932
2332,2023,442116377.99812,Exports of goods and services (current US$),SD,Sudan,Sub-Saharan Africa ,Low income,IDA,32.5363,15.5932
2333,2022,811770224.745841,Exports of goods and services (current US$),SD,Sudan,Sub-Saharan Africa ,Low income,IDA,32.5363,15.5932
2334,2021,770119708.003068,Exports of goods and services (current US$),SD,Sudan,Sub-Saharan Africa ,Low income,IDA,32.5363,15.5932
2335,2020,1385607465.42553,Exports of goods and services (current US$),SD,Sudan,Sub-Saharan Africa ,Low income,IDA,32.5363,15.5932
2336,2019,2733532469.42149,Exports of goods and services (current US$),SD,Sudan,Sub-Saharan Africa ,Low income,IDA,32.5363,15.5932
2337,2018,2473599508.59951,Exports of goods and services (current US$),SD,Sudan,Sub-Saharan Africa ,Low income,IDA,32.5363,15.5932
2338,2017,2523314285.71429,Exports of goods and services (current US$),SD,Sudan,Sub-Saharan Africa ,Low income,IDA,32.5363,15.5932
2339,2016,2133433333.33333,Exports of goods and services (current US$),SD,Sudan,Sub-Saharan Africa ,Low income,IDA,32.5363,15.5932
2340,2025,,Exports of goods and services (current US$),SR,Suriname,Latin America & Caribbean ,Upper middle income,Blend,-55.1679,5.8232
2341,2024,,Exports of goods and services (current US$),SR,Suriname,Latin America & Caribbean ,Upper middle income,Blend,-55.1679,5.8232
2342,2023,,Exports of goods and services (current US$),SR,Suriname,Latin America & Caribbean ,Upper middle income,Blend,-55.1679,5.8232
2343,2022,,Exports of goods and services (current US$),SR,Suriname,Latin America & Caribbean ,Upper middle income,Blend,-55.1679,5.8232
2344,2021,,Exports of goods and services (current US$),SR,Suriname,Latin America & Caribbean ,Upper middle income,Blend,-55.1679,5.8232
2345,2020,,Exports of goods and services (current US$),SR,Suriname,Latin America & Caribbean ,Upper middle income,Blend,-55.1679,5.8232
2346,2019,,Exports of goods and services (current US$),SR,Suriname,Latin America & Caribbean ,Upper middle income,Blend,-55.1679,5.8232
2347,2018,,Exports of goods and services (current US$),SR,Suriname,Latin America & Caribbean ,Upper middle income,Blend,-55.1679,5.8232
2348,2017,,Exports of goods and services (current US$),SR,Suriname,Latin America & Caribbean ,Upper middle income,Blend,-55.1679,5.8232
2349,2016,,Exports of goods and services (current US$),SR,Suriname,Latin America & Caribbean ,Upper middle income,Blend,-55.1679,5.8232
2350,2025,356098645397.388,Exports of goods and services (current US$),SE,Sweden,Europe & Central Asia,High income,Not classified,18.0645,59.3327
2351,2024,329613629461.716,Exports of goods and services (current US$),SE,Sweden,Europe & Central Asia,High income,Not classified,18.0645,59.3327
2352,2023,319579119037.653,Exports of goods and services (current US$),SE,Sweden,Europe & Central Asia,High income,Not classified,18.0645,59.3327
2353,2022,312333054944.71,Exports of goods and services (current US$),SE,Sweden,Europe & Central Asia,High income,Not classified,18.0645,59.3327
2354,2021,299954758723.977,Exports of goods and services (current US$),SE,Sweden,Europe & Central Asia,High income,Not classified,18.0645,59.3327
2355,2020,241040989303.335,Exports of goods and services (current US$),SE,Sweden,Europe & Central Asia,High income,Not classified,18.0645,59.3327
2356,2019,256361650143.493,Exports of goods and services (current US$),SE,Sweden,Europe & Central Asia,High income,Not classified,18.0645,59.3327
2357,2018,252513588793.121,Exports of goods and services (current US$),SE,Sweden,Europe & Central Asia,High income,Not classified,18.0645,59.3327
2358,2017,235035642663.111,Exports of goods and services (current US$),SE,Sweden,Europe & Central Asia,High income,Not classified,18.0645,59.3327
2359,2016,220294654962.484,Exports of goods and services (current US$),SE,Sweden,Europe & Central Asia,High income,Not classified,18.0645,59.3327
2360,2025,814503715316.446,Exports of goods and services (current US$),CH,Switzerland,Europe & Central Asia,High income,Not classified,7.44821,46.948
2361,2024,690605094606.963,Exports of goods and services (current US$),CH,Switzerland,Europe & Central Asia,High income,Not classified,7.44821,46.948
2362,2023,652863970661.888,Exports of goods and services (current US$),CH,Switzerland,Europe & Central Asia,High income,Not classified,7.44821,46.948
2363,2022,643557905705.975,Exports of goods and services (current US$),CH,Switzerland,Europe & Central Asia,High income,Not classified,7.44821,46.948
2364,2021,588010521468.337,Exports of goods and services (current US$),CH,Switzerland,Europe & Central Asia,High income,Not classified,7.44821,46.948
2365,2020,480636933810.28,Exports of goods and services (current US$),CH,Switzerland,Europe & Central Asia,High income,Not classified,7.44821,46.948
2366,2019,487107111770.773,Exports of goods and services (current US$),CH,Switzerland,Europe & Central Asia,High income,Not classified,7.44821,46.948
2367,2018,494420271334.345,Exports of goods and services (current US$),CH,Switzerland,Europe & Central Asia,High income,Not classified,7.44821,46.948
2368,2017,463868583905.283,Exports of goods and services (current US$),CH,Switzerland,Europe & Central Asia,High income,Not classified,7.44821,46.948
2369,2016,462738867465.797,Exports of goods and services (current US$),CH,Switzerland,Europe & Central Asia,High income,Not classified,7.44821,46.948
2370,2025,,Exports of goods and services (current US$),SY,Syrian Arab Republic,"Middle East, North Africa, Afghanistan & Pakistan",Low income,IDA,36.3119,33.5146
2371,2024,,Exports of goods and services (current US$),SY,Syrian Arab Republic,"Middle East, North Africa, Afghanistan & Pakistan",Low income,IDA,36.3119,33.5146
2372,2023,,Exports of goods and services (current US$),SY,Syrian Arab Republic,"Middle East, North Africa, Afghanistan & Pakistan",Low income,IDA,36.3119,33.5146
2373,2022,1608744496.2291,Exports of goods and services (current US$),SY,Syrian Arab Republic,"Middle East, North Africa, Afghanistan & Pakistan",Low income,IDA,36.3119,33.5146
2374,2021,2226608573.26076,Exports of goods and services (current US$),SY,Syrian Arab Republic,"Middle East, North Africa, Afghanistan & Pakistan",Low income,IDA,36.3119,33.5146
2375,2020,1648856244.09304,Exports of goods and services (current US$),SY,Syrian Arab Republic,"Middle East, North Africa, Afghanistan & Pakistan",Low income,IDA,36.3119,33.5146
2376,2019,2938069171.93043,Exports of goods and services (current US$),SY,Syrian Arab Republic,"Middle East, North Africa, Afghanistan & Pakistan",Low income,IDA,36.3119,33.5146
2377,2018,3206830227.96283,Exports of goods and services (current US$),SY,Syrian Arab Republic,"Middle East, North Africa, Afghanistan & Pakistan",Low income,IDA,36.3119,33.5146
2378,2017,3165874598.14596,Exports of goods and services (current US$),SY,Syrian Arab Republic,"Middle East, North Africa, Afghanistan & Pakistan",Low income,IDA,36.3119,33.5146
2379,2016,2731227397.04245,Exports of goods and services (current US$),SY,Syrian Arab Republic,"Middle East, North Africa, Afghanistan & Pakistan",Low income,IDA,36.3119,33.5146
2380,2025,,Exports of goods and services (current US$),TJ,Tajikistan,Europe & Central Asia,Lower middle income,IDA,68.7864,38.5878
2381,2024,1617437190.56415,Exports of goods and services (current US$),TJ,Tajikistan,Europe & Central Asia,Lower middle income,IDA,68.7864,38.5878
2382,2023,2104997683.1627,Exports of goods and services (current US$),TJ,Tajikistan,Europe & Central Asia,Lower middle income,IDA,68.7864,38.5878
2383,2022,1751996065.65997,Exports of goods and services (current US$),TJ,Tajikistan,Europe & Central Asia,Lower middle income,IDA,68.7864,38.5878
2384,2021,2161333822.62564,Exports of goods and services (current US$),TJ,Tajikistan,Europe & Central Asia,Lower middle income,IDA,68.7864,38.5878
2385,2020,1409153432.56143,Exports of goods and services (current US$),TJ,Tajikistan,Europe & Central Asia,Lower middle income,IDA,68.7864,38.5878
2386,2019,1243456836.44712,Exports of goods and services (current US$),TJ,Tajikistan,Europe & Central Asia,Lower middle income,IDA,68.7864,38.5878
2387,2018,1116255903.44978,Exports of goods and services (current US$),TJ,Tajikistan,Europe & Central Asia,Lower middle income,IDA,68.7864,38.5878
2388,2017,1125074885.30063,Exports of goods and services (current US$),TJ,Tajikistan,Europe & Central Asia,Lower middle income,IDA,68.7864,38.5878
2389,2016,923021947.694359,Exports of goods and services (current US$),TJ,Tajikistan,Europe & Central Asia,Lower middle income,IDA,68.7864,38.5878
2390,2025,17113455948.0633,Exports of goods and services (current US$),TZ,Tanzania,Sub-Saharan Africa ,Lower middle income,IDA,35.7382,-6.17486
2391,2024,15635226302.0557,Exports of goods and services (current US$),TZ,Tanzania,Sub-Saharan Africa ,Lower middle income,IDA,35.7382,-6.17486
2392,2023,13589709118.2193,Exports of goods and services (current US$),TZ,Tanzania,Sub-Saharan Africa ,Lower middle income,IDA,35.7382,-6.17486
2393,2022,11675750363.0616,Exports of goods and services (current US$),TZ,Tanzania,Sub-Saharan Africa ,Lower middle income,IDA,35.7382,-6.17486
2394,2021,9976590469.46969,Exports of goods and services (current US$),TZ,Tanzania,Sub-Saharan Africa ,Lower middle income,IDA,35.7382,-6.17486
2395,2020,8921839002.43059,Exports of goods and services (current US$),TZ,Tanzania,Sub-Saharan Africa ,Lower middle income,IDA,35.7382,-6.17486
2396,2019,9786702081.68473,Exports of goods and services (current US$),TZ,Tanzania,Sub-Saharan Africa ,Lower middle income,IDA,35.7382,-6.17486
2397,2018,8401858982.5961,Exports of goods and services (current US$),TZ,Tanzania,Sub-Saharan Africa ,Lower middle income,IDA,35.7382,-6.17486
2398,2017,8344707045.48532,Exports of goods and services (current US$),TZ,Tanzania,Sub-Saharan Africa ,Lower middle income,IDA,35.7382,-6.17486
2399,2016,8138103520.92867,Exports of goods and services (current US$),TZ,Tanzania,Sub-Saharan Africa ,Lower middle income,IDA,35.7382,-6.17486
2400,2025,410531624594.48,Exports of goods and services (current US$),TH,Thailand,East Asia & Pacific,Upper middle income,IBRD,100.521,13.7308
2401,2024,368836810863.224,Exports of goods and services (current US$),TH,Thailand,East Asia & Pacific,Upper middle income,IBRD,100.521,13.7308
2402,2023,338714010202.059,Exports of goods and services (current US$),TH,Thailand,East Asia & Pacific,Upper middle income,IBRD,100.521,13.7308
2403,2022,323854472232.244,Exports of goods and services (current US$),TH,Thailand,East Asia & Pacific,Upper middle income,IBRD,100.521,13.7308
2404,2021,295639913234.139,Exports of goods and services (current US$),TH,Thailand,East Asia & Pacific,Upper middle income,IBRD,100.521,13.7308
2405,2020,256835239506.721,Exports of goods and services (current US$),TH,Thailand,East Asia & Pacific,Upper middle income,IBRD,100.521,13.7308
2406,2019,323768892197.357,Exports of goods and services (current US$),TH,Thailand,East Asia & Pacific,Upper middle income,IBRD,100.521,13.7308
2407,2018,328569784686.743,Exports of goods and services (current US$),TH,Thailand,East Asia & Pacific,Upper middle income,IBRD,100.521,13.7308
2408,2017,304266013738.262,Exports of goods and services (current US$),TH,Thailand,East Asia & Pacific,Upper middle income,IBRD,100.521,13.7308
2409,2016,277248464807.286,Exports of goods and services (current US$),TH,Thailand,East Asia & Pacific,Upper middle income,IBRD,100.521,13.7308
2410,2025,,Exports of goods and services (current US$),TL,Timor-Leste,East Asia & Pacific,Lower middle income,Blend,125.567,-8.56667
2411,2024,196962600.0,Exports of goods and services (current US$),TL,Timor-Leste,East Asia & Pacific,Lower middle income,Blend,125.567,-8.56667
2412,2023,476747000.0,Exports of goods and services (current US$),TL,Timor-Leste,East Asia & Pacific,Lower middle income,Blend,125.567,-8.56667
2413,2022,1784364500.0,Exports of goods and services (current US$),TL,Timor-Leste,East Asia & Pacific,Lower middle income,Blend,125.567,-8.56667
2414,2021,2302354000.0,Exports of goods and services (current US$),TL,Timor-Leste,East Asia & Pacific,Lower middle income,Blend,125.567,-8.56667
2415,2020,792950600.0,Exports of goods and services (current US$),TL,Timor-Leste,East Asia & Pacific,Lower middle income,Blend,125.567,-8.56667
2416,2019,431191700.0,Exports of goods and services (current US$),TL,Timor-Leste,East Asia & Pacific,Lower middle income,Blend,125.567,-8.56667
2417,2018,45614300.0,Exports of goods and services (current US$),TL,Timor-Leste,East Asia & Pacific,Lower middle income,Blend,125.567,-8.56667
2418,2017,38179900.0,Exports of goods and services (current US$),TL,Timor-Leste,East Asia & Pacific,Lower middle income,Blend,125.567,-8.56667
2419,2016,51780000.0,Exports of goods and services (current US$),TL,Timor-Leste,East Asia & Pacific,Lower middle income,Blend,125.567,-8.56667
2420,2025,,Exports of goods and services (current US$),TG,Togo,Sub-Saharan Africa ,Lower middle income,IDA,1.2255,6.1228
2421,2024,,Exports of goods and services (current US$),TG,Togo,Sub-Saharan Africa ,Lower middle income,IDA,1.2255,6.1228
2422,2023,2390186783.96013,Exports of goods and services (current US$),TG,Togo,Sub-Saharan Africa ,Lower middle income,IDA,1.2255,6.1228
2423,2022,2162409655.2528,Exports of goods and services (current US$),TG,Togo,Sub-Saharan Africa ,Lower middle income,IDA,1.2255,6.1228
2424,2021,1976054796.2473,Exports of goods and services (current US$),TG,Togo,Sub-Saharan Africa ,Lower middle income,IDA,1.2255,6.1228
2425,2020,1727046855.49121,Exports of goods and services (current US$),TG,Togo,Sub-Saharan Africa ,Lower middle income,IDA,1.2255,6.1228
2426,2019,1671782878.74237,Exports of goods and services (current US$),TG,Togo,Sub-Saharan Africa ,Lower middle income,IDA,1.2255,6.1228
2427,2018,1710211643.83769,Exports of goods and services (current US$),TG,Togo,Sub-Saharan Africa ,Lower middle income,IDA,1.2255,6.1228
2428,2017,1616151022.09696,Exports of goods and services (current US$),TG,Togo,Sub-Saharan Africa ,Lower middle income,IDA,1.2255,6.1228
2429,2016,1622914085.9558,Exports of goods and services (current US$),TG,Togo,Sub-Saharan Africa ,Lower middle income,IDA,1.2255,6.1228
2430,2025,,Exports of goods and services (current US$),TO,Tonga,East Asia & Pacific,Upper middle income,IDA,-175.216,-21.136
2431,2024,109419833.231961,Exports of goods and services (current US$),TO,Tonga,East Asia & Pacific,Upper middle income,IDA,-175.216,-21.136
2432,2023,87157766.9923468,Exports of goods and services (current US$),TO,Tonga,East Asia & Pacific,Upper middle income,IDA,-175.216,-21.136
2433,2022,59899918.6090377,Exports of goods and services (current US$),TO,Tonga,East Asia & Pacific,Upper middle income,IDA,-175.216,-21.136
2434,2021,57546484.3947206,Exports of goods and services (current US$),TO,Tonga,East Asia & Pacific,Upper middle income,IDA,-175.216,-21.136
2435,2020,99820530.9012803,Exports of goods and services (current US$),TO,Tonga,East Asia & Pacific,Upper middle income,IDA,-175.216,-21.136
2436,2019,112507449.652672,Exports of goods and services (current US$),TO,Tonga,East Asia & Pacific,Upper middle income,IDA,-175.216,-21.136
2437,2018,104684873.260084,Exports of goods and services (current US$),TO,Tonga,East Asia & Pacific,Upper middle income,IDA,-175.216,-21.136
2438,2017,102005091.102875,Exports of goods and services (current US$),TO,Tonga,East Asia & Pacific,Upper middle income,IDA,-175.216,-21.136
2439,2016,103126326.066321,Exports of goods and services (current US$),TO,Tonga,East Asia & Pacific,Upper middle income,IDA,-175.216,-21.136
2440,2025,,Exports of goods and services (current US$),TT,Trinidad and Tobago,Latin America & Caribbean ,High income,IBRD,-61.4789,10.6596
2441,2024,,Exports of goods and services (current US$),TT,Trinidad and Tobago,Latin America & Caribbean ,High income,IBRD,-61.4789,10.6596
2442,2023,,Exports of goods and services (current US$),TT,Trinidad and Tobago,Latin America & Caribbean ,High income,IBRD,-61.4789,10.6596
2443,2022,,Exports of goods and services (current US$),TT,Trinidad and Tobago,Latin America & Caribbean ,High income,IBRD,-61.4789,10.6596
2444,2021,,Exports of goods and services (current US$),TT,Trinidad and Tobago,Latin America & Caribbean ,High income,IBRD,-61.4789,10.6596
2445,2020,,Exports of goods and services (current US$),TT,Trinidad and Tobago,Latin America & Caribbean ,High income,IBRD,-61.4789,10.6596
2446,2019,,Exports of goods and services (current US$),TT,Trinidad and Tobago,Latin America & Caribbean ,High income,IBRD,-61.4789,10.6596
2447,2018,,Exports of goods and services (current US$),TT,Trinidad and Tobago,Latin America & Caribbean ,High income,IBRD,-61.4789,10.6596
2448,2017,,Exports of goods and services (current US$),TT,Trinidad and Tobago,Latin America & Caribbean ,High income,IBRD,-61.4789,10.6596
2449,2016,,Exports of goods and services (current US$),TT,Trinidad and Tobago,Latin America & Caribbean ,High income,IBRD,-61.4789,10.6596
2450,2025,26826069545.4849,Exports of goods and services (current US$),TN,Tunisia,"Middle East, North Africa, Afghanistan & Pakistan",Lower middle income,IBRD,10.21,36.7899
2451,2024,25706930119.5514,Exports of goods and services (current US$),TN,Tunisia,"Middle East, North Africa, Afghanistan & Pakistan",Lower middle income,IBRD,10.21,36.7899
2452,2023,25567813964.9285,Exports of goods and services (current US$),TN,Tunisia,"Middle East, North Africa, Afghanistan & Pakistan",Lower middle income,IBRD,10.21,36.7899
2453,2022,23060703698.9303,Exports of goods and services (current US$),TN,Tunisia,"Middle East, North Africa, Afghanistan & Pakistan",Lower middle income,IBRD,10.21,36.7899
2454,2021,19667292546.3067,Exports of goods and services (current US$),TN,Tunisia,"Middle East, North Africa, Afghanistan & Pakistan",Lower middle income,IBRD,10.21,36.7899
2455,2020,16143392839.7452,Exports of goods and services (current US$),TN,Tunisia,"Middle East, North Africa, Afghanistan & Pakistan",Lower middle income,IBRD,10.21,36.7899
2456,2019,19255781270.1806,Exports of goods and services (current US$),TN,Tunisia,"Middle East, North Africa, Afghanistan & Pakistan",Lower middle income,IBRD,10.21,36.7899
2457,2018,19416275921.684,Exports of goods and services (current US$),TN,Tunisia,"Middle East, North Africa, Afghanistan & Pakistan",Lower middle income,IBRD,10.21,36.7899
2458,2017,17590956528.9273,Exports of goods and services (current US$),TN,Tunisia,"Middle East, North Africa, Afghanistan & Pakistan",Lower middle income,IBRD,10.21,36.7899
2459,2016,16987820950.6092,Exports of goods and services (current US$),TN,Tunisia,"Middle East, North Africa, Afghanistan & Pakistan",Lower middle income,IBRD,10.21,36.7899
2460,2025,396923725496.326,Exports of goods and services (current US$),TR,Turkiye,Europe & Central Asia,Upper middle income,IBRD,32.3606,39.7153
2461,2024,374686274269.711,Exports of goods and services (current US$),TR,Turkiye,Europe & Central Asia,Upper middle income,IBRD,32.3606,39.7153
2462,2023,364211599327.44,Exports of goods and services (current US$),TR,Turkiye,Europe & Central Asia,Upper middle income,IBRD,32.3606,39.7153
2463,2022,353224790396.438,Exports of goods and services (current US$),TR,Turkiye,Europe & Central Asia,Upper middle income,IBRD,32.3606,39.7153
2464,2021,294429020560.408,Exports of goods and services (current US$),TR,Turkiye,Europe & Central Asia,Upper middle income,IBRD,32.3606,39.7153
2465,2020,210844790111.584,Exports of goods and services (current US$),TR,Turkiye,Europe & Central Asia,Upper middle income,IBRD,32.3606,39.7153
2466,2019,256263371549.216,Exports of goods and services (current US$),TR,Turkiye,Europe & Central Asia,Upper middle income,IBRD,32.3606,39.7153
2467,2018,250128750717.116,Exports of goods and services (current US$),TR,Turkiye,Europe & Central Asia,Upper middle income,IBRD,32.3606,39.7153
2468,2017,229267970164.465,Exports of goods and services (current US$),TR,Turkiye,Europe & Central Asia,Upper middle income,IBRD,32.3606,39.7153
2469,2016,205793476583.0,Exports of goods and services (current US$),TR,Turkiye,Europe & Central Asia,Upper middle income,IBRD,32.3606,39.7153
2470,2025,7210521475.21383,Exports of goods and services (current US$),TM,Turkmenistan,Europe & Central Asia,Upper middle income,IBRD,58.3794,37.9509
2471,2024,7775761413.84389,Exports of goods and services (current US$),TM,Turkmenistan,Europe & Central Asia,Upper middle income,IBRD,58.3794,37.9509
2472,2023,8457755751.73219,Exports of goods and services (current US$),TM,Turkmenistan,Europe & Central Asia,Upper middle income,IBRD,58.3794,37.9509
2473,2022,9462080139.40621,Exports of goods and services (current US$),TM,Turkmenistan,Europe & Central Asia,Upper middle income,IBRD,58.3794,37.9509
2474,2021,5472487037.44481,Exports of goods and services (current US$),TM,Turkmenistan,Europe & Central Asia,Upper middle income,IBRD,58.3794,37.9509
2475,2020,4627021565.19586,Exports of goods and services (current US$),TM,Turkmenistan,Europe & Central Asia,Upper middle income,IBRD,58.3794,37.9509
2476,2019,7332697660.37736,Exports of goods and services (current US$),TM,Turkmenistan,Europe & Central Asia,Upper middle income,IBRD,58.3794,37.9509
2477,2018,7441296806.56934,Exports of goods and services (current US$),TM,Turkmenistan,Europe & Central Asia,Upper middle income,IBRD,58.3794,37.9509
2478,2017,6848646030.15075,Exports of goods and services (current US$),TM,Turkmenistan,Europe & Central Asia,Upper middle income,IBRD,58.3794,37.9509
2479,2016,7283241157.89474,Exports of goods and services (current US$),TM,Turkmenistan,Europe & Central Asia,Upper middle income,IBRD,58.3794,37.9509
2480,2025,,Exports of goods and services (current US$),TC,Turks and Caicos Islands,Latin America & Caribbean ,High income,Not classified,-71.141389,21.4602778
2481,2024,,Exports of goods and services (current US$),TC,Turks and Caicos Islands,Latin America & Caribbean ,High income,Not classified,-71.141389,21.4602778
2482,2023,,Exports of goods and services (current US$),TC,Turks and Caicos Islands,Latin America & Caribbean ,High income,Not classified,-71.141389,21.4602778
2483,2022,,Exports of goods and services (current US$),TC,Turks and Caicos Islands,Latin America & Caribbean ,High income,Not classified,-71.141389,21.4602778
2484,2021,,Exports of goods and services (current US$),TC,Turks and Caicos Islands,Latin America & Caribbean ,High income,Not classified,-71.141389,21.4602778
2485,2020,,Exports of goods and services (current US$),TC,Turks and Caicos Islands,Latin America & Caribbean ,High income,Not classified,-71.141389,21.4602778
2486,2019,,Exports of goods and services (current US$),TC,Turks and Caicos Islands,Latin America & Caribbean ,High income,Not classified,-71.141389,21.4602778
2487,2018,,Exports of goods and services (current US$),TC,Turks and Caicos Islands,Latin America & Caribbean ,High income,Not classified,-71.141389,21.4602778
2488,2017,,Exports of goods and services (current US$),TC,Turks and Caicos Islands,Latin America & Caribbean ,High income,Not classified,-71.141389,21.4602778
2489,2016,,Exports of goods and services (current US$),TC,Turks and Caicos Islands,Latin America & Caribbean ,High income,Not classified,-71.141389,21.4602778
2490,2025,,Exports of goods and services (current US$),TV,Tuvalu,East Asia & Pacific,Upper middle income,IDA,179.089567,-8.6314877
2491,2024,,Exports of goods and services (current US$),TV,Tuvalu,East Asia & Pacific,Upper middle income,IDA,179.089567,-8.6314877
2492,2023,,Exports of goods and services (current US$),TV,Tuvalu,East Asia & Pacific,Upper middle income,IDA,179.089567,-8.6314877
2493,2022,,Exports of goods and services (current US$),TV,Tuvalu,East Asia & Pacific,Upper middle income,IDA,179.089567,-8.6314877
2494,2021,,Exports of goods and services (current US$),TV,Tuvalu,East Asia & Pacific,Upper middle income,IDA,179.089567,-8.6314877
2495,2020,,Exports of goods and services (current US$),TV,Tuvalu,East Asia & Pacific,Upper middle income,IDA,179.089567,-8.6314877
2496,2019,,Exports of goods and services (current US$),TV,Tuvalu,East Asia & Pacific,Upper middle income,IDA,179.089567,-8.6314877
2497,2018,,Exports of goods and services (current US$),TV,Tuvalu,East Asia & Pacific,Upper middle income,IDA,179.089567,-8.6314877
2498,2017,,Exports of goods and services (current US$),TV,Tuvalu,East Asia & Pacific,Upper middle income,IDA,179.089567,-8.6314877
2499,2016,,Exports of goods and services (current US$),TV,Tuvalu,East Asia & Pacific,Upper middle income,IDA,179.089567,-8.6314877
2500,2025,13289512670.7607,Exports of goods and services (current US$),UG,Uganda,Sub-Saharan Africa ,Low income,IDA,32.5729,0.314269
2501,2024,9034338028.9815,Exports of goods and services (current US$),UG,Uganda,Sub-Saharan Africa ,Low income,IDA,32.5729,0.314269
2502,2023,5658032305.29201,Exports of goods and services (current US$),UG,Uganda,Sub-Saharan Africa ,Low income,IDA,32.5729,0.314269
2503,2022,5477862277.79869,Exports of goods and services (current US$),UG,Uganda,Sub-Saharan Africa ,Low income,IDA,32.5729,0.314269
2504,2021,6396009273.52046,Exports of goods and services (current US$),UG,Uganda,Sub-Saharan Africa ,Low income,IDA,32.5729,0.314269
2505,2020,5796021014.64896,Exports of goods and services (current US$),UG,Uganda,Sub-Saharan Africa ,Low income,IDA,32.5729,0.314269
2506,2019,6048575717.77072,Exports of goods and services (current US$),UG,Uganda,Sub-Saharan Africa ,Low income,IDA,32.5729,0.314269
2507,2018,4967717826.69986,Exports of goods and services (current US$),UG,Uganda,Sub-Saharan Africa ,Low income,IDA,32.5729,0.314269
2508,2017,5122376576.57757,Exports of goods and services (current US$),UG,Uganda,Sub-Saharan Africa ,Low income,IDA,32.5729,0.314269
2509,2016,3629227691.22134,Exports of goods and services (current US$),UG,Uganda,Sub-Saharan Africa ,Low income,IDA,32.5729,0.314269
2510,2025,54272867488.1444,Exports of goods and services (current US$),UA,Ukraine,Europe & Central Asia,Upper middle income,IBRD,30.5038,50.4536
2511,2024,56624210504.8448,Exports of goods and services (current US$),UA,Ukraine,Europe & Central Asia,Upper middle income,IBRD,30.5038,50.4536
2512,2023,51286538169.6103,Exports of goods and services (current US$),UA,Ukraine,Europe & Central Asia,Upper middle income,IBRD,30.5038,50.4536
2513,2022,57417372455.43,Exports of goods and services (current US$),UA,Ukraine,Europe & Central Asia,Upper middle income,IBRD,30.5038,50.4536
2514,2021,81281413098.7658,Exports of goods and services (current US$),UA,Ukraine,Europe & Central Asia,Upper middle income,IBRD,30.5038,50.4536
2515,2020,60801578067.778,Exports of goods and services (current US$),UA,Ukraine,Europe & Central Asia,Upper middle income,IBRD,30.5038,50.4536
2516,2019,63448583044.48,Exports of goods and services (current US$),UA,Ukraine,Europe & Central Asia,Upper middle income,IBRD,30.5038,50.4536
2517,2018,59208892250.9196,Exports of goods and services (current US$),UA,Ukraine,Europe & Central Asia,Upper middle income,IBRD,30.5038,50.4536
2518,2017,53943461808.6232,Exports of goods and services (current US$),UA,Ukraine,Europe & Central Asia,Upper middle income,IBRD,30.5038,50.4536
2519,2016,46023154798.8845,Exports of goods and services (current US$),UA,Ukraine,Europe & Central Asia,Upper middle income,IBRD,30.5038,50.4536
2520,2025,,Exports of goods and services (current US$),AE,United Arab Emirates,"Middle East, North Africa, Afghanistan & Pakistan",High income,Not classified,54.3705,24.4764
2521,2024,,Exports of goods and services (current US$),AE,United Arab Emirates,"Middle East, North Africa, Afghanistan & Pakistan",High income,Not classified,54.3705,24.4764
2522,2023,558401633764.466,Exports of goods and services (current US$),AE,United Arab Emirates,"Middle East, North Africa, Afghanistan & Pakistan",High income,Not classified,54.3705,24.4764
2523,2022,521897345132.743,Exports of goods and services (current US$),AE,United Arab Emirates,"Middle East, North Africa, Afghanistan & Pakistan",High income,Not classified,54.3705,24.4764
2524,2021,425155888359.428,Exports of goods and services (current US$),AE,United Arab Emirates,"Middle East, North Africa, Afghanistan & Pakistan",High income,Not classified,54.3705,24.4764
2525,2020,350277467665.078,Exports of goods and services (current US$),AE,United Arab Emirates,"Middle East, North Africa, Afghanistan & Pakistan",High income,Not classified,54.3705,24.4764
2526,2019,404863172226.004,Exports of goods and services (current US$),AE,United Arab Emirates,"Middle East, North Africa, Afghanistan & Pakistan",High income,Not classified,54.3705,24.4764
2527,2018,400217835262.083,Exports of goods and services (current US$),AE,United Arab Emirates,"Middle East, North Africa, Afghanistan & Pakistan",High income,Not classified,54.3705,24.4764
2528,2017,382137508509.19,Exports of goods and services (current US$),AE,United Arab Emirates,"Middle East, North Africa, Afghanistan & Pakistan",High income,Not classified,54.3705,24.4764
2529,2016,360626276378.489,Exports of goods and services (current US$),AE,United Arab Emirates,"Middle East, North Africa, Afghanistan & Pakistan",High income,Not classified,54.3705,24.4764
2530,2025,1224670037744.72,Exports of goods and services (current US$),GB,United Kingdom,Europe & Central Asia,High income,Not classified,-0.126236,51.5002
2531,2024,1147692057154.76,Exports of goods and services (current US$),GB,United Kingdom,Europe & Central Asia,High income,Not classified,-0.126236,51.5002
2532,2023,1091653856200.64,Exports of goods and services (current US$),GB,United Kingdom,Europe & Central Asia,High income,Not classified,-0.126236,51.5002
2533,2022,1083593172366.25,Exports of goods and services (current US$),GB,United Kingdom,Europe & Central Asia,High income,Not classified,-0.126236,51.5002
2534,2021,935667446175.151,Exports of goods and services (current US$),GB,United Kingdom,Europe & Central Asia,High income,Not classified,-0.126236,51.5002
2535,2020,815801724783.58,Exports of goods and services (current US$),GB,United Kingdom,Europe & Central Asia,High income,Not classified,-0.126236,51.5002
2536,2019,917433768894.232,Exports of goods and services (current US$),GB,United Kingdom,Europe & Central Asia,High income,Not classified,-0.126236,51.5002
2537,2018,922834772428.163,Exports of goods and services (current US$),GB,United Kingdom,Europe & Central Asia,High income,Not classified,-0.126236,51.5002
2538,2017,836020370556.138,Exports of goods and services (current US$),GB,United Kingdom,Europe & Central Asia,High income,Not classified,-0.126236,51.5002
2539,2016,786640412453.566,Exports of goods and services (current US$),GB,United Kingdom,Europe & Central Asia,High income,Not classified,-0.126236,51.5002
2540,2025,,Exports of goods and services (current US$),US,United States,North America,High income,Not classified,-77.032,38.8895
2541,2024,3215368000000.0,Exports of goods and services (current US$),US,United States,North America,High income,Not classified,-77.032,38.8895
2542,2023,3073360000000.0,Exports of goods and services (current US$),US,United States,North America,High income,Not classified,-77.032,38.8895
2543,2022,3036430000000.0,Exports of goods and services (current US$),US,United States,North America,High income,Not classified,-77.032,38.8895
2544,2021,2568697000000.0,Exports of goods and services (current US$),US,United States,North America,High income,Not classified,-77.032,38.8895
2545,2020,2163837000000.0,Exports of goods and services (current US$),US,United States,North America,High income,Not classified,-77.032,38.8895
2546,2019,2539391000000.0,Exports of goods and services (current US$),US,United States,North America,High income,Not classified,-77.032,38.8895
2547,2018,2538089000000.0,Exports of goods and services (current US$),US,United States,North America,High income,Not classified,-77.032,38.8895
2548,2017,2388260000000.0,Exports of goods and services (current US$),US,United States,North America,High income,Not classified,-77.032,38.8895
2549,2016,2235558000000.0,Exports of goods and services (current US$),US,United States,North America,High income,Not classified,-77.032,38.8895
2550,2025,23104847902.7936,Exports of goods and services (current US$),UY,Uruguay,Latin America & Caribbean ,High income,IBRD,-56.0675,-34.8941
2551,2024,23243778154.4462,Exports of goods and services (current US$),UY,Uruguay,Latin America & Caribbean ,High income,IBRD,-56.0675,-34.8941
2552,2023,22163590551.6695,Exports of goods and services (current US$),UY,Uruguay,Latin America & Caribbean ,High income,IBRD,-56.0675,-34.8941
2553,2022,23432009306.1433,Exports of goods and services (current US$),UY,Uruguay,Latin America & Caribbean ,High income,IBRD,-56.0675,-34.8941
2554,2021,20010242322.4196,Exports of goods and services (current US$),UY,Uruguay,Latin America & Caribbean ,High income,IBRD,-56.0675,-34.8941
2555,2020,14026258642.1459,Exports of goods and services (current US$),UY,Uruguay,Latin America & Caribbean ,High income,IBRD,-56.0675,-34.8941
2556,2019,17363375088.1958,Exports of goods and services (current US$),UY,Uruguay,Latin America & Caribbean ,High income,IBRD,-56.0675,-34.8941
2557,2018,17265078783.0651,Exports of goods and services (current US$),UY,Uruguay,Latin America & Caribbean ,High income,IBRD,-56.0675,-34.8941
2558,2017,16856823032.1798,Exports of goods and services (current US$),UY,Uruguay,Latin America & Caribbean ,High income,IBRD,-56.0675,-34.8941
2559,2016,15480542128.3311,Exports of goods and services (current US$),UY,Uruguay,Latin America & Caribbean ,High income,IBRD,-56.0675,-34.8941
2560,2025,32401308149.1144,Exports of goods and services (current US$),UZ,Uzbekistan,Europe & Central Asia,Lower middle income,Blend,69.269,41.3052
2561,2024,26172869000.28,Exports of goods and services (current US$),UZ,Uzbekistan,Europe & Central Asia,Lower middle income,Blend,69.269,41.3052
2562,2023,25070062402.3687,Exports of goods and services (current US$),UZ,Uzbekistan,Europe & Central Asia,Lower middle income,Blend,69.269,41.3052
2563,2022,20962647200.8976,Exports of goods and services (current US$),UZ,Uzbekistan,Europe & Central Asia,Lower middle income,Blend,69.269,41.3052
2564,2021,16479144804.738,Exports of goods and services (current US$),UZ,Uzbekistan,Europe & Central Asia,Lower middle income,Blend,69.269,41.3052
2565,2020,14561318344.1846,Exports of goods and services (current US$),UZ,Uzbekistan,Europe & Central Asia,Lower middle income,Blend,69.269,41.3052
2566,2019,17059027389.7613,Exports of goods and services (current US$),UZ,Uzbekistan,Europe & Central Asia,Lower middle income,Blend,69.269,41.3052
2567,2018,14190894258.3354,Exports of goods and services (current US$),UZ,Uzbekistan,Europe & Central Asia,Lower middle income,Blend,69.269,41.3052
2568,2017,12880673500.8197,Exports of goods and services (current US$),UZ,Uzbekistan,Europe & Central Asia,Lower middle income,Blend,69.269,41.3052
2569,2016,10623491738.669,Exports of goods and services (current US$),UZ,Uzbekistan,Europe & Central Asia,Lower middle income,Blend,69.269,41.3052
2570,2025,,Exports of goods and services (current US$),VU,Vanuatu,East Asia & Pacific,Lower middle income,IDA,168.321,-17.7404
2571,2024,329014391.809676,Exports of goods and services (current US$),VU,Vanuatu,East Asia & Pacific,Lower middle income,IDA,168.321,-17.7404
2572,2023,337076293.420086,Exports of goods and services (current US$),VU,Vanuatu,East Asia & Pacific,Lower middle income,IDA,168.321,-17.7404
2573,2022,176864388.575552,Exports of goods and services (current US$),VU,Vanuatu,East Asia & Pacific,Lower middle income,IDA,168.321,-17.7404
2574,2021,86905278.5454878,Exports of goods and services (current US$),VU,Vanuatu,East Asia & Pacific,Lower middle income,IDA,168.321,-17.7404
2575,2020,139400242.676374,Exports of goods and services (current US$),VU,Vanuatu,East Asia & Pacific,Lower middle income,IDA,168.321,-17.7404
2576,2019,328285359.423006,Exports of goods and services (current US$),VU,Vanuatu,East Asia & Pacific,Lower middle income,IDA,168.321,-17.7404
2577,2018,392075523.079018,Exports of goods and services (current US$),VU,Vanuatu,East Asia & Pacific,Lower middle income,IDA,168.321,-17.7404
2578,2017,376040500.447627,Exports of goods and services (current US$),VU,Vanuatu,East Asia & Pacific,Lower middle income,IDA,168.321,-17.7404
2579,2016,346199585.15787,Exports of goods and services (current US$),VU,Vanuatu,East Asia & Pacific,Lower middle income,IDA,168.321,-17.7404
2580,2025,14852682003.4522,Exports of goods and services (current US$),VE,"Venezuela, RB",Latin America & Caribbean ,Lower middle income,IBRD,-69.8371,9.08165
2581,2024,20176779558.6232,Exports of goods and services (current US$),VE,"Venezuela, RB",Latin America & Caribbean ,Lower middle income,IBRD,-69.8371,9.08165
2582,2023,18495894769.6801,Exports of goods and services (current US$),VE,"Venezuela, RB",Latin America & Caribbean ,Lower middle income,IBRD,-69.8371,9.08165
2583,2022,14552860356.0786,Exports of goods and services (current US$),VE,"Venezuela, RB",Latin America & Caribbean ,Lower middle income,IBRD,-69.8371,9.08165
2584,2021,8690436503.83434,Exports of goods and services (current US$),VE,"Venezuela, RB",Latin America & Caribbean ,Lower middle income,IBRD,-69.8371,9.08165
2585,2020,5571267853.64899,Exports of goods and services (current US$),VE,"Venezuela, RB",Latin America & Caribbean ,Lower middle income,IBRD,-69.8371,9.08165
2586,2019,34459561492.6673,Exports of goods and services (current US$),VE,"Venezuela, RB",Latin America & Caribbean ,Lower middle income,IBRD,-69.8371,9.08165
2587,2018,43392568659.1276,Exports of goods and services (current US$),VE,"Venezuela, RB",Latin America & Caribbean ,Lower middle income,IBRD,-69.8371,9.08165
2588,2017,38630825247.5965,Exports of goods and services (current US$),VE,"Venezuela, RB",Latin America & Caribbean ,Lower middle income,IBRD,-69.8371,9.08165
2589,2016,35237270126.561,Exports of goods and services (current US$),VE,"Venezuela, RB",Latin America & Caribbean ,Lower middle income,IBRD,-69.8371,9.08165
2590,2025,505661231330.217,Exports of goods and services (current US$),VN,Viet Nam,East Asia & Pacific,Upper middle income,IBRD,105.825,21.0069
2591,2024,429484097216.943,Exports of goods and services (current US$),VN,Viet Nam,East Asia & Pacific,Upper middle income,IBRD,105.825,21.0069
2592,2023,376268017649.38,Exports of goods and services (current US$),VN,Viet Nam,East Asia & Pacific,Upper middle income,IBRD,105.825,21.0069
2593,2022,386241068014.827,Exports of goods and services (current US$),VN,Viet Nam,East Asia & Pacific,Upper middle income,IBRD,105.825,21.0069
2594,2021,343937314545.796,Exports of goods and services (current US$),VN,Viet Nam,East Asia & Pacific,Upper middle income,IBRD,105.825,21.0069
2595,2020,292479899128.741,Exports of goods and services (current US$),VN,Viet Nam,East Asia & Pacific,Upper middle income,IBRD,105.825,21.0069
2596,2019,284737397482.992,Exports of goods and services (current US$),VN,Viet Nam,East Asia & Pacific,Upper middle income,IBRD,105.825,21.0069
2597,2018,261802606599.096,Exports of goods and services (current US$),VN,Viet Nam,East Asia & Pacific,Upper middle income,IBRD,105.825,21.0069
2598,2017,230041803530.193,Exports of goods and services (current US$),VN,Viet Nam,East Asia & Pacific,Upper middle income,IBRD,105.825,21.0069
2599,2016,190526869544.715,Exports of goods and services (current US$),VN,Viet Nam,East Asia & Pacific,Upper middle income,IBRD,105.825,21.0069
2600,2025,,Exports of goods and services (current US$),VI,Virgin Islands (U.S.),Latin America & Caribbean ,High income,Not classified,-64.8963,18.3358
2601,2024,,Exports of goods and services (current US$),VI,Virgin Islands (U.S.),Latin America & Caribbean ,High income,Not classified,-64.8963,18.3358
2602,2023,,Exports of goods and services (current US$),VI,Virgin Islands (U.S.),Latin America & Caribbean ,High income,Not classified,-64.8963,18.3358
2603,2022,4549000000.0,Exports of goods and services (current US$),VI,Virgin Islands (U.S.),Latin America & Caribbean ,High income,Not classified,-64.8963,18.3358
2604,2021,4069000000.0,Exports of goods and services (current US$),VI,Virgin Islands (U.S.),Latin America & Caribbean ,High income,Not classified,-64.8963,18.3358
2605,2020,1620000000.0,Exports of goods and services (current US$),VI,Virgin Islands (U.S.),Latin America & Caribbean ,High income,Not classified,-64.8963,18.3358
2606,2019,2265000000.0,Exports of goods and services (current US$),VI,Virgin Islands (U.S.),Latin America & Caribbean ,High income,Not classified,-64.8963,18.3358
2607,2018,2084000000.0,Exports of goods and services (current US$),VI,Virgin Islands (U.S.),Latin America & Caribbean ,High income,Not classified,-64.8963,18.3358
2608,2017,2403000000.0,Exports of goods and services (current US$),VI,Virgin Islands (U.S.),Latin America & Caribbean ,High income,Not classified,-64.8963,18.3358
2609,2016,1786000000.0,Exports of goods and services (current US$),VI,Virgin Islands (U.S.),Latin America & Caribbean ,High income,Not classified,-64.8963,18.3358
2610,2025,3644200000.0,Exports of goods and services (current US$),PS,West Bank and Gaza,"Middle East, North Africa, Afghanistan & Pakistan",Lower middle income,Not classified,,
2611,2024,3500100000.0,Exports of goods and services (current US$),PS,West Bank and Gaza,"Middle East, North Africa, Afghanistan & Pakistan",Lower middle income,Not classified,,
2612,2023,3167200000.0,Exports of goods and services (current US$),PS,West Bank and Gaza,"Middle East, North Africa, Afghanistan & Pakistan",Lower middle income,Not classified,,
2613,2022,3533400000.0,Exports of goods and services (current US$),PS,West Bank and Gaza,"Middle East, North Africa, Afghanistan & Pakistan",Lower middle income,Not classified,,
2614,2021,3140300000.0,Exports of goods and services (current US$),PS,West Bank and Gaza,"Middle East, North Africa, Afghanistan & Pakistan",Lower middle income,Not classified,,
2615,2020,2385300000.0,Exports of goods and services (current US$),PS,West Bank and Gaza,"Middle East, North Africa, Afghanistan & Pakistan",Lower middle income,Not classified,,
2616,2019,2659300000.0,Exports of goods and services (current US$),PS,West Bank and Gaza,"Middle East, North Africa, Afghanistan & Pakistan",Lower middle income,Not classified,,
2617,2018,2598000000.0,Exports of goods and services (current US$),PS,West Bank and Gaza,"Middle East, North Africa, Afghanistan & Pakistan",Lower middle income,Not classified,,
2618,2017,2536000000.0,Exports of goods and services (current US$),PS,West Bank and Gaza,"Middle East, North Africa, Afghanistan & Pakistan",Lower middle income,Not classified,,
2619,2016,2207100000.0,Exports of goods and services (current US$),PS,West Bank and Gaza,"Middle East, North Africa, Afghanistan & Pakistan",Lower middle income,Not classified,,
2620,2025,,Exports of goods and services (current US$),YE,"Yemen, Rep.","Middle East, North Africa, Afghanistan & Pakistan",Low income,IDA,44.2075,15.352
2621,2024,,Exports of goods and services (current US$),YE,"Yemen, Rep.","Middle East, North Africa, Afghanistan & Pakistan",Low income,IDA,44.2075,15.352
2622,2023,,Exports of goods and services (current US$),YE,"Yemen, Rep.","Middle East, North Africa, Afghanistan & Pakistan",Low income,IDA,44.2075,15.352
2623,2022,,Exports of goods and services (current US$),YE,"Yemen, Rep.","Middle East, North Africa, Afghanistan & Pakistan",Low income,IDA,44.2075,15.352
2624,2021,,Exports of goods and services (current US$),YE,"Yemen, Rep.","Middle East, North Africa, Afghanistan & Pakistan",Low income,IDA,44.2075,15.352
2625,2020,,Exports of goods and services (current US$),YE,"Yemen, Rep.","Middle East, North Africa, Afghanistan & Pakistan",Low income,IDA,44.2075,15.352
2626,2019,,Exports of goods and services (current US$),YE,"Yemen, Rep.","Middle East, North Africa, Afghanistan & Pakistan",Low income,IDA,44.2075,15.352
2627,2018,1891857548.62885,Exports of goods and services (current US$),YE,"Yemen, Rep.","Middle East, North Africa, Afghanistan & Pakistan",Low income,IDA,44.2075,15.352
2628,2017,2600541607.29261,Exports of goods and services (current US$),YE,"Yemen, Rep.","Middle East, North Africa, Afghanistan & Pakistan",Low income,IDA,44.2075,15.352
2629,2016,1506137717.83826,Exports of goods and services (current US$),YE,"Yemen, Rep.","Middle East, North Africa, Afghanistan & Pakistan",Low income,IDA,44.2075,15.352
2630,2025,,Exports of goods and services (current US$),ZM,Zambia,Sub-Saharan Africa ,Lower middle income,IDA,28.2937,-15.3982
2631,2024,8851528097.90289,Exports of goods and services (current US$),ZM,Zambia,Sub-Saharan Africa ,Lower middle income,IDA,28.2937,-15.3982
2632,2023,11264526288.2707,Exports of goods and services (current US$),ZM,Zambia,Sub-Saharan Africa ,Lower middle income,IDA,28.2937,-15.3982
2633,2022,11722089926.1135,Exports of goods and services (current US$),ZM,Zambia,Sub-Saharan Africa ,Lower middle income,IDA,28.2937,-15.3982
2634,2021,11537884956.0409,Exports of goods and services (current US$),ZM,Zambia,Sub-Saharan Africa ,Lower middle income,IDA,28.2937,-15.3982
2635,2020,8473997596.93761,Exports of goods and services (current US$),ZM,Zambia,Sub-Saharan Africa ,Lower middle income,IDA,28.2937,-15.3982
2636,2019,8073235065.94259,Exports of goods and services (current US$),ZM,Zambia,Sub-Saharan Africa ,Lower middle income,IDA,28.2937,-15.3982
2637,2018,9987165258.55507,Exports of goods and services (current US$),ZM,Zambia,Sub-Saharan Africa ,Lower middle income,IDA,28.2937,-15.3982
2638,2017,9053912487.52298,Exports of goods and services (current US$),ZM,Zambia,Sub-Saharan Africa ,Lower middle income,IDA,28.2937,-15.3982
2639,2016,7403491271.28836,Exports of goods and services (current US$),ZM,Zambia,Sub-Saharan Africa ,Lower middle income,IDA,28.2937,-15.3982
2640,2025,,Exports of goods and services (current US$),ZW,Zimbabwe,Sub-Saharan Africa ,Lower middle income,Blend,31.0672,-17.8312
2641,2024,7497382805.65406,Exports of goods and services (current US$),ZW,Zimbabwe,Sub-Saharan Africa ,Lower middle income,Blend,31.0672,-17.8312
2642,2023,6140200070.08825,Exports of goods and services (current US$),ZW,Zimbabwe,Sub-Saharan Africa ,Lower middle income,Blend,31.0672,-17.8312
2643,2022,7650412329.02421,Exports of goods and services (current US$),ZW,Zimbabwe,Sub-Saharan Africa ,Lower middle income,Blend,31.0672,-17.8312
2644,2021,6461646331.97769,Exports of goods and services (current US$),ZW,Zimbabwe,Sub-Saharan Africa ,Lower middle income,Blend,31.0672,-17.8312
2645,2020,4795084587.19888,Exports of goods and services (current US$),ZW,Zimbabwe,Sub-Saharan Africa ,Lower middle income,Blend,31.0672,-17.8312
2646,2019,6016225250.70712,Exports of goods and services (current US$),ZW,Zimbabwe,Sub-Saharan Africa ,Lower middle income,Blend,31.0672,-17.8312
2647,2018,8932843137.2549,Exports of goods and services (current US$),ZW,Zimbabwe,Sub-Saharan Africa ,Lower middle income,Blend,31.0672,-17.8312
2648,2017,12584462151.3944,Exports of goods and services (current US$),ZW,Zimbabwe,Sub-Saharan Africa ,Lower middle income,Blend,31.0672,-17.8312
2649,2016,4100250000.0,Exports of goods and services (current US$),ZW,Zimbabwe,Sub-Saharan Africa ,Lower middle income,Blend,31.0672,-17.8312
2650,2025,377518564540.551,Imports of goods and services (current US$),ZH,Africa Eastern and Southern,Aggregates,Aggregates,Aggregates,,
2651,2024,354547513395.276,Imports of goods and services (current US$),ZH,Africa Eastern and Southern,Aggregates,Aggregates,Aggregates,,
2652,2023,347882201063.04,Imports of goods and services (current US$),ZH,Africa Eastern and Southern,Aggregates,Aggregates,Aggregates,,
2653,2022,361468323132.864,Imports of goods and services (current US$),ZH,Africa Eastern and Southern,Aggregates,Aggregates,Aggregates,,
2654,2021,292603019781.952,Imports of goods and services (current US$),ZH,Africa Eastern and Southern,Aggregates,Aggregates,Aggregates,,
2655,2020,227997296965.388,Imports of goods and services (current US$),ZH,Africa Eastern and Southern,Aggregates,Aggregates,Aggregates,,
2656,2019,277427589479.377,Imports of goods and services (current US$),ZH,Africa Eastern and Southern,Aggregates,Aggregates,Aggregates,,
2657,2018,290268625051.025,Imports of goods and services (current US$),ZH,Africa Eastern and Southern,Aggregates,Aggregates,Aggregates,,
2658,2017,268371072162.541,Imports of goods and services (current US$),ZH,Africa Eastern and Southern,Aggregates,Aggregates,Aggregates,,
2659,2016,238807872282.256,Imports of goods and services (current US$),ZH,Africa Eastern and Southern,Aggregates,Aggregates,Aggregates,,
2660,2025,,Imports of goods and services (current US$),ZI,Africa Western and Central,Aggregates,Aggregates,Aggregates,,
2661,2024,,Imports of goods and services (current US$),ZI,Africa Western and Central,Aggregates,Aggregates,Aggregates,,
2662,2023,,Imports of goods and services (current US$),ZI,Africa Western and Central,Aggregates,Aggregates,Aggregates,,
2663,2022,,Imports of goods and services (current US$),ZI,Africa Western and Central,Aggregates,Aggregates,Aggregates,,
2664,2021,,Imports of goods and services (current US$),ZI,Africa Western and Central,Aggregates,Aggregates,Aggregates,,
2665,2020,,Imports of goods and services (current US$),ZI,Africa Western and Central,Aggregates,Aggregates,Aggregates,,
2666,2019,,Imports of goods and services (current US$),ZI,Africa Western and Central,Aggregates,Aggregates,Aggregates,,
2667,2018,,Imports of goods and services (current US$),ZI,Africa Western and Central,Aggregates,Aggregates,Aggregates,,
2668,2017,,Imports of goods and services (current US$),ZI,Africa Western and Central,Aggregates,Aggregates,Aggregates,,
2669,2016,,Imports of goods and services (current US$),ZI,Africa Western and Central,Aggregates,Aggregates,Aggregates,,
2670,2025,,Imports of goods and services (current US$),1A,Arab World,Aggregates,Aggregates,Aggregates,,
2671,2024,1600377657965.63,Imports of goods and services (current US$),1A,Arab World,Aggregates,Aggregates,Aggregates,,
2672,2023,1464033937292.22,Imports of goods and services (current US$),1A,Arab World,Aggregates,Aggregates,Aggregates,,
2673,2022,1349476383879.31,Imports of goods and services (current US$),1A,Arab World,Aggregates,Aggregates,Aggregates,,
2674,2021,1102853728401.97,Imports of goods and services (current US$),1A,Arab World,Aggregates,Aggregates,Aggregates,,
2675,2020,961100187997.725,Imports of goods and services (current US$),1A,Arab World,Aggregates,Aggregates,Aggregates,,
2676,2019,1104492809524.84,Imports of goods and services (current US$),1A,Arab World,Aggregates,Aggregates,Aggregates,,
2677,2018,1063191916830.36,Imports of goods and services (current US$),1A,Arab World,Aggregates,Aggregates,Aggregates,,
2678,2017,1012917656584.09,Imports of goods and services (current US$),1A,Arab World,Aggregates,Aggregates,Aggregates,,
2679,2016,966827291376.332,Imports of goods and services (current US$),1A,Arab World,Aggregates,Aggregates,Aggregates,,
2680,2025,,Imports of goods and services (current US$),S3,Caribbean small states,Aggregates,Aggregates,Aggregates,,
2681,2024,,Imports of goods and services (current US$),S3,Caribbean small states,Aggregates,Aggregates,Aggregates,,
2682,2023,,Imports of goods and services (current US$),S3,Caribbean small states,Aggregates,Aggregates,Aggregates,,
2683,2022,,Imports of goods and services (current US$),S3,Caribbean small states,Aggregates,Aggregates,Aggregates,,
2684,2021,,Imports of goods and services (current US$),S3,Caribbean small states,Aggregates,Aggregates,Aggregates,,
2685,2020,,Imports of goods and services (current US$),S3,Caribbean small states,Aggregates,Aggregates,Aggregates,,
2686,2019,,Imports of goods and services (current US$),S3,Caribbean small states,Aggregates,Aggregates,Aggregates,,
2687,2018,,Imports of goods and services (current US$),S3,Caribbean small states,Aggregates,Aggregates,Aggregates,,
2688,2017,,Imports of goods and services (current US$),S3,Caribbean small states,Aggregates,Aggregates,Aggregates,,
2689,2016,,Imports of goods and services (current US$),S3,Caribbean small states,Aggregates,Aggregates,Aggregates,,
2690,2025,1517348607527.24,Imports of goods and services (current US$),B8,Central Europe and the Baltics,Aggregates,Aggregates,Aggregates,,
2691,2024,1386147694267.16,Imports of goods and services (current US$),B8,Central Europe and the Baltics,Aggregates,Aggregates,Aggregates,,
2692,2023,1359500421719.49,Imports of goods and services (current US$),B8,Central Europe and the Baltics,Aggregates,Aggregates,Aggregates,,
2693,2022,1369818915721.19,Imports of goods and services (current US$),B8,Central Europe and the Baltics,Aggregates,Aggregates,Aggregates,,
2694,2021,1195426669384.71,Imports of goods and services (current US$),B8,Central Europe and the Baltics,Aggregates,Aggregates,Aggregates,,
2695,2020,933319177801.454,Imports of goods and services (current US$),B8,Central Europe and the Baltics,Aggregates,Aggregates,Aggregates,,
2696,2019,999314910432.065,Imports of goods and services (current US$),B8,Central Europe and the Baltics,Aggregates,Aggregates,Aggregates,,
2697,2018,1008015921667.08,Imports of goods and services (current US$),B8,Central Europe and the Baltics,Aggregates,Aggregates,Aggregates,,
2698,2017,882871230701.6,Imports of goods and services (current US$),B8,Central Europe and the Baltics,Aggregates,Aggregates,Aggregates,,
2699,2016,774376906737.801,Imports of goods and services (current US$),B8,Central Europe and the Baltics,Aggregates,Aggregates,Aggregates,,
2700,2025,4525643203025.3,Imports of goods and services (current US$),V2,Early-demographic dividend,Aggregates,Aggregates,Aggregates,,
2701,2024,4233181290071.27,Imports of goods and services (current US$),V2,Early-demographic dividend,Aggregates,Aggregates,Aggregates,,
2702,2023,4075583536696.63,Imports of goods and services (current US$),V2,Early-demographic dividend,Aggregates,Aggregates,Aggregates,,
2703,2022,4137628833632.25,Imports of goods and services (current US$),V2,Early-demographic dividend,Aggregates,Aggregates,Aggregates,,
2704,2021,3422684821772.54,Imports of goods and services (current US$),V2,Early-demographic dividend,Aggregates,Aggregates,Aggregates,,
2705,2020,2596963939010.36,Imports of goods and services (current US$),V2,Early-demographic dividend,Aggregates,Aggregates,Aggregates,,
2706,2019,3080214867513.38,Imports of goods and services (current US$),V2,Early-demographic dividend,Aggregates,Aggregates,Aggregates,,
2707,2018,3191158347671.45,Imports of goods and services (current US$),V2,Early-demographic dividend,Aggregates,Aggregates,Aggregates,,
2708,2017,2947836891784.25,Imports of goods and services (current US$),V2,Early-demographic dividend,Aggregates,Aggregates,Aggregates,,
2709,2016,2625057077051.74,Imports of goods and services (current US$),V2,Early-demographic dividend,Aggregates,Aggregates,Aggregates,,
2710,2025,9576067054149.27,Imports of goods and services (current US$),Z4,East Asia & Pacific,Aggregates,Aggregates,Aggregates,,
2711,2024,9036189094156.96,Imports of goods and services (current US$),Z4,East Asia & Pacific,Aggregates,Aggregates,Aggregates,,
2712,2023,8655241795523.21,Imports of goods and services (current US$),Z4,East Asia & Pacific,Aggregates,Aggregates,Aggregates,,
2713,2022,8917353448348.88,Imports of goods and services (current US$),Z4,East Asia & Pacific,Aggregates,Aggregates,Aggregates,,
2714,2021,8247884083753.99,Imports of goods and services (current US$),Z4,East Asia & Pacific,Aggregates,Aggregates,Aggregates,,
2715,2020,6561768021062.91,Imports of goods and services (current US$),Z4,East Asia & Pacific,Aggregates,Aggregates,Aggregates,,
2716,2019,7138361914065.38,Imports of goods and services (current US$),Z4,East Asia & Pacific,Aggregates,Aggregates,Aggregates,,
2717,2018,7316752383428.15,Imports of goods and services (current US$),Z4,East Asia & Pacific,Aggregates,Aggregates,Aggregates,,
2718,2017,6507362041972.17,Imports of goods and services (current US$),Z4,East Asia & Pacific,Aggregates,Aggregates,Aggregates,,
2719,2016,5814985022022.35,Imports of goods and services (current US$),Z4,East Asia & Pacific,Aggregates,Aggregates,Aggregates,,
2720,2025,5077452085154.22,Imports of goods and services (current US$),4E,East Asia & Pacific (excluding high income),Aggregates,Aggregates,Aggregates,,
2721,2024,4897025500124.56,Imports of goods and services (current US$),4E,East Asia & Pacific (excluding high income),Aggregates,Aggregates,Aggregates,,
2722,2023,4644040141599.91,Imports of goods and services (current US$),4E,East Asia & Pacific (excluding high income),Aggregates,Aggregates,Aggregates,,
2723,2022,4716291266186.17,Imports of goods and services (current US$),4E,East Asia & Pacific (excluding high income),Aggregates,Aggregates,Aggregates,,
2724,2021,4474522612392.68,Imports of goods and services (current US$),4E,East Asia & Pacific (excluding high income),Aggregates,Aggregates,Aggregates,,
2725,2020,3462087635613.28,Imports of goods and services (current US$),4E,East Asia & Pacific (excluding high income),Aggregates,Aggregates,Aggregates,,
2726,2019,3719612840768.38,Imports of goods and services (current US$),4E,East Asia & Pacific (excluding high income),Aggregates,Aggregates,Aggregates,,
2727,2018,3776326757351.75,Imports of goods and services (current US$),4E,East Asia & Pacific (excluding high income),Aggregates,Aggregates,Aggregates,,
2728,2017,3273105425447.17,Imports of goods and services (current US$),4E,East Asia & Pacific (excluding high income),Aggregates,Aggregates,Aggregates,,
2729,2016,2876508237967.87,Imports of goods and services (current US$),4E,East Asia & Pacific (excluding high income),Aggregates,Aggregates,Aggregates,,
2730,2025,5068055574793.46,Imports of goods and services (current US$),T4,East Asia & Pacific (IDA & IBRD countries),Aggregates,Aggregates,Aggregates,,
2731,2024,4887966544280.1,Imports of goods and services (current US$),T4,East Asia & Pacific (IDA & IBRD countries),Aggregates,Aggregates,Aggregates,,
2732,2023,4635430456860.88,Imports of goods and services (current US$),T4,East Asia & Pacific (IDA & IBRD countries),Aggregates,Aggregates,Aggregates,,
2733,2022,4707558466786.39,Imports of goods and services (current US$),T4,East Asia & Pacific (IDA & IBRD countries),Aggregates,Aggregates,Aggregates,,
2734,2021,4466178142467.65,Imports of goods and services (current US$),T4,East Asia & Pacific (IDA & IBRD countries),Aggregates,Aggregates,Aggregates,,
2735,2020,3455714310671.84,Imports of goods and services (current US$),T4,East Asia & Pacific (IDA & IBRD countries),Aggregates,Aggregates,Aggregates,,
2736,2019,3712754348060.4,Imports of goods and services (current US$),T4,East Asia & Pacific (IDA & IBRD countries),Aggregates,Aggregates,Aggregates,,
2737,2018,3769349996229.85,Imports of goods and services (current US$),T4,East Asia & Pacific (IDA & IBRD countries),Aggregates,Aggregates,Aggregates,,
2738,2017,3267086838134.17,Imports of goods and services (current US$),T4,East Asia & Pacific (IDA & IBRD countries),Aggregates,Aggregates,Aggregates,,
2739,2016,2871253470001.94,Imports of goods and services (current US$),T4,East Asia & Pacific (IDA & IBRD countries),Aggregates,Aggregates,Aggregates,,
2740,2025,8048425448247.99,Imports of goods and services (current US$),XC,Euro area,Aggregates,Aggregates,Aggregates,,
2741,2024,7444068242348.56,Imports of goods and services (current US$),XC,Euro area,Aggregates,Aggregates,Aggregates,,
2742,2023,7468597071113.62,Imports of goods and services (current US$),XC,Euro area,Aggregates,Aggregates,Aggregates,,
2743,2022,7592026009773.97,Imports of goods and services (current US$),XC,Euro area,Aggregates,Aggregates,Aggregates,,
2744,2021,6697048882918.29,Imports of goods and services (current US$),XC,Euro area,Aggregates,Aggregates,Aggregates,,
2745,2020,5489778653246.24,Imports of goods and services (current US$),XC,Euro area,Aggregates,Aggregates,Aggregates,,
2746,2019,6010930231921.75,Imports of goods and services (current US$),XC,Euro area,Aggregates,Aggregates,Aggregates,,
2747,2018,6027255698640.7,Imports of goods and services (current US$),XC,Euro area,Aggregates,Aggregates,Aggregates,,
2748,2017,5424098020204.06,Imports of goods and services (current US$),XC,Euro area,Aggregates,Aggregates,Aggregates,,
2749,2016,4905817744159.05,Imports of goods and services (current US$),XC,Euro area,Aggregates,Aggregates,Aggregates,,
2750,2025,13234770386334.7,Imports of goods and services (current US$),Z7,Europe & Central Asia,Aggregates,Aggregates,Aggregates,,
2751,2024,12139397759783.4,Imports of goods and services (current US$),Z7,Europe & Central Asia,Aggregates,Aggregates,Aggregates,,
2752,2023,12033527907836.7,Imports of goods and services (current US$),Z7,Europe & Central Asia,Aggregates,Aggregates,Aggregates,,
2753,2022,12039459879761.0,Imports of goods and services (current US$),Z7,Europe & Central Asia,Aggregates,Aggregates,Aggregates,,
2754,2021,10612883179120.4,Imports of goods and services (current US$),Z7,Europe & Central Asia,Aggregates,Aggregates,Aggregates,,
2755,2020,8715359469468.41,Imports of goods and services (current US$),Z7,Europe & Central Asia,Aggregates,Aggregates,Aggregates,,
2756,2019,9554430288780.14,Imports of goods and services (current US$),Z7,Europe & Central Asia,Aggregates,Aggregates,Aggregates,,
2757,2018,9584487900305.13,Imports of goods and services (current US$),Z7,Europe & Central Asia,Aggregates,Aggregates,Aggregates,,
2758,2017,8697197677022.0,Imports of goods and services (current US$),Z7,Europe & Central Asia,Aggregates,Aggregates,Aggregates,,
2759,2016,7888851508263.46,Imports of goods and services (current US$),Z7,Europe & Central Asia,Aggregates,Aggregates,Aggregates,,
2760,2025,922802728874.218,Imports of goods and services (current US$),7E,Europe & Central Asia (excluding high income),Aggregates,Aggregates,Aggregates,,
2761,2024,842113182624.075,Imports of goods and services (current US$),7E,Europe & Central Asia (excluding high income),Aggregates,Aggregates,Aggregates,,
2762,2023,829721826309.689,Imports of goods and services (current US$),7E,Europe & Central Asia (excluding high income),Aggregates,Aggregates,Aggregates,,
2763,2022,782956525525.095,Imports of goods and services (current US$),7E,Europe & Central Asia (excluding high income),Aggregates,Aggregates,Aggregates,,
2764,2021,633462489742.029,Imports of goods and services (current US$),7E,Europe & Central Asia (excluding high income),Aggregates,Aggregates,Aggregates,,
2765,2020,506611180141.84,Imports of goods and services (current US$),7E,Europe & Central Asia (excluding high income),Aggregates,Aggregates,Aggregates,,
2766,2019,549128307196.09,Imports of goods and services (current US$),7E,Europe & Central Asia (excluding high income),Aggregates,Aggregates,Aggregates,,
2767,2018,546619600520.408,Imports of goods and services (current US$),7E,Europe & Central Asia (excluding high income),Aggregates,Aggregates,Aggregates,,
2768,2017,522982128538.946,Imports of goods and services (current US$),7E,Europe & Central Asia (excluding high income),Aggregates,Aggregates,Aggregates,,
2769,2016,458828731002.001,Imports of goods and services (current US$),7E,Europe & Central Asia (excluding high income),Aggregates,Aggregates,Aggregates,,
2770,2025,2104633445411.99,Imports of goods and services (current US$),T7,Europe & Central Asia (IDA & IBRD countries),Aggregates,Aggregates,Aggregates,,
2771,2024,1939442611898.17,Imports of goods and services (current US$),T7,Europe & Central Asia (IDA & IBRD countries),Aggregates,Aggregates,Aggregates,,
2772,2023,1892832741410.47,Imports of goods and services (current US$),T7,Europe & Central Asia (IDA & IBRD countries),Aggregates,Aggregates,Aggregates,,
2773,2022,1808343226651.35,Imports of goods and services (current US$),T7,Europe & Central Asia (IDA & IBRD countries),Aggregates,Aggregates,Aggregates,,
2774,2021,1599555087458.1,Imports of goods and services (current US$),T7,Europe & Central Asia (IDA & IBRD countries),Aggregates,Aggregates,Aggregates,,
2775,2020,1265326441956.3,Imports of goods and services (current US$),T7,Europe & Central Asia (IDA & IBRD countries),Aggregates,Aggregates,Aggregates,,
2776,2019,1380857055285.58,Imports of goods and services (current US$),T7,Europe & Central Asia (IDA & IBRD countries),Aggregates,Aggregates,Aggregates,,
2777,2018,1371869295970.08,Imports of goods and services (current US$),T7,Europe & Central Asia (IDA & IBRD countries),Aggregates,Aggregates,Aggregates,,
2778,2017,1266826292090.79,Imports of goods and services (current US$),T7,Europe & Central Asia (IDA & IBRD countries),Aggregates,Aggregates,Aggregates,,
2779,2016,1081213505976.54,Imports of goods and services (current US$),T7,Europe & Central Asia (IDA & IBRD countries),Aggregates,Aggregates,Aggregates,,
2780,2025,9732689207373.9,Imports of goods and services (current US$),EU,European Union,Aggregates,Aggregates,Aggregates,,
2781,2024,8991846290307.12,Imports of goods and services (current US$),EU,European Union,Aggregates,Aggregates,Aggregates,,
2782,2023,8976887593003.76,Imports of goods and services (current US$),EU,European Union,Aggregates,Aggregates,Aggregates,,
2783,2022,9096211950514.63,Imports of goods and services (current US$),EU,European Union,Aggregates,Aggregates,Aggregates,,
2784,2021,8032231799727.35,Imports of goods and services (current US$),EU,European Union,Aggregates,Aggregates,Aggregates,,
2785,2020,6545986249538.14,Imports of goods and services (current US$),EU,European Union,Aggregates,Aggregates,Aggregates,,
2786,2019,7136053672126.28,Imports of goods and services (current US$),EU,European Union,Aggregates,Aggregates,Aggregates,,
2787,2018,7166969695122.11,Imports of goods and services (current US$),EU,European Union,Aggregates,Aggregates,Aggregates,,
2788,2017,6433043557190.11,Imports of goods and services (current US$),EU,European Union,Aggregates,Aggregates,Aggregates,,
2789,2016,5805425110887.72,Imports of goods and services (current US$),EU,European Union,Aggregates,Aggregates,Aggregates,,
2790,2025,386776723799.178,Imports of goods and services (current US$),XE,Heavily indebted poor countries (HIPC),Aggregates,Aggregates,Aggregates,,
2791,2024,341955113710.703,Imports of goods and services (current US$),XE,Heavily indebted poor countries (HIPC),Aggregates,Aggregates,Aggregates,,
2792,2023,328043181751.951,Imports of goods and services (current US$),XE,Heavily indebted poor countries (HIPC),Aggregates,Aggregates,Aggregates,,
2793,2022,325494996942.372,Imports of goods and services (current US$),XE,Heavily indebted poor countries (HIPC),Aggregates,Aggregates,Aggregates,,
2794,2021,275997423411.532,Imports of goods and services (current US$),XE,Heavily indebted poor countries (HIPC),Aggregates,Aggregates,Aggregates,,
2795,2020,227135767831.055,Imports of goods and services (current US$),XE,Heavily indebted poor countries (HIPC),Aggregates,Aggregates,Aggregates,,
2796,2019,251721656432.122,Imports of goods and services (current US$),XE,Heavily indebted poor countries (HIPC),Aggregates,Aggregates,Aggregates,,
2797,2018,251932448261.991,Imports of goods and services (current US$),XE,Heavily indebted poor countries (HIPC),Aggregates,Aggregates,Aggregates,,
2798,2017,227119362645.935,Imports of goods and services (current US$),XE,Heavily indebted poor countries (HIPC),Aggregates,Aggregates,Aggregates,,
2799,2016,220450070313.594,Imports of goods and services (current US$),XE,Heavily indebted poor countries (HIPC),Aggregates,Aggregates,Aggregates,,
2800,2025,23691349660983.7,Imports of goods and services (current US$),XD,High income,Aggregates,Aggregates,Aggregates,,
2801,2024,21808186065741.0,Imports of goods and services (current US$),XD,High income,Aggregates,Aggregates,Aggregates,,
2802,2023,21270173374761.6,Imports of goods and services (current US$),XD,High income,Aggregates,Aggregates,Aggregates,,
2803,2022,21542093811264.2,Imports of goods and services (current US$),XD,High income,Aggregates,Aggregates,Aggregates,,
2804,2021,18938540754230.8,Imports of goods and services (current US$),XD,High income,Aggregates,Aggregates,Aggregates,,
2805,2020,15568225936929.0,Imports of goods and services (current US$),XD,High income,Aggregates,Aggregates,Aggregates,,
2806,2019,17200457189474.6,Imports of goods and services (current US$),XD,High income,Aggregates,Aggregates,Aggregates,,
2807,2018,17350473617913.8,Imports of goods and services (current US$),XD,High income,Aggregates,Aggregates,Aggregates,,
2808,2017,15891607584923.0,Imports of goods and services (current US$),XD,High income,Aggregates,Aggregates,Aggregates,,
2809,2016,14568691965942.4,Imports of goods and services (current US$),XD,High income,Aggregates,Aggregates,Aggregates,,
2810,2025,10560557825070.4,Imports of goods and services (current US$),XF,IBRD only,Aggregates,Aggregates,Aggregates,,
2811,2024,10019163928775.7,Imports of goods and services (current US$),XF,IBRD only,Aggregates,Aggregates,Aggregates,,
2812,2023,9544804789390.96,Imports of goods and services (current US$),XF,IBRD only,Aggregates,Aggregates,Aggregates,,
2813,2022,9644243545487.3,Imports of goods and services (current US$),XF,IBRD only,Aggregates,Aggregates,Aggregates,,
2814,2021,8683299419597.2,Imports of goods and services (current US$),XF,IBRD only,Aggregates,Aggregates,Aggregates,,
2815,2020,6652557082555.43,Imports of goods and services (current US$),XF,IBRD only,Aggregates,Aggregates,Aggregates,,
2816,2019,7451885160051.87,Imports of goods and services (current US$),XF,IBRD only,Aggregates,Aggregates,Aggregates,,
2817,2018,7592415929030.09,Imports of goods and services (current US$),XF,IBRD only,Aggregates,Aggregates,Aggregates,,
2818,2017,6781224078339.9,Imports of goods and services (current US$),XF,IBRD only,Aggregates,Aggregates,Aggregates,,
2819,2016,5953712478337.94,Imports of goods and services (current US$),XF,IBRD only,Aggregates,Aggregates,Aggregates,,
2820,2025,11479673563092.6,Imports of goods and services (current US$),ZT,IDA & IBRD total,Aggregates,Aggregates,Aggregates,,
2821,2024,10865895630694.8,Imports of goods and services (current US$),ZT,IDA & IBRD total,Aggregates,Aggregates,Aggregates,,
2822,2023,10353761302825.4,Imports of goods and services (current US$),ZT,IDA & IBRD total,Aggregates,Aggregates,Aggregates,,
2823,2022,10489081848930.9,Imports of goods and services (current US$),ZT,IDA & IBRD total,Aggregates,Aggregates,Aggregates,,
2824,2021,9391725820327.23,Imports of goods and services (current US$),ZT,IDA & IBRD total,Aggregates,Aggregates,Aggregates,,
2825,2020,7226155310400.6,Imports of goods and services (current US$),ZT,IDA & IBRD total,Aggregates,Aggregates,Aggregates,,
2826,2019,8098810591487.76,Imports of goods and services (current US$),ZT,IDA & IBRD total,Aggregates,Aggregates,Aggregates,,
2827,2018,8244267175095.45,Imports of goods and services (current US$),ZT,IDA & IBRD total,Aggregates,Aggregates,Aggregates,,
2828,2017,7361319807896.73,Imports of goods and services (current US$),ZT,IDA & IBRD total,Aggregates,Aggregates,Aggregates,,
2829,2016,6476124843442.98,Imports of goods and services (current US$),ZT,IDA & IBRD total,Aggregates,Aggregates,Aggregates,,
2830,2025,320529603138.845,Imports of goods and services (current US$),XH,IDA blend,Aggregates,Aggregates,Aggregates,,
2831,2024,284882431777.164,Imports of goods and services (current US$),XH,IDA blend,Aggregates,Aggregates,Aggregates,,
2832,2023,271792727562.894,Imports of goods and services (current US$),XH,IDA blend,Aggregates,Aggregates,Aggregates,,
2833,2022,297566326199.712,Imports of goods and services (current US$),XH,IDA blend,Aggregates,Aggregates,Aggregates,,
2834,2021,235908343515.911,Imports of goods and services (current US$),XH,IDA blend,Aggregates,Aggregates,Aggregates,,
2835,2020,190311870734.659,Imports of goods and services (current US$),XH,IDA blend,Aggregates,Aggregates,Aggregates,,
2836,2019,222500448872.672,Imports of goods and services (current US$),XH,IDA blend,Aggregates,Aggregates,Aggregates,,
2837,2018,230886055686.425,Imports of goods and services (current US$),XH,IDA blend,Aggregates,Aggregates,Aggregates,,
2838,2017,209122438304.022,Imports of goods and services (current US$),XH,IDA blend,Aggregates,Aggregates,Aggregates,,
2839,2016,177671705170.819,Imports of goods and services (current US$),XH,IDA blend,Aggregates,Aggregates,Aggregates,,
2840,2025,600917365069.978,Imports of goods and services (current US$),XI,IDA only,Aggregates,Aggregates,Aggregates,,
2841,2024,553960260862.505,Imports of goods and services (current US$),XI,IDA only,Aggregates,Aggregates,Aggregates,,
2842,2023,530024441478.138,Imports of goods and services (current US$),XI,IDA only,Aggregates,Aggregates,Aggregates,,
2843,2022,548317378154.298,Imports of goods and services (current US$),XI,IDA only,Aggregates,Aggregates,Aggregates,,
2844,2021,460715044745.438,Imports of goods and services (current US$),XI,IDA only,Aggregates,Aggregates,Aggregates,,
2845,2020,379345143036.59,Imports of goods and services (current US$),XI,IDA only,Aggregates,Aggregates,Aggregates,,
2846,2019,422580345680.034,Imports of goods and services (current US$),XI,IDA only,Aggregates,Aggregates,Aggregates,,
2847,2018,419186157972.862,Imports of goods and services (current US$),XI,IDA only,Aggregates,Aggregates,Aggregates,,
2848,2017,369788220013.949,Imports of goods and services (current US$),XI,IDA only,Aggregates,Aggregates,Aggregates,,
2849,2016,344046206580.575,Imports of goods and services (current US$),XI,IDA only,Aggregates,Aggregates,Aggregates,,
2850,2025,923682106808.766,Imports of goods and services (current US$),XG,IDA total,Aggregates,Aggregates,Aggregates,,
2851,2024,842235740804.176,Imports of goods and services (current US$),XG,IDA total,Aggregates,Aggregates,Aggregates,,
2852,2023,805179247795.128,Imports of goods and services (current US$),XG,IDA total,Aggregates,Aggregates,Aggregates,,
2853,2022,846858629408.113,Imports of goods and services (current US$),XG,IDA total,Aggregates,Aggregates,Aggregates,,
2854,2021,699716168597.717,Imports of goods and services (current US$),XG,IDA total,Aggregates,Aggregates,Aggregates,,
2855,2020,572863295564.075,Imports of goods and services (current US$),XG,IDA total,Aggregates,Aggregates,Aggregates,,
2856,2019,647027276028.397,Imports of goods and services (current US$),XG,IDA total,Aggregates,Aggregates,Aggregates,,
2857,2018,650428201513.59,Imports of goods and services (current US$),XG,IDA total,Aggregates,Aggregates,Aggregates,,
2858,2017,578381812790.947,Imports of goods and services (current US$),XG,IDA total,Aggregates,Aggregates,Aggregates,,
2859,2016,523751487113.122,Imports of goods and services (current US$),XG,IDA total,Aggregates,Aggregates,Aggregates,,
2860,2025,8490827147042.33,Imports of goods and services (current US$),V3,Late-demographic dividend,Aggregates,Aggregates,Aggregates,,
2861,2024,8030666021798.13,Imports of goods and services (current US$),V3,Late-demographic dividend,Aggregates,Aggregates,Aggregates,,
2862,2023,7634719237914.36,Imports of goods and services (current US$),V3,Late-demographic dividend,Aggregates,Aggregates,Aggregates,,
2863,2022,7581298736991.1,Imports of goods and services (current US$),V3,Late-demographic dividend,Aggregates,Aggregates,Aggregates,,
2864,2021,7022950250973.14,Imports of goods and services (current US$),V3,Late-demographic dividend,Aggregates,Aggregates,Aggregates,,
2865,2020,5637373172312.49,Imports of goods and services (current US$),V3,Late-demographic dividend,Aggregates,Aggregates,Aggregates,,
2866,2019,6049230518482.01,Imports of goods and services (current US$),V3,Late-demographic dividend,Aggregates,Aggregates,Aggregates,,
2867,2018,5943259457411.93,Imports of goods and services (current US$),V3,Late-demographic dividend,Aggregates,Aggregates,Aggregates,,
2868,2017,5300539042929.63,Imports of goods and services (current US$),V3,Late-demographic dividend,Aggregates,Aggregates,Aggregates,,
2869,2016,4707169073571.32,Imports of goods and services (current US$),V3,Late-demographic dividend,Aggregates,Aggregates,Aggregates,,
2870,2025,1954827596596.67,Imports of goods and services (current US$),ZJ,Latin America & Caribbean,Aggregates,Aggregates,Aggregates,,
2871,2024,1834923152603.81,Imports of goods and services (current US$),ZJ,Latin America & Caribbean,Aggregates,Aggregates,Aggregates,,
2872,2023,1765932016560.67,Imports of goods and services (current US$),ZJ,Latin America & Caribbean,Aggregates,Aggregates,Aggregates,,
2873,2022,1843388436944.76,Imports of goods and services (current US$),ZJ,Latin America & Caribbean,Aggregates,Aggregates,Aggregates,,
2874,2021,1517723377793.24,Imports of goods and services (current US$),ZJ,Latin America & Caribbean,Aggregates,Aggregates,Aggregates,,
2875,2020,1130328392319.12,Imports of goods and services (current US$),ZJ,Latin America & Caribbean,Aggregates,Aggregates,Aggregates,,
2876,2019,1369639233374.71,Imports of goods and services (current US$),ZJ,Latin America & Caribbean,Aggregates,Aggregates,Aggregates,,
2877,2018,1406667702554.46,Imports of goods and services (current US$),ZJ,Latin America & Caribbean,Aggregates,Aggregates,Aggregates,,
2878,2017,1288586799169.63,Imports of goods and services (current US$),ZJ,Latin America & Caribbean,Aggregates,Aggregates,Aggregates,,
2879,2016,1176268281929.59,Imports of goods and services (current US$),ZJ,Latin America & Caribbean,Aggregates,Aggregates,Aggregates,,
2880,2025,1649813653064.65,Imports of goods and services (current US$),XJ,Latin America & Caribbean (excluding high income),Aggregates,Aggregates,Aggregates,,
2881,2024,1549503027940.4,Imports of goods and services (current US$),XJ,Latin America & Caribbean (excluding high income),Aggregates,Aggregates,Aggregates,,
2882,2023,1479081533667.05,Imports of goods and services (current US$),XJ,Latin America & Caribbean (excluding high income),Aggregates,Aggregates,Aggregates,,
2883,2022,1544183606489.37,Imports of goods and services (current US$),XJ,Latin America & Caribbean (excluding high income),Aggregates,Aggregates,Aggregates,,
2884,2021,1267141077299.81,Imports of goods and services (current US$),XJ,Latin America & Caribbean (excluding high income),Aggregates,Aggregates,Aggregates,,
2885,2020,941479261038.562,Imports of goods and services (current US$),XJ,Latin America & Caribbean (excluding high income),Aggregates,Aggregates,Aggregates,,
2886,2019,1139954621784.56,Imports of goods and services (current US$),XJ,Latin America & Caribbean (excluding high income),Aggregates,Aggregates,Aggregates,,
2887,2018,1172158657096.51,Imports of goods and services (current US$),XJ,Latin America & Caribbean (excluding high income),Aggregates,Aggregates,Aggregates,,
2888,2017,1073077764674.83,Imports of goods and services (current US$),XJ,Latin America & Caribbean (excluding high income),Aggregates,Aggregates,Aggregates,,
2889,2016,977352085835.214,Imports of goods and services (current US$),XJ,Latin America & Caribbean (excluding high income),Aggregates,Aggregates,Aggregates,,
2890,2025,1858078789817.98,Imports of goods and services (current US$),T2,Latin America & the Caribbean (IDA & IBRD countries),Aggregates,Aggregates,Aggregates,,
2891,2024,1743100619221.05,Imports of goods and services (current US$),T2,Latin America & the Caribbean (IDA & IBRD countries),Aggregates,Aggregates,Aggregates,,
2892,2023,1673198898845.51,Imports of goods and services (current US$),T2,Latin America & the Caribbean (IDA & IBRD countries),Aggregates,Aggregates,Aggregates,,
2893,2022,1755011028466.5,Imports of goods and services (current US$),T2,Latin America & the Caribbean (IDA & IBRD countries),Aggregates,Aggregates,Aggregates,,
2894,2021,1442881281592.38,Imports of goods and services (current US$),T2,Latin America & the Caribbean (IDA & IBRD countries),Aggregates,Aggregates,Aggregates,,
2895,2020,1063355992420.31,Imports of goods and services (current US$),T2,Latin America & the Caribbean (IDA & IBRD countries),Aggregates,Aggregates,Aggregates,,
2896,2019,1291027830736.93,Imports of goods and services (current US$),T2,Latin America & the Caribbean (IDA & IBRD countries),Aggregates,Aggregates,Aggregates,,
2897,2018,1329311523872.58,Imports of goods and services (current US$),T2,Latin America & the Caribbean (IDA & IBRD countries),Aggregates,Aggregates,Aggregates,,
2898,2017,1214704408906.54,Imports of goods and services (current US$),T2,Latin America & the Caribbean (IDA & IBRD countries),Aggregates,Aggregates,Aggregates,,
2899,2016,1107172081702.48,Imports of goods and services (current US$),T2,Latin America & the Caribbean (IDA & IBRD countries),Aggregates,Aggregates,Aggregates,,
2900,2025,471390416178.846,Imports of goods and services (current US$),XL,Least developed countries: UN classification,Aggregates,Aggregates,Aggregates,,
2901,2024,440832565756.549,Imports of goods and services (current US$),XL,Least developed countries: UN classification,Aggregates,Aggregates,Aggregates,,
2902,2023,430286743430.453,Imports of goods and services (current US$),XL,Least developed countries: UN classification,Aggregates,Aggregates,Aggregates,,
2903,2022,459359199592.119,Imports of goods and services (current US$),XL,Least developed countries: UN classification,Aggregates,Aggregates,Aggregates,,
2904,2021,373113689270.181,Imports of goods and services (current US$),XL,Least developed countries: UN classification,Aggregates,Aggregates,Aggregates,,
2905,2020,310442166878.86,Imports of goods and services (current US$),XL,Least developed countries: UN classification,Aggregates,Aggregates,Aggregates,,
2906,2019,339584426551.158,Imports of goods and services (current US$),XL,Least developed countries: UN classification,Aggregates,Aggregates,Aggregates,,
2907,2018,337557577257.123,Imports of goods and services (current US$),XL,Least developed countries: UN classification,Aggregates,Aggregates,Aggregates,,
2908,2017,290076395298.081,Imports of goods and services (current US$),XL,Least developed countries: UN classification,Aggregates,Aggregates,Aggregates,,
2909,2016,267943198045.29,Imports of goods and services (current US$),XL,Least developed countries: UN classification,Aggregates,Aggregates,Aggregates,,
2910,2025,10097560770973.0,Imports of goods and services (current US$),XO,Low & middle income,Aggregates,Aggregates,Aggregates,,
2911,2024,9584023212862.22,Imports of goods and services (current US$),XO,Low & middle income,Aggregates,Aggregates,Aggregates,,
2912,2023,9107658543849.09,Imports of goods and services (current US$),XO,Low & middle income,Aggregates,Aggregates,Aggregates,,
2913,2022,9266806183635.51,Imports of goods and services (current US$),XO,Low & middle income,Aggregates,Aggregates,Aggregates,,
2914,2021,8260316082721.72,Imports of goods and services (current US$),XO,Low & middle income,Aggregates,Aggregates,Aggregates,,
2915,2020,6353353053046.65,Imports of goods and services (current US$),XO,Low & middle income,Aggregates,Aggregates,Aggregates,,
2916,2019,7125927640602.53,Imports of goods and services (current US$),XO,Low & middle income,Aggregates,Aggregates,Aggregates,,
2917,2018,7272269476948.09,Imports of goods and services (current US$),XO,Low & middle income,Aggregates,Aggregates,Aggregates,,
2918,2017,6485553783338.52,Imports of goods and services (current US$),XO,Low & middle income,Aggregates,Aggregates,Aggregates,,
2919,2016,5733992968320.03,Imports of goods and services (current US$),XO,Low & middle income,Aggregates,Aggregates,Aggregates,,
2920,2025,217967585997.099,Imports of goods and services (current US$),XM,Low income,Aggregates,Aggregates,Aggregates,,
2921,2024,194700282630.394,Imports of goods and services (current US$),XM,Low income,Aggregates,Aggregates,Aggregates,,
2922,2023,178862072158.646,Imports of goods and services (current US$),XM,Low income,Aggregates,Aggregates,Aggregates,,
2923,2022,184604004276.854,Imports of goods and services (current US$),XM,Low income,Aggregates,Aggregates,Aggregates,,
2924,2021,153008431469.451,Imports of goods and services (current US$),XM,Low income,Aggregates,Aggregates,Aggregates,,
2925,2020,128048948008.782,Imports of goods and services (current US$),XM,Low income,Aggregates,Aggregates,Aggregates,,
2926,2019,140941245818.819,Imports of goods and services (current US$),XM,Low income,Aggregates,Aggregates,Aggregates,,
2927,2018,140766471289.516,Imports of goods and services (current US$),XM,Low income,Aggregates,Aggregates,Aggregates,,
2928,2017,122982282090.013,Imports of goods and services (current US$),XM,Low income,Aggregates,Aggregates,Aggregates,,
2929,2016,118428754564.027,Imports of goods and services (current US$),XM,Low income,Aggregates,Aggregates,Aggregates,,
2930,2025,1920924263691.98,Imports of goods and services (current US$),XN,Lower middle income,Aggregates,Aggregates,Aggregates,,
2931,2024,1781722192117.79,Imports of goods and services (current US$),XN,Lower middle income,Aggregates,Aggregates,Aggregates,,
2932,2023,1695386687115.27,Imports of goods and services (current US$),XN,Lower middle income,Aggregates,Aggregates,Aggregates,,
2933,2022,1787808088324.12,Imports of goods and services (current US$),XN,Lower middle income,Aggregates,Aggregates,Aggregates,,
2934,2021,1506540787609.56,Imports of goods and services (current US$),XN,Lower middle income,Aggregates,Aggregates,Aggregates,,
2935,2020,1111670696452.34,Imports of goods and services (current US$),XN,Lower middle income,Aggregates,Aggregates,Aggregates,,
2936,2019,1296179863212.57,Imports of goods and services (current US$),XN,Lower middle income,Aggregates,Aggregates,Aggregates,,
2937,2018,1347165158657.41,Imports of goods and services (current US$),XN,Lower middle income,Aggregates,Aggregates,Aggregates,,
2938,2017,1219133639269.24,Imports of goods and services (current US$),XN,Lower middle income,Aggregates,Aggregates,Aggregates,,
2939,2016,1053896574987.35,Imports of goods and services (current US$),XN,Lower middle income,Aggregates,Aggregates,Aggregates,,
2940,2025,,Imports of goods and services (current US$),ZQ,"Middle East, North Africa, Afghanistan & Pakistan",Aggregates,Aggregates,Aggregates,,
2941,2024,1957322615440.35,Imports of goods and services (current US$),ZQ,"Middle East, North Africa, Afghanistan & Pakistan",Aggregates,Aggregates,Aggregates,,
2942,2023,1801089089874.5,Imports of goods and services (current US$),ZQ,"Middle East, North Africa, Afghanistan & Pakistan",Aggregates,Aggregates,Aggregates,,
2943,2022,1706826320707.35,Imports of goods and services (current US$),ZQ,"Middle East, North Africa, Afghanistan & Pakistan",Aggregates,Aggregates,Aggregates,,
2944,2021,1394972864946.74,Imports of goods and services (current US$),ZQ,"Middle East, North Africa, Afghanistan & Pakistan",Aggregates,Aggregates,Aggregates,,
2945,2020,1201923932489.86,Imports of goods and services (current US$),ZQ,"Middle East, North Africa, Afghanistan & Pakistan",Aggregates,Aggregates,Aggregates,,
2946,2019,1383054912360.97,Imports of goods and services (current US$),ZQ,"Middle East, North Africa, Afghanistan & Pakistan",Aggregates,Aggregates,Aggregates,,
2947,2018,1367600177804.79,Imports of goods and services (current US$),ZQ,"Middle East, North Africa, Afghanistan & Pakistan",Aggregates,Aggregates,Aggregates,,
2948,2017,1291227478122.79,Imports of goods and services (current US$),ZQ,"Middle East, North Africa, Afghanistan & Pakistan",Aggregates,Aggregates,Aggregates,,
2949,2016,1212855025987.78,Imports of goods and services (current US$),ZQ,"Middle East, North Africa, Afghanistan & Pakistan",Aggregates,Aggregates,Aggregates,,
2950,2025,745540511675.545,Imports of goods and services (current US$),XQ,"Middle East, North Africa, Afghanistan & Pakistan (excluding high income)",Aggregates,Aggregates,Aggregates,,
2951,2024,690782052031.418,Imports of goods and services (current US$),XQ,"Middle East, North Africa, Afghanistan & Pakistan (excluding high income)",Aggregates,Aggregates,Aggregates,,
2952,2023,620621525253.134,Imports of goods and services (current US$),XQ,"Middle East, North Africa, Afghanistan & Pakistan (excluding high income)",Aggregates,Aggregates,Aggregates,,
2953,2022,631306235001.821,Imports of goods and services (current US$),XQ,"Middle East, North Africa, Afghanistan & Pakistan (excluding high income)",Aggregates,Aggregates,Aggregates,,
2954,2021,512758946949.252,Imports of goods and services (current US$),XQ,"Middle East, North Africa, Afghanistan & Pakistan (excluding high income)",Aggregates,Aggregates,Aggregates,,
2955,2020,444189398301.925,Imports of goods and services (current US$),XQ,"Middle East, North Africa, Afghanistan & Pakistan (excluding high income)",Aggregates,Aggregates,Aggregates,,
2956,2019,550387242956.255,Imports of goods and services (current US$),XQ,"Middle East, North Africa, Afghanistan & Pakistan (excluding high income)",Aggregates,Aggregates,Aggregates,,
2957,2018,560577192860.572,Imports of goods and services (current US$),XQ,"Middle East, North Africa, Afghanistan & Pakistan (excluding high income)",Aggregates,Aggregates,Aggregates,,
2958,2017,515749655106.45,Imports of goods and services (current US$),XQ,"Middle East, North Africa, Afghanistan & Pakistan (excluding high income)",Aggregates,Aggregates,Aggregates,,
2959,2016,471583044327.294,Imports of goods and services (current US$),XQ,"Middle East, North Africa, Afghanistan & Pakistan (excluding high income)",Aggregates,Aggregates,Aggregates,,
2960,2025,736579105958.827,Imports of goods and services (current US$),T3,"Middle East, North Africa, Afghanistan & Pakistan (IDA & IBRD)",Aggregates,Aggregates,Aggregates,,
2961,2024,682568404367.294,Imports of goods and services (current US$),T3,"Middle East, North Africa, Afghanistan & Pakistan (IDA & IBRD)",Aggregates,Aggregates,Aggregates,,
2962,2023,609562842015.173,Imports of goods and services (current US$),T3,"Middle East, North Africa, Afghanistan & Pakistan (IDA & IBRD)",Aggregates,Aggregates,Aggregates,,
2963,2022,618944165786.496,Imports of goods and services (current US$),T3,"Middle East, North Africa, Afghanistan & Pakistan (IDA & IBRD)",Aggregates,Aggregates,Aggregates,,
2964,2021,502572085834.472,Imports of goods and services (current US$),T3,"Middle East, North Africa, Afghanistan & Pakistan (IDA & IBRD)",Aggregates,Aggregates,Aggregates,,
2965,2020,436082567077.776,Imports of goods and services (current US$),T3,"Middle East, North Africa, Afghanistan & Pakistan (IDA & IBRD)",Aggregates,Aggregates,Aggregates,,
2966,2019,541238089350.323,Imports of goods and services (current US$),T3,"Middle East, North Africa, Afghanistan & Pakistan (IDA & IBRD)",Aggregates,Aggregates,Aggregates,,
2967,2018,551589743693.477,Imports of goods and services (current US$),T3,"Middle East, North Africa, Afghanistan & Pakistan (IDA & IBRD)",Aggregates,Aggregates,Aggregates,,
2968,2017,507264247757.957,Imports of goods and services (current US$),T3,"Middle East, North Africa, Afghanistan & Pakistan (IDA & IBRD)",Aggregates,Aggregates,Aggregates,,
2969,2016,463720648641.704,Imports of goods and services (current US$),T3,"Middle East, North Africa, Afghanistan & Pakistan (IDA & IBRD)",Aggregates,Aggregates,Aggregates,,
2970,2025,9882995074658.74,Imports of goods and services (current US$),XP,Middle income,Aggregates,Aggregates,Aggregates,,
2971,2024,9390211462157.51,Imports of goods and services (current US$),XP,Middle income,Aggregates,Aggregates,Aggregates,,
2972,2023,8928705429765.39,Imports of goods and services (current US$),XP,Middle income,Aggregates,Aggregates,Aggregates,,
2973,2022,9082507686319.49,Imports of goods and services (current US$),XP,Middle income,Aggregates,Aggregates,Aggregates,,
2974,2021,8106257937447.71,Imports of goods and services (current US$),XP,Middle income,Aggregates,Aggregates,Aggregates,,
2975,2020,6225362628109.86,Imports of goods and services (current US$),XP,Middle income,Aggregates,Aggregates,Aggregates,,
2976,2019,6984670402977.0,Imports of goods and services (current US$),XP,Middle income,Aggregates,Aggregates,Aggregates,,
2977,2018,7130743238796.41,Imports of goods and services (current US$),XP,Middle income,Aggregates,Aggregates,Aggregates,,
2978,2017,6361529755148.03,Imports of goods and services (current US$),XP,Middle income,Aggregates,Aggregates,Aggregates,,
2979,2016,5616259695669.16,Imports of goods and services (current US$),XP,Middle income,Aggregates,Aggregates,Aggregates,,
2980,2025,,Imports of goods and services (current US$),XU,North America,Aggregates,Aggregates,Aggregates,,
2981,2024,4857366085715.74,Imports of goods and services (current US$),XU,North America,Aggregates,Aggregates,Aggregates,,
2982,2023,4591988403300.12,Imports of goods and services (current US$),XU,North America,Aggregates,Aggregates,Aggregates,,
2983,2022,4707705450744.08,Imports of goods and services (current US$),XU,North America,Aggregates,Aggregates,Aggregates,,
2984,2021,4048143113999.21,Imports of goods and services (current US$),XU,North America,Aggregates,Aggregates,Aggregates,,
2985,2020,3308579084557.22,Imports of goods and services (current US$),XU,North America,Aggregates,Aggregates,Aggregates,,
2986,2019,3708304240631.38,Imports of goods and services (current US$),XU,North America,Aggregates,Aggregates,Aggregates,,
2987,2018,3724397899767.31,Imports of goods and services (current US$),XU,North America,Aggregates,Aggregates,Aggregates,,
2988,2017,3488215398425.45,Imports of goods and services (current US$),XU,North America,Aggregates,Aggregates,Aggregates,,
2989,2016,3257841961626.09,Imports of goods and services (current US$),XU,North America,Aggregates,Aggregates,Aggregates,,
2990,2025,,Imports of goods and services (current US$),XY,Not classified,Aggregates,Aggregates,Aggregates,,
2991,2024,,Imports of goods and services (current US$),XY,Not classified,Aggregates,Aggregates,Aggregates,,
2992,2023,,Imports of goods and services (current US$),XY,Not classified,Aggregates,Aggregates,Aggregates,,
2993,2022,,Imports of goods and services (current US$),XY,Not classified,Aggregates,Aggregates,Aggregates,,
2994,2021,,Imports of goods and services (current US$),XY,Not classified,Aggregates,Aggregates,Aggregates,,
2995,2020,,Imports of goods and services (current US$),XY,Not classified,Aggregates,Aggregates,Aggregates,,
2996,2019,,Imports of goods and services (current US$),XY,Not classified,Aggregates,Aggregates,Aggregates,,
2997,2018,,Imports of goods and services (current US$),XY,Not classified,Aggregates,Aggregates,Aggregates,,
2998,2017,,Imports of goods and services (current US$),XY,Not classified,Aggregates,Aggregates,Aggregates,,
2999,2016,,Imports of goods and services (current US$),XY,Not classified,Aggregates,Aggregates,Aggregates,,
3000,2025,20551079820463.8,Imports of goods and services (current US$),OE,OECD members,Aggregates,Aggregates,Aggregates,,
3001,2024,19044674637289.3,Imports of goods and services (current US$),OE,OECD members,Aggregates,Aggregates,Aggregates,,
3002,2023,18715398449546.4,Imports of goods and services (current US$),OE,OECD members,Aggregates,Aggregates,Aggregates,,
3003,2022,19074021994354.0,Imports of goods and services (current US$),OE,OECD members,Aggregates,Aggregates,Aggregates,,
3004,2021,16555994654700.7,Imports of goods and services (current US$),OE,OECD members,Aggregates,Aggregates,Aggregates,,
3005,2020,13560771808309.7,Imports of goods and services (current US$),OE,OECD members,Aggregates,Aggregates,Aggregates,,
3006,2019,15037120162945.2,Imports of goods and services (current US$),OE,OECD members,Aggregates,Aggregates,Aggregates,,
3007,2018,15186890288003.9,Imports of goods and services (current US$),OE,OECD members,Aggregates,Aggregates,Aggregates,,
3008,2017,13877812157581.1,Imports of goods and services (current US$),OE,OECD members,Aggregates,Aggregates,Aggregates,,
3009,2016,12727754391231.1,Imports of goods and services (current US$),OE,OECD members,Aggregates,Aggregates,Aggregates,,
3010,2025,169328246900.281,Imports of goods and services (current US$),S4,Other small states,Aggregates,Aggregates,Aggregates,,
3011,2024,156867422327.456,Imports of goods and services (current US$),S4,Other small states,Aggregates,Aggregates,Aggregates,,
3012,2023,149877540848.873,Imports of goods and services (current US$),S4,Other small states,Aggregates,Aggregates,Aggregates,,
3013,2022,148598982641.985,Imports of goods and services (current US$),S4,Other small states,Aggregates,Aggregates,Aggregates,,
3014,2021,126716617218.825,Imports of goods and services (current US$),S4,Other small states,Aggregates,Aggregates,Aggregates,,
3015,2020,100178387792.923,Imports of goods and services (current US$),S4,Other small states,Aggregates,Aggregates,Aggregates,,
3016,2019,108057374953.384,Imports of goods and services (current US$),S4,Other small states,Aggregates,Aggregates,Aggregates,,
3017,2018,106872841472.878,Imports of goods and services (current US$),S4,Other small states,Aggregates,Aggregates,Aggregates,,
3018,2017,94436353381.7013,Imports of goods and services (current US$),S4,Other small states,Aggregates,Aggregates,Aggregates,,
3019,2016,83022706771.8184,Imports of goods and services (current US$),S4,Other small states,Aggregates,Aggregates,Aggregates,,
3020,2025,,Imports of goods and services (current US$),S2,Pacific island small states,Aggregates,Aggregates,Aggregates,,
3021,2024,7972511178.54225,Imports of goods and services (current US$),S2,Pacific island small states,Aggregates,Aggregates,Aggregates,,
3022,2023,7559006684.81802,Imports of goods and services (current US$),S2,Pacific island small states,Aggregates,Aggregates,Aggregates,,
3023,2022,6801393231.88074,Imports of goods and services (current US$),S2,Pacific island small states,Aggregates,Aggregates,Aggregates,,
3024,2021,5156535646.90932,Imports of goods and services (current US$),S2,Pacific island small states,Aggregates,Aggregates,Aggregates,,
3025,2020,4686019420.11067,Imports of goods and services (current US$),S2,Pacific island small states,Aggregates,Aggregates,Aggregates,,
3026,2019,6439851920.98571,Imports of goods and services (current US$),S2,Pacific island small states,Aggregates,Aggregates,Aggregates,,
3027,2018,6133581122.58842,Imports of goods and services (current US$),S2,Pacific island small states,Aggregates,Aggregates,Aggregates,,
3028,2017,5586195989.63762,Imports of goods and services (current US$),S2,Pacific island small states,Aggregates,Aggregates,Aggregates,,
3029,2016,5232392287.73869,Imports of goods and services (current US$),S2,Pacific island small states,Aggregates,Aggregates,Aggregates,,
3030,2025,19675342557390.4,Imports of goods and services (current US$),V4,Post-demographic dividend,Aggregates,Aggregates,Aggregates,,
3031,2024,18220302749301.3,Imports of goods and services (current US$),V4,Post-demographic dividend,Aggregates,Aggregates,Aggregates,,
3032,2023,17822037561744.7,Imports of goods and services (current US$),V4,Post-demographic dividend,Aggregates,Aggregates,Aggregates,,
3033,2022,18195962697008.4,Imports of goods and services (current US$),V4,Post-demographic dividend,Aggregates,Aggregates,Aggregates,,
3034,2021,15986284195892.5,Imports of goods and services (current US$),V4,Post-demographic dividend,Aggregates,Aggregates,Aggregates,,
3035,2020,13072110001585.7,Imports of goods and services (current US$),V4,Post-demographic dividend,Aggregates,Aggregates,Aggregates,,
3036,2019,14505514283860.3,Imports of goods and services (current US$),V4,Post-demographic dividend,Aggregates,Aggregates,Aggregates,,
3037,2018,14791871051192.0,Imports of goods and services (current US$),V4,Post-demographic dividend,Aggregates,Aggregates,Aggregates,,
3038,2017,13493495107304.5,Imports of goods and services (current US$),V4,Post-demographic dividend,Aggregates,Aggregates,Aggregates,,
3039,2016,12374995710161.0,Imports of goods and services (current US$),V4,Post-demographic dividend,Aggregates,Aggregates,Aggregates,,
3040,2025,517081670941.096,Imports of goods and services (current US$),V1,Pre-demographic dividend,Aggregates,Aggregates,Aggregates,,
3041,2024,476873738760.628,Imports of goods and services (current US$),V1,Pre-demographic dividend,Aggregates,Aggregates,Aggregates,,
3042,2023,431095627886.113,Imports of goods and services (current US$),V1,Pre-demographic dividend,Aggregates,Aggregates,Aggregates,,
3043,2022,417343090342.437,Imports of goods and services (current US$),V1,Pre-demographic dividend,Aggregates,Aggregates,Aggregates,,
3044,2021,336243857388.296,Imports of goods and services (current US$),V1,Pre-demographic dividend,Aggregates,Aggregates,Aggregates,,
3045,2020,292913720918.587,Imports of goods and services (current US$),V1,Pre-demographic dividend,Aggregates,Aggregates,Aggregates,,
3046,2019,337572143275.571,Imports of goods and services (current US$),V1,Pre-demographic dividend,Aggregates,Aggregates,Aggregates,,
3047,2018,323680751794.798,Imports of goods and services (current US$),V1,Pre-demographic dividend,Aggregates,Aggregates,Aggregates,,
3048,2017,282548238427.093,Imports of goods and services (current US$),V1,Pre-demographic dividend,Aggregates,Aggregates,Aggregates,,
3049,2016,264450350666.588,Imports of goods and services (current US$),V1,Pre-demographic dividend,Aggregates,Aggregates,Aggregates,,
3050,2025,236830030876.141,Imports of goods and services (current US$),S1,Small states,Aggregates,Aggregates,Aggregates,,
3051,2024,219556520468.581,Imports of goods and services (current US$),S1,Small states,Aggregates,Aggregates,Aggregates,,
3052,2023,209142529198.515,Imports of goods and services (current US$),S1,Small states,Aggregates,Aggregates,Aggregates,,
3053,2022,205910177042.587,Imports of goods and services (current US$),S1,Small states,Aggregates,Aggregates,Aggregates,,
3054,2021,174457808615.397,Imports of goods and services (current US$),S1,Small states,Aggregates,Aggregates,Aggregates,,
3055,2020,138027130710.306,Imports of goods and services (current US$),S1,Small states,Aggregates,Aggregates,Aggregates,,
3056,2019,152790942144.668,Imports of goods and services (current US$),S1,Small states,Aggregates,Aggregates,Aggregates,,
3057,2018,151067730709.726,Imports of goods and services (current US$),S1,Small states,Aggregates,Aggregates,Aggregates,,
3058,2017,134246071223.035,Imports of goods and services (current US$),S1,Small states,Aggregates,Aggregates,Aggregates,,
3059,2016,118792653230.103,Imports of goods and services (current US$),S1,Small states,Aggregates,Aggregates,Aggregates,,
3060,2025,1074229317752.79,Imports of goods and services (current US$),8S,South Asia,Aggregates,Aggregates,Aggregates,,
3061,2024,1014029776810.6,Imports of goods and services (current US$),8S,South Asia,Aggregates,Aggregates,Aggregates,,
3062,2023,956983665236.468,Imports of goods and services (current US$),8S,South Asia,Aggregates,Aggregates,Aggregates,,
3063,2022,1005209907052.86,Imports of goods and services (current US$),8S,South Asia,Aggregates,Aggregates,Aggregates,,
3064,2021,872290064005.162,Imports of goods and services (current US$),8S,South Asia,Aggregates,Aggregates,Aggregates,,
3065,2020,602619491723.478,Imports of goods and services (current US$),8S,South Asia,Aggregates,Aggregates,Aggregates,,
3066,2019,711299013191.487,Imports of goods and services (current US$),8S,South Asia,Aggregates,Aggregates,Aggregates,,
3067,2018,749716955911.814,Imports of goods and services (current US$),8S,South Asia,Aggregates,Aggregates,Aggregates,,
3068,2017,673313760916.69,Imports of goods and services (current US$),8S,South Asia,Aggregates,Aggregates,Aggregates,,
3069,2016,562495109326.297,Imports of goods and services (current US$),8S,South Asia,Aggregates,Aggregates,Aggregates,,
3070,2025,1074229317752.79,Imports of goods and services (current US$),T5,South Asia (IDA & IBRD),Aggregates,Aggregates,Aggregates,,
3071,2024,1014029776810.6,Imports of goods and services (current US$),T5,South Asia (IDA & IBRD),Aggregates,Aggregates,Aggregates,,
3072,2023,956983665236.468,Imports of goods and services (current US$),T5,South Asia (IDA & IBRD),Aggregates,Aggregates,Aggregates,,
3073,2022,1005209907052.86,Imports of goods and services (current US$),T5,South Asia (IDA & IBRD),Aggregates,Aggregates,Aggregates,,
3074,2021,872290064005.162,Imports of goods and services (current US$),T5,South Asia (IDA & IBRD),Aggregates,Aggregates,Aggregates,,
3075,2020,602619491723.478,Imports of goods and services (current US$),T5,South Asia (IDA & IBRD),Aggregates,Aggregates,Aggregates,,
3076,2019,711299013191.487,Imports of goods and services (current US$),T5,South Asia (IDA & IBRD),Aggregates,Aggregates,Aggregates,,
3077,2018,749716955911.814,Imports of goods and services (current US$),T5,South Asia (IDA & IBRD),Aggregates,Aggregates,Aggregates,,
3078,2017,673313760916.69,Imports of goods and services (current US$),T5,South Asia (IDA & IBRD),Aggregates,Aggregates,Aggregates,,
3079,2016,562495109326.297,Imports of goods and services (current US$),T5,South Asia (IDA & IBRD),Aggregates,Aggregates,Aggregates,,
3080,2025,616444170436.135,Imports of goods and services (current US$),ZG,Sub-Saharan Africa,Aggregates,Aggregates,Aggregates,,
3081,2024,569779471010.636,Imports of goods and services (current US$),ZG,Sub-Saharan Africa,Aggregates,Aggregates,Aggregates,,
3082,2023,557598620343.691,Imports of goods and services (current US$),ZG,Sub-Saharan Africa,Aggregates,Aggregates,Aggregates,,
3083,2022,567333411777.5,Imports of goods and services (current US$),ZG,Sub-Saharan Africa,Aggregates,Aggregates,Aggregates,,
3084,2021,477171353730.083,Imports of goods and services (current US$),ZG,Sub-Saharan Africa,Aggregates,Aggregates,Aggregates,,
3085,2020,383085794801.86,Imports of goods and services (current US$),ZG,Sub-Saharan Africa,Aggregates,Aggregates,Aggregates,,
3086,2019,445490119470.385,Imports of goods and services (current US$),ZG,Sub-Saharan Africa,Aggregates,Aggregates,Aggregates,,
3087,2018,456659507979.942,Imports of goods and services (current US$),ZG,Sub-Saharan Africa,Aggregates,Aggregates,Aggregates,,
3088,2017,420272890642.458,Imports of goods and services (current US$),ZG,Sub-Saharan Africa,Aggregates,Aggregates,Aggregates,,
3089,2016,383749490683.0,Imports of goods and services (current US$),ZG,Sub-Saharan Africa,Aggregates,Aggregates,Aggregates,,
3090,2025,614147336287.555,Imports of goods and services (current US$),ZF,Sub-Saharan Africa (excluding high income),Aggregates,Aggregates,Aggregates,,
3091,2024,567553913304.38,Imports of goods and services (current US$),ZF,Sub-Saharan Africa (excluding high income),Aggregates,Aggregates,Aggregates,,
3092,2023,555353953289.362,Imports of goods and services (current US$),ZF,Sub-Saharan Africa (excluding high income),Aggregates,Aggregates,Aggregates,,
3093,2022,565235554443.792,Imports of goods and services (current US$),ZF,Sub-Saharan Africa (excluding high income),Aggregates,Aggregates,Aggregates,,
3094,2021,475584719167.832,Imports of goods and services (current US$),ZF,Sub-Saharan Africa (excluding high income),Aggregates,Aggregates,Aggregates,,
3095,2020,381850862855.617,Imports of goods and services (current US$),ZF,Sub-Saharan Africa (excluding high income),Aggregates,Aggregates,Aggregates,,
3096,2019,443705528213.66,Imports of goods and services (current US$),ZF,Sub-Saharan Africa (excluding high income),Aggregates,Aggregates,Aggregates,,
3097,2018,454811438362.978,Imports of goods and services (current US$),ZF,Sub-Saharan Africa (excluding high income),Aggregates,Aggregates,Aggregates,,
3098,2017,418440852507.831,Imports of goods and services (current US$),ZF,Sub-Saharan Africa (excluding high income),Aggregates,Aggregates,Aggregates,,
3099,2016,382175711600.136,Imports of goods and services (current US$),ZF,Sub-Saharan Africa (excluding high income),Aggregates,Aggregates,Aggregates,,
3100,2025,616444170436.135,Imports of goods and services (current US$),T6,Sub-Saharan Africa (IDA & IBRD countries),Aggregates,Aggregates,Aggregates,,
3101,2024,569779471010.635,Imports of goods and services (current US$),T6,Sub-Saharan Africa (IDA & IBRD countries),Aggregates,Aggregates,Aggregates,,
3102,2023,557598620343.69,Imports of goods and services (current US$),T6,Sub-Saharan Africa (IDA & IBRD countries),Aggregates,Aggregates,Aggregates,,
3103,2022,567333411777.5,Imports of goods and services (current US$),T6,Sub-Saharan Africa (IDA & IBRD countries),Aggregates,Aggregates,Aggregates,,
3104,2021,477171353730.083,Imports of goods and services (current US$),T6,Sub-Saharan Africa (IDA & IBRD countries),Aggregates,Aggregates,Aggregates,,
3105,2020,383085794801.86,Imports of goods and services (current US$),T6,Sub-Saharan Africa (IDA & IBRD countries),Aggregates,Aggregates,Aggregates,,
3106,2019,445490119470.385,Imports of goods and services (current US$),T6,Sub-Saharan Africa (IDA & IBRD countries),Aggregates,Aggregates,Aggregates,,
3107,2018,456659507979.942,Imports of goods and services (current US$),T6,Sub-Saharan Africa (IDA & IBRD countries),Aggregates,Aggregates,Aggregates,,
3108,2017,420272890642.458,Imports of goods and services (current US$),T6,Sub-Saharan Africa (IDA & IBRD countries),Aggregates,Aggregates,Aggregates,,
3109,2016,383749490683.0,Imports of goods and services (current US$),T6,Sub-Saharan Africa (IDA & IBRD countries),Aggregates,Aggregates,Aggregates,,
3110,2025,7966402978178.69,Imports of goods and services (current US$),XT,Upper middle income,Aggregates,Aggregates,Aggregates,,
3111,2024,7608806506832.96,Imports of goods and services (current US$),XT,Upper middle income,Aggregates,Aggregates,Aggregates,,
3112,2023,7233705116095.2,Imports of goods and services (current US$),XT,Upper middle income,Aggregates,Aggregates,Aggregates,,
3113,2022,7299311659696.71,Imports of goods and services (current US$),XT,Upper middle income,Aggregates,Aggregates,Aggregates,,
3114,2021,6597886972549.59,Imports of goods and services (current US$),XT,Upper middle income,Aggregates,Aggregates,Aggregates,,
3115,2020,5109262663097.13,Imports of goods and services (current US$),XT,Upper middle income,Aggregates,Aggregates,Aggregates,,
3116,2019,5686858399490.06,Imports of goods and services (current US$),XT,Upper middle income,Aggregates,Aggregates,Aggregates,,
3117,2018,5783540819114.92,Imports of goods and services (current US$),XT,Upper middle income,Aggregates,Aggregates,Aggregates,,
3118,2017,5143542514994.01,Imports of goods and services (current US$),XT,Upper middle income,Aggregates,Aggregates,Aggregates,,
3119,2016,4561846184300.87,Imports of goods and services (current US$),XT,Upper middle income,Aggregates,Aggregates,Aggregates,,
3120,2025,33728843548701.2,Imports of goods and services (current US$),1W,World,Aggregates,Aggregates,Aggregates,,
3121,2024,31392679664388.6,Imports of goods and services (current US$),1W,World,Aggregates,Aggregates,Aggregates,,
3122,2023,30377560788066.7,Imports of goods and services (current US$),1W,World,Aggregates,Aggregates,Aggregates,,
3123,2022,30808072350614.2,Imports of goods and services (current US$),1W,World,Aggregates,Aggregates,Aggregates,,
3124,2021,27196401272251.4,Imports of goods and services (current US$),1W,World,Aggregates,Aggregates,Aggregates,,
3125,2020,21926040204088.6,Imports of goods and services (current US$),1W,World,Aggregates,Aggregates,Aggregates,,
3126,2019,24329732406068.1,Imports of goods and services (current US$),1W,World,Aggregates,Aggregates,Aggregates,,
3127,2018,24624869331653.6,Imports of goods and services (current US$),1W,World,Aggregates,Aggregates,Aggregates,,
3128,2017,22381731654106.2,Imports of goods and services (current US$),1W,World,Aggregates,Aggregates,Aggregates,,
3129,2016,20310090150526.4,Imports of goods and services (current US$),1W,World,Aggregates,Aggregates,Aggregates,,
3130,2025,,Imports of goods and services (current US$),AF,Afghanistan,"Middle East, North Africa, Afghanistan & Pakistan",Low income,IDA,69.1761,34.5228
3131,2024,12100101718.794,Imports of goods and services (current US$),AF,Afghanistan,"Middle East, North Africa, Afghanistan & Pakistan",Low income,IDA,69.1761,34.5228
3132,2023,8707211782.63078,Imports of goods and services (current US$),AF,Afghanistan,"Middle East, North Africa, Afghanistan & Pakistan",Low income,IDA,69.1761,34.5228
3133,2022,7901784705.74946,Imports of goods and services (current US$),AF,Afghanistan,"Middle East, North Africa, Afghanistan & Pakistan",Low income,IDA,69.1761,34.5228
3134,2021,5286118076.13403,Imports of goods and services (current US$),AF,Afghanistan,"Middle East, North Africa, Afghanistan & Pakistan",Low income,IDA,69.1761,34.5228
3135,2020,7241822542.17594,Imports of goods and services (current US$),AF,Afghanistan,"Middle East, North Africa, Afghanistan & Pakistan",Low income,IDA,69.1761,34.5228
3136,2019,,Imports of goods and services (current US$),AF,Afghanistan,"Middle East, North Africa, Afghanistan & Pakistan",Low income,IDA,69.1761,34.5228
3137,2018,,Imports of goods and services (current US$),AF,Afghanistan,"Middle East, North Africa, Afghanistan & Pakistan",Low income,IDA,69.1761,34.5228
3138,2017,,Imports of goods and services (current US$),AF,Afghanistan,"Middle East, North Africa, Afghanistan & Pakistan",Low income,IDA,69.1761,34.5228
3139,2016,,Imports of goods and services (current US$),AF,Afghanistan,"Middle East, North Africa, Afghanistan & Pakistan",Low income,IDA,69.1761,34.5228
3140,2025,12985289569.4685,Imports of goods and services (current US$),AL,Albania,Europe & Central Asia,Upper middle income,IBRD,19.8172,41.3317
3141,2024,11672014788.1734,Imports of goods and services (current US$),AL,Albania,Europe & Central Asia,Upper middle income,IBRD,19.8172,41.3317
3142,2023,10320565554.1756,Imports of goods and services (current US$),AL,Albania,Europe & Central Asia,Upper middle income,IBRD,19.8172,41.3317
3143,2022,9033376424.81865,Imports of goods and services (current US$),AL,Albania,Europe & Central Asia,Upper middle income,IBRD,19.8172,41.3317
3144,2021,8016544325.73416,Imports of goods and services (current US$),AL,Albania,Europe & Central Asia,Upper middle income,IBRD,19.8172,41.3317
3145,2020,5636282433.50207,Imports of goods and services (current US$),AL,Albania,Europe & Central Asia,Upper middle income,IBRD,19.8172,41.3317
3146,2019,6926959712.72243,Imports of goods and services (current US$),AL,Albania,Europe & Central Asia,Upper middle income,IBRD,19.8172,41.3317
3147,2018,6856194783.87124,Imports of goods and services (current US$),AL,Albania,Europe & Central Asia,Upper middle income,IBRD,19.8172,41.3317
3148,2017,6070375896.83265,Imports of goods and services (current US$),AL,Albania,Europe & Central Asia,Upper middle income,IBRD,19.8172,41.3317
3149,2016,5436220772.90211,Imports of goods and services (current US$),AL,Albania,Europe & Central Asia,Upper middle income,IBRD,19.8172,41.3317
3150,2025,63560679353.9121,Imports of goods and services (current US$),DZ,Algeria,"Middle East, North Africa, Afghanistan & Pakistan",Upper middle income,IBRD,3.05097,36.7397
3151,2024,54624467791.6853,Imports of goods and services (current US$),DZ,Algeria,"Middle East, North Africa, Afghanistan & Pakistan",Upper middle income,IBRD,3.05097,36.7397
3152,2023,49460165881.4301,Imports of goods and services (current US$),DZ,Algeria,"Middle East, North Africa, Afghanistan & Pakistan",Upper middle income,IBRD,3.05097,36.7397
3153,2022,46015346669.8381,Imports of goods and services (current US$),DZ,Algeria,"Middle East, North Africa, Afghanistan & Pakistan",Upper middle income,IBRD,3.05097,36.7397
3154,2021,43564492197.796,Imports of goods and services (current US$),DZ,Algeria,"Middle East, North Africa, Afghanistan & Pakistan",Upper middle income,IBRD,3.05097,36.7397
3155,2020,40978554435.8274,Imports of goods and services (current US$),DZ,Algeria,"Middle East, North Africa, Afghanistan & Pakistan",Upper middle income,IBRD,3.05097,36.7397
3156,2019,50490845023.6565,Imports of goods and services (current US$),DZ,Algeria,"Middle East, North Africa, Afghanistan & Pakistan",Upper middle income,IBRD,3.05097,36.7397
3157,2018,56446212848.1077,Imports of goods and services (current US$),DZ,Algeria,"Middle East, North Africa, Afghanistan & Pakistan",Upper middle income,IBRD,3.05097,36.7397
3158,2017,55990439549.8232,Imports of goods and services (current US$),DZ,Algeria,"Middle East, North Africa, Afghanistan & Pakistan",Upper middle income,IBRD,3.05097,36.7397
3159,2016,56532525719.5141,Imports of goods and services (current US$),DZ,Algeria,"Middle East, North Africa, Afghanistan & Pakistan",Upper middle income,IBRD,3.05097,36.7397
3160,2025,,Imports of goods and services (current US$),AS,American Samoa,East Asia & Pacific,High income,Not classified,-170.691,-14.2846
3161,2024,,Imports of goods and services (current US$),AS,American Samoa,East Asia & Pacific,High income,Not classified,-170.691,-14.2846
3162,2023,,Imports of goods and services (current US$),AS,American Samoa,East Asia & Pacific,High income,Not classified,-170.691,-14.2846
3163,2022,677000000.0,Imports of goods and services (current US$),AS,American Samoa,East Asia & Pacific,High income,Not classified,-170.691,-14.2846
3164,2021,694000000.0,Imports of goods and services (current US$),AS,American Samoa,East Asia & Pacific,High income,Not classified,-170.691,-14.2846
3165,2020,686000000.0,Imports of goods and services (current US$),AS,American Samoa,East Asia & Pacific,High income,Not classified,-170.691,-14.2846
3166,2019,614000000.0,Imports of goods and services (current US$),AS,American Samoa,East Asia & Pacific,High income,Not classified,-170.691,-14.2846
3167,2018,662000000.0,Imports of goods and services (current US$),AS,American Samoa,East Asia & Pacific,High income,Not classified,-170.691,-14.2846
3168,2017,626000000.0,Imports of goods and services (current US$),AS,American Samoa,East Asia & Pacific,High income,Not classified,-170.691,-14.2846
3169,2016,639000000.0,Imports of goods and services (current US$),AS,American Samoa,East Asia & Pacific,High income,Not classified,-170.691,-14.2846
3170,2025,,Imports of goods and services (current US$),AD,Andorra,Europe & Central Asia,High income,Not classified,1.5218,42.5075
3171,2024,,Imports of goods and services (current US$),AD,Andorra,Europe & Central Asia,High income,Not classified,1.5218,42.5075
3172,2023,,Imports of goods and services (current US$),AD,Andorra,Europe & Central Asia,High income,Not classified,1.5218,42.5075
3173,2022,,Imports of goods and services (current US$),AD,Andorra,Europe & Central Asia,High income,Not classified,1.5218,42.5075
3174,2021,,Imports of goods and services (current US$),AD,Andorra,Europe & Central Asia,High income,Not classified,1.5218,42.5075
3175,2020,,Imports of goods and services (current US$),AD,Andorra,Europe & Central Asia,High income,Not classified,1.5218,42.5075
3176,2019,,Imports of goods and services (current US$),AD,Andorra,Europe & Central Asia,High income,Not classified,1.5218,42.5075
3177,2018,,Imports of goods and services (current US$),AD,Andorra,Europe & Central Asia,High income,Not classified,1.5218,42.5075
3178,2017,,Imports of goods and services (current US$),AD,Andorra,Europe & Central Asia,High income,Not classified,1.5218,42.5075
3179,2016,,Imports of goods and services (current US$),AD,Andorra,Europe & Central Asia,High income,Not classified,1.5218,42.5075
3180,2025,14256453828.8266,Imports of goods and services (current US$),AO,Angola,Sub-Saharan Africa ,Lower middle income,IBRD,13.242,-8.81155
3181,2024,19553789239.4508,Imports of goods and services (current US$),AO,Angola,Sub-Saharan Africa ,Lower middle income,IBRD,13.242,-8.81155
3182,2023,22202765694.5583,Imports of goods and services (current US$),AO,Angola,Sub-Saharan Africa ,Lower middle income,IBRD,13.242,-8.81155
3183,2022,26319489922.7719,Imports of goods and services (current US$),AO,Angola,Sub-Saharan Africa ,Lower middle income,IBRD,13.242,-8.81155
3184,2021,17564145355.4807,Imports of goods and services (current US$),AO,Angola,Sub-Saharan Africa ,Lower middle income,IBRD,13.242,-8.81155
3185,2020,13399763093.6897,Imports of goods and services (current US$),AO,Angola,Sub-Saharan Africa ,Lower middle income,IBRD,13.242,-8.81155
3186,2019,19016585500.4001,Imports of goods and services (current US$),AO,Angola,Sub-Saharan Africa ,Lower middle income,IBRD,13.242,-8.81155
3187,2018,20293074053.6883,Imports of goods and services (current US$),AO,Angola,Sub-Saharan Africa ,Lower middle income,IBRD,13.242,-8.81155
3188,2017,17050137820.6159,Imports of goods and services (current US$),AO,Angola,Sub-Saharan Africa ,Lower middle income,IBRD,13.242,-8.81155
3189,2016,13386621550.1005,Imports of goods and services (current US$),AO,Angola,Sub-Saharan Africa ,Lower middle income,IBRD,13.242,-8.81155
3190,2025,,Imports of goods and services (current US$),AG,Antigua and Barbuda,Latin America & Caribbean ,High income,IBRD,-61.8456,17.1175
3191,2024,,Imports of goods and services (current US$),AG,Antigua and Barbuda,Latin America & Caribbean ,High income,IBRD,-61.8456,17.1175
3192,2023,,Imports of goods and services (current US$),AG,Antigua and Barbuda,Latin America & Caribbean ,High income,IBRD,-61.8456,17.1175
3193,2022,1175559259.25926,Imports of goods and services (current US$),AG,Antigua and Barbuda,Latin America & Caribbean ,High income,IBRD,-61.8456,17.1175
3194,2021,866970370.37037,Imports of goods and services (current US$),AG,Antigua and Barbuda,Latin America & Caribbean ,High income,IBRD,-61.8456,17.1175
3195,2020,739748148.148148,Imports of goods and services (current US$),AG,Antigua and Barbuda,Latin America & Caribbean ,High income,IBRD,-61.8456,17.1175
3196,2019,1180425925.92593,Imports of goods and services (current US$),AG,Antigua and Barbuda,Latin America & Caribbean ,High income,IBRD,-61.8456,17.1175
3197,2018,1132907407.40741,Imports of goods and services (current US$),AG,Antigua and Barbuda,Latin America & Caribbean ,High income,IBRD,-61.8456,17.1175
3198,2017,970770370.37037,Imports of goods and services (current US$),AG,Antigua and Barbuda,Latin America & Caribbean ,High income,IBRD,-61.8456,17.1175
3199,2016,923581481.481481,Imports of goods and services (current US$),AG,Antigua and Barbuda,Latin America & Caribbean ,High income,IBRD,-61.8456,17.1175
3200,2025,101159779350.506,Imports of goods and services (current US$),AR,Argentina,Latin America & Caribbean ,Upper middle income,IBRD,-58.4173,-34.6118
3201,2024,80944817978.281,Imports of goods and services (current US$),AR,Argentina,Latin America & Caribbean ,Upper middle income,IBRD,-58.4173,-34.6118
3202,2023,89980573297.99,Imports of goods and services (current US$),AR,Argentina,Latin America & Caribbean ,Upper middle income,IBRD,-58.4173,-34.6118
3203,2022,96991607940.8038,Imports of goods and services (current US$),AR,Argentina,Latin America & Caribbean ,Upper middle income,IBRD,-58.4173,-34.6118
3204,2021,73042905138.0607,Imports of goods and services (current US$),AR,Argentina,Latin America & Caribbean ,Upper middle income,IBRD,-58.4173,-34.6118
3205,2020,52454091268.1886,Imports of goods and services (current US$),AR,Argentina,Latin America & Caribbean ,Upper middle income,IBRD,-58.4173,-34.6118
3206,2019,65845624691.108,Imports of goods and services (current US$),AR,Argentina,Latin America & Caribbean ,Upper middle income,IBRD,-58.4173,-34.6118
3207,2018,85681309473.2328,Imports of goods and services (current US$),AR,Argentina,Latin America & Caribbean ,Upper middle income,IBRD,-58.4173,-34.6118
3208,2017,89910495566.9384,Imports of goods and services (current US$),AR,Argentina,Latin America & Caribbean ,Upper middle income,IBRD,-58.4173,-34.6118
3209,2016,75639254067.6608,Imports of goods and services (current US$),AR,Argentina,Latin America & Caribbean ,Upper middle income,IBRD,-58.4173,-34.6118
3210,2025,15676547634.4281,Imports of goods and services (current US$),AM,Armenia,Europe & Central Asia,Upper middle income,IBRD,44.509,40.1596
3211,2024,19840049652.433,Imports of goods and services (current US$),AM,Armenia,Europe & Central Asia,Upper middle income,IBRD,44.509,40.1596
3212,2023,15094573226.6612,Imports of goods and services (current US$),AM,Armenia,Europe & Central Asia,Upper middle income,IBRD,44.509,40.1596
3213,2022,10207068193.8164,Imports of goods and services (current US$),AM,Armenia,Europe & Central Asia,Upper middle income,IBRD,44.509,40.1596
3214,2021,6048430236.02041,Imports of goods and services (current US$),AM,Armenia,Europe & Central Asia,Upper middle income,IBRD,44.509,40.1596
3215,2020,5062331396.33162,Imports of goods and services (current US$),AM,Armenia,Europe & Central Asia,Upper middle income,IBRD,44.509,40.1596
3216,2019,7570200592.04305,Imports of goods and services (current US$),AM,Armenia,Europe & Central Asia,Upper middle income,IBRD,44.509,40.1596
3217,2018,6612701455.26012,Imports of goods and services (current US$),AM,Armenia,Europe & Central Asia,Upper middle income,IBRD,44.509,40.1596
3218,2017,5646879065.80608,Imports of goods and services (current US$),AM,Armenia,Europe & Central Asia,Upper middle income,IBRD,44.509,40.1596
3219,2016,4464568367.68073,Imports of goods and services (current US$),AM,Armenia,Europe & Central Asia,Upper middle income,IBRD,44.509,40.1596
3220,2025,,Imports of goods and services (current US$),AW,Aruba,Latin America & Caribbean ,High income,Not classified,-70.0167,12.5167
3221,2024,3257796508.27775,Imports of goods and services (current US$),AW,Aruba,Latin America & Caribbean ,High income,Not classified,-70.0167,12.5167
3222,2023,2767229050.27933,Imports of goods and services (current US$),AW,Aruba,Latin America & Caribbean ,High income,Not classified,-70.0167,12.5167
3223,2022,2655193575.41899,Imports of goods and services (current US$),AW,Aruba,Latin America & Caribbean ,High income,Not classified,-70.0167,12.5167
3224,2021,2085712849.16201,Imports of goods and services (current US$),AW,Aruba,Latin America & Caribbean ,High income,Not classified,-70.0167,12.5167
3225,2020,1708907262.56983,Imports of goods and services (current US$),AW,Aruba,Latin America & Caribbean ,High income,Not classified,-70.0167,12.5167
3226,2019,2384139106.14525,Imports of goods and services (current US$),AW,Aruba,Latin America & Caribbean ,High income,Not classified,-70.0167,12.5167
3227,2018,2306963885.12904,Imports of goods and services (current US$),AW,Aruba,Latin America & Caribbean ,High income,Not classified,-70.0167,12.5167
3228,2017,2136239440.44522,Imports of goods and services (current US$),AW,Aruba,Latin America & Caribbean ,High income,Not classified,-70.0167,12.5167
3229,2016,2026504541.77338,Imports of goods and services (current US$),AW,Aruba,Latin America & Caribbean ,High income,Not classified,-70.0167,12.5167
3230,2025,407490633310.53,Imports of goods and services (current US$),AU,Australia,East Asia & Pacific,High income,Not classified,149.129,-35.282
3231,2024,395749225409.455,Imports of goods and services (current US$),AU,Australia,East Asia & Pacific,High income,Not classified,149.129,-35.282
3232,2023,387533147572.319,Imports of goods and services (current US$),AU,Australia,East Asia & Pacific,High income,Not classified,149.129,-35.282
3233,2022,343078219088.328,Imports of goods and services (current US$),AU,Australia,East Asia & Pacific,High income,Not classified,149.129,-35.282
3234,2021,284038962017.929,Imports of goods and services (current US$),AU,Australia,East Asia & Pacific,High income,Not classified,149.129,-35.282
3235,2020,274154332727.111,Imports of goods and services (current US$),AU,Australia,East Asia & Pacific,High income,Not classified,149.129,-35.282
3236,2019,306786753625.531,Imports of goods and services (current US$),AU,Australia,East Asia & Pacific,High income,Not classified,149.129,-35.282
3237,2018,311861687284.904,Imports of goods and services (current US$),AU,Australia,East Asia & Pacific,High income,Not classified,149.129,-35.282
3238,2017,277671313150.053,Imports of goods and services (current US$),AU,Australia,East Asia & Pacific,High income,Not classified,149.129,-35.282
3239,2016,261827324555.529,Imports of goods and services (current US$),AU,Australia,East Asia & Pacific,High income,Not classified,149.129,-35.282
3240,2025,303166499174.524,Imports of goods and services (current US$),AT,Austria,Europe & Central Asia,High income,Not classified,16.3798,48.2201
3241,2024,284227859383.716,Imports of goods and services (current US$),AT,Austria,Europe & Central Asia,High income,Not classified,16.3798,48.2201
3242,2023,292777313124.176,Imports of goods and services (current US$),AT,Austria,Europe & Central Asia,High income,Not classified,16.3798,48.2201
3243,2022,294117763031.398,Imports of goods and services (current US$),AT,Austria,Europe & Central Asia,High income,Not classified,16.3798,48.2201
3244,2021,264636005985.36,Imports of goods and services (current US$),AT,Austria,Europe & Central Asia,High income,Not classified,16.3798,48.2201
3245,2020,209749421171.3,Imports of goods and services (current US$),AT,Austria,Europe & Central Asia,High income,Not classified,16.3798,48.2201
3246,2019,231731288458.933,Imports of goods and services (current US$),AT,Austria,Europe & Central Asia,High income,Not classified,16.3798,48.2201
3247,2018,238401029982.974,Imports of goods and services (current US$),AT,Austria,Europe & Central Asia,High income,Not classified,16.3798,48.2201
3248,2017,212566814420.159,Imports of goods and services (current US$),AT,Austria,Europe & Central Asia,High income,Not classified,16.3798,48.2201
3249,2016,192552851879.041,Imports of goods and services (current US$),AT,Austria,Europe & Central Asia,High income,Not classified,16.3798,48.2201
3250,2025,27950647058.8235,Imports of goods and services (current US$),AZ,Azerbaijan,Europe & Central Asia,Upper middle income,IBRD,49.8932,40.3834
3251,2024,27338823529.4118,Imports of goods and services (current US$),AZ,Azerbaijan,Europe & Central Asia,Upper middle income,IBRD,49.8932,40.3834
3252,2023,25016411764.7059,Imports of goods and services (current US$),AZ,Azerbaijan,Europe & Central Asia,Upper middle income,IBRD,49.8932,40.3834
3253,2022,21274411764.7059,Imports of goods and services (current US$),AZ,Azerbaijan,Europe & Central Asia,Upper middle income,IBRD,49.8932,40.3834
3254,2021,16336941176.4706,Imports of goods and services (current US$),AZ,Azerbaijan,Europe & Central Asia,Upper middle income,IBRD,49.8932,40.3834
3255,2020,15537823529.4118,Imports of goods and services (current US$),AZ,Azerbaijan,Europe & Central Asia,Upper middle income,IBRD,49.8932,40.3834
3256,2019,17712470588.2353,Imports of goods and services (current US$),AZ,Azerbaijan,Europe & Central Asia,Upper middle income,IBRD,49.8932,40.3834
3257,2018,17704999420.594,Imports of goods and services (current US$),AZ,Azerbaijan,Europe & Central Asia,Upper middle income,IBRD,49.8932,40.3834
3258,2017,17104502499.7749,Imports of goods and services (current US$),AZ,Azerbaijan,Europe & Central Asia,Upper middle income,IBRD,49.8932,40.3834
3259,2016,16528818929.6131,Imports of goods and services (current US$),AZ,Azerbaijan,Europe & Central Asia,Upper middle income,IBRD,49.8932,40.3834
3260,2025,,Imports of goods and services (current US$),BS,"Bahamas, The",Latin America & Caribbean ,High income,Not classified,-77.339,25.0661
3261,2024,6564100000.0,Imports of goods and services (current US$),BS,"Bahamas, The",Latin America & Caribbean ,High income,Not classified,-77.339,25.0661
3262,2023,5915800000.0,Imports of goods and services (current US$),BS,"Bahamas, The",Latin America & Caribbean ,High income,Not classified,-77.339,25.0661
3263,2022,5395300000.0,Imports of goods and services (current US$),BS,"Bahamas, The",Latin America & Caribbean ,High income,Not classified,-77.339,25.0661
3264,2021,4569400000.0,Imports of goods and services (current US$),BS,"Bahamas, The",Latin America & Caribbean ,High income,Not classified,-77.339,25.0661
3265,2020,3124200000.0,Imports of goods and services (current US$),BS,"Bahamas, The",Latin America & Caribbean ,High income,Not classified,-77.339,25.0661
3266,2019,4488400000.0,Imports of goods and services (current US$),BS,"Bahamas, The",Latin America & Caribbean ,High income,Not classified,-77.339,25.0661
3267,2018,4730600000.0,Imports of goods and services (current US$),BS,"Bahamas, The",Latin America & Caribbean ,High income,Not classified,-77.339,25.0661
3268,2017,4556600000.0,Imports of goods and services (current US$),BS,"Bahamas, The",Latin America & Caribbean ,High income,Not classified,-77.339,25.0661
3269,2016,4082400000.0,Imports of goods and services (current US$),BS,"Bahamas, The",Latin America & Caribbean ,High income,Not classified,-77.339,25.0661
3270,2025,,Imports of goods and services (current US$),BH,Bahrain,"Middle East, North Africa, Afghanistan & Pakistan",High income,Not classified,50.5354,26.1921
3271,2024,33044414893.617,Imports of goods and services (current US$),BH,Bahrain,"Middle East, North Africa, Afghanistan & Pakistan",High income,Not classified,50.5354,26.1921
3272,2023,32379255319.1489,Imports of goods and services (current US$),BH,Bahrain,"Middle East, North Africa, Afghanistan & Pakistan",High income,Not classified,50.5354,26.1921
3273,2022,33068882978.7234,Imports of goods and services (current US$),BH,Bahrain,"Middle East, North Africa, Afghanistan & Pakistan",High income,Not classified,50.5354,26.1921
3274,2021,27577393617.0213,Imports of goods and services (current US$),BH,Bahrain,"Middle East, North Africa, Afghanistan & Pakistan",High income,Not classified,50.5354,26.1921
3275,2020,23296808510.6383,Imports of goods and services (current US$),BH,Bahrain,"Middle East, North Africa, Afghanistan & Pakistan",High income,Not classified,50.5354,26.1921
3276,2019,25207712765.9574,Imports of goods and services (current US$),BH,Bahrain,"Middle East, North Africa, Afghanistan & Pakistan",High income,Not classified,50.5354,26.1921
3277,2018,27048670212.766,Imports of goods and services (current US$),BH,Bahrain,"Middle East, North Africa, Afghanistan & Pakistan",High income,Not classified,50.5354,26.1921
3278,2017,23876329787.234,Imports of goods and services (current US$),BH,Bahrain,"Middle East, North Africa, Afghanistan & Pakistan",High income,Not classified,50.5354,26.1921
3279,2016,21088031914.8936,Imports of goods and services (current US$),BH,Bahrain,"Middle East, North Africa, Afghanistan & Pakistan",High income,Not classified,50.5354,26.1921
3280,2025,76818948730.2173,Imports of goods and services (current US$),BD,Bangladesh,South Asia,Lower middle income,IDA,90.4113,23.7055
3281,2024,73445483483.8237,Imports of goods and services (current US$),BD,Bangladesh,South Asia,Lower middle income,IDA,90.4113,23.7055
3282,2023,77972815573.2438,Imports of goods and services (current US$),BD,Bangladesh,South Asia,Lower middle income,IDA,90.4113,23.7055
3283,2022,96157127887.3964,Imports of goods and services (current US$),BD,Bangladesh,South Asia,Lower middle income,IDA,90.4113,23.7055
3284,2021,71021045805.0068,Imports of goods and services (current US$),BD,Bangladesh,South Asia,Lower middle income,IDA,90.4113,23.7055
3285,2020,59195931838.1946,Imports of goods and services (current US$),BD,Bangladesh,South Asia,Lower middle income,IDA,90.4113,23.7055
3286,2019,64919190426.113,Imports of goods and services (current US$),BD,Bangladesh,South Asia,Lower middle income,IDA,90.4113,23.7055
3287,2018,63757868050.7515,Imports of goods and services (current US$),BD,Bangladesh,South Asia,Lower middle income,IDA,90.4113,23.7055
3288,2017,50463186692.0898,Imports of goods and services (current US$),BD,Bangladesh,South Asia,Lower middle income,IDA,90.4113,23.7055
3289,2016,46183400773.3724,Imports of goods and services (current US$),BD,Bangladesh,South Asia,Lower middle income,IDA,90.4113,23.7055
3290,2025,,Imports of goods and services (current US$),BB,Barbados,Latin America & Caribbean ,High income,IBRD,-59.6105,13.0935
3291,2024,,Imports of goods and services (current US$),BB,Barbados,Latin America & Caribbean ,High income,IBRD,-59.6105,13.0935
3292,2023,,Imports of goods and services (current US$),BB,Barbados,Latin America & Caribbean ,High income,IBRD,-59.6105,13.0935
3293,2022,,Imports of goods and services (current US$),BB,Barbados,Latin America & Caribbean ,High income,IBRD,-59.6105,13.0935
3294,2021,,Imports of goods and services (current US$),BB,Barbados,Latin America & Caribbean ,High income,IBRD,-59.6105,13.0935
3295,2020,,Imports of goods and services (current US$),BB,Barbados,Latin America & Caribbean ,High income,IBRD,-59.6105,13.0935
3296,2019,,Imports of goods and services (current US$),BB,Barbados,Latin America & Caribbean ,High income,IBRD,-59.6105,13.0935
3297,2018,,Imports of goods and services (current US$),BB,Barbados,Latin America & Caribbean ,High income,IBRD,-59.6105,13.0935
3298,2017,,Imports of goods and services (current US$),BB,Barbados,Latin America & Caribbean ,High income,IBRD,-59.6105,13.0935
3299,2016,,Imports of goods and services (current US$),BB,Barbados,Latin America & Caribbean ,High income,IBRD,-59.6105,13.0935
3300,2025,53261674554.2369,Imports of goods and services (current US$),BY,Belarus,Europe & Central Asia,Upper middle income,IBRD,27.5766,53.9678
3301,2024,51152858487.7296,Imports of goods and services (current US$),BY,Belarus,Europe & Central Asia,Upper middle income,IBRD,27.5766,53.9678
3302,2023,47515586812.3098,Imports of goods and services (current US$),BY,Belarus,Europe & Central Asia,Upper middle income,IBRD,27.5766,53.9678
3303,2022,42031948516.812,Imports of goods and services (current US$),BY,Belarus,Europe & Central Asia,Upper middle income,IBRD,27.5766,53.9678
3304,2021,45415029493.732,Imports of goods and services (current US$),BY,Belarus,Europe & Central Asia,Upper middle income,IBRD,27.5766,53.9678
3305,2020,35547749095.6417,Imports of goods and services (current US$),BY,Belarus,Europe & Central Asia,Upper middle income,IBRD,27.5766,53.9678
3306,2019,42353437235.1243,Imports of goods and services (current US$),BY,Belarus,Europe & Central Asia,Upper middle income,IBRD,27.5766,53.9678
3307,2018,41384603908.1119,Imports of goods and services (current US$),BY,Belarus,Europe & Central Asia,Upper middle income,IBRD,27.5766,53.9678
3308,2017,36435165203.6751,Imports of goods and services (current US$),BY,Belarus,Europe & Central Asia,Upper middle income,IBRD,27.5766,53.9678
3309,2016,29922651356.1018,Imports of goods and services (current US$),BY,Belarus,Europe & Central Asia,Upper middle income,IBRD,27.5766,53.9678
3310,2025,562002311236.156,Imports of goods and services (current US$),BE,Belgium,Europe & Central Asia,High income,Not classified,4.36761,50.8371
3311,2024,534805055513.75,Imports of goods and services (current US$),BE,Belgium,Europe & Central Asia,High income,Not classified,4.36761,50.8371
3312,2023,541280155476.676,Imports of goods and services (current US$),BE,Belgium,Europe & Central Asia,High income,Not classified,4.36761,50.8371
3313,2022,571920929941.442,Imports of goods and services (current US$),BE,Belgium,Europe & Central Asia,High income,Not classified,4.36761,50.8371
3314,2021,525242552932.162,Imports of goods and services (current US$),BE,Belgium,Europe & Central Asia,High income,Not classified,4.36761,50.8371
3315,2020,411854672039.534,Imports of goods and services (current US$),BE,Belgium,Europe & Central Asia,High income,Not classified,4.36761,50.8371
3316,2019,442788775443.921,Imports of goods and services (current US$),BE,Belgium,Europe & Central Asia,High income,Not classified,4.36761,50.8371
3317,2018,460128692309.647,Imports of goods and services (current US$),BE,Belgium,Europe & Central Asia,High income,Not classified,4.36761,50.8371
3318,2017,418056820188.001,Imports of goods and services (current US$),BE,Belgium,Europe & Central Asia,High income,Not classified,4.36761,50.8371
3319,2016,376759269084.981,Imports of goods and services (current US$),BE,Belgium,Europe & Central Asia,High income,Not classified,4.36761,50.8371
3320,2025,,Imports of goods and services (current US$),BZ,Belize,Latin America & Caribbean ,Upper middle income,Blend,-88.7713,17.2534
3321,2024,1721921750.0,Imports of goods and services (current US$),BZ,Belize,Latin America & Caribbean ,Upper middle income,Blend,-88.7713,17.2534
3322,2023,1571040800.0,Imports of goods and services (current US$),BZ,Belize,Latin America & Caribbean ,Upper middle income,Blend,-88.7713,17.2534
3323,2022,1573075200.0,Imports of goods and services (current US$),BZ,Belize,Latin America & Caribbean ,Upper middle income,Blend,-88.7713,17.2534
3324,2021,1248326800.0,Imports of goods and services (current US$),BZ,Belize,Latin America & Caribbean ,Upper middle income,Blend,-88.7713,17.2534
3325,2020,900924400.0,Imports of goods and services (current US$),BZ,Belize,Latin America & Caribbean ,Upper middle income,Blend,-88.7713,17.2534
3326,2019,1200664850.0,Imports of goods and services (current US$),BZ,Belize,Latin America & Caribbean ,Upper middle income,Blend,-88.7713,17.2534
3327,2018,1125906300.0,Imports of goods and services (current US$),BZ,Belize,Latin America & Caribbean ,Upper middle income,Blend,-88.7713,17.2534
3328,2017,1085374500.0,Imports of goods and services (current US$),BZ,Belize,Latin America & Caribbean ,Upper middle income,Blend,-88.7713,17.2534
3329,2016,1101719200.0,Imports of goods and services (current US$),BZ,Belize,Latin America & Caribbean ,Upper middle income,Blend,-88.7713,17.2534
3330,2025,4929128052.07759,Imports of goods and services (current US$),BJ,Benin,Sub-Saharan Africa ,Lower middle income,IDA,2.6323,6.4779
3331,2024,4683140133.79221,Imports of goods and services (current US$),BJ,Benin,Sub-Saharan Africa ,Lower middle income,IDA,2.6323,6.4779
3332,2023,4851357175.5354,Imports of goods and services (current US$),BJ,Benin,Sub-Saharan Africa ,Lower middle income,IDA,2.6323,6.4779
3333,2022,4106516764.69897,Imports of goods and services (current US$),BJ,Benin,Sub-Saharan Africa ,Lower middle income,IDA,2.6323,6.4779
3334,2021,4799723188.71051,Imports of goods and services (current US$),BJ,Benin,Sub-Saharan Africa ,Lower middle income,IDA,2.6323,6.4779
3335,2020,3915530456.1048,Imports of goods and services (current US$),BJ,Benin,Sub-Saharan Africa ,Lower middle income,IDA,2.6323,6.4779
3336,2019,4900485060.17756,Imports of goods and services (current US$),BJ,Benin,Sub-Saharan Africa ,Lower middle income,IDA,2.6323,6.4779
3337,2018,4923520743.9202,Imports of goods and services (current US$),BJ,Benin,Sub-Saharan Africa ,Lower middle income,IDA,2.6323,6.4779
3338,2017,4352984748.39051,Imports of goods and services (current US$),BJ,Benin,Sub-Saharan Africa ,Lower middle income,IDA,2.6323,6.4779
3339,2016,3709467045.80246,Imports of goods and services (current US$),BJ,Benin,Sub-Saharan Africa ,Lower middle income,IDA,2.6323,6.4779
3340,2025,,Imports of goods and services (current US$),BM,Bermuda,North America,High income,Not classified,-64.706,32.3293
3341,2024,2304098000.0,Imports of goods and services (current US$),BM,Bermuda,North America,High income,Not classified,-64.706,32.3293
3342,2023,2140780000.0,Imports of goods and services (current US$),BM,Bermuda,North America,High income,Not classified,-64.706,32.3293
3343,2022,2096444000.0,Imports of goods and services (current US$),BM,Bermuda,North America,High income,Not classified,-64.706,32.3293
3344,2021,1824475000.0,Imports of goods and services (current US$),BM,Bermuda,North America,High income,Not classified,-64.706,32.3293
3345,2020,1615443000.0,Imports of goods and services (current US$),BM,Bermuda,North America,High income,Not classified,-64.706,32.3293
3346,2019,1916492000.0,Imports of goods and services (current US$),BM,Bermuda,North America,High income,Not classified,-64.706,32.3293
3347,2018,1884254000.0,Imports of goods and services (current US$),BM,Bermuda,North America,High income,Not classified,-64.706,32.3293
3348,2017,1703748000.0,Imports of goods and services (current US$),BM,Bermuda,North America,High income,Not classified,-64.706,32.3293
3349,2016,1615949000.0,Imports of goods and services (current US$),BM,Bermuda,North America,High income,Not classified,-64.706,32.3293
3350,2025,,Imports of goods and services (current US$),BT,Bhutan,South Asia,Lower middle income,IDA,89.6177,27.5768
3351,2024,1601941677.95058,Imports of goods and services (current US$),BT,Bhutan,South Asia,Lower middle income,IDA,89.6177,27.5768
3352,2023,1607335845.17133,Imports of goods and services (current US$),BT,Bhutan,South Asia,Lower middle income,IDA,89.6177,27.5768
3353,2022,1741034283.90625,Imports of goods and services (current US$),BT,Bhutan,South Asia,Lower middle income,IDA,89.6177,27.5768
3354,2021,1339649527.64626,Imports of goods and services (current US$),BT,Bhutan,South Asia,Lower middle income,IDA,89.6177,27.5768
3355,2020,1075563545.46579,Imports of goods and services (current US$),BT,Bhutan,South Asia,Lower middle income,IDA,89.6177,27.5768
3356,2019,1221920791.32363,Imports of goods and services (current US$),BT,Bhutan,South Asia,Lower middle income,IDA,89.6177,27.5768
3357,2018,1305876236.76026,Imports of goods and services (current US$),BT,Bhutan,South Asia,Lower middle income,IDA,89.6177,27.5768
3358,2017,1252714124.56294,Imports of goods and services (current US$),BT,Bhutan,South Asia,Lower middle income,IDA,89.6177,27.5768
3359,2016,1161352084.1848,Imports of goods and services (current US$),BT,Bhutan,South Asia,Lower middle income,IDA,89.6177,27.5768
3360,2025,,Imports of goods and services (current US$),BO,Bolivia,Latin America & Caribbean ,Lower middle income,IBRD,-66.1936,-13.9908
3361,2024,14018232749.6382,Imports of goods and services (current US$),BO,Bolivia,Latin America & Caribbean ,Lower middle income,IBRD,-66.1936,-13.9908
3362,2023,14239423386.3965,Imports of goods and services (current US$),BO,Bolivia,Latin America & Caribbean ,Lower middle income,IBRD,-66.1936,-13.9908
3363,2022,15150615137.4819,Imports of goods and services (current US$),BO,Bolivia,Latin America & Caribbean ,Lower middle income,IBRD,-66.1936,-13.9908
3364,2021,11545547250.3618,Imports of goods and services (current US$),BO,Bolivia,Latin America & Caribbean ,Lower middle income,IBRD,-66.1936,-13.9908
3365,2020,8735545774.24023,Imports of goods and services (current US$),BO,Bolivia,Latin America & Caribbean ,Lower middle income,IBRD,-66.1936,-13.9908
3366,2019,12643630390.7381,Imports of goods and services (current US$),BO,Bolivia,Latin America & Caribbean ,Lower middle income,IBRD,-66.1936,-13.9908
3367,2018,12864160303.9074,Imports of goods and services (current US$),BO,Bolivia,Latin America & Caribbean ,Lower middle income,IBRD,-66.1936,-13.9908
3368,2017,11958240289.4356,Imports of goods and services (current US$),BO,Bolivia,Latin America & Caribbean ,Lower middle income,IBRD,-66.1936,-13.9908
3369,2016,10831641432.7062,Imports of goods and services (current US$),BO,Bolivia,Latin America & Caribbean ,Lower middle income,IBRD,-66.1936,-13.9908
3370,2025,17643126767.611,Imports of goods and services (current US$),BA,Bosnia and Herzegovina,Europe & Central Asia,Upper middle income,IBRD,18.4214,43.8607
3371,2024,16075269810.6402,Imports of goods and services (current US$),BA,Bosnia and Herzegovina,Europe & Central Asia,Upper middle income,IBRD,18.4214,43.8607
3372,2023,15369301841.7502,Imports of goods and services (current US$),BA,Bosnia and Herzegovina,Europe & Central Asia,Upper middle income,IBRD,18.4214,43.8607
3373,2022,15186504679.6527,Imports of goods and services (current US$),BA,Bosnia and Herzegovina,Europe & Central Asia,Upper middle income,IBRD,18.4214,43.8607
3374,2021,12763502914.2371,Imports of goods and services (current US$),BA,Bosnia and Herzegovina,Europe & Central Asia,Upper middle income,IBRD,18.4214,43.8607
3375,2020,9694297978.41546,Imports of goods and services (current US$),BA,Bosnia and Herzegovina,Europe & Central Asia,Upper middle income,IBRD,18.4214,43.8607
3376,2019,11158117516.8252,Imports of goods and services (current US$),BA,Bosnia and Herzegovina,Europe & Central Asia,Upper middle income,IBRD,18.4214,43.8607
3377,2018,11562741847.3915,Imports of goods and services (current US$),BA,Bosnia and Herzegovina,Europe & Central Asia,Upper middle income,IBRD,18.4214,43.8607
3378,2017,10321682504.9428,Imports of goods and services (current US$),BA,Bosnia and Herzegovina,Europe & Central Asia,Upper middle income,IBRD,18.4214,43.8607
3379,2016,8958199157.41919,Imports of goods and services (current US$),BA,Bosnia and Herzegovina,Europe & Central Asia,Upper middle income,IBRD,18.4214,43.8607
3380,2025,7475356083.44098,Imports of goods and services (current US$),BW,Botswana,Sub-Saharan Africa ,Upper middle income,IBRD,25.9201,-24.6544
3381,2024,8171323579.88379,Imports of goods and services (current US$),BW,Botswana,Sub-Saharan Africa ,Upper middle income,IBRD,25.9201,-24.6544
3382,2023,7224959115.96489,Imports of goods and services (current US$),BW,Botswana,Sub-Saharan Africa ,Upper middle income,IBRD,25.9201,-24.6544
3383,2022,8654887423.26666,Imports of goods and services (current US$),BW,Botswana,Sub-Saharan Africa ,Upper middle income,IBRD,25.9201,-24.6544
3384,2021,9238937562.38017,Imports of goods and services (current US$),BW,Botswana,Sub-Saharan Africa ,Upper middle income,IBRD,25.9201,-24.6544
3385,2020,7341599356.92699,Imports of goods and services (current US$),BW,Botswana,Sub-Saharan Africa ,Upper middle income,IBRD,25.9201,-24.6544
3386,2019,7694781424.87258,Imports of goods and services (current US$),BW,Botswana,Sub-Saharan Africa ,Upper middle income,IBRD,25.9201,-24.6544
3387,2018,7362391280.37078,Imports of goods and services (current US$),BW,Botswana,Sub-Saharan Africa ,Upper middle income,IBRD,25.9201,-24.6544
3388,2017,6281640316.61235,Imports of goods and services (current US$),BW,Botswana,Sub-Saharan Africa ,Upper middle income,IBRD,25.9201,-24.6544
3389,2016,6915892155.67741,Imports of goods and services (current US$),BW,Botswana,Sub-Saharan Africa ,Upper middle income,IBRD,25.9201,-24.6544
3390,2025,398319353081.263,Imports of goods and services (current US$),BR,Brazil,Latin America & Caribbean ,Upper middle income,IBRD,-47.9292,-15.7801
3391,2024,385708868264.323,Imports of goods and services (current US$),BR,Brazil,Latin America & Caribbean ,Upper middle income,IBRD,-47.9292,-15.7801
3392,2023,343939883228.749,Imports of goods and services (current US$),BR,Brazil,Latin America & Caribbean ,Upper middle income,IBRD,-47.9292,-15.7801
3393,2022,374482483050.831,Imports of goods and services (current US$),BR,Brazil,Latin America & Caribbean ,Upper middle income,IBRD,-47.9292,-15.7801
3394,2021,309853308958.678,Imports of goods and services (current US$),BR,Brazil,Latin America & Caribbean ,Upper middle income,IBRD,-47.9292,-15.7801
3395,2020,233941246230.247,Imports of goods and services (current US$),BR,Brazil,Latin America & Caribbean ,Upper middle income,IBRD,-47.9292,-15.7801
3396,2019,276634813667.029,Imports of goods and services (current US$),BR,Brazil,Latin America & Caribbean ,Upper middle income,IBRD,-47.9292,-15.7801
3397,2018,272994464677.427,Imports of goods and services (current US$),BR,Brazil,Latin America & Caribbean ,Upper middle income,IBRD,-47.9292,-15.7801
3398,2017,243510584262.84,Imports of goods and services (current US$),BR,Brazil,Latin America & Caribbean ,Upper middle income,IBRD,-47.9292,-15.7801
3399,2016,216686387069.85,Imports of goods and services (current US$),BR,Brazil,Latin America & Caribbean ,Upper middle income,IBRD,-47.9292,-15.7801
3400,2025,,Imports of goods and services (current US$),VG,British Virgin Islands,Latin America & Caribbean ,High income,Not classified,-64.623056,18.431389
3401,2024,,Imports of goods and services (current US$),VG,British Virgin Islands,Latin America & Caribbean ,High income,Not classified,-64.623056,18.431389
3402,2023,,Imports of goods and services (current US$),VG,British Virgin Islands,Latin America & Caribbean ,High income,Not classified,-64.623056,18.431389
3403,2022,,Imports of goods and services (current US$),VG,British Virgin Islands,Latin America & Caribbean ,High income,Not classified,-64.623056,18.431389
3404,2021,,Imports of goods and services (current US$),VG,British Virgin Islands,Latin America & Caribbean ,High income,Not classified,-64.623056,18.431389
3405,2020,,Imports of goods and services (current US$),VG,British Virgin Islands,Latin America & Caribbean ,High income,Not classified,-64.623056,18.431389
3406,2019,,Imports of goods and services (current US$),VG,British Virgin Islands,Latin America & Caribbean ,High income,Not classified,-64.623056,18.431389
3407,2018,,Imports of goods and services (current US$),VG,British Virgin Islands,Latin America & Caribbean ,High income,Not classified,-64.623056,18.431389
3408,2017,,Imports of goods and services (current US$),VG,British Virgin Islands,Latin America & Caribbean ,High income,Not classified,-64.623056,18.431389
3409,2016,,Imports of goods and services (current US$),VG,British Virgin Islands,Latin America & Caribbean ,High income,Not classified,-64.623056,18.431389
3410,2025,7822316769.65819,Imports of goods and services (current US$),BN,Brunei Darussalam,East Asia & Pacific,High income,Not classified,114.946,4.94199
3411,2024,8946252974.29031,Imports of goods and services (current US$),BN,Brunei Darussalam,East Asia & Pacific,High income,Not classified,114.946,4.94199
3412,2023,9081237975.39983,Imports of goods and services (current US$),BN,Brunei Darussalam,East Asia & Pacific,High income,Not classified,114.946,4.94199
3413,2022,10106443642.8719,Imports of goods and services (current US$),BN,Brunei Darussalam,East Asia & Pacific,High income,Not classified,114.946,4.94199
3414,2021,9377937977.70067,Imports of goods and services (current US$),BN,Brunei Darussalam,East Asia & Pacific,High income,Not classified,114.946,4.94199
3415,2020,6355257109.6823,Imports of goods and services (current US$),BN,Brunei Darussalam,East Asia & Pacific,High income,Not classified,114.946,4.94199
3416,2019,6810532693.06468,Imports of goods and services (current US$),BN,Brunei Darussalam,East Asia & Pacific,High income,Not classified,114.946,4.94199
3417,2018,5693328954.5184,Imports of goods and services (current US$),BN,Brunei Darussalam,East Asia & Pacific,High income,Not classified,114.946,4.94199
3418,2017,4318058847.51222,Imports of goods and services (current US$),BN,Brunei Darussalam,East Asia & Pacific,High income,Not classified,114.946,4.94199
3419,2016,4302691141.32799,Imports of goods and services (current US$),BN,Brunei Darussalam,East Asia & Pacific,High income,Not classified,114.946,4.94199
3420,2025,67710937458.2491,Imports of goods and services (current US$),BG,Bulgaria,Europe & Central Asia,High income,IBRD,23.3238,42.7105
3421,2024,61045719078.5511,Imports of goods and services (current US$),BG,Bulgaria,Europe & Central Asia,High income,IBRD,23.3238,42.7105
3422,2023,59170791455.7143,Imports of goods and services (current US$),BG,Bulgaria,Europe & Central Asia,High income,IBRD,23.3238,42.7105
3423,2022,62330614855.5188,Imports of goods and services (current US$),BG,Bulgaria,Europe & Central Asia,High income,IBRD,23.3238,42.7105
3424,2021,50091113310.9232,Imports of goods and services (current US$),BG,Bulgaria,Europe & Central Asia,High income,IBRD,23.3238,42.7105
3425,2020,38028750955.8448,Imports of goods and services (current US$),BG,Bulgaria,Europe & Central Asia,High income,IBRD,23.3238,42.7105
3426,2019,41764330852.543,Imports of goods and services (current US$),BG,Bulgaria,Europe & Central Asia,High income,IBRD,23.3238,42.7105
3427,2018,41807171882.3738,Imports of goods and services (current US$),BG,Bulgaria,Europe & Central Asia,High income,IBRD,23.3238,42.7105
3428,2017,37066822040.535,Imports of goods and services (current US$),BG,Bulgaria,Europe & Central Asia,High income,IBRD,23.3238,42.7105
3429,2016,31790083604.6456,Imports of goods and services (current US$),BG,Bulgaria,Europe & Central Asia,High income,IBRD,23.3238,42.7105
3430,2025,8291794759.22575,Imports of goods and services (current US$),BF,Burkina Faso,Sub-Saharan Africa ,Low income,IDA,-1.53395,12.3605
3431,2024,7387126425.77464,Imports of goods and services (current US$),BF,Burkina Faso,Sub-Saharan Africa ,Low income,IDA,-1.53395,12.3605
3432,2023,6877000995.68104,Imports of goods and services (current US$),BF,Burkina Faso,Sub-Saharan Africa ,Low income,IDA,-1.53395,12.3605
3433,2022,6760351772.06807,Imports of goods and services (current US$),BF,Burkina Faso,Sub-Saharan Africa ,Low income,IDA,-1.53395,12.3605
3434,2021,5835051415.32522,Imports of goods and services (current US$),BF,Burkina Faso,Sub-Saharan Africa ,Low income,IDA,-1.53395,12.3605
3435,2020,5133679370.81792,Imports of goods and services (current US$),BF,Burkina Faso,Sub-Saharan Africa ,Low income,IDA,-1.53395,12.3605
3436,2019,4994381288.40906,Imports of goods and services (current US$),BF,Burkina Faso,Sub-Saharan Africa ,Low income,IDA,-1.53395,12.3605
3437,2018,5166928258.63695,Imports of goods and services (current US$),BF,Burkina Faso,Sub-Saharan Africa ,Low income,IDA,-1.53395,12.3605
3438,2017,4629394216.11821,Imports of goods and services (current US$),BF,Burkina Faso,Sub-Saharan Africa ,Low income,IDA,-1.53395,12.3605
3439,2016,4103751193.78509,Imports of goods and services (current US$),BF,Burkina Faso,Sub-Saharan Africa ,Low income,IDA,-1.53395,12.3605
3440,2025,,Imports of goods and services (current US$),BI,Burundi,Sub-Saharan Africa ,Low income,IDA,29.3639,-3.3784
3441,2024,,Imports of goods and services (current US$),BI,Burundi,Sub-Saharan Africa ,Low income,IDA,29.3639,-3.3784
3442,2023,,Imports of goods and services (current US$),BI,Burundi,Sub-Saharan Africa ,Low income,IDA,29.3639,-3.3784
3443,2022,,Imports of goods and services (current US$),BI,Burundi,Sub-Saharan Africa ,Low income,IDA,29.3639,-3.3784
3444,2021,,Imports of goods and services (current US$),BI,Burundi,Sub-Saharan Africa ,Low income,IDA,29.3639,-3.3784
3445,2020,,Imports of goods and services (current US$),BI,Burundi,Sub-Saharan Africa ,Low income,IDA,29.3639,-3.3784
3446,2019,,Imports of goods and services (current US$),BI,Burundi,Sub-Saharan Africa ,Low income,IDA,29.3639,-3.3784
3447,2018,,Imports of goods and services (current US$),BI,Burundi,Sub-Saharan Africa ,Low income,IDA,29.3639,-3.3784
3448,2017,,Imports of goods and services (current US$),BI,Burundi,Sub-Saharan Africa ,Low income,IDA,29.3639,-3.3784
3449,2016,,Imports of goods and services (current US$),BI,Burundi,Sub-Saharan Africa ,Low income,IDA,29.3639,-3.3784
3450,2025,1630785620.92502,Imports of goods and services (current US$),CV,Cabo Verde,Sub-Saharan Africa ,Upper middle income,Blend,-23.5087,14.9218
3451,2024,1471461001.68687,Imports of goods and services (current US$),CV,Cabo Verde,Sub-Saharan Africa ,Upper middle income,Blend,-23.5087,14.9218
3452,2023,1396322814.32509,Imports of goods and services (current US$),CV,Cabo Verde,Sub-Saharan Africa ,Upper middle income,Blend,-23.5087,14.9218
3453,2022,1310225012.87536,Imports of goods and services (current US$),CV,Cabo Verde,Sub-Saharan Africa ,Upper middle income,Blend,-23.5087,14.9218
3454,2021,1099895576.06478,Imports of goods and services (current US$),CV,Cabo Verde,Sub-Saharan Africa ,Upper middle income,Blend,-23.5087,14.9218
3455,2020,967252867.721672,Imports of goods and services (current US$),CV,Cabo Verde,Sub-Saharan Africa ,Upper middle income,Blend,-23.5087,14.9218
3456,2019,1281435256.84643,Imports of goods and services (current US$),CV,Cabo Verde,Sub-Saharan Africa ,Upper middle income,Blend,-23.5087,14.9218
3457,2018,1323093455.18171,Imports of goods and services (current US$),CV,Cabo Verde,Sub-Saharan Africa ,Upper middle income,Blend,-23.5087,14.9218
3458,2017,1157777242.75552,Imports of goods and services (current US$),CV,Cabo Verde,Sub-Saharan Africa ,Upper middle income,Blend,-23.5087,14.9218
3459,2016,997132827.690972,Imports of goods and services (current US$),CV,Cabo Verde,Sub-Saharan Africa ,Upper middle income,Blend,-23.5087,14.9218
3460,2025,34576163750.5046,Imports of goods and services (current US$),KH,Cambodia,East Asia & Pacific,Lower middle income,IDA,104.874,11.5556
3461,2024,33412575811.7134,Imports of goods and services (current US$),KH,Cambodia,East Asia & Pacific,Lower middle income,IDA,104.874,11.5556
3462,2023,28497892006.4196,Imports of goods and services (current US$),KH,Cambodia,East Asia & Pacific,Lower middle income,IDA,104.874,11.5556
3463,2022,29462601452.0712,Imports of goods and services (current US$),KH,Cambodia,East Asia & Pacific,Lower middle income,IDA,104.874,11.5556
3464,2021,27158061717.6869,Imports of goods and services (current US$),KH,Cambodia,East Asia & Pacific,Lower middle income,IDA,104.874,11.5556
3465,2020,21651131247.4671,Imports of goods and services (current US$),KH,Cambodia,East Asia & Pacific,Lower middle income,IDA,104.874,11.5556
3466,2019,22117532079.4063,Imports of goods and services (current US$),KH,Cambodia,East Asia & Pacific,Lower middle income,IDA,104.874,11.5556
3467,2018,20870727998.1726,Imports of goods and services (current US$),KH,Cambodia,East Asia & Pacific,Lower middle income,IDA,104.874,11.5556
3468,2017,19038733851.7304,Imports of goods and services (current US$),KH,Cambodia,East Asia & Pacific,Lower middle income,IDA,104.874,11.5556
3469,2016,17599744248.3834,Imports of goods and services (current US$),KH,Cambodia,East Asia & Pacific,Lower middle income,IDA,104.874,11.5556
3470,2025,11960615219.6562,Imports of goods and services (current US$),CM,Cameroon,Sub-Saharan Africa ,Lower middle income,Blend,11.5174,3.8721
3471,2024,9982430835.96898,Imports of goods and services (current US$),CM,Cameroon,Sub-Saharan Africa ,Lower middle income,Blend,11.5174,3.8721
3472,2023,10269387815.6634,Imports of goods and services (current US$),CM,Cameroon,Sub-Saharan Africa ,Lower middle income,Blend,11.5174,3.8721
3473,2022,9740770348.35567,Imports of goods and services (current US$),CM,Cameroon,Sub-Saharan Africa ,Lower middle income,Blend,11.5174,3.8721
3474,2021,9102291771.32537,Imports of goods and services (current US$),CM,Cameroon,Sub-Saharan Africa ,Lower middle income,Blend,11.5174,3.8721
3475,2020,7544311297.1449,Imports of goods and services (current US$),CM,Cameroon,Sub-Saharan Africa ,Lower middle income,Blend,11.5174,3.8721
3476,2019,9333197587.66967,Imports of goods and services (current US$),CM,Cameroon,Sub-Saharan Africa ,Lower middle income,Blend,11.5174,3.8721
3477,2018,8730827316.89187,Imports of goods and services (current US$),CM,Cameroon,Sub-Saharan Africa ,Lower middle income,Blend,11.5174,3.8721
3478,2017,7525797297.62893,Imports of goods and services (current US$),CM,Cameroon,Sub-Saharan Africa ,Lower middle income,Blend,11.5174,3.8721
3479,2016,7333874148.32376,Imports of goods and services (current US$),CM,Cameroon,Sub-Saharan Africa ,Lower middle income,Blend,11.5174,3.8721
3480,2025,746500089837.294,Imports of goods and services (current US$),CA,Canada,North America,High income,Not classified,-75.6919,45.4215
3481,2024,741233987715.737,Imports of goods and services (current US$),CA,Canada,North America,High income,Not classified,-75.6919,45.4215
3482,2023,729991623300.122,Imports of goods and services (current US$),CA,Canada,North America,High income,Not classified,-75.6919,45.4215
3483,2022,731290006744.08,Imports of goods and services (current US$),CA,Canada,North America,High income,Not classified,-75.6919,45.4215
3484,2021,628388638999.206,Imports of goods and services (current US$),CA,Canada,North America,High income,Not classified,-75.6919,45.4215
3485,2020,524572641557.224,Imports of goods and services (current US$),CA,Canada,North America,High income,Not classified,-75.6919,45.4215
3486,2019,589706748631.384,Imports of goods and services (current US$),CA,Canada,North America,High income,Not classified,-75.6919,45.4215
3487,2018,591347645767.306,Imports of goods and services (current US$),CA,Canada,North America,High income,Not classified,-75.6919,45.4215
3488,2017,554922650425.45,Imports of goods and services (current US$),CA,Canada,North America,High income,Not classified,-75.6919,45.4215
3489,2016,517396012626.09,Imports of goods and services (current US$),CA,Canada,North America,High income,Not classified,-75.6919,45.4215
3490,2025,,Imports of goods and services (current US$),KY,Cayman Islands,Latin America & Caribbean ,High income,Not classified,-81.3857,19.3022
3491,2024,,Imports of goods and services (current US$),KY,Cayman Islands,Latin America & Caribbean ,High income,Not classified,-81.3857,19.3022
3492,2023,,Imports of goods and services (current US$),KY,Cayman Islands,Latin America & Caribbean ,High income,Not classified,-81.3857,19.3022
3493,2022,,Imports of goods and services (current US$),KY,Cayman Islands,Latin America & Caribbean ,High income,Not classified,-81.3857,19.3022
3494,2021,,Imports of goods and services (current US$),KY,Cayman Islands,Latin America & Caribbean ,High income,Not classified,-81.3857,19.3022
3495,2020,2592370369.48148,Imports of goods and services (current US$),KY,Cayman Islands,Latin America & Caribbean ,High income,Not classified,-81.3857,19.3022
3496,2019,2695690782.76313,Imports of goods and services (current US$),KY,Cayman Islands,Latin America & Caribbean ,High income,Not classified,-81.3857,19.3022
3497,2018,2517850071.40029,Imports of goods and services (current US$),KY,Cayman Islands,Latin America & Caribbean ,High income,Not classified,-81.3857,19.3022
3498,2017,2242928971.71589,Imports of goods and services (current US$),KY,Cayman Islands,Latin America & Caribbean ,High income,Not classified,-81.3857,19.3022
3499,2016,,Imports of goods and services (current US$),KY,Cayman Islands,Latin America & Caribbean ,High income,Not classified,-81.3857,19.3022
3500,2025,1029045765.67717,Imports of goods and services (current US$),CF,Central African Republic,Sub-Saharan Africa ,Low income,IDA,21.6407,5.63056
3501,2024,864653558.507516,Imports of goods and services (current US$),CF,Central African Republic,Sub-Saharan Africa ,Low income,IDA,21.6407,5.63056
3502,2023,742108359.673393,Imports of goods and services (current US$),CF,Central African Republic,Sub-Saharan Africa ,Low income,IDA,21.6407,5.63056
3503,2022,784669456.38734,Imports of goods and services (current US$),CF,Central African Republic,Sub-Saharan Africa ,Low income,IDA,21.6407,5.63056
3504,2021,778394732.807162,Imports of goods and services (current US$),CF,Central African Republic,Sub-Saharan Africa ,Low income,IDA,21.6407,5.63056
3505,2020,799194659.189116,Imports of goods and services (current US$),CF,Central African Republic,Sub-Saharan Africa ,Low income,IDA,21.6407,5.63056
3506,2019,762137823.137317,Imports of goods and services (current US$),CF,Central African Republic,Sub-Saharan Africa ,Low income,IDA,21.6407,5.63056
3507,2018,748917943.770559,Imports of goods and services (current US$),CF,Central African Republic,Sub-Saharan Africa ,Low income,IDA,21.6407,5.63056
3508,2017,826531337.145396,Imports of goods and services (current US$),CF,Central African Republic,Sub-Saharan Africa ,Low income,IDA,21.6407,5.63056
3509,2016,651691428.877197,Imports of goods and services (current US$),CF,Central African Republic,Sub-Saharan Africa ,Low income,IDA,21.6407,5.63056
3510,2025,3589848354.57813,Imports of goods and services (current US$),TD,Chad,Sub-Saharan Africa ,Low income,IDA,15.0445,12.1048
3511,2024,3358335599.72621,Imports of goods and services (current US$),TD,Chad,Sub-Saharan Africa ,Low income,IDA,15.0445,12.1048
3512,2023,3259676236.73947,Imports of goods and services (current US$),TD,Chad,Sub-Saharan Africa ,Low income,IDA,15.0445,12.1048
3513,2022,2897673570.61113,Imports of goods and services (current US$),TD,Chad,Sub-Saharan Africa ,Low income,IDA,15.0445,12.1048
3514,2021,2980116474.1698,Imports of goods and services (current US$),TD,Chad,Sub-Saharan Africa ,Low income,IDA,15.0445,12.1048
3515,2020,2890407316.27935,Imports of goods and services (current US$),TD,Chad,Sub-Saharan Africa ,Low income,IDA,15.0445,12.1048
3516,2019,3235878756.21652,Imports of goods and services (current US$),TD,Chad,Sub-Saharan Africa ,Low income,IDA,15.0445,12.1048
3517,2018,3202369867.30411,Imports of goods and services (current US$),TD,Chad,Sub-Saharan Africa ,Low income,IDA,15.0445,12.1048
3518,2017,2683750770.14088,Imports of goods and services (current US$),TD,Chad,Sub-Saharan Africa ,Low income,IDA,15.0445,12.1048
3519,2016,2781116602.81855,Imports of goods and services (current US$),TD,Chad,Sub-Saharan Africa ,Low income,IDA,15.0445,12.1048
3520,2025,,Imports of goods and services (current US$),JG,Channel Islands,Europe & Central Asia,High income,Not classified,,
3521,2024,,Imports of goods and services (current US$),JG,Channel Islands,Europe & Central Asia,High income,Not classified,,
3522,2023,,Imports of goods and services (current US$),JG,Channel Islands,Europe & Central Asia,High income,Not classified,,
3523,2022,,Imports of goods and services (current US$),JG,Channel Islands,Europe & Central Asia,High income,Not classified,,
3524,2021,,Imports of goods and services (current US$),JG,Channel Islands,Europe & Central Asia,High income,Not classified,,
3525,2020,,Imports of goods and services (current US$),JG,Channel Islands,Europe & Central Asia,High income,Not classified,,
3526,2019,,Imports of goods and services (current US$),JG,Channel Islands,Europe & Central Asia,High income,Not classified,,
3527,2018,,Imports of goods and services (current US$),JG,Channel Islands,Europe & Central Asia,High income,Not classified,,
3528,2017,,Imports of goods and services (current US$),JG,Channel Islands,Europe & Central Asia,High income,Not classified,,
3529,2016,,Imports of goods and services (current US$),JG,Channel Islands,Europe & Central Asia,High income,Not classified,,
3530,2025,108715223275.322,Imports of goods and services (current US$),CL,Chile,Latin America & Caribbean ,High income,IBRD,-70.6475,-33.475
3531,2024,99521252622.9592,Imports of goods and services (current US$),CL,Chile,Latin America & Caribbean ,High income,IBRD,-70.6475,-33.475
3532,2023,100410335716.185,Imports of goods and services (current US$),CL,Chile,Latin America & Caribbean ,High income,IBRD,-70.6475,-33.475
3533,2022,119270630424.544,Imports of goods and services (current US$),CL,Chile,Latin America & Caribbean ,High income,IBRD,-70.6475,-33.475
3534,2021,103693578714.076,Imports of goods and services (current US$),CL,Chile,Latin America & Caribbean ,High income,IBRD,-70.6475,-33.475
3535,2020,68216602659.5735,Imports of goods and services (current US$),CL,Chile,Latin America & Caribbean ,High income,IBRD,-70.6475,-33.475
3536,2019,82753870848.0187,Imports of goods and services (current US$),CL,Chile,Latin America & Caribbean ,High income,IBRD,-70.6475,-33.475
3537,2018,87715868252.432,Imports of goods and services (current US$),CL,Chile,Latin America & Caribbean ,High income,IBRD,-70.6475,-33.475
3538,2017,76480319596.4892,Imports of goods and services (current US$),CL,Chile,Latin America & Caribbean ,High income,IBRD,-70.6475,-33.475
3539,2016,70152435856.7924,Imports of goods and services (current US$),CL,Chile,Latin America & Caribbean ,High income,IBRD,-70.6475,-33.475
3540,2025,3292280901123.49,Imports of goods and services (current US$),CN,China,East Asia & Pacific,Upper middle income,IBRD,116.286,40.0495
3541,2024,3280170243047.19,Imports of goods and services (current US$),CN,China,East Asia & Pacific,Upper middle income,IBRD,116.286,40.0495
3542,2023,3167502597276.28,Imports of goods and services (current US$),CN,China,East Asia & Pacific,Upper middle income,IBRD,116.286,40.0495
3543,2022,3166016135468.4,Imports of goods and services (current US$),CN,China,East Asia & Pacific,Upper middle income,IBRD,116.286,40.0495
3544,2021,3132116155606.12,Imports of goods and services (current US$),CN,China,East Asia & Pacific,Upper middle income,IBRD,116.286,40.0495
3545,2020,2409650385964.34,Imports of goods and services (current US$),CN,China,East Asia & Pacific,Upper middle income,IBRD,116.286,40.0495
3546,2019,2521036548136.79,Imports of goods and services (current US$),CN,China,East Asia & Pacific,Upper middle income,IBRD,116.286,40.0495
3547,2018,2564121910994.89,Imports of goods and services (current US$),CN,China,East Asia & Pacific,Upper middle income,IBRD,116.286,40.0495
3548,2017,2208518918632.2,Imports of goods and services (current US$),CN,China,East Asia & Pacific,Upper middle income,IBRD,116.286,40.0495
3549,2016,1944490534275.23,Imports of goods and services (current US$),CN,China,East Asia & Pacific,Upper middle income,IBRD,116.286,40.0495
3550,2025,93242618942.8426,Imports of goods and services (current US$),CO,Colombia,Latin America & Caribbean ,Upper middle income,IBRD,-74.082,4.60987
3551,2024,85099669251.8164,Imports of goods and services (current US$),CO,Colombia,Latin America & Caribbean ,Upper middle income,IBRD,-74.082,4.60987
3552,2023,81912779952.6347,Imports of goods and services (current US$),CO,Colombia,Latin America & Caribbean ,Upper middle income,IBRD,-74.082,4.60987
3553,2022,96411719930.8215,Imports of goods and services (current US$),CO,Colombia,Latin America & Caribbean ,Upper middle income,IBRD,-74.082,4.60987
3554,2021,76006795312.1819,Imports of goods and services (current US$),CO,Colombia,Latin America & Caribbean ,Upper middle income,IBRD,-74.082,4.60987
3555,2020,55511423806.5089,Imports of goods and services (current US$),CO,Colombia,Latin America & Caribbean ,Upper middle income,IBRD,-74.082,4.60987
3556,2019,70067176051.0406,Imports of goods and services (current US$),CO,Colombia,Latin America & Caribbean ,Upper middle income,IBRD,-74.082,4.60987
3557,2018,68961912988.8708,Imports of goods and services (current US$),CO,Colombia,Latin America & Caribbean ,Upper middle income,IBRD,-74.082,4.60987
3558,2017,62802582423.5139,Imports of goods and services (current US$),CO,Colombia,Latin America & Caribbean ,Upper middle income,IBRD,-74.082,4.60987
3559,2016,60743865896.6273,Imports of goods and services (current US$),CO,Colombia,Latin America & Caribbean ,Upper middle income,IBRD,-74.082,4.60987
3560,2025,573286720.626603,Imports of goods and services (current US$),KM,Comoros,Sub-Saharan Africa ,Lower middle income,IDA,43.2418,-11.6986
3561,2024,519240066.914771,Imports of goods and services (current US$),KM,Comoros,Sub-Saharan Africa ,Lower middle income,IDA,43.2418,-11.6986
3562,2023,500323921.623132,Imports of goods and services (current US$),KM,Comoros,Sub-Saharan Africa ,Lower middle income,IDA,43.2418,-11.6986
3563,2022,479082920.132877,Imports of goods and services (current US$),KM,Comoros,Sub-Saharan Africa ,Lower middle income,IDA,43.2418,-11.6986
3564,2021,417650095.359039,Imports of goods and services (current US$),KM,Comoros,Sub-Saharan Africa ,Lower middle income,IDA,43.2418,-11.6986
3565,2020,343723733.571589,Imports of goods and services (current US$),KM,Comoros,Sub-Saharan Africa ,Lower middle income,IDA,43.2418,-11.6986
3566,2019,352466444.794422,Imports of goods and services (current US$),KM,Comoros,Sub-Saharan Africa ,Lower middle income,IDA,43.2418,-11.6986
3567,2018,357675038.221026,Imports of goods and services (current US$),KM,Comoros,Sub-Saharan Africa ,Lower middle income,IDA,43.2418,-11.6986
3568,2017,304517256.026063,Imports of goods and services (current US$),KM,Comoros,Sub-Saharan Africa ,Lower middle income,IDA,43.2418,-11.6986
3569,2016,267996110.852463,Imports of goods and services (current US$),KM,Comoros,Sub-Saharan Africa ,Lower middle income,IDA,43.2418,-11.6986
3570,2025,39977700113.2934,Imports of goods and services (current US$),CD,"Congo, Dem. Rep.",Sub-Saharan Africa ,Low income,IDA,15.3222,-4.325
3571,2024,36761361427.2486,Imports of goods and services (current US$),CD,"Congo, Dem. Rep.",Sub-Saharan Africa ,Low income,IDA,15.3222,-4.325
3572,2023,31210388007.7183,Imports of goods and services (current US$),CD,"Congo, Dem. Rep.",Sub-Saharan Africa ,Low income,IDA,15.3222,-4.325
3573,2022,31691354758.3458,Imports of goods and services (current US$),CD,"Congo, Dem. Rep.",Sub-Saharan Africa ,Low income,IDA,15.3222,-4.325
3574,2021,22184221686.2627,Imports of goods and services (current US$),CD,"Congo, Dem. Rep.",Sub-Saharan Africa ,Low income,IDA,15.3222,-4.325
3575,2020,14559943991.422,Imports of goods and services (current US$),CD,"Congo, Dem. Rep.",Sub-Saharan Africa ,Low income,IDA,15.3222,-4.325
3576,2019,15200849680.4705,Imports of goods and services (current US$),CD,"Congo, Dem. Rep.",Sub-Saharan Africa ,Low income,IDA,15.3222,-4.325
3577,2018,17774432829.14,Imports of goods and services (current US$),CD,"Congo, Dem. Rep.",Sub-Saharan Africa ,Low income,IDA,15.3222,-4.325
3578,2017,13075981645.3818,Imports of goods and services (current US$),CD,"Congo, Dem. Rep.",Sub-Saharan Africa ,Low income,IDA,15.3222,-4.325
3579,2016,14238061710.0503,Imports of goods and services (current US$),CD,"Congo, Dem. Rep.",Sub-Saharan Africa ,Low income,IDA,15.3222,-4.325
3580,2025,7117259247.18917,Imports of goods and services (current US$),CG,"Congo, Rep.",Sub-Saharan Africa ,Lower middle income,Blend,15.2662,-4.2767
3581,2024,6352207277.44474,Imports of goods and services (current US$),CG,"Congo, Rep.",Sub-Saharan Africa ,Lower middle income,Blend,15.2662,-4.2767
3582,2023,6023391374.19893,Imports of goods and services (current US$),CG,"Congo, Rep.",Sub-Saharan Africa ,Lower middle income,Blend,15.2662,-4.2767
3583,2022,5433021714.23864,Imports of goods and services (current US$),CG,"Congo, Rep.",Sub-Saharan Africa ,Lower middle income,Blend,15.2662,-4.2767
3584,2021,4849428753.42288,Imports of goods and services (current US$),CG,"Congo, Rep.",Sub-Saharan Africa ,Lower middle income,Blend,15.2662,-4.2767
3585,2020,3278620368.81873,Imports of goods and services (current US$),CG,"Congo, Rep.",Sub-Saharan Africa ,Lower middle income,Blend,15.2662,-4.2767
3586,2019,4944506820.52635,Imports of goods and services (current US$),CG,"Congo, Rep.",Sub-Saharan Africa ,Lower middle income,Blend,15.2662,-4.2767
3587,2018,5669133279.44923,Imports of goods and services (current US$),CG,"Congo, Rep.",Sub-Saharan Africa ,Lower middle income,Blend,15.2662,-4.2767
3588,2017,5521298081.87023,Imports of goods and services (current US$),CG,"Congo, Rep.",Sub-Saharan Africa ,Lower middle income,Blend,15.2662,-4.2767
3589,2016,8765973302.49731,Imports of goods and services (current US$),CG,"Congo, Rep.",Sub-Saharan Africa ,Lower middle income,Blend,15.2662,-4.2767
3590,2025,33590223066.19,Imports of goods and services (current US$),CR,Costa Rica,Latin America & Caribbean ,High income,IBRD,-84.0089,9.63701
3591,2024,31261918867.2662,Imports of goods and services (current US$),CR,Costa Rica,Latin America & Caribbean ,High income,IBRD,-84.0089,9.63701
3592,2023,29178710518.005,Imports of goods and services (current US$),CR,Costa Rica,Latin America & Caribbean ,High income,IBRD,-84.0089,9.63701
3593,2022,27309613389.3797,Imports of goods and services (current US$),CR,Costa Rica,Latin America & Caribbean ,High income,IBRD,-84.0089,9.63701
3594,2021,22479844381.479,Imports of goods and services (current US$),CR,Costa Rica,Latin America & Caribbean ,High income,IBRD,-84.0089,9.63701
3595,2020,17616395175.2131,Imports of goods and services (current US$),CR,Costa Rica,Latin America & Caribbean ,High income,IBRD,-84.0089,9.63701
3596,2019,20249829099.398,Imports of goods and services (current US$),CR,Costa Rica,Latin America & Caribbean ,High income,IBRD,-84.0089,9.63701
3597,2018,20727758739.4065,Imports of goods and services (current US$),CR,Costa Rica,Latin America & Caribbean ,High income,IBRD,-84.0089,9.63701
3598,2017,19552292617.6029,Imports of goods and services (current US$),CR,Costa Rica,Latin America & Caribbean ,High income,IBRD,-84.0089,9.63701
3599,2016,18194546420.5821,Imports of goods and services (current US$),CR,Costa Rica,Latin America & Caribbean ,High income,IBRD,-84.0089,9.63701
3600,2025,24716415280.5918,Imports of goods and services (current US$),CI,Cote d'Ivoire,Sub-Saharan Africa ,Lower middle income,Blend,-4.0305,5.332
3601,2024,21984729877.2984,Imports of goods and services (current US$),CI,Cote d'Ivoire,Sub-Saharan Africa ,Lower middle income,Blend,-4.0305,5.332
3602,2023,21311191334.5497,Imports of goods and services (current US$),CI,Cote d'Ivoire,Sub-Saharan Africa ,Lower middle income,Blend,-4.0305,5.332
3603,2022,20283240452.5601,Imports of goods and services (current US$),CI,Cote d'Ivoire,Sub-Saharan Africa ,Lower middle income,Blend,-4.0305,5.332
3604,2021,16610109080.0793,Imports of goods and services (current US$),CI,Cote d'Ivoire,Sub-Saharan Africa ,Lower middle income,Blend,-4.0305,5.332
3605,2020,13203807830.5952,Imports of goods and services (current US$),CI,Cote d'Ivoire,Sub-Saharan Africa ,Lower middle income,Blend,-4.0305,5.332
3606,2019,13284189624.8842,Imports of goods and services (current US$),CI,Cote d'Ivoire,Sub-Saharan Africa ,Lower middle income,Blend,-4.0305,5.332
3607,2018,13661082703.3125,Imports of goods and services (current US$),CI,Cote d'Ivoire,Sub-Saharan Africa ,Lower middle income,Blend,-4.0305,5.332
3608,2017,12163812786.1254,Imports of goods and services (current US$),CI,Cote d'Ivoire,Sub-Saharan Africa ,Lower middle income,Blend,-4.0305,5.332
3609,2016,10951634334.4131,Imports of goods and services (current US$),CI,Cote d'Ivoire,Sub-Saharan Africa ,Lower middle income,Blend,-4.0305,5.332
3610,2025,55696868835.294,Imports of goods and services (current US$),HR,Croatia,Europe & Central Asia,High income,IBRD,15.9614,45.8069
3611,2024,50927083435.1562,Imports of goods and services (current US$),HR,Croatia,Europe & Central Asia,High income,IBRD,15.9614,45.8069
3612,2023,46843800747.0597,Imports of goods and services (current US$),HR,Croatia,Europe & Central Asia,High income,IBRD,15.9614,45.8069
3613,2022,46917449045.3506,Imports of goods and services (current US$),HR,Croatia,Europe & Central Asia,High income,IBRD,15.9614,45.8069
3614,2021,36254483911.1414,Imports of goods and services (current US$),HR,Croatia,Europe & Central Asia,High income,IBRD,15.9614,45.8069
3615,2020,27975917843.7995,Imports of goods and services (current US$),HR,Croatia,Europe & Central Asia,High income,IBRD,15.9614,45.8069
3616,2019,31288902621.421,Imports of goods and services (current US$),HR,Croatia,Europe & Central Asia,High income,IBRD,15.9614,45.8069
3617,2018,30818196849.0918,Imports of goods and services (current US$),HR,Croatia,Europe & Central Asia,High income,IBRD,15.9614,45.8069
3618,2017,27152332095.559,Imports of goods and services (current US$),HR,Croatia,Europe & Central Asia,High income,IBRD,15.9614,45.8069
3619,2016,23966598186.4551,Imports of goods and services (current US$),HR,Croatia,Europe & Central Asia,High income,IBRD,15.9614,45.8069
3620,2025,,Imports of goods and services (current US$),CU,Cuba,Latin America & Caribbean ,Upper middle income,Not classified,-82.3667,23.1333
3621,2024,,Imports of goods and services (current US$),CU,Cuba,Latin America & Caribbean ,Upper middle income,Not classified,-82.3667,23.1333
3622,2023,,Imports of goods and services (current US$),CU,Cuba,Latin America & Caribbean ,Upper middle income,Not classified,-82.3667,23.1333
3623,2022,,Imports of goods and services (current US$),CU,Cuba,Latin America & Caribbean ,Upper middle income,Not classified,-82.3667,23.1333
3624,2021,,Imports of goods and services (current US$),CU,Cuba,Latin America & Caribbean ,Upper middle income,Not classified,-82.3667,23.1333
3625,2020,8067000000.0,Imports of goods and services (current US$),CU,Cuba,Latin America & Caribbean ,Upper middle income,Not classified,-82.3667,23.1333
3626,2019,10971100000.0,Imports of goods and services (current US$),CU,Cuba,Latin America & Caribbean ,Upper middle income,Not classified,-82.3667,23.1333
3627,2018,12567100000.0,Imports of goods and services (current US$),CU,Cuba,Latin America & Caribbean ,Upper middle income,Not classified,-82.3667,23.1333
3628,2017,11303600000.0,Imports of goods and services (current US$),CU,Cuba,Latin America & Caribbean ,Upper middle income,Not classified,-82.3667,23.1333
3629,2016,11226300000.0,Imports of goods and services (current US$),CU,Cuba,Latin America & Caribbean ,Upper middle income,Not classified,-82.3667,23.1333
3630,2025,,Imports of goods and services (current US$),CW,Curacao,Latin America & Caribbean ,High income,Not classified,,
3631,2024,,Imports of goods and services (current US$),CW,Curacao,Latin America & Caribbean ,High income,Not classified,,
3632,2023,,Imports of goods and services (current US$),CW,Curacao,Latin America & Caribbean ,High income,Not classified,,
3633,2022,,Imports of goods and services (current US$),CW,Curacao,Latin America & Caribbean ,High income,Not classified,,
3634,2021,,Imports of goods and services (current US$),CW,Curacao,Latin America & Caribbean ,High income,Not classified,,
3635,2020,,Imports of goods and services (current US$),CW,Curacao,Latin America & Caribbean ,High income,Not classified,,
3636,2019,,Imports of goods and services (current US$),CW,Curacao,Latin America & Caribbean ,High income,Not classified,,
3637,2018,2803351955.30726,Imports of goods and services (current US$),CW,Curacao,Latin America & Caribbean ,High income,Not classified,,
3638,2017,2432290502.7933,Imports of goods and services (current US$),CW,Curacao,Latin America & Caribbean ,High income,Not classified,,
3639,2016,2300502793.29609,Imports of goods and services (current US$),CW,Curacao,Latin America & Caribbean ,High income,Not classified,,
3640,2025,37895679482.549,Imports of goods and services (current US$),CY,Cyprus,Europe & Central Asia,High income,Not classified,33.3736,35.1676
3641,2024,35144136153.9844,Imports of goods and services (current US$),CY,Cyprus,Europe & Central Asia,High income,Not classified,33.3736,35.1676
3642,2023,33094024492.8653,Imports of goods and services (current US$),CY,Cyprus,Europe & Central Asia,High income,Not classified,33.3736,35.1676
3643,2022,31557528863.7997,Imports of goods and services (current US$),CY,Cyprus,Europe & Central Asia,High income,Not classified,33.3736,35.1676
3644,2021,26141699845.4957,Imports of goods and services (current US$),CY,Cyprus,Europe & Central Asia,High income,Not classified,33.3736,35.1676
3645,2020,20705101712.979,Imports of goods and services (current US$),CY,Cyprus,Europe & Central Asia,High income,Not classified,33.3736,35.1676
3646,2019,19581296224.5568,Imports of goods and services (current US$),CY,Cyprus,Europe & Central Asia,High income,Not classified,33.3736,35.1676
3647,2018,18829384342.8517,Imports of goods and services (current US$),CY,Cyprus,Europe & Central Asia,High income,Not classified,33.3736,35.1676
3648,2017,17021058792.8412,Imports of goods and services (current US$),CY,Cyprus,Europe & Central Asia,High income,Not classified,33.3736,35.1676
3649,2016,14424827081.7969,Imports of goods and services (current US$),CY,Cyprus,Europe & Central Asia,High income,Not classified,33.3736,35.1676
3650,2025,238895347774.426,Imports of goods and services (current US$),CZ,Czechia,Europe & Central Asia,High income,Not classified,14.4205,50.0878
3651,2024,217301727912.937,Imports of goods and services (current US$),CZ,Czechia,Europe & Central Asia,High income,Not classified,14.4205,50.0878
3652,2023,219076391730.518,Imports of goods and services (current US$),CZ,Czechia,Europe & Central Asia,High income,Not classified,14.4205,50.0878
3653,2022,216117395213.426,Imports of goods and services (current US$),CZ,Czechia,Europe & Central Asia,High income,Not classified,14.4205,50.0878
3654,2021,194451452690.495,Imports of goods and services (current US$),CZ,Czechia,Europe & Central Asia,High income,Not classified,14.4205,50.0878
3655,2020,153225751553.732,Imports of goods and services (current US$),CZ,Czechia,Europe & Central Asia,High income,Not classified,14.4205,50.0878
3656,2019,169560596975.875,Imports of goods and services (current US$),CZ,Czechia,Europe & Central Asia,High income,Not classified,14.4205,50.0878
3657,2018,175215168028.716,Imports of goods and services (current US$),CZ,Czechia,Europe & Central Asia,High income,Not classified,14.4205,50.0878
3658,2017,155241626146.102,Imports of goods and services (current US$),CZ,Czechia,Europe & Central Asia,High income,Not classified,14.4205,50.0878
3659,2016,139581736162.494,Imports of goods and services (current US$),CZ,Czechia,Europe & Central Asia,High income,Not classified,14.4205,50.0878
3660,2025,273377454737.711,Imports of goods and services (current US$),DK,Denmark,Europe & Central Asia,High income,Not classified,12.5681,55.6763
3661,2024,257954032293.244,Imports of goods and services (current US$),DK,Denmark,Europe & Central Asia,High income,Not classified,12.5681,55.6763
3662,2023,244049390819.477,Imports of goods and services (current US$),DK,Denmark,Europe & Central Asia,High income,Not classified,12.5681,55.6763
3663,2022,245032442023.852,Imports of goods and services (current US$),DK,Denmark,Europe & Central Asia,High income,Not classified,12.5681,55.6763
3664,2021,215701858421.281,Imports of goods and services (current US$),DK,Denmark,Europe & Central Asia,High income,Not classified,12.5681,55.6763
3665,2020,175669403452.283,Imports of goods and services (current US$),DK,Denmark,Europe & Central Asia,High income,Not classified,12.5681,55.6763
3666,2019,182858534958.076,Imports of goods and services (current US$),DK,Denmark,Europe & Central Asia,High income,Not classified,12.5681,55.6763
3667,2018,184150748807.726,Imports of goods and services (current US$),DK,Denmark,Europe & Central Asia,High income,Not classified,12.5681,55.6763
3668,2017,162057186530.798,Imports of goods and services (current US$),DK,Denmark,Europe & Central Asia,High income,Not classified,12.5681,55.6763
3669,2016,148938310649.103,Imports of goods and services (current US$),DK,Denmark,Europe & Central Asia,High income,Not classified,12.5681,55.6763
3670,2025,4430416214.1784,Imports of goods and services (current US$),DJ,Djibouti,"Middle East, North Africa, Afghanistan & Pakistan",Lower middle income,IDA,43.1425,11.5806
3671,2024,4767585147.50648,Imports of goods and services (current US$),DJ,Djibouti,"Middle East, North Africa, Afghanistan & Pakistan",Lower middle income,IDA,43.1425,11.5806
3672,2023,5269169090.8784,Imports of goods and services (current US$),DJ,Djibouti,"Middle East, North Africa, Afghanistan & Pakistan",Lower middle income,IDA,43.1425,11.5806
3673,2022,5096060679.37948,Imports of goods and services (current US$),DJ,Djibouti,"Middle East, North Africa, Afghanistan & Pakistan",Lower middle income,IDA,43.1425,11.5806
3674,2021,4096786536.2,Imports of goods and services (current US$),DJ,Djibouti,"Middle East, North Africa, Afghanistan & Pakistan",Lower middle income,IDA,43.1425,11.5806
3675,2020,3414846866.71806,Imports of goods and services (current US$),DJ,Djibouti,"Middle East, North Africa, Afghanistan & Pakistan",Lower middle income,IDA,43.1425,11.5806
3676,2019,4763668896.7539,Imports of goods and services (current US$),DJ,Djibouti,"Middle East, North Africa, Afghanistan & Pakistan",Lower middle income,IDA,43.1425,11.5806
3677,2018,4188947845.21807,Imports of goods and services (current US$),DJ,Djibouti,"Middle East, North Africa, Afghanistan & Pakistan",Lower middle income,IDA,43.1425,11.5806
3678,2017,4306024611.61033,Imports of goods and services (current US$),DJ,Djibouti,"Middle East, North Africa, Afghanistan & Pakistan",Lower middle income,IDA,43.1425,11.5806
3679,2016,2847423770.96685,Imports of goods and services (current US$),DJ,Djibouti,"Middle East, North Africa, Afghanistan & Pakistan",Lower middle income,IDA,43.1425,11.5806
3680,2025,,Imports of goods and services (current US$),DM,Dominica,Latin America & Caribbean ,Upper middle income,Blend,-61.39,15.2976
3681,2024,,Imports of goods and services (current US$),DM,Dominica,Latin America & Caribbean ,Upper middle income,Blend,-61.39,15.2976
3682,2023,,Imports of goods and services (current US$),DM,Dominica,Latin America & Caribbean ,Upper middle income,Blend,-61.39,15.2976
3683,2022,,Imports of goods and services (current US$),DM,Dominica,Latin America & Caribbean ,Upper middle income,Blend,-61.39,15.2976
3684,2021,,Imports of goods and services (current US$),DM,Dominica,Latin America & Caribbean ,Upper middle income,Blend,-61.39,15.2976
3685,2020,,Imports of goods and services (current US$),DM,Dominica,Latin America & Caribbean ,Upper middle income,Blend,-61.39,15.2976
3686,2019,,Imports of goods and services (current US$),DM,Dominica,Latin America & Caribbean ,Upper middle income,Blend,-61.39,15.2976
3687,2018,,Imports of goods and services (current US$),DM,Dominica,Latin America & Caribbean ,Upper middle income,Blend,-61.39,15.2976
3688,2017,,Imports of goods and services (current US$),DM,Dominica,Latin America & Caribbean ,Upper middle income,Blend,-61.39,15.2976
3689,2016,,Imports of goods and services (current US$),DM,Dominica,Latin America & Caribbean ,Upper middle income,Blend,-61.39,15.2976
3690,2025,35489329536.5107,Imports of goods and services (current US$),DO,Dominican Republic,Latin America & Caribbean ,Upper middle income,IBRD,-69.8908,18.479
3691,2024,36061223105.1343,Imports of goods and services (current US$),DO,Dominican Republic,Latin America & Caribbean ,Upper middle income,IBRD,-69.8908,18.479
3692,2023,34354476733.3362,Imports of goods and services (current US$),DO,Dominican Republic,Latin America & Caribbean ,Upper middle income,IBRD,-69.8908,18.479
3693,2022,36712448617.174,Imports of goods and services (current US$),DO,Dominican Republic,Latin America & Caribbean ,Upper middle income,IBRD,-69.8908,18.479
3694,2021,28855223090.105,Imports of goods and services (current US$),DO,Dominican Republic,Latin America & Caribbean ,Upper middle income,IBRD,-69.8908,18.479
3695,2020,20371828906.5741,Imports of goods and services (current US$),DO,Dominican Republic,Latin America & Caribbean ,Upper middle income,IBRD,-69.8908,18.479
3696,2019,24593322194.2051,Imports of goods and services (current US$),DO,Dominican Republic,Latin America & Caribbean ,Upper middle income,IBRD,-69.8908,18.479
3697,2018,24089276069.9845,Imports of goods and services (current US$),DO,Dominican Republic,Latin America & Caribbean ,Upper middle income,IBRD,-69.8908,18.479
3698,2017,21016707908.4144,Imports of goods and services (current US$),DO,Dominican Republic,Latin America & Caribbean ,Upper middle income,IBRD,-69.8908,18.479
3699,2016,20804844202.6132,Imports of goods and services (current US$),DO,Dominican Republic,Latin America & Caribbean ,Upper middle income,IBRD,-69.8908,18.479
3700,2025,36383153500.0,Imports of goods and services (current US$),EC,Ecuador,Latin America & Caribbean ,Upper middle income,IBRD,-78.5243,-0.229498
3701,2024,33359499000.0,Imports of goods and services (current US$),EC,Ecuador,Latin America & Caribbean ,Upper middle income,IBRD,-78.5243,-0.229498
3702,2023,34441841000.0,Imports of goods and services (current US$),EC,Ecuador,Latin America & Caribbean ,Upper middle income,IBRD,-78.5243,-0.229498
3703,2022,35949643000.0,Imports of goods and services (current US$),EC,Ecuador,Latin America & Caribbean ,Upper middle income,IBRD,-78.5243,-0.229498
3704,2021,28075880000.0,Imports of goods and services (current US$),EC,Ecuador,Latin America & Caribbean ,Upper middle income,IBRD,-78.5243,-0.229498
3705,2020,19849664000.0,Imports of goods and services (current US$),EC,Ecuador,Latin America & Caribbean ,Upper middle income,IBRD,-78.5243,-0.229498
3706,2019,25859813000.0,Imports of goods and services (current US$),EC,Ecuador,Latin America & Caribbean ,Upper middle income,IBRD,-78.5243,-0.229498
3707,2018,26295241000.0,Imports of goods and services (current US$),EC,Ecuador,Latin America & Caribbean ,Upper middle income,IBRD,-78.5243,-0.229498
3708,2017,23120886000.0,Imports of goods and services (current US$),EC,Ecuador,Latin America & Caribbean ,Upper middle income,IBRD,-78.5243,-0.229498
3709,2016,19529599000.0,Imports of goods and services (current US$),EC,Ecuador,Latin America & Caribbean ,Upper middle income,IBRD,-78.5243,-0.229498
3710,2025,115107510878.37,Imports of goods and services (current US$),EG,"Egypt, Arab Rep.","Middle East, North Africa, Afghanistan & Pakistan",Lower middle income,IBRD,31.2461,30.0982
3711,2024,90357257364.1562,Imports of goods and services (current US$),EG,"Egypt, Arab Rep.","Middle East, North Africa, Afghanistan & Pakistan",Lower middle income,IBRD,31.2461,30.0982
3712,2023,84507685809.5003,Imports of goods and services (current US$),EG,"Egypt, Arab Rep.","Middle East, North Africa, Afghanistan & Pakistan",Lower middle income,IBRD,31.2461,30.0982
3713,2022,104389057750.76,Imports of goods and services (current US$),EG,"Egypt, Arab Rep.","Middle East, North Africa, Afghanistan & Pakistan",Lower middle income,IBRD,31.2461,30.0982
3714,2021,81943913320.5864,Imports of goods and services (current US$),EG,"Egypt, Arab Rep.","Middle East, North Africa, Afghanistan & Pakistan",Lower middle income,IBRD,31.2461,30.0982
3715,2020,75433562071.1167,Imports of goods and services (current US$),EG,"Egypt, Arab Rep.","Middle East, North Africa, Afghanistan & Pakistan",Lower middle income,IBRD,31.2461,30.0982
3716,2019,78012528473.8041,Imports of goods and services (current US$),EG,"Egypt, Arab Rep.","Middle East, North Africa, Afghanistan & Pakistan",Lower middle income,IBRD,31.2461,30.0982
3717,2018,73331457512.6618,Imports of goods and services (current US$),EG,"Egypt, Arab Rep.","Middle East, North Africa, Afghanistan & Pakistan",Lower middle income,IBRD,31.2461,30.0982
3718,2017,69089673913.0435,Imports of goods and services (current US$),EG,"Egypt, Arab Rep.","Middle East, North Africa, Afghanistan & Pakistan",Lower middle income,IBRD,31.2461,30.0982
3719,2016,66159509202.454,Imports of goods and services (current US$),EG,"Egypt, Arab Rep.","Middle East, North Africa, Afghanistan & Pakistan",Lower middle income,IBRD,31.2461,30.0982
3720,2025,20597470000.0,Imports of goods and services (current US$),SV,El Salvador,Latin America & Caribbean ,Upper middle income,IBRD,-89.2073,13.7034
3721,2024,18494180000.0,Imports of goods and services (current US$),SV,El Salvador,Latin America & Caribbean ,Upper middle income,IBRD,-89.2073,13.7034
3722,2023,17125220000.0,Imports of goods and services (current US$),SV,El Salvador,Latin America & Caribbean ,Upper middle income,IBRD,-89.2073,13.7034
3723,2022,17932560000.0,Imports of goods and services (current US$),SV,El Salvador,Latin America & Caribbean ,Upper middle income,IBRD,-89.2073,13.7034
3724,2021,15411330000.0,Imports of goods and services (current US$),SV,El Salvador,Latin America & Caribbean ,Upper middle income,IBRD,-89.2073,13.7034
3725,2020,10450130000.0,Imports of goods and services (current US$),SV,El Salvador,Latin America & Caribbean ,Upper middle income,IBRD,-89.2073,13.7034
3726,2019,12388470000.0,Imports of goods and services (current US$),SV,El Salvador,Latin America & Caribbean ,Upper middle income,IBRD,-89.2073,13.7034
3727,2018,12151540000.0,Imports of goods and services (current US$),SV,El Salvador,Latin America & Caribbean ,Upper middle income,IBRD,-89.2073,13.7034
3728,2017,11309300000.0,Imports of goods and services (current US$),SV,El Salvador,Latin America & Caribbean ,Upper middle income,IBRD,-89.2073,13.7034
3729,2016,10731440000.0,Imports of goods and services (current US$),SV,El Salvador,Latin America & Caribbean ,Upper middle income,IBRD,-89.2073,13.7034
3730,2025,3643355302.10971,Imports of goods and services (current US$),GQ,Equatorial Guinea,Sub-Saharan Africa ,Upper middle income,IBRD,8.7741,3.7523
3731,2024,3885243289.21241,Imports of goods and services (current US$),GQ,Equatorial Guinea,Sub-Saharan Africa ,Upper middle income,IBRD,8.7741,3.7523
3732,2023,2870078832.64868,Imports of goods and services (current US$),GQ,Equatorial Guinea,Sub-Saharan Africa ,Upper middle income,IBRD,8.7741,3.7523
3733,2022,3948328171.97339,Imports of goods and services (current US$),GQ,Equatorial Guinea,Sub-Saharan Africa ,Upper middle income,IBRD,8.7741,3.7523
3734,2021,3889425323.4954,Imports of goods and services (current US$),GQ,Equatorial Guinea,Sub-Saharan Africa ,Upper middle income,IBRD,8.7741,3.7523
3735,2020,3668867869.71132,Imports of goods and services (current US$),GQ,Equatorial Guinea,Sub-Saharan Africa ,Upper middle income,IBRD,8.7741,3.7523
3736,2019,4971586017.96072,Imports of goods and services (current US$),GQ,Equatorial Guinea,Sub-Saharan Africa ,Upper middle income,IBRD,8.7741,3.7523
3737,2018,5766764651.86857,Imports of goods and services (current US$),GQ,Equatorial Guinea,Sub-Saharan Africa ,Upper middle income,IBRD,8.7741,3.7523
3738,2017,5315346803.4256,Imports of goods and services (current US$),GQ,Equatorial Guinea,Sub-Saharan Africa ,Upper middle income,IBRD,8.7741,3.7523
3739,2016,4629853195.02921,Imports of goods and services (current US$),GQ,Equatorial Guinea,Sub-Saharan Africa ,Upper middle income,IBRD,8.7741,3.7523
3740,2025,,Imports of goods and services (current US$),ER,Eritrea,Sub-Saharan Africa ,Low income,IDA,38.9183,15.3315
3741,2024,,Imports of goods and services (current US$),ER,Eritrea,Sub-Saharan Africa ,Low income,IDA,38.9183,15.3315
3742,2023,,Imports of goods and services (current US$),ER,Eritrea,Sub-Saharan Africa ,Low income,IDA,38.9183,15.3315
3743,2022,,Imports of goods and services (current US$),ER,Eritrea,Sub-Saharan Africa ,Low income,IDA,38.9183,15.3315
3744,2021,,Imports of goods and services (current US$),ER,Eritrea,Sub-Saharan Africa ,Low income,IDA,38.9183,15.3315
3745,2020,,Imports of goods and services (current US$),ER,Eritrea,Sub-Saharan Africa ,Low income,IDA,38.9183,15.3315
3746,2019,,Imports of goods and services (current US$),ER,Eritrea,Sub-Saharan Africa ,Low income,IDA,38.9183,15.3315
3747,2018,,Imports of goods and services (current US$),ER,Eritrea,Sub-Saharan Africa ,Low income,IDA,38.9183,15.3315
3748,2017,,Imports of goods and services (current US$),ER,Eritrea,Sub-Saharan Africa ,Low income,IDA,38.9183,15.3315
3749,2016,,Imports of goods and services (current US$),ER,Eritrea,Sub-Saharan Africa ,Low income,IDA,38.9183,15.3315
3750,2025,36400718571.8596,Imports of goods and services (current US$),EE,Estonia,Europe & Central Asia,High income,Not classified,24.7586,59.4392
3751,2024,32506629311.0508,Imports of goods and services (current US$),EE,Estonia,Europe & Central Asia,High income,Not classified,24.7586,59.4392
3752,2023,31856671495.2359,Imports of goods and services (current US$),EE,Estonia,Europe & Central Asia,High income,Not classified,24.7586,59.4392
3753,2022,33737756551.9943,Imports of goods and services (current US$),EE,Estonia,Europe & Central Asia,High income,Not classified,24.7586,59.4392
3754,2021,30079327378.1584,Imports of goods and services (current US$),EE,Estonia,Europe & Central Asia,High income,Not classified,24.7586,59.4392
3755,2020,22032093730.3954,Imports of goods and services (current US$),EE,Estonia,Europe & Central Asia,High income,Not classified,24.7586,59.4392
3756,2019,21780286721.0117,Imports of goods and services (current US$),EE,Estonia,Europe & Central Asia,High income,Not classified,24.7586,59.4392
3757,2018,22038410927.6141,Imports of goods and services (current US$),EE,Estonia,Europe & Central Asia,High income,Not classified,24.7586,59.4392
3758,2017,19319297993.7894,Imports of goods and services (current US$),EE,Estonia,Europe & Central Asia,High income,Not classified,24.7586,59.4392
3759,2016,17750100181.8526,Imports of goods and services (current US$),EE,Estonia,Europe & Central Asia,High income,Not classified,24.7586,59.4392
3760,2025,,Imports of goods and services (current US$),SZ,Eswatini,Sub-Saharan Africa ,Lower middle income,Blend,31.4659,-26.5225
3761,2024,2610423259.22481,Imports of goods and services (current US$),SZ,Eswatini,Sub-Saharan Africa ,Lower middle income,Blend,31.4659,-26.5225
3762,2023,2367140007.21377,Imports of goods and services (current US$),SZ,Eswatini,Sub-Saharan Africa ,Lower middle income,Blend,31.4659,-26.5225
3763,2022,2282013573.53372,Imports of goods and services (current US$),SZ,Eswatini,Sub-Saharan Africa ,Lower middle income,Blend,31.4659,-26.5225
3764,2021,2178506943.75157,Imports of goods and services (current US$),SZ,Eswatini,Sub-Saharan Africa ,Lower middle income,Blend,31.4659,-26.5225
3765,2020,1670857423.22402,Imports of goods and services (current US$),SZ,Eswatini,Sub-Saharan Africa ,Lower middle income,Blend,31.4659,-26.5225
3766,2019,1933575697.79077,Imports of goods and services (current US$),SZ,Eswatini,Sub-Saharan Africa ,Lower middle income,Blend,31.4659,-26.5225
3767,2018,2072072242.65678,Imports of goods and services (current US$),SZ,Eswatini,Sub-Saharan Africa ,Lower middle income,Blend,31.4659,-26.5225
3768,2017,1951237992.70785,Imports of goods and services (current US$),SZ,Eswatini,Sub-Saharan Africa ,Lower middle income,Blend,31.4659,-26.5225
3769,2016,1640478256.01914,Imports of goods and services (current US$),SZ,Eswatini,Sub-Saharan Africa ,Lower middle income,Blend,31.4659,-26.5225
3770,2025,25494178576.2035,Imports of goods and services (current US$),ET,Ethiopia,Sub-Saharan Africa ,Low income,IDA,38.7468,9.02274
3771,2024,17760943867.0474,Imports of goods and services (current US$),ET,Ethiopia,Sub-Saharan Africa ,Low income,IDA,38.7468,9.02274
3772,2023,19025475348.3238,Imports of goods and services (current US$),ET,Ethiopia,Sub-Saharan Africa ,Low income,IDA,38.7468,9.02274
3773,2022,22598141427.9128,Imports of goods and services (current US$),ET,Ethiopia,Sub-Saharan Africa ,Low income,IDA,38.7468,9.02274
3774,2021,18229409472.4823,Imports of goods and services (current US$),ET,Ethiopia,Sub-Saharan Africa ,Low income,IDA,38.7468,9.02274
3775,2020,16655574514.9834,Imports of goods and services (current US$),ET,Ethiopia,Sub-Saharan Africa ,Low income,IDA,38.7468,9.02274
3776,2019,19170757494.8805,Imports of goods and services (current US$),ET,Ethiopia,Sub-Saharan Africa ,Low income,IDA,38.7468,9.02274
3777,2018,19023285015.1515,Imports of goods and services (current US$),ET,Ethiopia,Sub-Saharan Africa ,Low income,IDA,38.7468,9.02274
3778,2017,17926383870.8333,Imports of goods and services (current US$),ET,Ethiopia,Sub-Saharan Africa ,Low income,IDA,38.7468,9.02274
3779,2016,18548030816.5939,Imports of goods and services (current US$),ET,Ethiopia,Sub-Saharan Africa ,Low income,IDA,38.7468,9.02274
3780,2025,,Imports of goods and services (current US$),FO,Faroe Islands,Europe & Central Asia,High income,Not classified,-6.91181,61.8926
3781,2024,2074963892.91124,Imports of goods and services (current US$),FO,Faroe Islands,Europe & Central Asia,High income,Not classified,-6.91181,61.8926
3782,2023,2213738519.19749,Imports of goods and services (current US$),FO,Faroe Islands,Europe & Central Asia,High income,Not classified,-6.91181,61.8926
3783,2022,2222973772.42022,Imports of goods and services (current US$),FO,Faroe Islands,Europe & Central Asia,High income,Not classified,-6.91181,61.8926
3784,2021,1905548674.37443,Imports of goods and services (current US$),FO,Faroe Islands,Europe & Central Asia,High income,Not classified,-6.91181,61.8926
3785,2020,1596508304.91251,Imports of goods and services (current US$),FO,Faroe Islands,Europe & Central Asia,High income,Not classified,-6.91181,61.8926
3786,2019,1726424994.45606,Imports of goods and services (current US$),FO,Faroe Islands,Europe & Central Asia,High income,Not classified,-6.91181,61.8926
3787,2018,1723651102.3072,Imports of goods and services (current US$),FO,Faroe Islands,Europe & Central Asia,High income,Not classified,-6.91181,61.8926
3788,2017,1516062731.89646,Imports of goods and services (current US$),FO,Faroe Islands,Europe & Central Asia,High income,Not classified,-6.91181,61.8926
3789,2016,1407099940.90662,Imports of goods and services (current US$),FO,Faroe Islands,Europe & Central Asia,High income,Not classified,-6.91181,61.8926
3790,2025,,Imports of goods and services (current US$),FJ,Fiji,East Asia & Pacific,Upper middle income,Blend,178.399,-18.1149
3791,2024,3852841334.92042,Imports of goods and services (current US$),FJ,Fiji,East Asia & Pacific,Upper middle income,Blend,178.399,-18.1149
3792,2023,3766590744.95861,Imports of goods and services (current US$),FJ,Fiji,East Asia & Pacific,Upper middle income,Blend,178.399,-18.1149
3793,2022,3446341362.5922,Imports of goods and services (current US$),FJ,Fiji,East Asia & Pacific,Upper middle income,Blend,178.399,-18.1149
3794,2021,2204446659.54807,Imports of goods and services (current US$),FJ,Fiji,East Asia & Pacific,Upper middle income,Blend,178.399,-18.1149
3795,2020,1973114226.498,Imports of goods and services (current US$),FJ,Fiji,East Asia & Pacific,Upper middle income,Blend,178.399,-18.1149
3796,2019,3209508640.32609,Imports of goods and services (current US$),FJ,Fiji,East Asia & Pacific,Upper middle income,Blend,178.399,-18.1149
3797,2018,3096944495.01289,Imports of goods and services (current US$),FJ,Fiji,East Asia & Pacific,Upper middle income,Blend,178.399,-18.1149
3798,2017,2730595706.07802,Imports of goods and services (current US$),FJ,Fiji,East Asia & Pacific,Upper middle income,Blend,178.399,-18.1149
3799,2016,2491101334.03606,Imports of goods and services (current US$),FJ,Fiji,East Asia & Pacific,Upper middle income,Blend,178.399,-18.1149
3800,2025,130205696939.608,Imports of goods and services (current US$),FI,Finland,Europe & Central Asia,High income,Not classified,24.9525,60.1608
3801,2024,124115485971.094,Imports of goods and services (current US$),FI,Finland,Europe & Central Asia,High income,Not classified,24.9525,60.1608
3802,2023,126181886286.277,Imports of goods and services (current US$),FI,Finland,Europe & Central Asia,High income,Not classified,24.9525,60.1608
3803,2022,135299901221.79,Imports of goods and services (current US$),FI,Finland,Europe & Central Asia,High income,Not classified,24.9525,60.1608
3804,2021,117299452992.246,Imports of goods and services (current US$),FI,Finland,Europe & Central Asia,High income,Not classified,24.9525,60.1608
3805,2020,97119792947.8602,Imports of goods and services (current US$),FI,Finland,Europe & Central Asia,High income,Not classified,24.9525,60.1608
3806,2019,106661292345.098,Imports of goods and services (current US$),FI,Finland,Europe & Central Asia,High income,Not classified,24.9525,60.1608
3807,2018,109532349829.804,Imports of goods and services (current US$),FI,Finland,Europe & Central Asia,High income,Not classified,24.9525,60.1608
3808,2017,95883949215.2943,Imports of goods and services (current US$),FI,Finland,Europe & Central Asia,High income,Not classified,24.9525,60.1608
3809,2016,86888573648.6384,Imports of goods and services (current US$),FI,Finland,Europe & Central Asia,High income,Not classified,24.9525,60.1608
3810,2025,1137799795606.86,Imports of goods and services (current US$),FR,France,Europe & Central Asia,High income,Not classified,2.35097,48.8566
3811,2024,1081453951068.75,Imports of goods and services (current US$),FR,France,Europe & Central Asia,High income,Not classified,2.35097,48.8566
3812,2023,1105442442028.06,Imports of goods and services (current US$),FR,France,Europe & Central Asia,High income,Not classified,2.35097,48.8566
3813,2022,1099664152806.23,Imports of goods and services (current US$),FR,France,Europe & Central Asia,High income,Not classified,2.35097,48.8566
3814,2021,964103785591.845,Imports of goods and services (current US$),FR,France,Europe & Central Asia,High income,Not classified,2.35097,48.8566
3815,2020,801836174373.076,Imports of goods and services (current US$),FR,France,Europe & Central Asia,High income,Not classified,2.35097,48.8566
3816,2019,913209092423.528,Imports of goods and services (current US$),FR,France,Europe & Central Asia,High income,Not classified,2.35097,48.8566
3817,2018,942517078079.137,Imports of goods and services (current US$),FR,France,Europe & Central Asia,High income,Not classified,2.35097,48.8566
3818,2017,856501561408.354,Imports of goods and services (current US$),FR,France,Europe & Central Asia,High income,Not classified,2.35097,48.8566
3819,2016,786690099965.255,Imports of goods and services (current US$),FR,France,Europe & Central Asia,High income,Not classified,2.35097,48.8566
3820,2025,,Imports of goods and services (current US$),PF,French Polynesia,East Asia & Pacific,High income,Not classified,-149.57,-17.535
3821,2024,2918236639.14728,Imports of goods and services (current US$),PF,French Polynesia,East Asia & Pacific,High income,Not classified,-149.57,-17.535
3822,2023,2921687951.56516,Imports of goods and services (current US$),PF,French Polynesia,East Asia & Pacific,High income,Not classified,-149.57,-17.535
3823,2022,2682544155.54484,Imports of goods and services (current US$),PF,French Polynesia,East Asia & Pacific,High income,Not classified,-149.57,-17.535
3824,2021,2370137504.5533,Imports of goods and services (current US$),PF,French Polynesia,East Asia & Pacific,High income,Not classified,-149.57,-17.535
3825,2020,2025525436.73512,Imports of goods and services (current US$),PF,French Polynesia,East Asia & Pacific,High income,Not classified,-149.57,-17.535
3826,2019,2572340201.84497,Imports of goods and services (current US$),PF,French Polynesia,East Asia & Pacific,High income,Not classified,-149.57,-17.535
3827,2018,2701628755.82569,Imports of goods and services (current US$),PF,French Polynesia,East Asia & Pacific,High income,Not classified,-149.57,-17.535
3828,2017,2042882817.44474,Imports of goods and services (current US$),PF,French Polynesia,East Asia & Pacific,High income,Not classified,-149.57,-17.535
3829,2016,1869204633.592,Imports of goods and services (current US$),PF,French Polynesia,East Asia & Pacific,High income,Not classified,-149.57,-17.535
3830,2025,6299423682.95942,Imports of goods and services (current US$),GA,Gabon,Sub-Saharan Africa ,Upper middle income,IBRD,9.45162,0.38832
3831,2024,5739732546.4211,Imports of goods and services (current US$),GA,Gabon,Sub-Saharan Africa ,Upper middle income,IBRD,9.45162,0.38832
3832,2023,5380346060.44894,Imports of goods and services (current US$),GA,Gabon,Sub-Saharan Africa ,Upper middle income,IBRD,9.45162,0.38832
3833,2022,5004762838.95102,Imports of goods and services (current US$),GA,Gabon,Sub-Saharan Africa ,Upper middle income,IBRD,9.45162,0.38832
3834,2021,4746351486.3267,Imports of goods and services (current US$),GA,Gabon,Sub-Saharan Africa ,Upper middle income,IBRD,9.45162,0.38832
3835,2020,3454238781.5701,Imports of goods and services (current US$),GA,Gabon,Sub-Saharan Africa ,Upper middle income,IBRD,9.45162,0.38832
3836,2019,3711865707.4978,Imports of goods and services (current US$),GA,Gabon,Sub-Saharan Africa ,Upper middle income,IBRD,9.45162,0.38832
3837,2018,3835211917.58144,Imports of goods and services (current US$),GA,Gabon,Sub-Saharan Africa ,Upper middle income,IBRD,9.45162,0.38832
3838,2017,3708781261.56288,Imports of goods and services (current US$),GA,Gabon,Sub-Saharan Africa ,Upper middle income,IBRD,9.45162,0.38832
3839,2016,3659959617.66242,Imports of goods and services (current US$),GA,Gabon,Sub-Saharan Africa ,Upper middle income,IBRD,9.45162,0.38832
3840,2025,1282337368.5052,Imports of goods and services (current US$),GM,"Gambia, The",Sub-Saharan Africa ,Low income,IDA,-16.5885,13.4495
3841,2024,803756501.113513,Imports of goods and services (current US$),GM,"Gambia, The",Sub-Saharan Africa ,Low income,IDA,-16.5885,13.4495
3842,2023,783973746.018783,Imports of goods and services (current US$),GM,"Gambia, The",Sub-Saharan Africa ,Low income,IDA,-16.5885,13.4495
3843,2022,797057189.779501,Imports of goods and services (current US$),GM,"Gambia, The",Sub-Saharan Africa ,Low income,IDA,-16.5885,13.4495
3844,2021,714636609.68729,Imports of goods and services (current US$),GM,"Gambia, The",Sub-Saharan Africa ,Low income,IDA,-16.5885,13.4495
3845,2020,684780894.441072,Imports of goods and services (current US$),GM,"Gambia, The",Sub-Saharan Africa ,Low income,IDA,-16.5885,13.4495
3846,2019,649852994.642033,Imports of goods and services (current US$),GM,"Gambia, The",Sub-Saharan Africa ,Low income,IDA,-16.5885,13.4495
3847,2018,710441023.977908,Imports of goods and services (current US$),GM,"Gambia, The",Sub-Saharan Africa ,Low income,IDA,-16.5885,13.4495
3848,2017,560621586.315183,Imports of goods and services (current US$),GM,"Gambia, The",Sub-Saharan Africa ,Low income,IDA,-16.5885,13.4495
3849,2016,376466241.48816,Imports of goods and services (current US$),GM,"Gambia, The",Sub-Saharan Africa ,Low income,IDA,-16.5885,13.4495
3850,2025,20300929830.9143,Imports of goods and services (current US$),GE,Georgia,Europe & Central Asia,Upper middle income,IBRD,44.793,41.71
3851,2024,19023475636.3131,Imports of goods and services (current US$),GE,Georgia,Europe & Central Asia,Upper middle income,IBRD,44.793,41.71
3852,2023,17815477928.6556,Imports of goods and services (current US$),GE,Georgia,Europe & Central Asia,Upper middle income,IBRD,44.793,41.71
3853,2022,15544538954.8042,Imports of goods and services (current US$),GE,Georgia,Europe & Central Asia,Upper middle income,IBRD,44.793,41.71
3854,2021,11109489894.129,Imports of goods and services (current US$),GE,Georgia,Europe & Central Asia,Upper middle income,IBRD,44.793,41.71
3855,2020,8964607357.62292,Imports of goods and services (current US$),GE,Georgia,Europe & Central Asia,Upper middle income,IBRD,44.793,41.71
3856,2019,11201362124.0068,Imports of goods and services (current US$),GE,Georgia,Europe & Central Asia,Upper middle income,IBRD,44.793,41.71
3857,2018,10768774511.738,Imports of goods and services (current US$),GE,Georgia,Europe & Central Asia,Upper middle income,IBRD,44.793,41.71
3858,2017,9341534670.46975,Imports of goods and services (current US$),GE,Georgia,Europe & Central Asia,Upper middle income,IBRD,44.793,41.71
3859,2016,8483221244.54679,Imports of goods and services (current US$),GE,Georgia,Europe & Central Asia,Upper middle income,IBRD,44.793,41.71
3860,2025,1923292318697.25,Imports of goods and services (current US$),DE,Germany,Europe & Central Asia,High income,Not classified,13.4115,52.5235
3861,2024,1764438191610.94,Imports of goods and services (current US$),DE,Germany,Europe & Central Asia,High income,Not classified,13.4115,52.5235
3862,2023,1779045873341.21,Imports of goods and services (current US$),DE,Germany,Europe & Central Asia,High income,Not classified,13.4115,52.5235
3863,2022,1813049636001.95,Imports of goods and services (current US$),DE,Germany,Europe & Central Asia,High income,Not classified,13.4115,52.5235
3864,2021,1628851031193.77,Imports of goods and services (current US$),DE,Germany,Europe & Central Asia,High income,Not classified,13.4115,52.5235
3865,2020,1332733837256.03,Imports of goods and services (current US$),DE,Germany,Europe & Central Asia,High income,Not classified,13.4115,52.5235
3866,2019,1454588084839.21,Imports of goods and services (current US$),DE,Germany,Europe & Central Asia,High income,Not classified,13.4115,52.5235
3867,2018,1485437649157.65,Imports of goods and services (current US$),DE,Germany,Europe & Central Asia,High income,Not classified,13.4115,52.5235
3868,2017,1327357307454.12,Imports of goods and services (current US$),DE,Germany,Europe & Central Asia,High income,Not classified,13.4115,52.5235
3869,2016,1215609853746.31,Imports of goods and services (current US$),DE,Germany,Europe & Central Asia,High income,Not classified,13.4115,52.5235
3870,2025,,Imports of goods and services (current US$),GH,Ghana,Sub-Saharan Africa ,Lower middle income,IDA,-0.20795,5.57045
3871,2024,28244066026.1723,Imports of goods and services (current US$),GH,Ghana,Sub-Saharan Africa ,Lower middle income,IDA,-0.20795,5.57045
3872,2023,26272099171.5081,Imports of goods and services (current US$),GH,Ghana,Sub-Saharan Africa ,Lower middle income,IDA,-0.20795,5.57045
3873,2022,26205330553.5428,Imports of goods and services (current US$),GH,Ghana,Sub-Saharan Africa ,Lower middle income,IDA,-0.20795,5.57045
3874,2021,25963543826.9813,Imports of goods and services (current US$),GH,Ghana,Sub-Saharan Africa ,Lower middle income,IDA,-0.20795,5.57045
3875,2020,24537944240.0045,Imports of goods and services (current US$),GH,Ghana,Sub-Saharan Africa ,Lower middle income,IDA,-0.20795,5.57045
3876,2019,26913986432.3936,Imports of goods and services (current US$),GH,Ghana,Sub-Saharan Africa ,Lower middle income,IDA,-0.20795,5.57045
3877,2018,23206913262.4037,Imports of goods and services (current US$),GH,Ghana,Sub-Saharan Africa ,Lower middle income,IDA,-0.20795,5.57045
3878,2017,22144229690.5959,Imports of goods and services (current US$),GH,Ghana,Sub-Saharan Africa ,Lower middle income,IDA,-0.20795,5.57045
3879,2016,20595796190.5901,Imports of goods and services (current US$),GH,Ghana,Sub-Saharan Africa ,Lower middle income,IDA,-0.20795,5.57045
3880,2025,,Imports of goods and services (current US$),GI,Gibraltar,Europe & Central Asia,High income,Not classified,,
3881,2024,,Imports of goods and services (current US$),GI,Gibraltar,Europe & Central Asia,High income,Not classified,,
3882,2023,,Imports of goods and services (current US$),GI,Gibraltar,Europe & Central Asia,High income,Not classified,,
3883,2022,,Imports of goods and services (current US$),GI,Gibraltar,Europe & Central Asia,High income,Not classified,,
3884,2021,,Imports of goods and services (current US$),GI,Gibraltar,Europe & Central Asia,High income,Not classified,,
3885,2020,,Imports of goods and services (current US$),GI,Gibraltar,Europe & Central Asia,High income,Not classified,,
3886,2019,,Imports of goods and services (current US$),GI,Gibraltar,Europe & Central Asia,High income,Not classified,,
3887,2018,,Imports of goods and services (current US$),GI,Gibraltar,Europe & Central Asia,High income,Not classified,,
3888,2017,,Imports of goods and services (current US$),GI,Gibraltar,Europe & Central Asia,High income,Not classified,,
3889,2016,,Imports of goods and services (current US$),GI,Gibraltar,Europe & Central Asia,High income,Not classified,,
3890,2025,123451154937.678,Imports of goods and services (current US$),GR,Greece,Europe & Central Asia,High income,Not classified,23.7166,37.9792
3891,2024,122135634583.353,Imports of goods and services (current US$),GR,Greece,Europe & Central Asia,High income,Not classified,23.7166,37.9792
3892,2023,118150196971.124,Imports of goods and services (current US$),GR,Greece,Europe & Central Asia,High income,Not classified,23.7166,37.9792
3893,2022,128374908056.72,Imports of goods and services (current US$),GR,Greece,Europe & Central Asia,High income,Not classified,23.7166,37.9792
3894,2021,104244992301.975,Imports of goods and services (current US$),GR,Greece,Europe & Central Asia,High income,Not classified,23.7166,37.9792
3895,2020,74331725300.7955,Imports of goods and services (current US$),GR,Greece,Europe & Central Asia,High income,Not classified,23.7166,37.9792
3896,2019,85057106800.7999,Imports of goods and services (current US$),GR,Greece,Europe & Central Asia,High income,Not classified,23.7166,37.9792
3897,2018,86614659221.9152,Imports of goods and services (current US$),GR,Greece,Europe & Central Asia,High income,Not classified,23.7166,37.9792
3898,2017,72343865240.0613,Imports of goods and services (current US$),GR,Greece,Europe & Central Asia,High income,Not classified,23.7166,37.9792
3899,2016,62714485982.0044,Imports of goods and services (current US$),GR,Greece,Europe & Central Asia,High income,Not classified,23.7166,37.9792
3900,2025,,Imports of goods and services (current US$),GL,Greenland,Europe & Central Asia,High income,Not classified,-51.7214,64.1836
3901,2024,,Imports of goods and services (current US$),GL,Greenland,Europe & Central Asia,High income,Not classified,-51.7214,64.1836
3902,2023,1699579793.20734,Imports of goods and services (current US$),GL,Greenland,Europe & Central Asia,High income,Not classified,-51.7214,64.1836
3903,2022,1657341447.7247,Imports of goods and services (current US$),GL,Greenland,Europe & Central Asia,High income,Not classified,-51.7214,64.1836
3904,2021,1634549911.85939,Imports of goods and services (current US$),GL,Greenland,Europe & Central Asia,High income,Not classified,-51.7214,64.1836
3905,2020,1442659846.48477,Imports of goods and services (current US$),GL,Greenland,Europe & Central Asia,High income,Not classified,-51.7214,64.1836
3906,2019,1533065634.97693,Imports of goods and services (current US$),GL,Greenland,Europe & Central Asia,High income,Not classified,-51.7214,64.1836
3907,2018,1384944998.26514,Imports of goods and services (current US$),GL,Greenland,Europe & Central Asia,High income,Not classified,-51.7214,64.1836
3908,2017,1240880323.2159,Imports of goods and services (current US$),GL,Greenland,Europe & Central Asia,High income,Not classified,-51.7214,64.1836
3909,2016,1220178860.73065,Imports of goods and services (current US$),GL,Greenland,Europe & Central Asia,High income,Not classified,-51.7214,64.1836
3910,2025,,Imports of goods and services (current US$),GD,Grenada,Latin America & Caribbean ,Upper middle income,Blend,-61.7449,12.0653
3911,2024,,Imports of goods and services (current US$),GD,Grenada,Latin America & Caribbean ,Upper middle income,Blend,-61.7449,12.0653
3912,2023,,Imports of goods and services (current US$),GD,Grenada,Latin America & Caribbean ,Upper middle income,Blend,-61.7449,12.0653
3913,2022,,Imports of goods and services (current US$),GD,Grenada,Latin America & Caribbean ,Upper middle income,Blend,-61.7449,12.0653
3914,2021,,Imports of goods and services (current US$),GD,Grenada,Latin America & Caribbean ,Upper middle income,Blend,-61.7449,12.0653
3915,2020,,Imports of goods and services (current US$),GD,Grenada,Latin America & Caribbean ,Upper middle income,Blend,-61.7449,12.0653
3916,2019,,Imports of goods and services (current US$),GD,Grenada,Latin America & Caribbean ,Upper middle income,Blend,-61.7449,12.0653
3917,2018,,Imports of goods and services (current US$),GD,Grenada,Latin America & Caribbean ,Upper middle income,Blend,-61.7449,12.0653
3918,2017,,Imports of goods and services (current US$),GD,Grenada,Latin America & Caribbean ,Upper middle income,Blend,-61.7449,12.0653
3919,2016,,Imports of goods and services (current US$),GD,Grenada,Latin America & Caribbean ,Upper middle income,Blend,-61.7449,12.0653
3920,2025,,Imports of goods and services (current US$),GU,Guam,East Asia & Pacific,High income,Not classified,144.794,13.4443
3921,2024,,Imports of goods and services (current US$),GU,Guam,East Asia & Pacific,High income,Not classified,144.794,13.4443
3922,2023,,Imports of goods and services (current US$),GU,Guam,East Asia & Pacific,High income,Not classified,144.794,13.4443
3923,2022,4421000000.0,Imports of goods and services (current US$),GU,Guam,East Asia & Pacific,High income,Not classified,144.794,13.4443
3924,2021,3662000000.0,Imports of goods and services (current US$),GU,Guam,East Asia & Pacific,High income,Not classified,144.794,13.4443
3925,2020,3388000000.0,Imports of goods and services (current US$),GU,Guam,East Asia & Pacific,High income,Not classified,144.794,13.4443
3926,2019,3547000000.0,Imports of goods and services (current US$),GU,Guam,East Asia & Pacific,High income,Not classified,144.794,13.4443
3927,2018,3250000000.0,Imports of goods and services (current US$),GU,Guam,East Asia & Pacific,High income,Not classified,144.794,13.4443
3928,2017,3024000000.0,Imports of goods and services (current US$),GU,Guam,East Asia & Pacific,High income,Not classified,144.794,13.4443
3929,2016,3036000000.0,Imports of goods and services (current US$),GU,Guam,East Asia & Pacific,High income,Not classified,144.794,13.4443
3930,2025,38185944239.1888,Imports of goods and services (current US$),GT,Guatemala,Latin America & Caribbean ,Upper middle income,IBRD,-90.5328,14.6248
3931,2024,35574411055.2787,Imports of goods and services (current US$),GT,Guatemala,Latin America & Caribbean ,Upper middle income,IBRD,-90.5328,14.6248
3932,2023,33075327752.6202,Imports of goods and services (current US$),GT,Guatemala,Latin America & Caribbean ,Upper middle income,IBRD,-90.5328,14.6248
3933,2022,33938882280.94,Imports of goods and services (current US$),GT,Guatemala,Latin America & Caribbean ,Upper middle income,IBRD,-90.5328,14.6248
3934,2021,27347172006.3695,Imports of goods and services (current US$),GT,Guatemala,Latin America & Caribbean ,Upper middle income,IBRD,-90.5328,14.6248
3935,2020,19272211250.1862,Imports of goods and services (current US$),GT,Guatemala,Latin America & Caribbean ,Upper middle income,IBRD,-90.5328,14.6248
3936,2019,21534755033.9119,Imports of goods and services (current US$),GT,Guatemala,Latin America & Caribbean ,Upper middle income,IBRD,-90.5328,14.6248
3937,2018,21149628050.4551,Imports of goods and services (current US$),GT,Guatemala,Latin America & Caribbean ,Upper middle income,IBRD,-90.5328,14.6248
3938,2017,19758074338.9405,Imports of goods and services (current US$),GT,Guatemala,Latin America & Caribbean ,Upper middle income,IBRD,-90.5328,14.6248
3939,2016,18243717809.7661,Imports of goods and services (current US$),GT,Guatemala,Latin America & Caribbean ,Upper middle income,IBRD,-90.5328,14.6248
3940,2025,17649957798.7358,Imports of goods and services (current US$),GN,Guinea,Sub-Saharan Africa ,Lower middle income,IDA,-13.7,9.51667
3941,2024,14101095979.5768,Imports of goods and services (current US$),GN,Guinea,Sub-Saharan Africa ,Lower middle income,IDA,-13.7,9.51667
3942,2023,11584168920.1287,Imports of goods and services (current US$),GN,Guinea,Sub-Saharan Africa ,Lower middle income,IDA,-13.7,9.51667
3943,2022,9705672892.03881,Imports of goods and services (current US$),GN,Guinea,Sub-Saharan Africa ,Lower middle income,IDA,-13.7,9.51667
3944,2021,10066835236.1114,Imports of goods and services (current US$),GN,Guinea,Sub-Saharan Africa ,Lower middle income,IDA,-13.7,9.51667
3945,2020,9692379045.73057,Imports of goods and services (current US$),GN,Guinea,Sub-Saharan Africa ,Lower middle income,IDA,-13.7,9.51667
3946,2019,5830607791.61899,Imports of goods and services (current US$),GN,Guinea,Sub-Saharan Africa ,Lower middle income,IDA,-13.7,9.51667
3947,2018,5783505600.41827,Imports of goods and services (current US$),GN,Guinea,Sub-Saharan Africa ,Lower middle income,IDA,-13.7,9.51667
3948,2017,5842867641.51188,Imports of goods and services (current US$),GN,Guinea,Sub-Saharan Africa ,Lower middle income,IDA,-13.7,9.51667
3949,2016,7088908468.46627,Imports of goods and services (current US$),GN,Guinea,Sub-Saharan Africa ,Lower middle income,IDA,-13.7,9.51667
3950,2025,682869562.110331,Imports of goods and services (current US$),GW,Guinea-Bissau,Sub-Saharan Africa ,Low income,IDA,-15.1804,11.8037
3951,2024,608204856.731651,Imports of goods and services (current US$),GW,Guinea-Bissau,Sub-Saharan Africa ,Low income,IDA,-15.1804,11.8037
3952,2023,595898978.64178,Imports of goods and services (current US$),GW,Guinea-Bissau,Sub-Saharan Africa ,Low income,IDA,-15.1804,11.8037
3953,2022,579925814.091667,Imports of goods and services (current US$),GW,Guinea-Bissau,Sub-Saharan Africa ,Low income,IDA,-15.1804,11.8037
3954,2021,520356065.784819,Imports of goods and services (current US$),GW,Guinea-Bissau,Sub-Saharan Africa ,Low income,IDA,-15.1804,11.8037
3955,2020,467483043.302973,Imports of goods and services (current US$),GW,Guinea-Bissau,Sub-Saharan Africa ,Low income,IDA,-15.1804,11.8037
3956,2019,505407400.492061,Imports of goods and services (current US$),GW,Guinea-Bissau,Sub-Saharan Africa ,Low income,IDA,-15.1804,11.8037
3957,2018,459133362.589559,Imports of goods and services (current US$),GW,Guinea-Bissau,Sub-Saharan Africa ,Low income,IDA,-15.1804,11.8037
3958,2017,446570198.314236,Imports of goods and services (current US$),GW,Guinea-Bissau,Sub-Saharan Africa ,Low income,IDA,-15.1804,11.8037
3959,2016,380070647.828742,Imports of goods and services (current US$),GW,Guinea-Bissau,Sub-Saharan Africa ,Low income,IDA,-15.1804,11.8037
3960,2025,,Imports of goods and services (current US$),GY,Guyana,Latin America & Caribbean ,High income,IDA,-58.1548,6.80461
3961,2024,,Imports of goods and services (current US$),GY,Guyana,Latin America & Caribbean ,High income,IDA,-58.1548,6.80461
3962,2023,,Imports of goods and services (current US$),GY,Guyana,Latin America & Caribbean ,High income,IDA,-58.1548,6.80461
3963,2022,,Imports of goods and services (current US$),GY,Guyana,Latin America & Caribbean ,High income,IDA,-58.1548,6.80461
3964,2021,,Imports of goods and services (current US$),GY,Guyana,Latin America & Caribbean ,High income,IDA,-58.1548,6.80461
3965,2020,,Imports of goods and services (current US$),GY,Guyana,Latin America & Caribbean ,High income,IDA,-58.1548,6.80461
3966,2019,,Imports of goods and services (current US$),GY,Guyana,Latin America & Caribbean ,High income,IDA,-58.1548,6.80461
3967,2018,,Imports of goods and services (current US$),GY,Guyana,Latin America & Caribbean ,High income,IDA,-58.1548,6.80461
3968,2017,,Imports of goods and services (current US$),GY,Guyana,Latin America & Caribbean ,High income,IDA,-58.1548,6.80461
3969,2016,,Imports of goods and services (current US$),GY,Guyana,Latin America & Caribbean ,High income,IDA,-58.1548,6.80461
3970,2025,4595232441.49706,Imports of goods and services (current US$),HT,Haiti,Latin America & Caribbean ,Lower middle income,IDA,-72.3288,18.5392
3971,2024,3993530416.574,Imports of goods and services (current US$),HT,Haiti,Latin America & Caribbean ,Lower middle income,IDA,-72.3288,18.5392
3972,2023,4315356249.26376,Imports of goods and services (current US$),HT,Haiti,Latin America & Caribbean ,Lower middle income,IDA,-72.3288,18.5392
3973,2022,5201283685.38493,Imports of goods and services (current US$),HT,Haiti,Latin America & Caribbean ,Lower middle income,IDA,-72.3288,18.5392
3974,2021,6031369600.4536,Imports of goods and services (current US$),HT,Haiti,Latin America & Caribbean ,Lower middle income,IDA,-72.3288,18.5392
3975,2020,4318064226.36178,Imports of goods and services (current US$),HT,Haiti,Latin America & Caribbean ,Lower middle income,IDA,-72.3288,18.5392
3976,2019,5107129494.68417,Imports of goods and services (current US$),HT,Haiti,Latin America & Caribbean ,Lower middle income,IDA,-72.3288,18.5392
3977,2018,5635999404.48316,Imports of goods and services (current US$),HT,Haiti,Latin America & Caribbean ,Lower middle income,IDA,-72.3288,18.5392
3978,2017,4689668692.24182,Imports of goods and services (current US$),HT,Haiti,Latin America & Caribbean ,Lower middle income,IDA,-72.3288,18.5392
3979,2016,4193901268.39586,Imports of goods and services (current US$),HT,Haiti,Latin America & Caribbean ,Lower middle income,IDA,-72.3288,18.5392
3980,2025,22380972288.9837,Imports of goods and services (current US$),HN,Honduras,Latin America & Caribbean ,Lower middle income,IDA,-87.4667,15.1333
3981,2024,21355235203.987,Imports of goods and services (current US$),HN,Honduras,Latin America & Caribbean ,Lower middle income,IDA,-87.4667,15.1333
3982,2023,21102469277.7683,Imports of goods and services (current US$),HN,Honduras,Latin America & Caribbean ,Lower middle income,IDA,-87.4667,15.1333
3983,2022,22079730541.7809,Imports of goods and services (current US$),HN,Honduras,Latin America & Caribbean ,Lower middle income,IDA,-87.4667,15.1333
3984,2021,18014411249.1935,Imports of goods and services (current US$),HN,Honduras,Latin America & Caribbean ,Lower middle income,IDA,-87.4667,15.1333
3985,2020,12172518449.6662,Imports of goods and services (current US$),HN,Honduras,Latin America & Caribbean ,Lower middle income,IDA,-87.4667,15.1333
3986,2019,14740482898.6338,Imports of goods and services (current US$),HN,Honduras,Latin America & Caribbean ,Lower middle income,IDA,-87.4667,15.1333
3987,2018,14945193703.4133,Imports of goods and services (current US$),HN,Honduras,Latin America & Caribbean ,Lower middle income,IDA,-87.4667,15.1333
3988,2017,13585432742.5235,Imports of goods and services (current US$),HN,Honduras,Latin America & Caribbean ,Lower middle income,IDA,-87.4667,15.1333
3989,2016,12401102552.2292,Imports of goods and services (current US$),HN,Honduras,Latin America & Caribbean ,Lower middle income,IDA,-87.4667,15.1333
3990,2025,841321555766.432,Imports of goods and services (current US$),HK,"Hong Kong SAR, China",East Asia & Pacific,High income,Not classified,114.109,22.3964
3991,2024,725939547911.904,Imports of goods and services (current US$),HK,"Hong Kong SAR, China",East Asia & Pacific,High income,Not classified,114.109,22.3964
3992,2023,671437801987.667,Imports of goods and services (current US$),HK,"Hong Kong SAR, China",East Asia & Pacific,High income,Not classified,114.109,22.3964
3993,2022,682906554458.791,Imports of goods and services (current US$),HK,"Hong Kong SAR, China",East Asia & Pacific,High income,Not classified,114.109,22.3964
3994,2021,732172643360.242,Imports of goods and services (current US$),HK,"Hong Kong SAR, China",East Asia & Pacific,High income,Not classified,114.109,22.3964
3995,2020,601495384932.708,Imports of goods and services (current US$),HK,"Hong Kong SAR, China",East Asia & Pacific,High income,Not classified,114.109,22.3964
3996,2019,639345975716.69,Imports of goods and services (current US$),HK,"Hong Kong SAR, China",East Asia & Pacific,High income,Not classified,114.109,22.3964
3997,2018,682055750462.461,Imports of goods and services (current US$),HK,"Hong Kong SAR, China",East Asia & Pacific,High income,Not classified,114.109,22.3964
3998,2017,641229533439.409,Imports of goods and services (current US$),HK,"Hong Kong SAR, China",East Asia & Pacific,High income,Not classified,114.109,22.3964
3999,2016,592699925923.54,Imports of goods and services (current US$),HK,"Hong Kong SAR, China",East Asia & Pacific,High income,Not classified,114.109,22.3964
4000,2025,167980299597.893,Imports of goods and services (current US$),HU,Hungary,Europe & Central Asia,High income,Not classified,19.0408,47.4984
4001,2024,159846246259.933,Imports of goods and services (current US$),HU,Hungary,Europe & Central Asia,High income,Not classified,19.0408,47.4984
4002,2023,164525537990.966,Imports of goods and services (current US$),HU,Hungary,Europe & Central Asia,High income,Not classified,19.0408,47.4984
4003,2022,168435332297.06,Imports of goods and services (current US$),HU,Hungary,Europe & Central Asia,High income,Not classified,19.0408,47.4984
4004,2021,146215765499.534,Imports of goods and services (current US$),HU,Hungary,Europe & Central Asia,High income,Not classified,19.0408,47.4984
4005,2020,121131840171.43,Imports of goods and services (current US$),HU,Hungary,Europe & Central Asia,High income,Not classified,19.0408,47.4984
4006,2019,130068829560.311,Imports of goods and services (current US$),HU,Hungary,Europe & Central Asia,High income,Not classified,19.0408,47.4984
4007,2018,127826035145.287,Imports of goods and services (current US$),HU,Hungary,Europe & Central Asia,High income,Not classified,19.0408,47.4984
4008,2017,113645673509.049,Imports of goods and services (current US$),HU,Hungary,Europe & Central Asia,High income,Not classified,19.0408,47.4984
4009,2016,100427220952.674,Imports of goods and services (current US$),HU,Hungary,Europe & Central Asia,High income,Not classified,19.0408,47.4984
4010,2025,16348934321.3663,Imports of goods and services (current US$),IS,Iceland,Europe & Central Asia,High income,Not classified,-21.8952,64.1353
4011,2024,14510626908.4845,Imports of goods and services (current US$),IS,Iceland,Europe & Central Asia,High income,Not classified,-21.8952,64.1353
4012,2023,13715643196.4913,Imports of goods and services (current US$),IS,Iceland,Europe & Central Asia,High income,Not classified,-21.8952,64.1353
4013,2022,13505975928.2008,Imports of goods and services (current US$),IS,Iceland,Europe & Central Asia,High income,Not classified,-21.8952,64.1353
4014,2021,10196648319.4999,Imports of goods and services (current US$),IS,Iceland,Europe & Central Asia,High income,Not classified,-21.8952,64.1353
4015,2020,7605549122.13855,Imports of goods and services (current US$),IS,Iceland,Europe & Central Asia,High income,Not classified,-21.8952,64.1353
4016,2019,9764032620.96263,Imports of goods and services (current US$),IS,Iceland,Europe & Central Asia,High income,Not classified,-21.8952,64.1353
4017,2018,11328152832.6094,Imports of goods and services (current US$),IS,Iceland,Europe & Central Asia,High income,Not classified,-21.8952,64.1353
4018,2017,10196309115.2897,Imports of goods and services (current US$),IS,Iceland,Europe & Central Asia,High income,Not classified,-21.8952,64.1353
4019,2016,8490620817.52384,Imports of goods and services (current US$),IS,Iceland,Europe & Central Asia,High income,Not classified,-21.8952,64.1353
4020,2025,949660225776.158,Imports of goods and services (current US$),IN,India,South Asia,Lower middle income,IBRD,77.225,28.6353
4021,2024,897055898132.0,Imports of goods and services (current US$),IN,India,South Asia,Lower middle income,IBRD,77.225,28.6353
4022,2023,839102411987.341,Imports of goods and services (current US$),IN,India,South Asia,Lower middle income,IBRD,77.225,28.6353
4023,2022,866361019118.766,Imports of goods and services (current US$),IN,India,South Asia,Lower middle income,IBRD,77.225,28.6353
4024,2021,760902891806.013,Imports of goods and services (current US$),IN,India,South Asia,Lower middle income,IBRD,77.225,28.6353
4025,2020,510244747372.174,Imports of goods and services (current US$),IN,India,South Asia,Lower middle income,IBRD,77.225,28.6353
4026,2019,602315056052.526,Imports of goods and services (current US$),IN,India,South Asia,Lower middle income,IBRD,77.225,28.6353
4027,2018,640300806738.542,Imports of goods and services (current US$),IN,India,South Asia,Lower middle income,IBRD,77.225,28.6353
4028,2017,582018012521.568,Imports of goods and services (current US$),IN,India,South Asia,Lower middle income,IBRD,77.225,28.6353
4029,2016,480169055768.282,Imports of goods and services (current US$),IN,India,South Asia,Lower middle income,IBRD,77.225,28.6353
4030,2025,297002335694.886,Imports of goods and services (current US$),ID,Indonesia,East Asia & Pacific,Upper middle income,IBRD,106.83,-6.19752
4031,2024,286245903350.957,Imports of goods and services (current US$),ID,Indonesia,East Asia & Pacific,Upper middle income,IBRD,106.83,-6.19752
4032,2023,269460535788.982,Imports of goods and services (current US$),ID,Indonesia,East Asia & Pacific,Upper middle income,IBRD,106.83,-6.19752
4033,2022,276506804558.242,Imports of goods and services (current US$),ID,Indonesia,East Asia & Pacific,Upper middle income,IBRD,106.83,-6.19752
4034,2021,222923845055.988,Imports of goods and services (current US$),ID,Indonesia,East Asia & Pacific,Upper middle income,IBRD,106.83,-6.19752
4035,2020,165646843301.933,Imports of goods and services (current US$),ID,Indonesia,East Asia & Pacific,Upper middle income,IBRD,106.83,-6.19752
4036,2019,213034646334.827,Imports of goods and services (current US$),ID,Indonesia,East Asia & Pacific,Upper middle income,IBRD,106.83,-6.19752
4037,2018,230045612385.068,Imports of goods and services (current US$),ID,Indonesia,East Asia & Pacific,Upper middle income,IBRD,106.83,-6.19752
4038,2017,194777319195.676,Imports of goods and services (current US$),ID,Indonesia,East Asia & Pacific,Upper middle income,IBRD,106.83,-6.19752
4039,2016,170835000830.242,Imports of goods and services (current US$),ID,Indonesia,East Asia & Pacific,Upper middle income,IBRD,106.83,-6.19752
4040,2025,125082704285.68,Imports of goods and services (current US$),IR,"Iran, Islamic Rep.","Middle East, North Africa, Afghanistan & Pakistan",Upper middle income,IBRD,51.4447,35.6878
4041,2024,135497500555.676,Imports of goods and services (current US$),IR,"Iran, Islamic Rep.","Middle East, North Africa, Afghanistan & Pakistan",Upper middle income,IBRD,51.4447,35.6878
4042,2023,116536624174.358,Imports of goods and services (current US$),IR,"Iran, Islamic Rep.","Middle East, North Africa, Afghanistan & Pakistan",Upper middle income,IBRD,51.4447,35.6878
4043,2022,98698959864.911,Imports of goods and services (current US$),IR,"Iran, Islamic Rep.","Middle East, North Africa, Afghanistan & Pakistan",Upper middle income,IBRD,51.4447,35.6878
4044,2021,84130836515.5474,Imports of goods and services (current US$),IR,"Iran, Islamic Rep.","Middle East, North Africa, Afghanistan & Pakistan",Upper middle income,IBRD,51.4447,35.6878
4045,2020,71621658126.4568,Imports of goods and services (current US$),IR,"Iran, Islamic Rep.","Middle East, North Africa, Afghanistan & Pakistan",Upper middle income,IBRD,51.4447,35.6878
4046,2019,91441131366.5632,Imports of goods and services (current US$),IR,"Iran, Islamic Rep.","Middle East, North Africa, Afghanistan & Pakistan",Upper middle income,IBRD,51.4447,35.6878
4047,2018,111113616111.569,Imports of goods and services (current US$),IR,"Iran, Islamic Rep.","Middle East, North Africa, Afghanistan & Pakistan",Upper middle income,IBRD,51.4447,35.6878
4048,2017,108797238836.12,Imports of goods and services (current US$),IR,"Iran, Islamic Rep.","Middle East, North Africa, Afghanistan & Pakistan",Upper middle income,IBRD,51.4447,35.6878
4049,2016,93653399159.5081,Imports of goods and services (current US$),IR,"Iran, Islamic Rep.","Middle East, North Africa, Afghanistan & Pakistan",Upper middle income,IBRD,51.4447,35.6878
4050,2025,,Imports of goods and services (current US$),IQ,Iraq,"Middle East, North Africa, Afghanistan & Pakistan",Upper middle income,IBRD,44.394,33.3302
4051,2024,104517100000.0,Imports of goods and services (current US$),IQ,Iraq,"Middle East, North Africa, Afghanistan & Pakistan",Upper middle income,IBRD,44.394,33.3302
4052,2023,80207455823.6747,Imports of goods and services (current US$),IQ,Iraq,"Middle East, North Africa, Afghanistan & Pakistan",Upper middle income,IBRD,44.394,33.3302
4053,2022,69638475862.069,Imports of goods and services (current US$),IQ,Iraq,"Middle East, North Africa, Afghanistan & Pakistan",Upper middle income,IBRD,44.394,33.3302
4054,2021,50706900000.0,Imports of goods and services (current US$),IQ,Iraq,"Middle East, North Africa, Afghanistan & Pakistan",Upper middle income,IBRD,44.394,33.3302
4055,2020,54255237619.389,Imports of goods and services (current US$),IQ,Iraq,"Middle East, North Africa, Afghanistan & Pakistan",Upper middle income,IBRD,44.394,33.3302
4056,2019,72282500000.0,Imports of goods and services (current US$),IQ,Iraq,"Middle East, North Africa, Afghanistan & Pakistan",Upper middle income,IBRD,44.394,33.3302
4057,2018,56839934051.9975,Imports of goods and services (current US$),IQ,Iraq,"Middle East, North Africa, Afghanistan & Pakistan",Upper middle income,IBRD,44.394,33.3302
4058,2017,48423565033.7838,Imports of goods and services (current US$),IQ,Iraq,"Middle East, North Africa, Afghanistan & Pakistan",Upper middle income,IBRD,44.394,33.3302
4059,2016,44153354784.0813,Imports of goods and services (current US$),IQ,Iraq,"Middle East, North Africa, Afghanistan & Pakistan",Upper middle income,IBRD,44.394,33.3302
4060,2025,720923704651.254,Imports of goods and services (current US$),IE,Ireland,Europe & Central Asia,High income,Not classified,-6.26749,53.3441
4061,2024,622469214438.75,Imports of goods and services (current US$),IE,Ireland,Europe & Central Asia,High income,Not classified,-6.26749,53.3441
4062,2023,585093268387.854,Imports of goods and services (current US$),IE,Ireland,Europe & Central Asia,High income,Not classified,-6.26749,53.3441
4063,2022,538742737109.535,Imports of goods and services (current US$),IE,Ireland,Europe & Central Asia,High income,Not classified,-6.26749,53.3441
4064,2021,501936785223.519,Imports of goods and services (current US$),IE,Ireland,Europe & Central Asia,High income,Not classified,-6.26749,53.3441
4065,2020,518713605705.651,Imports of goods and services (current US$),IE,Ireland,Europe & Central Asia,High income,Not classified,-6.26749,53.3441
4066,2019,514830799947.372,Imports of goods and services (current US$),IE,Ireland,Europe & Central Asia,High income,Not classified,-6.26749,53.3441
4067,2018,381868643805.341,Imports of goods and services (current US$),IE,Ireland,Europe & Central Asia,High income,Not classified,-6.26749,53.3441
4068,2017,365103478210.224,Imports of goods and services (current US$),IE,Ireland,Europe & Central Asia,High income,Not classified,-6.26749,53.3441
4069,2016,337593450586.6,Imports of goods and services (current US$),IE,Ireland,Europe & Central Asia,High income,Not classified,-6.26749,53.3441
4070,2025,,Imports of goods and services (current US$),IM,Isle of Man,Europe & Central Asia,High income,Not classified,-4.47928,54.1509
4071,2024,,Imports of goods and services (current US$),IM,Isle of Man,Europe & Central Asia,High income,Not classified,-4.47928,54.1509
4072,2023,,Imports of goods and services (current US$),IM,Isle of Man,Europe & Central Asia,High income,Not classified,-4.47928,54.1509
4073,2022,,Imports of goods and services (current US$),IM,Isle of Man,Europe & Central Asia,High income,Not classified,-4.47928,54.1509
4074,2021,,Imports of goods and services (current US$),IM,Isle of Man,Europe & Central Asia,High income,Not classified,-4.47928,54.1509
4075,2020,,Imports of goods and services (current US$),IM,Isle of Man,Europe & Central Asia,High income,Not classified,-4.47928,54.1509
4076,2019,,Imports of goods and services (current US$),IM,Isle of Man,Europe & Central Asia,High income,Not classified,-4.47928,54.1509
4077,2018,,Imports of goods and services (current US$),IM,Isle of Man,Europe & Central Asia,High income,Not classified,-4.47928,54.1509
4078,2017,,Imports of goods and services (current US$),IM,Isle of Man,Europe & Central Asia,High income,Not classified,-4.47928,54.1509
4079,2016,,Imports of goods and services (current US$),IM,Isle of Man,Europe & Central Asia,High income,Not classified,-4.47928,54.1509
4080,2025,155326013610.895,Imports of goods and services (current US$),IL,Israel,"Middle East, North Africa, Afghanistan & Pakistan",High income,Not classified,35.2035,31.7717
4081,2024,140903132495.732,Imports of goods and services (current US$),IL,Israel,"Middle East, North Africa, Afghanistan & Pakistan",High income,Not classified,35.2035,31.7717
4082,2023,141949720797.713,Imports of goods and services (current US$),IL,Israel,"Middle East, North Africa, Afghanistan & Pakistan",High income,Not classified,35.2035,31.7717
4083,2022,153716570793.612,Imports of goods and services (current US$),IL,Israel,"Middle East, North Africa, Afghanistan & Pakistan",High income,Not classified,35.2035,31.7717
4084,2021,127330211935.81,Imports of goods and services (current US$),IL,Israel,"Middle East, North Africa, Afghanistan & Pakistan",High income,Not classified,35.2035,31.7717
4085,2020,98559641596.0283,Imports of goods and services (current US$),IL,Israel,"Middle East, North Africa, Afghanistan & Pakistan",High income,Not classified,35.2035,31.7717
4086,2019,109553655513.763,Imports of goods and services (current US$),IL,Israel,"Middle East, North Africa, Afghanistan & Pakistan",High income,Not classified,35.2035,31.7717
4087,2018,109319594928.535,Imports of goods and services (current US$),IL,Israel,"Middle East, North Africa, Afghanistan & Pakistan",High income,Not classified,35.2035,31.7717
4088,2017,97866153832.0119,Imports of goods and services (current US$),IL,Israel,"Middle East, North Africa, Afghanistan & Pakistan",High income,Not classified,35.2035,31.7717
4089,2016,90475144466.5283,Imports of goods and services (current US$),IL,Israel,"Middle East, North Africa, Afghanistan & Pakistan",High income,Not classified,35.2035,31.7717
4090,2025,773024967143.803,Imports of goods and services (current US$),IT,Italy,Europe & Central Asia,High income,Not classified,12.4823,41.8955
4091,2024,721169108147.031,Imports of goods and services (current US$),IT,Italy,Europe & Central Asia,High income,Not classified,12.4823,41.8955
4092,2023,736153956396.287,Imports of goods and services (current US$),IT,Italy,Europe & Central Asia,High income,Not classified,12.4823,41.8955
4093,2022,776766269322.766,Imports of goods and services (current US$),IT,Italy,Europe & Central Asia,High income,Not classified,12.4823,41.8955
4094,2021,634811260435.649,Imports of goods and services (current US$),IT,Italy,Europe & Central Asia,High income,Not classified,12.4823,41.8955
4095,2020,480945200912.997,Imports of goods and services (current US$),IT,Italy,Europe & Central Asia,High income,Not classified,12.4823,41.8955
4096,2019,560326098494.117,Imports of goods and services (current US$),IT,Italy,Europe & Central Asia,High income,Not classified,12.4823,41.8955
4097,2018,597530269520.862,Imports of goods and services (current US$),IT,Italy,Europe & Central Asia,High income,Not classified,12.4823,41.8955
4098,2017,540827068435.177,Imports of goods and services (current US$),IT,Italy,Europe & Central Asia,High income,Not classified,12.4823,41.8955
4099,2016,483730717980.818,Imports of goods and services (current US$),IT,Italy,Europe & Central Asia,High income,Not classified,12.4823,41.8955
4100,2025,,Imports of goods and services (current US$),JM,Jamaica,Latin America & Caribbean ,Upper middle income,IBRD,-76.792,17.9927
4101,2024,,Imports of goods and services (current US$),JM,Jamaica,Latin America & Caribbean ,Upper middle income,IBRD,-76.792,17.9927
4102,2023,,Imports of goods and services (current US$),JM,Jamaica,Latin America & Caribbean ,Upper middle income,IBRD,-76.792,17.9927
4103,2022,,Imports of goods and services (current US$),JM,Jamaica,Latin America & Caribbean ,Upper middle income,IBRD,-76.792,17.9927
4104,2021,,Imports of goods and services (current US$),JM,Jamaica,Latin America & Caribbean ,Upper middle income,IBRD,-76.792,17.9927
4105,2020,,Imports of goods and services (current US$),JM,Jamaica,Latin America & Caribbean ,Upper middle income,IBRD,-76.792,17.9927
4106,2019,,Imports of goods and services (current US$),JM,Jamaica,Latin America & Caribbean ,Upper middle income,IBRD,-76.792,17.9927
4107,2018,,Imports of goods and services (current US$),JM,Jamaica,Latin America & Caribbean ,Upper middle income,IBRD,-76.792,17.9927
4108,2017,,Imports of goods and services (current US$),JM,Jamaica,Latin America & Caribbean ,Upper middle income,IBRD,-76.792,17.9927
4109,2016,,Imports of goods and services (current US$),JM,Jamaica,Latin America & Caribbean ,Upper middle income,IBRD,-76.792,17.9927
4110,2025,,Imports of goods and services (current US$),JP,Japan,East Asia & Pacific,High income,Not classified,139.77,35.67
4111,2024,958381808469.152,Imports of goods and services (current US$),JP,Japan,East Asia & Pacific,High income,Not classified,139.77,35.67
4112,2023,988160815442.388,Imports of goods and services (current US$),JP,Japan,East Asia & Pacific,High income,Not classified,139.77,35.67
4113,2022,1076977967308.71,Imports of goods and services (current US$),JP,Japan,East Asia & Pacific,High income,Not classified,139.77,35.67
4114,2021,938755726387.128,Imports of goods and services (current US$),JP,Japan,East Asia & Pacific,High income,Not classified,139.77,35.67
4115,2020,798645128766.751,Imports of goods and services (current US$),JP,Japan,East Asia & Pacific,High income,Not classified,139.77,35.67
4116,2019,908590987610.906,Imports of goods and services (current US$),JP,Japan,East Asia & Pacific,High income,Not classified,139.77,35.67
4117,2018,922228472388.616,Imports of goods and services (current US$),JP,Japan,East Asia & Pacific,High income,Not classified,139.77,35.67
4118,2017,829948316863.743,Imports of goods and services (current US$),JP,Japan,East Asia & Pacific,High income,Not classified,139.77,35.67
4119,2016,763174802438.923,Imports of goods and services (current US$),JP,Japan,East Asia & Pacific,High income,Not classified,139.77,35.67
4120,2025,,Imports of goods and services (current US$),JO,Jordan,"Middle East, North Africa, Afghanistan & Pakistan",Upper middle income,IBRD,35.9263,31.9497
4121,2024,,Imports of goods and services (current US$),JO,Jordan,"Middle East, North Africa, Afghanistan & Pakistan",Upper middle income,IBRD,35.9263,31.9497
4122,2023,,Imports of goods and services (current US$),JO,Jordan,"Middle East, North Africa, Afghanistan & Pakistan",Upper middle income,IBRD,35.9263,31.9497
4123,2022,,Imports of goods and services (current US$),JO,Jordan,"Middle East, North Africa, Afghanistan & Pakistan",Upper middle income,IBRD,35.9263,31.9497
4124,2021,,Imports of goods and services (current US$),JO,Jordan,"Middle East, North Africa, Afghanistan & Pakistan",Upper middle income,IBRD,35.9263,31.9497
4125,2020,,Imports of goods and services (current US$),JO,Jordan,"Middle East, North Africa, Afghanistan & Pakistan",Upper middle income,IBRD,35.9263,31.9497
4126,2019,,Imports of goods and services (current US$),JO,Jordan,"Middle East, North Africa, Afghanistan & Pakistan",Upper middle income,IBRD,35.9263,31.9497
4127,2018,,Imports of goods and services (current US$),JO,Jordan,"Middle East, North Africa, Afghanistan & Pakistan",Upper middle income,IBRD,35.9263,31.9497
4128,2017,,Imports of goods and services (current US$),JO,Jordan,"Middle East, North Africa, Afghanistan & Pakistan",Upper middle income,IBRD,35.9263,31.9497
4129,2016,,Imports of goods and services (current US$),JO,Jordan,"Middle East, North Africa, Afghanistan & Pakistan",Upper middle income,IBRD,35.9263,31.9497
4130,2025,,Imports of goods and services (current US$),KZ,Kazakhstan,Europe & Central Asia,Upper middle income,IBRD,71.4382,51.1879
4131,2024,74543688674.4676,Imports of goods and services (current US$),KZ,Kazakhstan,Europe & Central Asia,Upper middle income,IBRD,71.4382,51.1879
4132,2023,72487044600.0899,Imports of goods and services (current US$),KZ,Kazakhstan,Europe & Central Asia,Upper middle income,IBRD,71.4382,51.1879
4133,2022,60354782089.0333,Imports of goods and services (current US$),KZ,Kazakhstan,Europe & Central Asia,Upper middle income,IBRD,71.4382,51.1879
4134,2021,49324871010.7242,Imports of goods and services (current US$),KZ,Kazakhstan,Europe & Central Asia,Upper middle income,IBRD,71.4382,51.1879
4135,2020,45332610743.2096,Imports of goods and services (current US$),KZ,Kazakhstan,Europe & Central Asia,Upper middle income,IBRD,71.4382,51.1879
4136,2019,51629140772.7225,Imports of goods and services (current US$),KZ,Kazakhstan,Europe & Central Asia,Upper middle income,IBRD,71.4382,51.1879
4137,2018,46453964705.6103,Imports of goods and services (current US$),KZ,Kazakhstan,Europe & Central Asia,Upper middle income,IBRD,71.4382,51.1879
4138,2017,40746709251.8909,Imports of goods and services (current US$),KZ,Kazakhstan,Europe & Central Asia,Upper middle income,IBRD,71.4382,51.1879
4139,2016,39079991232.1721,Imports of goods and services (current US$),KZ,Kazakhstan,Europe & Central Asia,Upper middle income,IBRD,71.4382,51.1879
4140,2025,29576712518.9126,Imports of goods and services (current US$),KE,Kenya,Sub-Saharan Africa ,Lower middle income,Blend,36.8126,-1.27975
4141,2024,27873592863.5879,Imports of goods and services (current US$),KE,Kenya,Sub-Saharan Africa ,Lower middle income,Blend,36.8126,-1.27975
4142,2023,26037169470.1809,Imports of goods and services (current US$),KE,Kenya,Sub-Saharan Africa ,Lower middle income,Blend,36.8126,-1.27975
4143,2022,27832040674.6004,Imports of goods and services (current US$),KE,Kenya,Sub-Saharan Africa ,Lower middle income,Blend,36.8126,-1.27975
4144,2021,24016664625.5509,Imports of goods and services (current US$),KE,Kenya,Sub-Saharan Africa ,Lower middle income,Blend,36.8126,-1.27975
4145,2020,19082744156.5013,Imports of goods and services (current US$),KE,Kenya,Sub-Saharan Africa ,Lower middle income,Blend,36.8126,-1.27975
4146,2019,20408407783.966,Imports of goods and services (current US$),KE,Kenya,Sub-Saharan Africa ,Lower middle income,Blend,36.8126,-1.27975
4147,2018,20167352977.161,Imports of goods and services (current US$),KE,Kenya,Sub-Saharan Africa ,Lower middle income,Blend,36.8126,-1.27975
4148,2017,19080378151.0309,Imports of goods and services (current US$),KE,Kenya,Sub-Saharan Africa ,Lower middle income,Blend,36.8126,-1.27975
4149,2016,16171498982.4724,Imports of goods and services (current US$),KE,Kenya,Sub-Saharan Africa ,Lower middle income,Blend,36.8126,-1.27975
4150,2025,,Imports of goods and services (current US$),KI,Kiribati,East Asia & Pacific,Lower middle income,IDA,172.979,1.32905
4151,2024,334898683.3719,Imports of goods and services (current US$),KI,Kiribati,East Asia & Pacific,Lower middle income,IDA,172.979,1.32905
4152,2023,293469858.533235,Imports of goods and services (current US$),KI,Kiribati,East Asia & Pacific,Lower middle income,IDA,172.979,1.32905
4153,2022,270259460.664946,Imports of goods and services (current US$),KI,Kiribati,East Asia & Pacific,Lower middle income,IDA,172.979,1.32905
4154,2021,201765233.649547,Imports of goods and services (current US$),KI,Kiribati,East Asia & Pacific,Lower middle income,IDA,172.979,1.32905
4155,2020,150178033.445809,Imports of goods and services (current US$),KI,Kiribati,East Asia & Pacific,Lower middle income,IDA,172.979,1.32905
4156,2019,180817476.661092,Imports of goods and services (current US$),KI,Kiribati,East Asia & Pacific,Lower middle income,IDA,172.979,1.32905
4157,2018,173538193.022776,Imports of goods and services (current US$),KI,Kiribati,East Asia & Pacific,Lower middle income,IDA,172.979,1.32905
4158,2017,194581523.930108,Imports of goods and services (current US$),KI,Kiribati,East Asia & Pacific,Lower middle income,IDA,172.979,1.32905
4159,2016,195426972.957463,Imports of goods and services (current US$),KI,Kiribati,East Asia & Pacific,Lower middle income,IDA,172.979,1.32905
4160,2025,,Imports of goods and services (current US$),KP,"Korea, Dem. People's Rep.",East Asia & Pacific,Low income,Not classified,125.754,39.0319
4161,2024,,Imports of goods and services (current US$),KP,"Korea, Dem. People's Rep.",East Asia & Pacific,Low income,Not classified,125.754,39.0319
4162,2023,,Imports of goods and services (current US$),KP,"Korea, Dem. People's Rep.",East Asia & Pacific,Low income,Not classified,125.754,39.0319
4163,2022,,Imports of goods and services (current US$),KP,"Korea, Dem. People's Rep.",East Asia & Pacific,Low income,Not classified,125.754,39.0319
4164,2021,,Imports of goods and services (current US$),KP,"Korea, Dem. People's Rep.",East Asia & Pacific,Low income,Not classified,125.754,39.0319
4165,2020,,Imports of goods and services (current US$),KP,"Korea, Dem. People's Rep.",East Asia & Pacific,Low income,Not classified,125.754,39.0319
4166,2019,,Imports of goods and services (current US$),KP,"Korea, Dem. People's Rep.",East Asia & Pacific,Low income,Not classified,125.754,39.0319
4167,2018,,Imports of goods and services (current US$),KP,"Korea, Dem. People's Rep.",East Asia & Pacific,Low income,Not classified,125.754,39.0319
4168,2017,,Imports of goods and services (current US$),KP,"Korea, Dem. People's Rep.",East Asia & Pacific,Low income,Not classified,125.754,39.0319
4169,2016,,Imports of goods and services (current US$),KP,"Korea, Dem. People's Rep.",East Asia & Pacific,Low income,Not classified,125.754,39.0319
4170,2025,760157311935.097,Imports of goods and services (current US$),KR,"Korea, Rep.",East Asia & Pacific,High income,Not classified,126.957,37.5323
4171,2024,755486201521.958,Imports of goods and services (current US$),KR,"Korea, Rep.",East Asia & Pacific,High income,Not classified,126.957,37.5323
4172,2023,755197457229.567,Imports of goods and services (current US$),KR,"Korea, Rep.",East Asia & Pacific,High income,Not classified,126.957,37.5323
4173,2022,814936711590.894,Imports of goods and services (current US$),KR,"Korea, Rep.",East Asia & Pacific,High income,Not classified,126.957,37.5323
4174,2021,698601348291.191,Imports of goods and services (current US$),KR,"Korea, Rep.",East Asia & Pacific,High income,Not classified,126.957,37.5323
4175,2020,539436709934.322,Imports of goods and services (current US$),KR,"Korea, Rep.",East Asia & Pacific,High income,Not classified,126.957,37.5323
4176,2019,602460189255.229,Imports of goods and services (current US$),KR,"Korea, Rep.",East Asia & Pacific,High income,Not classified,126.957,37.5323
4177,2018,643142886151.538,Imports of goods and services (current US$),KR,"Korea, Rep.",East Asia & Pacific,High income,Not classified,126.957,37.5323
4178,2017,587337161918.895,Imports of goods and services (current US$),KR,"Korea, Rep.",East Asia & Pacific,High income,Not classified,126.957,37.5323
4179,2016,501960383970.089,Imports of goods and services (current US$),KR,"Korea, Rep.",East Asia & Pacific,High income,Not classified,126.957,37.5323
4180,2025,9247483894.44267,Imports of goods and services (current US$),XK,Kosovo,Europe & Central Asia,Upper middle income,IDA,20.926,42.565
4181,2024,8070814342.83359,Imports of goods and services (current US$),XK,Kosovo,Europe & Central Asia,Upper middle income,IDA,20.926,42.565
4182,2023,7359318638.20209,Imports of goods and services (current US$),XK,Kosovo,Europe & Central Asia,Upper middle income,IDA,20.926,42.565
4183,2022,6687213729.53115,Imports of goods and services (current US$),XK,Kosovo,Europe & Central Asia,Upper middle income,IDA,20.926,42.565
4184,2021,6139441731.44951,Imports of goods and services (current US$),XK,Kosovo,Europe & Central Asia,Upper middle income,IDA,20.926,42.565
4185,2020,4169889577.68873,Imports of goods and services (current US$),XK,Kosovo,Europe & Central Asia,Upper middle income,IDA,20.926,42.565
4186,2019,4458374403.7647,Imports of goods and services (current US$),XK,Kosovo,Europe & Central Asia,Upper middle income,IDA,20.926,42.565
4187,2018,4511507218.39764,Imports of goods and services (current US$),XK,Kosovo,Europe & Central Asia,Upper middle income,IDA,20.926,42.565
4188,2017,3811644831.03648,Imports of goods and services (current US$),XK,Kosovo,Europe & Central Asia,Upper middle income,IDA,20.926,42.565
4189,2016,3420954912.03269,Imports of goods and services (current US$),XK,Kosovo,Europe & Central Asia,Upper middle income,IDA,20.926,42.565
4190,2025,,Imports of goods and services (current US$),KW,Kuwait,"Middle East, North Africa, Afghanistan & Pakistan",High income,Not classified,47.9824,29.3721
4191,2024,61521205382.6164,Imports of goods and services (current US$),KW,Kuwait,"Middle East, North Africa, Afghanistan & Pakistan",High income,Not classified,47.9824,29.3721
4192,2023,63425622995.9145,Imports of goods and services (current US$),KW,Kuwait,"Middle East, North Africa, Afghanistan & Pakistan",High income,Not classified,47.9824,29.3721
4193,2022,55913469387.7551,Imports of goods and services (current US$),KW,Kuwait,"Middle East, North Africa, Afghanistan & Pakistan",High income,Not classified,47.9824,29.3721
4194,2021,44912694808.101,Imports of goods and services (current US$),KW,Kuwait,"Middle East, North Africa, Afghanistan & Pakistan",High income,Not classified,47.9824,29.3721
4195,2020,42529707771.5334,Imports of goods and services (current US$),KW,Kuwait,"Middle East, North Africa, Afghanistan & Pakistan",High income,Not classified,47.9824,29.3721
4196,2019,55817806337.715,Imports of goods and services (current US$),KW,Kuwait,"Middle East, North Africa, Afghanistan & Pakistan",High income,Not classified,47.9824,29.3721
4197,2018,63048258686.6961,Imports of goods and services (current US$),KW,Kuwait,"Middle East, North Africa, Afghanistan & Pakistan",High income,Not classified,47.9824,29.3721
4198,2017,56293171254.3267,Imports of goods and services (current US$),KW,Kuwait,"Middle East, North Africa, Afghanistan & Pakistan",High income,Not classified,47.9824,29.3721
4199,2016,53090012146.8076,Imports of goods and services (current US$),KW,Kuwait,"Middle East, North Africa, Afghanistan & Pakistan",High income,Not classified,47.9824,29.3721
4200,2025,14840274240.1743,Imports of goods and services (current US$),KG,Kyrgyz Republic,Europe & Central Asia,Lower middle income,IDA,74.6057,42.8851
4201,2024,15134031704.5103,Imports of goods and services (current US$),KG,Kyrgyz Republic,Europe & Central Asia,Lower middle income,IDA,74.6057,42.8851
4202,2023,14495454762.0276,Imports of goods and services (current US$),KG,Kyrgyz Republic,Europe & Central Asia,Lower middle income,IDA,74.6057,42.8851
4203,2022,10611929974.1289,Imports of goods and services (current US$),KG,Kyrgyz Republic,Europe & Central Asia,Lower middle income,IDA,74.6057,42.8851
4204,2021,5961602074.23316,Imports of goods and services (current US$),KG,Kyrgyz Republic,Europe & Central Asia,Lower middle income,IDA,74.6057,42.8851
4205,2020,4086471675.70011,Imports of goods and services (current US$),KG,Kyrgyz Republic,Europe & Central Asia,Lower middle income,IDA,74.6057,42.8851
4206,2019,5712149571.70613,Imports of goods and services (current US$),KG,Kyrgyz Republic,Europe & Central Asia,Lower middle income,IDA,74.6057,42.8851
4207,2018,5564289939.38436,Imports of goods and services (current US$),KG,Kyrgyz Republic,Europe & Central Asia,Lower middle income,IDA,74.6057,42.8851
4208,2017,5112024586.40804,Imports of goods and services (current US$),KG,Kyrgyz Republic,Europe & Central Asia,Lower middle income,IDA,74.6057,42.8851
4209,2016,4769041754.77364,Imports of goods and services (current US$),KG,Kyrgyz Republic,Europe & Central Asia,Lower middle income,IDA,74.6057,42.8851
4210,2025,,Imports of goods and services (current US$),LA,Lao PDR,East Asia & Pacific,Lower middle income,IDA,102.177,18.5826
4211,2024,,Imports of goods and services (current US$),LA,Lao PDR,East Asia & Pacific,Lower middle income,IDA,102.177,18.5826
4212,2023,,Imports of goods and services (current US$),LA,Lao PDR,East Asia & Pacific,Lower middle income,IDA,102.177,18.5826
4213,2022,,Imports of goods and services (current US$),LA,Lao PDR,East Asia & Pacific,Lower middle income,IDA,102.177,18.5826
4214,2021,,Imports of goods and services (current US$),LA,Lao PDR,East Asia & Pacific,Lower middle income,IDA,102.177,18.5826
4215,2020,,Imports of goods and services (current US$),LA,Lao PDR,East Asia & Pacific,Lower middle income,IDA,102.177,18.5826
4216,2019,,Imports of goods and services (current US$),LA,Lao PDR,East Asia & Pacific,Lower middle income,IDA,102.177,18.5826
4217,2018,,Imports of goods and services (current US$),LA,Lao PDR,East Asia & Pacific,Lower middle income,IDA,102.177,18.5826
4218,2017,,Imports of goods and services (current US$),LA,Lao PDR,East Asia & Pacific,Lower middle income,IDA,102.177,18.5826
4219,2016,6664547720.2285,Imports of goods and services (current US$),LA,Lao PDR,East Asia & Pacific,Lower middle income,IDA,102.177,18.5826
4220,2025,32648277349.5623,Imports of goods and services (current US$),LV,Latvia,Europe & Central Asia,High income,Not classified,24.1048,56.9465
4221,2024,29237162725.2523,Imports of goods and services (current US$),LV,Latvia,Europe & Central Asia,High income,Not classified,24.1048,56.9465
4222,2023,29797383500.3005,Imports of goods and services (current US$),LV,Latvia,Europe & Central Asia,High income,Not classified,24.1048,56.9465
4223,2022,31311327145.253,Imports of goods and services (current US$),LV,Latvia,Europe & Central Asia,High income,Not classified,24.1048,56.9465
4224,2021,26722730484.7438,Imports of goods and services (current US$),LV,Latvia,Europe & Central Asia,High income,Not classified,24.1048,56.9465
4225,2020,20436512013.5674,Imports of goods and services (current US$),LV,Latvia,Europe & Central Asia,High income,Not classified,24.1048,56.9465
4226,2019,20771523762.3294,Imports of goods and services (current US$),LV,Latvia,Europe & Central Asia,High income,Not classified,24.1048,56.9465
4227,2018,21399793243.0745,Imports of goods and services (current US$),LV,Latvia,Europe & Central Asia,High income,Not classified,24.1048,56.9465
4228,2017,18978997354.9141,Imports of goods and services (current US$),LV,Latvia,Europe & Central Asia,High income,Not classified,24.1048,56.9465
4229,2016,16650471636.2697,Imports of goods and services (current US$),LV,Latvia,Europe & Central Asia,High income,Not classified,24.1048,56.9465
4230,2025,,Imports of goods and services (current US$),LB,Lebanon,"Middle East, North Africa, Afghanistan & Pakistan",Lower middle income,IBRD,35.5134,33.8872
4231,2024,15301404346.3687,Imports of goods and services (current US$),LB,Lebanon,"Middle East, North Africa, Afghanistan & Pakistan",Lower middle income,IBRD,35.5134,33.8872
4232,2023,14788907442.7926,Imports of goods and services (current US$),LB,Lebanon,"Middle East, North Africa, Afghanistan & Pakistan",Lower middle income,IBRD,35.5134,33.8872
4233,2022,16806427844.3004,Imports of goods and services (current US$),LB,Lebanon,"Middle East, North Africa, Afghanistan & Pakistan",Lower middle income,IBRD,35.5134,33.8872
4234,2021,12214357413.8664,Imports of goods and services (current US$),LB,Lebanon,"Middle East, North Africa, Afghanistan & Pakistan",Lower middle income,IBRD,35.5134,33.8872
4235,2020,10705132083.243,Imports of goods and services (current US$),LB,Lebanon,"Middle East, North Africa, Afghanistan & Pakistan",Lower middle income,IBRD,35.5134,33.8872
4236,2019,21820628748.3913,Imports of goods and services (current US$),LB,Lebanon,"Middle East, North Africa, Afghanistan & Pakistan",Lower middle income,IBRD,35.5134,33.8872
4237,2018,26079751235.1575,Imports of goods and services (current US$),LB,Lebanon,"Middle East, North Africa, Afghanistan & Pakistan",Lower middle income,IBRD,35.5134,33.8872
4238,2017,24672982325.7048,Imports of goods and services (current US$),LB,Lebanon,"Middle East, North Africa, Afghanistan & Pakistan",Lower middle income,IBRD,35.5134,33.8872
4239,2016,23526463867.9934,Imports of goods and services (current US$),LB,Lebanon,"Middle East, North Africa, Afghanistan & Pakistan",Lower middle income,IBRD,35.5134,33.8872
4240,2025,2688114188.42089,Imports of goods and services (current US$),LS,Lesotho,Sub-Saharan Africa ,Lower middle income,IDA,27.7167,-29.5208
4241,2024,2464664897.99744,Imports of goods and services (current US$),LS,Lesotho,Sub-Saharan Africa ,Lower middle income,IDA,27.7167,-29.5208
4242,2023,2088115593.48483,Imports of goods and services (current US$),LS,Lesotho,Sub-Saharan Africa ,Lower middle income,IDA,27.7167,-29.5208
4243,2022,2257663699.96111,Imports of goods and services (current US$),LS,Lesotho,Sub-Saharan Africa ,Lower middle income,IDA,27.7167,-29.5208
4244,2021,2244255203.34092,Imports of goods and services (current US$),LS,Lesotho,Sub-Saharan Africa ,Lower middle income,IDA,27.7167,-29.5208
4245,2020,1984851478.86231,Imports of goods and services (current US$),LS,Lesotho,Sub-Saharan Africa ,Lower middle income,IDA,27.7167,-29.5208
4246,2019,2254606913.26468,Imports of goods and services (current US$),LS,Lesotho,Sub-Saharan Africa ,Lower middle income,IDA,27.7167,-29.5208
4247,2018,2418257076.54705,Imports of goods and services (current US$),LS,Lesotho,Sub-Saharan Africa ,Lower middle income,IDA,27.7167,-29.5208
4248,2017,2281133086.57192,Imports of goods and services (current US$),LS,Lesotho,Sub-Saharan Africa ,Lower middle income,IDA,27.7167,-29.5208
4249,2016,1914308304.95789,Imports of goods and services (current US$),LS,Lesotho,Sub-Saharan Africa ,Lower middle income,IDA,27.7167,-29.5208
4250,2025,,Imports of goods and services (current US$),LR,Liberia,Sub-Saharan Africa ,Low income,IDA,-10.7957,6.30039
4251,2024,,Imports of goods and services (current US$),LR,Liberia,Sub-Saharan Africa ,Low income,IDA,-10.7957,6.30039
4252,2023,,Imports of goods and services (current US$),LR,Liberia,Sub-Saharan Africa ,Low income,IDA,-10.7957,6.30039
4253,2022,,Imports of goods and services (current US$),LR,Liberia,Sub-Saharan Africa ,Low income,IDA,-10.7957,6.30039
4254,2021,,Imports of goods and services (current US$),LR,Liberia,Sub-Saharan Africa ,Low income,IDA,-10.7957,6.30039
4255,2020,,Imports of goods and services (current US$),LR,Liberia,Sub-Saharan Africa ,Low income,IDA,-10.7957,6.30039
4256,2019,,Imports of goods and services (current US$),LR,Liberia,Sub-Saharan Africa ,Low income,IDA,-10.7957,6.30039
4257,2018,,Imports of goods and services (current US$),LR,Liberia,Sub-Saharan Africa ,Low income,IDA,-10.7957,6.30039
4258,2017,,Imports of goods and services (current US$),LR,Liberia,Sub-Saharan Africa ,Low income,IDA,-10.7957,6.30039
4259,2016,,Imports of goods and services (current US$),LR,Liberia,Sub-Saharan Africa ,Low income,IDA,-10.7957,6.30039
4260,2025,31718873357.8984,Imports of goods and services (current US$),LY,Libya,"Middle East, North Africa, Afghanistan & Pakistan",Upper middle income,IBRD,13.1072,32.8578
4261,2024,31895727005.1289,Imports of goods and services (current US$),LY,Libya,"Middle East, North Africa, Afghanistan & Pakistan",Upper middle income,IBRD,13.1072,32.8578
4262,2023,33227339434.5967,Imports of goods and services (current US$),LY,Libya,"Middle East, North Africa, Afghanistan & Pakistan",Upper middle income,IBRD,13.1072,32.8578
4263,2022,27824997262.7216,Imports of goods and services (current US$),LY,Libya,"Middle East, North Africa, Afghanistan & Pakistan",Upper middle income,IBRD,13.1072,32.8578
4264,2021,25437768929.5979,Imports of goods and services (current US$),LY,Libya,"Middle East, North Africa, Afghanistan & Pakistan",Upper middle income,IBRD,13.1072,32.8578
4265,2020,14343035443.3424,Imports of goods and services (current US$),LY,Libya,"Middle East, North Africa, Afghanistan & Pakistan",Upper middle income,IBRD,13.1072,32.8578
4266,2019,25373910344.4774,Imports of goods and services (current US$),LY,Libya,"Middle East, North Africa, Afghanistan & Pakistan",Upper middle income,IBRD,13.1072,32.8578
4267,2018,18533195308.0184,Imports of goods and services (current US$),LY,Libya,"Middle East, North Africa, Afghanistan & Pakistan",Upper middle income,IBRD,13.1072,32.8578
4268,2017,13667690232.5982,Imports of goods and services (current US$),LY,Libya,"Middle East, North Africa, Afghanistan & Pakistan",Upper middle income,IBRD,13.1072,32.8578
4269,2016,13242815396.4883,Imports of goods and services (current US$),LY,Libya,"Middle East, North Africa, Afghanistan & Pakistan",Upper middle income,IBRD,13.1072,32.8578
4270,2025,,Imports of goods and services (current US$),LI,Liechtenstein,Europe & Central Asia,High income,Not classified,9.52148,47.1411
4271,2024,,Imports of goods and services (current US$),LI,Liechtenstein,Europe & Central Asia,High income,Not classified,9.52148,47.1411
4272,2023,,Imports of goods and services (current US$),LI,Liechtenstein,Europe & Central Asia,High income,Not classified,9.52148,47.1411
4273,2022,,Imports of goods and services (current US$),LI,Liechtenstein,Europe & Central Asia,High income,Not classified,9.52148,47.1411
4274,2021,,Imports of goods and services (current US$),LI,Liechtenstein,Europe & Central Asia,High income,Not classified,9.52148,47.1411
4275,2020,,Imports of goods and services (current US$),LI,Liechtenstein,Europe & Central Asia,High income,Not classified,9.52148,47.1411
4276,2019,,Imports of goods and services (current US$),LI,Liechtenstein,Europe & Central Asia,High income,Not classified,9.52148,47.1411
4277,2018,,Imports of goods and services (current US$),LI,Liechtenstein,Europe & Central Asia,High income,Not classified,9.52148,47.1411
4278,2017,,Imports of goods and services (current US$),LI,Liechtenstein,Europe & Central Asia,High income,Not classified,9.52148,47.1411
4279,2016,,Imports of goods and services (current US$),LI,Liechtenstein,Europe & Central Asia,High income,Not classified,9.52148,47.1411
4280,2025,65811494794.6705,Imports of goods and services (current US$),LT,Lithuania,Europe & Central Asia,High income,Not classified,25.2799,54.6896
4281,2024,58552399718.4766,Imports of goods and services (current US$),LT,Lithuania,Europe & Central Asia,High income,Not classified,25.2799,54.6896
4282,2023,57902756764.1579,Imports of goods and services (current US$),LT,Lithuania,Europe & Central Asia,High income,Not classified,25.2799,54.6896
4283,2022,63129065380.5839,Imports of goods and services (current US$),LT,Lithuania,Europe & Central Asia,High income,Not classified,25.2799,54.6896
4284,2021,50396505475.3868,Imports of goods and services (current US$),LT,Lithuania,Europe & Central Asia,High income,Not classified,25.2799,54.6896
4285,2020,36377346995.4865,Imports of goods and services (current US$),LT,Lithuania,Europe & Central Asia,High income,Not classified,25.2799,54.6896
4286,2019,39443296204.549,Imports of goods and services (current US$),LT,Lithuania,Europe & Central Asia,High income,Not classified,25.2799,54.6896
4287,2018,39433464608.6745,Imports of goods and services (current US$),LT,Lithuania,Europe & Central Asia,High income,Not classified,25.2799,54.6896
4288,2017,34056328974.8824,Imports of goods and services (current US$),LT,Lithuania,Europe & Central Asia,High income,Not classified,25.2799,54.6896
4289,2016,28782248191.6343,Imports of goods and services (current US$),LT,Lithuania,Europe & Central Asia,High income,Not classified,25.2799,54.6896
4290,2025,161209915493.469,Imports of goods and services (current US$),LU,Luxembourg,Europe & Central Asia,High income,Not classified,6.1296,49.61
4291,2024,149000525634.778,Imports of goods and services (current US$),LU,Luxembourg,Europe & Central Asia,High income,Not classified,6.1296,49.61
4292,2023,164425595344.836,Imports of goods and services (current US$),LU,Luxembourg,Europe & Central Asia,High income,Not classified,6.1296,49.61
4293,2022,153417111267.143,Imports of goods and services (current US$),LU,Luxembourg,Europe & Central Asia,High income,Not classified,6.1296,49.61
4294,2021,157127164919.606,Imports of goods and services (current US$),LU,Luxembourg,Europe & Central Asia,High income,Not classified,6.1296,49.61
4295,2020,126083441971.144,Imports of goods and services (current US$),LU,Luxembourg,Europe & Central Asia,High income,Not classified,6.1296,49.61
4296,2019,123031122937.043,Imports of goods and services (current US$),LU,Luxembourg,Europe & Central Asia,High income,Not classified,6.1296,49.61
4297,2018,117040520850.147,Imports of goods and services (current US$),LU,Luxembourg,Europe & Central Asia,High income,Not classified,6.1296,49.61
4298,2017,105827158919.454,Imports of goods and services (current US$),LU,Luxembourg,Europe & Central Asia,High income,Not classified,6.1296,49.61
4299,2016,97891285783.9403,Imports of goods and services (current US$),LU,Luxembourg,Europe & Central Asia,High income,Not classified,6.1296,49.61
4300,2025,24392856119.8833,Imports of goods and services (current US$),MO,"Macao SAR, China",East Asia & Pacific,High income,Not classified,113.55,22.1667
4301,2024,24679130368.6739,Imports of goods and services (current US$),MO,"Macao SAR, China",East Asia & Pacific,High income,Not classified,113.55,22.1667
4302,2023,24390733922.0849,Imports of goods and services (current US$),MO,"Macao SAR, China",East Asia & Pacific,High income,Not classified,113.55,22.1667
4303,2022,21333615037.2353,Imports of goods and services (current US$),MO,"Macao SAR, China",East Asia & Pacific,High income,Not classified,113.55,22.1667
4304,2021,24329800942.6482,Imports of goods and services (current US$),MO,"Macao SAR, China",East Asia & Pacific,High income,Not classified,113.55,22.1667
4305,2020,15615350087.407,Imports of goods and services (current US$),MO,"Macao SAR, China",East Asia & Pacific,High income,Not classified,113.55,22.1667
4306,2019,17929686870.777,Imports of goods and services (current US$),MO,"Macao SAR, China",East Asia & Pacific,High income,Not classified,113.55,22.1667
4307,2018,18570067514.3422,Imports of goods and services (current US$),MO,"Macao SAR, China",East Asia & Pacific,High income,Not classified,113.55,22.1667
4308,2017,17507224332.5163,Imports of goods and services (current US$),MO,"Macao SAR, China",East Asia & Pacific,High income,Not classified,113.55,22.1667
4309,2016,16224010214.3022,Imports of goods and services (current US$),MO,"Macao SAR, China",East Asia & Pacific,High income,Not classified,113.55,22.1667
4310,2025,6456688115.47184,Imports of goods and services (current US$),MG,Madagascar,Sub-Saharan Africa ,Low income,IDA,45.7167,-20.4667
4311,2024,5898719062.63889,Imports of goods and services (current US$),MG,Madagascar,Sub-Saharan Africa ,Low income,IDA,45.7167,-20.4667
4312,2023,5779521889.72864,Imports of goods and services (current US$),MG,Madagascar,Sub-Saharan Africa ,Low income,IDA,45.7167,-20.4667
4313,2022,6130820185.69315,Imports of goods and services (current US$),MG,Madagascar,Sub-Saharan Africa ,Low income,IDA,45.7167,-20.4667
4314,2021,4611346608.6263,Imports of goods and services (current US$),MG,Madagascar,Sub-Saharan Africa ,Low income,IDA,45.7167,-20.4667
4315,2020,3767772594.78023,Imports of goods and services (current US$),MG,Madagascar,Sub-Saharan Africa ,Low income,IDA,45.7167,-20.4667
4316,2019,4820540217.6801,Imports of goods and services (current US$),MG,Madagascar,Sub-Saharan Africa ,Low income,IDA,45.7167,-20.4667
4317,2018,4995646270.88017,Imports of goods and services (current US$),MG,Madagascar,Sub-Saharan Africa ,Low income,IDA,45.7167,-20.4667
4318,2017,4538023942.3512,Imports of goods and services (current US$),MG,Madagascar,Sub-Saharan Africa ,Low income,IDA,45.7167,-20.4667
4319,2016,3761002301.53403,Imports of goods and services (current US$),MG,Madagascar,Sub-Saharan Africa ,Low income,IDA,45.7167,-20.4667
4320,2025,4289095537.90267,Imports of goods and services (current US$),MW,Malawi,Sub-Saharan Africa ,Low income,IDA,33.7703,-13.9899
4321,2024,3463528705.15396,Imports of goods and services (current US$),MW,Malawi,Sub-Saharan Africa ,Low income,IDA,33.7703,-13.9899
4322,2023,4168480304.06473,Imports of goods and services (current US$),MW,Malawi,Sub-Saharan Africa ,Low income,IDA,33.7703,-13.9899
4323,2022,4011385129.38504,Imports of goods and services (current US$),MW,Malawi,Sub-Saharan Africa ,Low income,IDA,33.7703,-13.9899
4324,2021,3946615437.79055,Imports of goods and services (current US$),MW,Malawi,Sub-Saharan Africa ,Low income,IDA,33.7703,-13.9899
4325,2020,3534041140.85774,Imports of goods and services (current US$),MW,Malawi,Sub-Saharan Africa ,Low income,IDA,33.7703,-13.9899
4326,2019,3448840700.9341,Imports of goods and services (current US$),MW,Malawi,Sub-Saharan Africa ,Low income,IDA,33.7703,-13.9899
4327,2018,3152063269.52757,Imports of goods and services (current US$),MW,Malawi,Sub-Saharan Africa ,Low income,IDA,33.7703,-13.9899
4328,2017,2917847789.69494,Imports of goods and services (current US$),MW,Malawi,Sub-Saharan Africa ,Low income,IDA,33.7703,-13.9899
4329,2016,,Imports of goods and services (current US$),MW,Malawi,Sub-Saharan Africa ,Low income,IDA,33.7703,-13.9899
4330,2025,308949499862.759,Imports of goods and services (current US$),MY,Malaysia,East Asia & Pacific,Upper middle income,IBRD,101.684,3.12433
4331,2024,278760544031.284,Imports of goods and services (current US$),MY,Malaysia,East Asia & Pacific,Upper middle income,IBRD,101.684,3.12433
4332,2023,255625703549.712,Imports of goods and services (current US$),MY,Malaysia,East Asia & Pacific,Upper middle income,IBRD,101.684,3.12433
4333,2022,283918591271.771,Imports of goods and services (current US$),MY,Malaysia,East Asia & Pacific,Upper middle income,IBRD,101.684,3.12433
4334,2021,236990392677.524,Imports of goods and services (current US$),MY,Malaysia,East Asia & Pacific,Upper middle income,IBRD,101.684,3.12433
4335,2020,186310380061.102,Imports of goods and services (current US$),MY,Malaysia,East Asia & Pacific,Upper middle income,IBRD,101.684,3.12433
4336,2019,210893037728.698,Imports of goods and services (current US$),MY,Malaysia,East Asia & Pacific,Upper middle income,IBRD,101.684,3.12433
4337,2018,221902484182.666,Imports of goods and services (current US$),MY,Malaysia,East Asia & Pacific,Upper middle income,IBRD,101.684,3.12433
4338,2017,201496430249.828,Imports of goods and services (current US$),MY,Malaysia,East Asia & Pacific,Upper middle income,IBRD,101.684,3.12433
4339,2016,181125866049.416,Imports of goods and services (current US$),MY,Malaysia,East Asia & Pacific,Upper middle income,IBRD,101.684,3.12433
4340,2025,,Imports of goods and services (current US$),MV,Maldives,South Asia,Upper middle income,IDA,73.5109,4.1742
4341,2024,5526396213.29145,Imports of goods and services (current US$),MV,Maldives,South Asia,Upper middle income,IDA,73.5109,4.1742
4342,2023,4986030514.21888,Imports of goods and services (current US$),MV,Maldives,South Asia,Upper middle income,IDA,73.5109,4.1742
4343,2022,4915296258.92618,Imports of goods and services (current US$),MV,Maldives,South Asia,Upper middle income,IDA,73.5109,4.1742
4344,2021,3493320710.52199,Imports of goods and services (current US$),MV,Maldives,South Asia,Upper middle income,IDA,73.5109,4.1742
4345,2020,2454800260.31661,Imports of goods and services (current US$),MV,Maldives,South Asia,Upper middle income,IDA,73.5109,4.1742
4346,2019,4100560296.22075,Imports of goods and services (current US$),MV,Maldives,South Asia,Upper middle income,IDA,73.5109,4.1742
4347,2018,4109616130.68867,Imports of goods and services (current US$),MV,Maldives,South Asia,Upper middle income,IDA,73.5109,4.1742
4348,2017,3508894747.23709,Imports of goods and services (current US$),MV,Maldives,South Asia,Upper middle income,IDA,73.5109,4.1742
4349,2016,3208964389.80537,Imports of goods and services (current US$),MV,Maldives,South Asia,Upper middle income,IDA,73.5109,4.1742
4350,2025,8027088524.12728,Imports of goods and services (current US$),ML,Mali,Sub-Saharan Africa ,Low income,IDA,-7.50034,13.5667
4351,2024,7343580592.96065,Imports of goods and services (current US$),ML,Mali,Sub-Saharan Africa ,Low income,IDA,-7.50034,13.5667
4352,2023,8137764865.45859,Imports of goods and services (current US$),ML,Mali,Sub-Saharan Africa ,Low income,IDA,-7.50034,13.5667
4353,2022,8009736749.56921,Imports of goods and services (current US$),ML,Mali,Sub-Saharan Africa ,Low income,IDA,-7.50034,13.5667
4354,2021,7654213177.65694,Imports of goods and services (current US$),ML,Mali,Sub-Saharan Africa ,Low income,IDA,-7.50034,13.5667
4355,2020,6395707970.69675,Imports of goods and services (current US$),ML,Mali,Sub-Saharan Africa ,Low income,IDA,-7.50034,13.5667
4356,2019,6608368701.20412,Imports of goods and services (current US$),ML,Mali,Sub-Saharan Africa ,Low income,IDA,-7.50034,13.5667
4357,2018,6130932965.63969,Imports of goods and services (current US$),ML,Mali,Sub-Saharan Africa ,Low income,IDA,-7.50034,13.5667
4358,2017,5599702405.93948,Imports of goods and services (current US$),ML,Mali,Sub-Saharan Africa ,Low income,IDA,-7.50034,13.5667
4359,2016,5685145254.65642,Imports of goods and services (current US$),ML,Mali,Sub-Saharan Africa ,Low income,IDA,-7.50034,13.5667
4360,2025,27745379955.5294,Imports of goods and services (current US$),MT,Malta,"Middle East, North Africa, Afghanistan & Pakistan",High income,Not classified,14.5189,35.9042
4361,2024,24854594465.8594,Imports of goods and services (current US$),MT,Malta,"Middle East, North Africa, Afghanistan & Pakistan",High income,Not classified,14.5189,35.9042
4362,2023,22938681423.922,Imports of goods and services (current US$),MT,Malta,"Middle East, North Africa, Afghanistan & Pakistan",High income,Not classified,14.5189,35.9042
4363,2022,22022511474.1246,Imports of goods and services (current US$),MT,Malta,"Middle East, North Africa, Afghanistan & Pakistan",High income,Not classified,14.5189,35.9042
4364,2021,19984289923.2555,Imports of goods and services (current US$),MT,Malta,"Middle East, North Africa, Afghanistan & Pakistan",High income,Not classified,14.5189,35.9042
4365,2020,18439993420.4268,Imports of goods and services (current US$),MT,Malta,"Middle East, North Africa, Afghanistan & Pakistan",High income,Not classified,14.5189,35.9042
4366,2019,17734735446.8023,Imports of goods and services (current US$),MT,Malta,"Middle East, North Africa, Afghanistan & Pakistan",High income,Not classified,14.5189,35.9042
4367,2018,16920969058.8311,Imports of goods and services (current US$),MT,Malta,"Middle East, North Africa, Afghanistan & Pakistan",High income,Not classified,14.5189,35.9042
4368,2017,13654552289.9319,Imports of goods and services (current US$),MT,Malta,"Middle East, North Africa, Afghanistan & Pakistan",High income,Not classified,14.5189,35.9042
4369,2016,12049012192.0241,Imports of goods and services (current US$),MT,Malta,"Middle East, North Africa, Afghanistan & Pakistan",High income,Not classified,14.5189,35.9042
4370,2025,246000000.0,Imports of goods and services (current US$),MH,Marshall Islands,East Asia & Pacific,Upper middle income,IDA,171.135,7.11046
4371,2024,231000000.0,Imports of goods and services (current US$),MH,Marshall Islands,East Asia & Pacific,Upper middle income,IDA,171.135,7.11046
4372,2023,211000000.0,Imports of goods and services (current US$),MH,Marshall Islands,East Asia & Pacific,Upper middle income,IDA,171.135,7.11046
4373,2022,228608400.0,Imports of goods and services (current US$),MH,Marshall Islands,East Asia & Pacific,Upper middle income,IDA,171.135,7.11046
4374,2021,193524800.0,Imports of goods and services (current US$),MH,Marshall Islands,East Asia & Pacific,Upper middle income,IDA,171.135,7.11046
4375,2020,174912100.0,Imports of goods and services (current US$),MH,Marshall Islands,East Asia & Pacific,Upper middle income,IDA,171.135,7.11046
4376,2019,270037900.0,Imports of goods and services (current US$),MH,Marshall Islands,East Asia & Pacific,Upper middle income,IDA,171.135,7.11046
4377,2018,195264300.0,Imports of goods and services (current US$),MH,Marshall Islands,East Asia & Pacific,Upper middle income,IDA,171.135,7.11046
4378,2017,183851100.0,Imports of goods and services (current US$),MH,Marshall Islands,East Asia & Pacific,Upper middle income,IDA,171.135,7.11046
4379,2016,161103100.0,Imports of goods and services (current US$),MH,Marshall Islands,East Asia & Pacific,Upper middle income,IDA,171.135,7.11046
4380,2025,6327162514.07935,Imports of goods and services (current US$),MR,Mauritania,Sub-Saharan Africa ,Lower middle income,IDA,-15.9824,18.2367
4381,2024,5677643652.84159,Imports of goods and services (current US$),MR,Mauritania,Sub-Saharan Africa ,Lower middle income,IDA,-15.9824,18.2367
4382,2023,5745446436.70314,Imports of goods and services (current US$),MR,Mauritania,Sub-Saharan Africa ,Lower middle income,IDA,-15.9824,18.2367
4383,2022,5956297149.04855,Imports of goods and services (current US$),MR,Mauritania,Sub-Saharan Africa ,Lower middle income,IDA,-15.9824,18.2367
4384,2021,4467674565.37047,Imports of goods and services (current US$),MR,Mauritania,Sub-Saharan Africa ,Lower middle income,IDA,-15.9824,18.2367
4385,2020,3747824684.05485,Imports of goods and services (current US$),MR,Mauritania,Sub-Saharan Africa ,Lower middle income,IDA,-15.9824,18.2367
4386,2019,4033369861.07674,Imports of goods and services (current US$),MR,Mauritania,Sub-Saharan Africa ,Lower middle income,IDA,-15.9824,18.2367
4387,2018,3929143534.68664,Imports of goods and services (current US$),MR,Mauritania,Sub-Saharan Africa ,Lower middle income,IDA,-15.9824,18.2367
4388,2017,3018559264.38573,Imports of goods and services (current US$),MR,Mauritania,Sub-Saharan Africa ,Lower middle income,IDA,-15.9824,18.2367
4389,2016,2513699048.64757,Imports of goods and services (current US$),MR,Mauritania,Sub-Saharan Africa ,Lower middle income,IDA,-15.9824,18.2367
4390,2025,12103211066.0688,Imports of goods and services (current US$),MU,Mauritius,Sub-Saharan Africa ,Upper middle income,IBRD,57.4977,-20.1605
4391,2024,11697830481.4156,Imports of goods and services (current US$),MU,Mauritius,Sub-Saharan Africa ,Upper middle income,IBRD,57.4977,-20.1605
4392,2023,11015762508.0839,Imports of goods and services (current US$),MU,Mauritius,Sub-Saharan Africa ,Upper middle income,IBRD,57.4977,-20.1605
4393,2022,10431237060.1439,Imports of goods and services (current US$),MU,Mauritius,Sub-Saharan Africa ,Upper middle income,IBRD,57.4977,-20.1605
4394,2021,8649785320.41045,Imports of goods and services (current US$),MU,Mauritius,Sub-Saharan Africa ,Upper middle income,IBRD,57.4977,-20.1605
4395,2020,7606361593.67237,Imports of goods and services (current US$),MU,Mauritius,Sub-Saharan Africa ,Upper middle income,IBRD,57.4977,-20.1605
4396,2019,9899441321.25382,Imports of goods and services (current US$),MU,Mauritius,Sub-Saharan Africa ,Upper middle income,IBRD,57.4977,-20.1605
4397,2018,9718132632.37305,Imports of goods and services (current US$),MU,Mauritius,Sub-Saharan Africa ,Upper middle income,IBRD,57.4977,-20.1605
4398,2017,9258119622.02936,Imports of goods and services (current US$),MU,Mauritius,Sub-Saharan Africa ,Upper middle income,IBRD,57.4977,-20.1605
4399,2016,8325979802.47698,Imports of goods and services (current US$),MU,Mauritius,Sub-Saharan Africa ,Upper middle income,IBRD,57.4977,-20.1605
4400,2025,738162519126.698,Imports of goods and services (current US$),MX,Mexico,Latin America & Caribbean ,Upper middle income,IBRD,-99.1276,19.427
4401,2024,698190455615.662,Imports of goods and services (current US$),MX,Mexico,Latin America & Caribbean ,Upper middle income,IBRD,-99.1276,19.427
4402,2023,674539332148.826,Imports of goods and services (current US$),MX,Mexico,Latin America & Caribbean ,Upper middle income,IBRD,-99.1276,19.427
4403,2022,672827146643.746,Imports of goods and services (current US$),MX,Mexico,Latin America & Caribbean ,Upper middle income,IBRD,-99.1276,19.427
4404,2021,559543398297.824,Imports of goods and services (current US$),MX,Mexico,Latin America & Caribbean ,Upper middle income,IBRD,-99.1276,19.427
4405,2020,421735413258.959,Imports of goods and services (current US$),MX,Mexico,Latin America & Caribbean ,Upper middle income,IBRD,-99.1276,19.427
4406,2019,507718819549.77,Imports of goods and services (current US$),MX,Mexico,Latin America & Caribbean ,Upper middle income,IBRD,-99.1276,19.427
4407,2018,517202845542.861,Imports of goods and services (current US$),MX,Mexico,Latin America & Caribbean ,Upper middle income,IBRD,-99.1276,19.427
4408,2017,469597181245.762,Imports of goods and services (current US$),MX,Mexico,Latin America & Caribbean ,Upper middle income,IBRD,-99.1276,19.427
4409,2016,432376614131.825,Imports of goods and services (current US$),MX,Mexico,Latin America & Caribbean ,Upper middle income,IBRD,-99.1276,19.427
4410,2025,356000000.0,Imports of goods and services (current US$),FM,"Micronesia, Fed. Sts.",East Asia & Pacific,Upper middle income,IDA,158.185,6.91771
4411,2024,356000000.0,Imports of goods and services (current US$),FM,"Micronesia, Fed. Sts.",East Asia & Pacific,Upper middle income,IDA,158.185,6.91771
4412,2023,324000000.0,Imports of goods and services (current US$),FM,"Micronesia, Fed. Sts.",East Asia & Pacific,Upper middle income,IDA,158.185,6.91771
4413,2022,315000000.0,Imports of goods and services (current US$),FM,"Micronesia, Fed. Sts.",East Asia & Pacific,Upper middle income,IDA,158.185,6.91771
4414,2021,277000000.0,Imports of goods and services (current US$),FM,"Micronesia, Fed. Sts.",East Asia & Pacific,Upper middle income,IDA,158.185,6.91771
4415,2020,265000000.0,Imports of goods and services (current US$),FM,"Micronesia, Fed. Sts.",East Asia & Pacific,Upper middle income,IDA,158.185,6.91771
4416,2019,281000000.0,Imports of goods and services (current US$),FM,"Micronesia, Fed. Sts.",East Asia & Pacific,Upper middle income,IDA,158.185,6.91771
4417,2018,267000000.0,Imports of goods and services (current US$),FM,"Micronesia, Fed. Sts.",East Asia & Pacific,Upper middle income,IDA,158.185,6.91771
4418,2017,256000000.0,Imports of goods and services (current US$),FM,"Micronesia, Fed. Sts.",East Asia & Pacific,Upper middle income,IDA,158.185,6.91771
4419,2016,237000000.0,Imports of goods and services (current US$),FM,"Micronesia, Fed. Sts.",East Asia & Pacific,Upper middle income,IDA,158.185,6.91771
4420,2025,12397142177.8302,Imports of goods and services (current US$),MD,Moldova,Europe & Central Asia,Upper middle income,IBRD,28.8497,47.0167
4421,2024,10437006429.9284,Imports of goods and services (current US$),MD,Moldova,Europe & Central Asia,Upper middle income,IBRD,28.8497,47.0167
4422,2023,9840310840.08325,Imports of goods and services (current US$),MD,Moldova,Europe & Central Asia,Upper middle income,IBRD,28.8497,47.0167
4423,2022,10297187835.8634,Imports of goods and services (current US$),MD,Moldova,Europe & Central Asia,Upper middle income,IBRD,28.8497,47.0167
4424,2021,7916926177.17203,Imports of goods and services (current US$),MD,Moldova,Europe & Central Asia,Upper middle income,IBRD,28.8497,47.0167
4425,2020,5921197990.85951,Imports of goods and services (current US$),MD,Moldova,Europe & Central Asia,Upper middle income,IBRD,28.8497,47.0167
4426,2019,6624383483.98942,Imports of goods and services (current US$),MD,Moldova,Europe & Central Asia,Upper middle income,IBRD,28.8497,47.0167
4427,2018,6385757543.1858,Imports of goods and services (current US$),MD,Moldova,Europe & Central Asia,Upper middle income,IBRD,28.8497,47.0167
4428,2017,5336680940.38419,Imports of goods and services (current US$),MD,Moldova,Europe & Central Asia,Upper middle income,IBRD,28.8497,47.0167
4429,2016,4480341975.44769,Imports of goods and services (current US$),MD,Moldova,Europe & Central Asia,Upper middle income,IBRD,28.8497,47.0167
4430,2025,,Imports of goods and services (current US$),MC,Monaco,Europe & Central Asia,High income,Not classified,7.41891,43.7325
4431,2024,,Imports of goods and services (current US$),MC,Monaco,Europe & Central Asia,High income,Not classified,7.41891,43.7325
4432,2023,,Imports of goods and services (current US$),MC,Monaco,Europe & Central Asia,High income,Not classified,7.41891,43.7325
4433,2022,,Imports of goods and services (current US$),MC,Monaco,Europe & Central Asia,High income,Not classified,7.41891,43.7325
4434,2021,,Imports of goods and services (current US$),MC,Monaco,Europe & Central Asia,High income,Not classified,7.41891,43.7325
4435,2020,,Imports of goods and services (current US$),MC,Monaco,Europe & Central Asia,High income,Not classified,7.41891,43.7325
4436,2019,,Imports of goods and services (current US$),MC,Monaco,Europe & Central Asia,High income,Not classified,7.41891,43.7325
4437,2018,,Imports of goods and services (current US$),MC,Monaco,Europe & Central Asia,High income,Not classified,7.41891,43.7325
4438,2017,,Imports of goods and services (current US$),MC,Monaco,Europe & Central Asia,High income,Not classified,7.41891,43.7325
4439,2016,,Imports of goods and services (current US$),MC,Monaco,Europe & Central Asia,High income,Not classified,7.41891,43.7325
4440,2025,15890791058.587,Imports of goods and services (current US$),MN,Mongolia,East Asia & Pacific,Upper middle income,IBRD,106.937,47.9129
4441,2024,16592364969.5884,Imports of goods and services (current US$),MN,Mongolia,East Asia & Pacific,Upper middle income,IBRD,106.937,47.9129
4442,2023,13537979922.1991,Imports of goods and services (current US$),MN,Mongolia,East Asia & Pacific,Upper middle income,IBRD,106.937,47.9129
4443,2022,12219703773.3526,Imports of goods and services (current US$),MN,Mongolia,East Asia & Pacific,Upper middle income,IBRD,106.937,47.9129
4444,2021,9255820394.66367,Imports of goods and services (current US$),MN,Mongolia,East Asia & Pacific,Upper middle income,IBRD,106.937,47.9129
4445,2020,7345876551.6778,Imports of goods and services (current US$),MN,Mongolia,East Asia & Pacific,Upper middle income,IBRD,106.937,47.9129
4446,2019,9259602726.47506,Imports of goods and services (current US$),MN,Mongolia,East Asia & Pacific,Upper middle income,IBRD,106.937,47.9129
4447,2018,8986286558.25453,Imports of goods and services (current US$),MN,Mongolia,East Asia & Pacific,Upper middle income,IBRD,106.937,47.9129
4448,2017,6517243584.98094,Imports of goods and services (current US$),MN,Mongolia,East Asia & Pacific,Upper middle income,IBRD,106.937,47.9129
4449,2016,5611142023.26474,Imports of goods and services (current US$),MN,Mongolia,East Asia & Pacific,Upper middle income,IBRD,106.937,47.9129
4450,2025,6066976621.67614,Imports of goods and services (current US$),ME,Montenegro,Europe & Central Asia,Upper middle income,IBRD,19.2595,42.4602
4451,2024,5477333866.65664,Imports of goods and services (current US$),ME,Montenegro,Europe & Central Asia,Upper middle income,IBRD,19.2595,42.4602
4452,2023,5165174603.79735,Imports of goods and services (current US$),ME,Montenegro,Europe & Central Asia,Upper middle income,IBRD,19.2595,42.4602
4453,2022,4639142171.1541,Imports of goods and services (current US$),ME,Montenegro,Europe & Central Asia,Upper middle income,IBRD,19.2595,42.4602
4454,2021,3645134079.8701,Imports of goods and services (current US$),ME,Montenegro,Europe & Central Asia,Upper middle income,IBRD,19.2595,42.4602
4455,2020,2916688797.23223,Imports of goods and services (current US$),ME,Montenegro,Europe & Central Asia,Upper middle income,IBRD,19.2595,42.4602
4456,2019,3602317059.85803,Imports of goods and services (current US$),ME,Montenegro,Europe & Central Asia,Upper middle income,IBRD,19.2595,42.4602
4457,2018,3675218651.81168,Imports of goods and services (current US$),ME,Montenegro,Europe & Central Asia,Upper middle income,IBRD,19.2595,42.4602
4458,2017,3132678088.98012,Imports of goods and services (current US$),ME,Montenegro,Europe & Central Asia,Upper middle income,IBRD,19.2595,42.4602
4459,2016,2760627985.90682,Imports of goods and services (current US$),ME,Montenegro,Europe & Central Asia,Upper middle income,IBRD,19.2595,42.4602
4460,2025,93252409526.967,Imports of goods and services (current US$),MA,Morocco,"Middle East, North Africa, Afghanistan & Pakistan",Lower middle income,IBRD,-6.8704,33.9905
4461,2024,80608604200.2698,Imports of goods and services (current US$),MA,Morocco,"Middle East, North Africa, Afghanistan & Pakistan",Lower middle income,IBRD,-6.8704,33.9905
4462,2023,74040709935.9332,Imports of goods and services (current US$),MA,Morocco,"Middle East, North Africa, Afghanistan & Pakistan",Lower middle income,IBRD,-6.8704,33.9905
4463,2022,73752886131.4127,Imports of goods and services (current US$),MA,Morocco,"Middle East, North Africa, Afghanistan & Pakistan",Lower middle income,IBRD,-6.8704,33.9905
4464,2021,60199361761.1157,Imports of goods and services (current US$),MA,Morocco,"Middle East, North Africa, Afghanistan & Pakistan",Lower middle income,IBRD,-6.8704,33.9905
4465,2020,46174693558.8201,Imports of goods and services (current US$),MA,Morocco,"Middle East, North Africa, Afghanistan & Pakistan",Lower middle income,IBRD,-6.8704,33.9905
4466,2019,54024112942.437,Imports of goods and services (current US$),MA,Morocco,"Middle East, North Africa, Afghanistan & Pakistan",Lower middle income,IBRD,-6.8704,33.9905
4467,2018,55299739977.2557,Imports of goods and services (current US$),MA,Morocco,"Middle East, North Africa, Afghanistan & Pakistan",Lower middle income,IBRD,-6.8704,33.9905
4468,2017,49273637902.1126,Imports of goods and services (current US$),MA,Morocco,"Middle East, North Africa, Afghanistan & Pakistan",Lower middle income,IBRD,-6.8704,33.9905
4469,2016,45062154625.7161,Imports of goods and services (current US$),MA,Morocco,"Middle East, North Africa, Afghanistan & Pakistan",Lower middle income,IBRD,-6.8704,33.9905
4470,2025,12447253484.1041,Imports of goods and services (current US$),MZ,Mozambique,Sub-Saharan Africa ,Low income,IDA,32.5713,-25.9664
4471,2024,12015027432.9082,Imports of goods and services (current US$),MZ,Mozambique,Sub-Saharan Africa ,Low income,IDA,32.5713,-25.9664
4472,2023,12645606812.3898,Imports of goods and services (current US$),MZ,Mozambique,Sub-Saharan Africa ,Low income,IDA,32.5713,-25.9664
4473,2022,16136472869.5082,Imports of goods and services (current US$),MZ,Mozambique,Sub-Saharan Africa ,Low income,IDA,32.5713,-25.9664
4474,2021,11597098163.9044,Imports of goods and services (current US$),MZ,Mozambique,Sub-Saharan Africa ,Low income,IDA,32.5713,-25.9664
4475,2020,9554283407.47139,Imports of goods and services (current US$),MZ,Mozambique,Sub-Saharan Africa ,Low income,IDA,32.5713,-25.9664
4476,2019,10618346285.9034,Imports of goods and services (current US$),MZ,Mozambique,Sub-Saharan Africa ,Low income,IDA,32.5713,-25.9664
4477,2018,11875190091.5105,Imports of goods and services (current US$),MZ,Mozambique,Sub-Saharan Africa ,Low income,IDA,32.5713,-25.9664
4478,2017,8582511319.65343,Imports of goods and services (current US$),MZ,Mozambique,Sub-Saharan Africa ,Low income,IDA,32.5713,-25.9664
4479,2016,9053287501.33234,Imports of goods and services (current US$),MZ,Mozambique,Sub-Saharan Africa ,Low income,IDA,32.5713,-25.9664
4480,2025,,Imports of goods and services (current US$),MM,Myanmar,East Asia & Pacific,Lower middle income,IDA,95.9562,21.914
4481,2024,,Imports of goods and services (current US$),MM,Myanmar,East Asia & Pacific,Lower middle income,IDA,95.9562,21.914
4482,2023,,Imports of goods and services (current US$),MM,Myanmar,East Asia & Pacific,Lower middle income,IDA,95.9562,21.914
4483,2022,,Imports of goods and services (current US$),MM,Myanmar,East Asia & Pacific,Lower middle income,IDA,95.9562,21.914
4484,2021,,Imports of goods and services (current US$),MM,Myanmar,East Asia & Pacific,Lower middle income,IDA,95.9562,21.914
4485,2020,,Imports of goods and services (current US$),MM,Myanmar,East Asia & Pacific,Lower middle income,IDA,95.9562,21.914
4486,2019,,Imports of goods and services (current US$),MM,Myanmar,East Asia & Pacific,Lower middle income,IDA,95.9562,21.914
4487,2018,,Imports of goods and services (current US$),MM,Myanmar,East Asia & Pacific,Lower middle income,IDA,95.9562,21.914
4488,2017,,Imports of goods and services (current US$),MM,Myanmar,East Asia & Pacific,Lower middle income,IDA,95.9562,21.914
4489,2016,,Imports of goods and services (current US$),MM,Myanmar,East Asia & Pacific,Lower middle income,IDA,95.9562,21.914
4490,2025,9636901881.39987,Imports of goods and services (current US$),NA,Namibia,Sub-Saharan Africa ,Lower middle income,IBRD,17.0931,-22.5648
4491,2024,9130867416.61888,Imports of goods and services (current US$),NA,Namibia,Sub-Saharan Africa ,Lower middle income,IBRD,17.0931,-22.5648
4492,2023,8331268683.76182,Imports of goods and services (current US$),NA,Namibia,Sub-Saharan Africa ,Lower middle income,IBRD,17.0931,-22.5648
4493,2022,7391349289.04372,Imports of goods and services (current US$),NA,Namibia,Sub-Saharan Africa ,Lower middle income,IBRD,17.0931,-22.5648
4494,2021,6398181203.66,Imports of goods and services (current US$),NA,Namibia,Sub-Saharan Africa ,Lower middle income,IBRD,17.0931,-22.5648
4495,2020,4577193256.96413,Imports of goods and services (current US$),NA,Namibia,Sub-Saharan Africa ,Lower middle income,IBRD,17.0931,-22.5648
4496,2019,5832030383.98715,Imports of goods and services (current US$),NA,Namibia,Sub-Saharan Africa ,Lower middle income,IBRD,17.0931,-22.5648
4497,2018,6270647309.77361,Imports of goods and services (current US$),NA,Namibia,Sub-Saharan Africa ,Lower middle income,IBRD,17.0931,-22.5648
4498,2017,6137946260.80421,Imports of goods and services (current US$),NA,Namibia,Sub-Saharan Africa ,Lower middle income,IBRD,17.0931,-22.5648
4499,2016,6321350620.34772,Imports of goods and services (current US$),NA,Namibia,Sub-Saharan Africa ,Lower middle income,IBRD,17.0931,-22.5648
4500,2025,182512104.371035,Imports of goods and services (current US$),NR,Naoero,East Asia & Pacific,High income,IBRD,166.920867,-0.5477
4501,2024,179634201.827549,Imports of goods and services (current US$),NR,Naoero,East Asia & Pacific,High income,IBRD,166.920867,-0.5477
4502,2023,152108656.732491,Imports of goods and services (current US$),NR,Naoero,East Asia & Pacific,High income,IBRD,166.920867,-0.5477
4503,2022,172986947.401416,Imports of goods and services (current US$),NR,Naoero,East Asia & Pacific,High income,IBRD,166.920867,-0.5477
4504,2021,140274086.496516,Imports of goods and services (current US$),NR,Naoero,East Asia & Pacific,High income,IBRD,166.920867,-0.5477
4505,2020,113958361.683686,Imports of goods and services (current US$),NR,Naoero,East Asia & Pacific,High income,IBRD,166.920867,-0.5477
4506,2019,119542500.441636,Imports of goods and services (current US$),NR,Naoero,East Asia & Pacific,High income,IBRD,166.920867,-0.5477
4507,2018,112562474.808545,Imports of goods and services (current US$),NR,Naoero,East Asia & Pacific,High income,IBRD,166.920867,-0.5477
4508,2017,89747041.5528802,Imports of goods and services (current US$),NR,Naoero,East Asia & Pacific,High income,IBRD,166.920867,-0.5477
4509,2016,95358168.1914268,Imports of goods and services (current US$),NR,Naoero,East Asia & Pacific,High income,IBRD,166.920867,-0.5477
4510,2025,15341170693.8035,Imports of goods and services (current US$),NP,Nepal,South Asia,Lower middle income,IDA,85.3157,27.6939
4511,2024,14122276349.6641,Imports of goods and services (current US$),NP,Nepal,South Asia,Lower middle income,IDA,85.3157,27.6939
4512,2023,14188365495.0763,Imports of goods and services (current US$),NP,Nepal,South Asia,Lower middle income,IDA,85.3157,27.6939
4513,2022,17408444735.8999,Imports of goods and services (current US$),NP,Nepal,South Asia,Lower middle income,IDA,85.3157,27.6939
4514,2021,14007303181.881,Imports of goods and services (current US$),NP,Nepal,South Asia,Lower middle income,IDA,85.3157,27.6939
4515,2020,11405416698.2379,Imports of goods and services (current US$),NP,Nepal,South Asia,Lower middle income,IDA,85.3157,27.6939
4516,2019,14176869010.9874,Imports of goods and services (current US$),NP,Nepal,South Asia,Lower middle income,IDA,85.3157,27.6939
4517,2018,13453790805.9787,Imports of goods and services (current US$),NP,Nepal,South Asia,Lower middle income,IDA,85.3157,27.6939
4518,2017,10670300513.8727,Imports of goods and services (current US$),NP,Nepal,South Asia,Lower middle income,IDA,85.3157,27.6939
4519,2016,8322479252.38274,Imports of goods and services (current US$),NP,Nepal,South Asia,Lower middle income,IDA,85.3157,27.6939
4520,2025,925615517034.116,Imports of goods and services (current US$),NL,Netherlands,Europe & Central Asia,High income,Not classified,4.89095,52.3738
4521,2024,867461920494.531,Imports of goods and services (current US$),NL,Netherlands,Europe & Central Asia,High income,Not classified,4.89095,52.3738
4522,2023,880497587437.271,Imports of goods and services (current US$),NL,Netherlands,Europe & Central Asia,High income,Not classified,4.89095,52.3738
4523,2022,917438087562.26,Imports of goods and services (current US$),NL,Netherlands,Europe & Central Asia,High income,Not classified,4.89095,52.3738
4524,2021,808831153930.22,Imports of goods and services (current US$),NL,Netherlands,Europe & Central Asia,High income,Not classified,4.89095,52.3738
4525,2020,662040850865.371,Imports of goods and services (current US$),NL,Netherlands,Europe & Central Asia,High income,Not classified,4.89095,52.3738
4526,2019,699981663066.666,Imports of goods and services (current US$),NL,Netherlands,Europe & Central Asia,High income,Not classified,4.89095,52.3738
4527,2018,711271186937.254,Imports of goods and services (current US$),NL,Netherlands,Europe & Central Asia,High income,Not classified,4.89095,52.3738
4528,2017,631649933011.766,Imports of goods and services (current US$),NL,Netherlands,Europe & Central Asia,High income,Not classified,4.89095,52.3738
4529,2016,558461399908.951,Imports of goods and services (current US$),NL,Netherlands,Europe & Central Asia,High income,Not classified,4.89095,52.3738
4530,2025,,Imports of goods and services (current US$),NC,New Caledonia,East Asia & Pacific,High income,Not classified,166.464,-22.2677
4531,2024,2451338024.19098,Imports of goods and services (current US$),NC,New Caledonia,East Asia & Pacific,High income,Not classified,166.464,-22.2677
4532,2023,3389254425.92452,Imports of goods and services (current US$),NC,New Caledonia,East Asia & Pacific,High income,Not classified,166.464,-22.2677
4533,2022,3376896803.48691,Imports of goods and services (current US$),NC,New Caledonia,East Asia & Pacific,High income,Not classified,166.464,-22.2677
4534,2021,3513854950.53872,Imports of goods and services (current US$),NC,New Caledonia,East Asia & Pacific,High income,Not classified,166.464,-22.2677
4535,2020,3454403831.74931,Imports of goods and services (current US$),NC,New Caledonia,East Asia & Pacific,High income,Not classified,166.464,-22.2677
4536,2019,3778986431.18056,Imports of goods and services (current US$),NC,New Caledonia,East Asia & Pacific,High income,Not classified,166.464,-22.2677
4537,2018,3771288917.92361,Imports of goods and services (current US$),NC,New Caledonia,East Asia & Pacific,High income,Not classified,166.464,-22.2677
4538,2017,3478834537.03773,Imports of goods and services (current US$),NC,New Caledonia,East Asia & Pacific,High income,Not classified,166.464,-22.2677
4539,2016,3382003230.66772,Imports of goods and services (current US$),NC,New Caledonia,East Asia & Pacific,High income,Not classified,166.464,-22.2677
4540,2025,,Imports of goods and services (current US$),NZ,New Zealand,East Asia & Pacific,High income,Not classified,174.776,-41.2865
4541,2024,67872925251.0378,Imports of goods and services (current US$),NZ,New Zealand,East Asia & Pacific,High income,Not classified,174.776,-41.2865
4542,2023,67259738398.8702,Imports of goods and services (current US$),NZ,New Zealand,East Asia & Pacific,High income,Not classified,174.776,-41.2865
4543,2022,72824127400.1122,Imports of goods and services (current US$),NZ,New Zealand,East Asia & Pacific,High income,Not classified,174.776,-41.2865
4544,2021,66218701372.1884,Imports of goods and services (current US$),NZ,New Zealand,East Asia & Pacific,High income,Not classified,174.776,-41.2865
4545,2020,47267342891.2665,Imports of goods and services (current US$),NZ,New Zealand,East Asia & Pacific,High income,Not classified,174.776,-41.2865
4546,2019,57834143127.7279,Imports of goods and services (current US$),NZ,New Zealand,East Asia & Pacific,High income,Not classified,174.776,-41.2865
4547,2018,59288362518.8117,Imports of goods and services (current US$),NZ,New Zealand,East Asia & Pacific,High income,Not classified,174.776,-41.2865
4548,2017,55121884788.2338,Imports of goods and services (current US$),NZ,New Zealand,East Asia & Pacific,High income,Not classified,174.776,-41.2865
4549,2016,48848436330.7287,Imports of goods and services (current US$),NZ,New Zealand,East Asia & Pacific,High income,Not classified,174.776,-41.2865
4550,2025,12198469835.601,Imports of goods and services (current US$),NI,Nicaragua,Latin America & Caribbean ,Lower middle income,IDA,-86.2734,12.1475
4551,2024,11455318548.0678,Imports of goods and services (current US$),NI,Nicaragua,Latin America & Caribbean ,Lower middle income,IDA,-86.2734,12.1475
4552,2023,10532819127.7157,Imports of goods and services (current US$),NI,Nicaragua,Latin America & Caribbean ,Lower middle income,IDA,-86.2734,12.1475
4553,2022,10249854373.9563,Imports of goods and services (current US$),NI,Nicaragua,Latin America & Caribbean ,Lower middle income,IDA,-86.2734,12.1475
4554,2021,8497441441.62792,Imports of goods and services (current US$),NI,Nicaragua,Latin America & Caribbean ,Lower middle income,IDA,-86.2734,12.1475
4555,2020,5967676880.88698,Imports of goods and services (current US$),NI,Nicaragua,Latin America & Caribbean ,Lower middle income,IDA,-86.2734,12.1475
4556,2019,6252718088.9775,Imports of goods and services (current US$),NI,Nicaragua,Latin America & Caribbean ,Lower middle income,IDA,-86.2734,12.1475
4557,2018,6735028772.98197,Imports of goods and services (current US$),NI,Nicaragua,Latin America & Caribbean ,Lower middle income,IDA,-86.2734,12.1475
4558,2017,7587978452.98755,Imports of goods and services (current US$),NI,Nicaragua,Latin America & Caribbean ,Lower middle income,IDA,-86.2734,12.1475
4559,2016,7298277150.85188,Imports of goods and services (current US$),NI,Nicaragua,Latin America & Caribbean ,Lower middle income,IDA,-86.2734,12.1475
4560,2025,3927452302.33885,Imports of goods and services (current US$),NE,Niger,Sub-Saharan Africa ,Low income,IDA,2.1073,13.514
4561,2024,3036634416.18706,Imports of goods and services (current US$),NE,Niger,Sub-Saharan Africa ,Low income,IDA,2.1073,13.514
4562,2023,3808017132.40728,Imports of goods and services (current US$),NE,Niger,Sub-Saharan Africa ,Low income,IDA,2.1073,13.514
4563,2022,4193666240.07023,Imports of goods and services (current US$),NE,Niger,Sub-Saharan Africa ,Low income,IDA,2.1073,13.514
4564,2021,4030357743.50986,Imports of goods and services (current US$),NE,Niger,Sub-Saharan Africa ,Low income,IDA,2.1073,13.514
4565,2020,3542752920.1305,Imports of goods and services (current US$),NE,Niger,Sub-Saharan Africa ,Low income,IDA,2.1073,13.514
4566,2019,3395017256.65634,Imports of goods and services (current US$),NE,Niger,Sub-Saharan Africa ,Low income,IDA,2.1073,13.514
4567,2018,3368529897.07966,Imports of goods and services (current US$),NE,Niger,Sub-Saharan Africa ,Low income,IDA,2.1073,13.514
4568,2017,2937756256.17028,Imports of goods and services (current US$),NE,Niger,Sub-Saharan Africa ,Low income,IDA,2.1073,13.514
4569,2016,2527419521.66619,Imports of goods and services (current US$),NE,Niger,Sub-Saharan Africa ,Low income,IDA,2.1073,13.514
4570,2025,,Imports of goods and services (current US$),NG,Nigeria,Sub-Saharan Africa ,Lower middle income,Blend,7.48906,9.05804
4571,2024,,Imports of goods and services (current US$),NG,Nigeria,Sub-Saharan Africa ,Lower middle income,Blend,7.48906,9.05804
4572,2023,,Imports of goods and services (current US$),NG,Nigeria,Sub-Saharan Africa ,Lower middle income,Blend,7.48906,9.05804
4573,2022,,Imports of goods and services (current US$),NG,Nigeria,Sub-Saharan Africa ,Lower middle income,Blend,7.48906,9.05804
4574,2021,,Imports of goods and services (current US$),NG,Nigeria,Sub-Saharan Africa ,Lower middle income,Blend,7.48906,9.05804
4575,2020,,Imports of goods and services (current US$),NG,Nigeria,Sub-Saharan Africa ,Lower middle income,Blend,7.48906,9.05804
4576,2019,,Imports of goods and services (current US$),NG,Nigeria,Sub-Saharan Africa ,Lower middle income,Blend,7.48906,9.05804
4577,2018,,Imports of goods and services (current US$),NG,Nigeria,Sub-Saharan Africa ,Lower middle income,Blend,7.48906,9.05804
4578,2017,,Imports of goods and services (current US$),NG,Nigeria,Sub-Saharan Africa ,Lower middle income,Blend,7.48906,9.05804
4579,2016,,Imports of goods and services (current US$),NG,Nigeria,Sub-Saharan Africa ,Lower middle income,Blend,7.48906,9.05804
4580,2025,14019083806.0384,Imports of goods and services (current US$),MK,North Macedonia,Europe & Central Asia,Upper middle income,IBRD,21.4361,42.0024
4581,2024,12653697181.9501,Imports of goods and services (current US$),MK,North Macedonia,Europe & Central Asia,Upper middle income,IBRD,21.4361,42.0024
4582,2023,12747090321.8547,Imports of goods and services (current US$),MK,North Macedonia,Europe & Central Asia,Upper middle income,IBRD,21.4361,42.0024
4583,2022,13007595537.6541,Imports of goods and services (current US$),MK,North Macedonia,Europe & Central Asia,Upper middle income,IBRD,21.4361,42.0024
4584,2021,11379087215.543,Imports of goods and services (current US$),MK,North Macedonia,Europe & Central Asia,Upper middle income,IBRD,21.4361,42.0024
4585,2020,8710792867.02715,Imports of goods and services (current US$),MK,North Macedonia,Europe & Central Asia,Upper middle income,IBRD,21.4361,42.0024
4586,2019,9602017937.21973,Imports of goods and services (current US$),MK,North Macedonia,Europe & Central Asia,Upper middle income,IBRD,21.4361,42.0024
4587,2018,9238355734.49979,Imports of goods and services (current US$),MK,North Macedonia,Europe & Central Asia,Upper middle income,IBRD,21.4361,42.0024
4588,2017,7800922476.49329,Imports of goods and services (current US$),MK,North Macedonia,Europe & Central Asia,Upper middle income,IBRD,21.4361,42.0024
4589,2016,6992767584.35164,Imports of goods and services (current US$),MK,North Macedonia,Europe & Central Asia,Upper middle income,IBRD,21.4361,42.0024
4590,2025,,Imports of goods and services (current US$),MP,Northern Mariana Islands,East Asia & Pacific,High income,Not classified,145.765,15.1935
4591,2024,,Imports of goods and services (current US$),MP,Northern Mariana Islands,East Asia & Pacific,High income,Not classified,145.765,15.1935
4592,2023,,Imports of goods and services (current US$),MP,Northern Mariana Islands,East Asia & Pacific,High income,Not classified,145.765,15.1935
4593,2022,777000000.0,Imports of goods and services (current US$),MP,Northern Mariana Islands,East Asia & Pacific,High income,Not classified,145.765,15.1935
4594,2021,666000000.0,Imports of goods and services (current US$),MP,Northern Mariana Islands,East Asia & Pacific,High income,Not classified,145.765,15.1935
4595,2020,556000000.0,Imports of goods and services (current US$),MP,Northern Mariana Islands,East Asia & Pacific,High income,Not classified,145.765,15.1935
4596,2019,734000000.0,Imports of goods and services (current US$),MP,Northern Mariana Islands,East Asia & Pacific,High income,Not classified,145.765,15.1935
4597,2018,755000000.0,Imports of goods and services (current US$),MP,Northern Mariana Islands,East Asia & Pacific,High income,Not classified,145.765,15.1935
4598,2017,969000000.0,Imports of goods and services (current US$),MP,Northern Mariana Islands,East Asia & Pacific,High income,Not classified,145.765,15.1935
4599,2016,998000000.0,Imports of goods and services (current US$),MP,Northern Mariana Islands,East Asia & Pacific,High income,Not classified,145.765,15.1935
4600,2025,178757867735.472,Imports of goods and services (current US$),NO,Norway,Europe & Central Asia,High income,Not classified,10.7387,59.9138
4601,2024,166294967041.489,Imports of goods and services (current US$),NO,Norway,Europe & Central Asia,High income,Not classified,10.7387,59.9138
4602,2023,155662322499.212,Imports of goods and services (current US$),NO,Norway,Europe & Central Asia,High income,Not classified,10.7387,59.9138
4603,2022,162615237930.138,Imports of goods and services (current US$),NO,Norway,Europe & Central Asia,High income,Not classified,10.7387,59.9138
4604,2021,142506169965.076,Imports of goods and services (current US$),NO,Norway,Europe & Central Asia,High income,Not classified,10.7387,59.9138
4605,2020,122400955836.8,Imports of goods and services (current US$),NO,Norway,Europe & Central Asia,High income,Not classified,10.7387,59.9138
4606,2019,140786477272.727,Imports of goods and services (current US$),NO,Norway,Europe & Central Asia,High income,Not classified,10.7387,59.9138
4607,2018,140351306486.32,Imports of goods and services (current US$),NO,Norway,Europe & Central Asia,High income,Not classified,10.7387,59.9138
4608,2017,130586741889.986,Imports of goods and services (current US$),NO,Norway,Europe & Central Asia,High income,Not classified,10.7387,59.9138
4609,2016,123627857142.857,Imports of goods and services (current US$),NO,Norway,Europe & Central Asia,High income,Not classified,10.7387,59.9138
4610,2025,,Imports of goods and services (current US$),OM,Oman,"Middle East, North Africa, Afghanistan & Pakistan",High income,Not classified,58.5874,23.6105
4611,2024,52261638491.5475,Imports of goods and services (current US$),OM,Oman,"Middle East, North Africa, Afghanistan & Pakistan",High income,Not classified,58.5874,23.6105
4612,2023,47632509752.9259,Imports of goods and services (current US$),OM,Oman,"Middle East, North Africa, Afghanistan & Pakistan",High income,Not classified,58.5874,23.6105
4613,2022,46681404421.3264,Imports of goods and services (current US$),OM,Oman,"Middle East, North Africa, Afghanistan & Pakistan",High income,Not classified,58.5874,23.6105
4614,2021,37217165149.5449,Imports of goods and services (current US$),OM,Oman,"Middle East, North Africa, Afghanistan & Pakistan",High income,Not classified,58.5874,23.6105
4615,2020,34023407022.1066,Imports of goods and services (current US$),OM,Oman,"Middle East, North Africa, Afghanistan & Pakistan",High income,Not classified,58.5874,23.6105
4616,2019,32569570871.2614,Imports of goods and services (current US$),OM,Oman,"Middle East, North Africa, Afghanistan & Pakistan",High income,Not classified,58.5874,23.6105
4617,2018,35373211963.5891,Imports of goods and services (current US$),OM,Oman,"Middle East, North Africa, Afghanistan & Pakistan",High income,Not classified,58.5874,23.6105
4618,2017,34959687906.3719,Imports of goods and services (current US$),OM,Oman,"Middle East, North Africa, Afghanistan & Pakistan",High income,Not classified,58.5874,23.6105
4619,2016,31211963589.0767,Imports of goods and services (current US$),OM,Oman,"Middle East, North Africa, Afghanistan & Pakistan",High income,Not classified,58.5874,23.6105
4620,2025,70090772303.0925,Imports of goods and services (current US$),PK,Pakistan,"Middle East, North Africa, Afghanistan & Pakistan",Lower middle income,Blend,72.8,30.5167
4621,2024,63865509443.4655,Imports of goods and services (current US$),PK,Pakistan,"Middle East, North Africa, Afghanistan & Pakistan",Lower middle income,Blend,72.8,30.5167
4622,2023,60515108025.9204,Imports of goods and services (current US$),PK,Pakistan,"Middle East, North Africa, Afghanistan & Pakistan",Lower middle income,Blend,72.8,30.5167
4623,2022,84315688680.3991,Imports of goods and services (current US$),PK,Pakistan,"Middle East, North Africa, Afghanistan & Pakistan",Lower middle income,Blend,72.8,30.5167
4624,2021,62659182539.6335,Imports of goods and services (current US$),PK,Pakistan,"Middle East, North Africa, Afghanistan & Pakistan",Lower middle income,Blend,72.8,30.5167
4625,2020,52327295403.4835,Imports of goods and services (current US$),PK,Pakistan,"Middle East, North Africa, Afghanistan & Pakistan",Lower middle income,Blend,72.8,30.5167
4626,2019,62624564039.0062,Imports of goods and services (current US$),PK,Pakistan,"Middle East, North Africa, Afghanistan & Pakistan",Lower middle income,Blend,72.8,30.5167
4627,2018,67821965004.981,Imports of goods and services (current US$),PK,Pakistan,"Middle East, North Africa, Afghanistan & Pakistan",Lower middle income,Blend,72.8,30.5167
4628,2017,58514391836.2421,Imports of goods and services (current US$),PK,Pakistan,"Middle East, North Africa, Afghanistan & Pakistan",Lower middle income,Blend,72.8,30.5167
4629,2016,50070595635.3331,Imports of goods and services (current US$),PK,Pakistan,"Middle East, North Africa, Afghanistan & Pakistan",Lower middle income,Blend,72.8,30.5167
4630,2025,,Imports of goods and services (current US$),PW,Palau,East Asia & Pacific,High income,IBRD,134.479,7.34194
4631,2024,235060546.875,Imports of goods and services (current US$),PW,Palau,East Asia & Pacific,High income,IBRD,134.479,7.34194
4632,2023,222628692.626953,Imports of goods and services (current US$),PW,Palau,East Asia & Pacific,High income,IBRD,134.479,7.34194
4633,2022,218303802.490234,Imports of goods and services (current US$),PW,Palau,East Asia & Pacific,High income,IBRD,134.479,7.34194
4634,2021,172225006.103516,Imports of goods and services (current US$),PW,Palau,East Asia & Pacific,High income,IBRD,134.479,7.34194
4635,2020,210059900.0,Imports of goods and services (current US$),PW,Palau,East Asia & Pacific,High income,IBRD,134.479,7.34194
4636,2019,217598200.0,Imports of goods and services (current US$),PW,Palau,East Asia & Pacific,High income,IBRD,134.479,7.34194
4637,2018,216162500.0,Imports of goods and services (current US$),PW,Palau,East Asia & Pacific,High income,IBRD,134.479,7.34194
4638,2017,223356900.0,Imports of goods and services (current US$),PW,Palau,East Asia & Pacific,High income,IBRD,134.479,7.34194
4639,2016,214013100.0,Imports of goods and services (current US$),PW,Palau,East Asia & Pacific,High income,IBRD,134.479,7.34194
4640,2025,,Imports of goods and services (current US$),PA,Panama,Latin America & Caribbean ,High income,IBRD,-79.5188,8.99427
4641,2024,34017704900.0,Imports of goods and services (current US$),PA,Panama,Latin America & Caribbean ,High income,IBRD,-79.5188,8.99427
4642,2023,35804273200.0,Imports of goods and services (current US$),PA,Panama,Latin America & Caribbean ,High income,IBRD,-79.5188,8.99427
4643,2022,34758827500.0,Imports of goods and services (current US$),PA,Panama,Latin America & Caribbean ,High income,IBRD,-79.5188,8.99427
4644,2021,25965646100.0,Imports of goods and services (current US$),PA,Panama,Latin America & Caribbean ,High income,IBRD,-79.5188,8.99427
4645,2020,18505270200.0,Imports of goods and services (current US$),PA,Panama,Latin America & Caribbean ,High income,IBRD,-79.5188,8.99427
4646,2019,28061255700.0,Imports of goods and services (current US$),PA,Panama,Latin America & Caribbean ,High income,IBRD,-79.5188,8.99427
4647,2018,29473747500.0,Imports of goods and services (current US$),PA,Panama,Latin America & Caribbean ,High income,IBRD,-79.5188,8.99427
4648,2017,27388495500.0,Imports of goods and services (current US$),PA,Panama,Latin America & Caribbean ,High income,IBRD,-79.5188,8.99427
4649,2016,25491123600.0,Imports of goods and services (current US$),PA,Panama,Latin America & Caribbean ,High income,IBRD,-79.5188,8.99427
4650,2025,,Imports of goods and services (current US$),PG,Papua New Guinea,East Asia & Pacific,Lower middle income,Blend,147.194,-9.47357
4651,2024,,Imports of goods and services (current US$),PG,Papua New Guinea,East Asia & Pacific,Lower middle income,Blend,147.194,-9.47357
4652,2023,,Imports of goods and services (current US$),PG,Papua New Guinea,East Asia & Pacific,Lower middle income,Blend,147.194,-9.47357
4653,2022,,Imports of goods and services (current US$),PG,Papua New Guinea,East Asia & Pacific,Lower middle income,Blend,147.194,-9.47357
4654,2021,,Imports of goods and services (current US$),PG,Papua New Guinea,East Asia & Pacific,Lower middle income,Blend,147.194,-9.47357
4655,2020,,Imports of goods and services (current US$),PG,Papua New Guinea,East Asia & Pacific,Lower middle income,Blend,147.194,-9.47357
4656,2019,,Imports of goods and services (current US$),PG,Papua New Guinea,East Asia & Pacific,Lower middle income,Blend,147.194,-9.47357
4657,2018,,Imports of goods and services (current US$),PG,Papua New Guinea,East Asia & Pacific,Lower middle income,Blend,147.194,-9.47357
4658,2017,,Imports of goods and services (current US$),PG,Papua New Guinea,East Asia & Pacific,Lower middle income,Blend,147.194,-9.47357
4659,2016,,Imports of goods and services (current US$),PG,Papua New Guinea,East Asia & Pacific,Lower middle income,Blend,147.194,-9.47357
4660,2025,19366371816.8932,Imports of goods and services (current US$),PY,Paraguay,Latin America & Caribbean ,Upper middle income,IBRD,-57.6362,-25.3005
4661,2024,17618547633.0593,Imports of goods and services (current US$),PY,Paraguay,Latin America & Caribbean ,Upper middle income,IBRD,-57.6362,-25.3005
4662,2023,17394262696.7533,Imports of goods and services (current US$),PY,Paraguay,Latin America & Caribbean ,Upper middle income,IBRD,-57.6362,-25.3005
4663,2022,16516240118.2233,Imports of goods and services (current US$),PY,Paraguay,Latin America & Caribbean ,Upper middle income,IBRD,-57.6362,-25.3005
4664,2021,13685252889.7778,Imports of goods and services (current US$),PY,Paraguay,Latin America & Caribbean ,Upper middle income,IBRD,-57.6362,-25.3005
4665,2020,10448804213.9373,Imports of goods and services (current US$),PY,Paraguay,Latin America & Caribbean ,Upper middle income,IBRD,-57.6362,-25.3005
4666,2019,13325018618.9191,Imports of goods and services (current US$),PY,Paraguay,Latin America & Caribbean ,Upper middle income,IBRD,-57.6362,-25.3005
4667,2018,14165793923.6315,Imports of goods and services (current US$),PY,Paraguay,Latin America & Caribbean ,Upper middle income,IBRD,-57.6362,-25.3005
4668,2017,12834286732.0996,Imports of goods and services (current US$),PY,Paraguay,Latin America & Caribbean ,Upper middle income,IBRD,-57.6362,-25.3005
4669,2016,11049252331.8243,Imports of goods and services (current US$),PY,Paraguay,Latin America & Caribbean ,Upper middle income,IBRD,-57.6362,-25.3005
4670,2025,73151196614.3585,Imports of goods and services (current US$),PE,Peru,Latin America & Caribbean ,Upper middle income,IBRD,-77.0465,-12.0931
4671,2024,66511219153.0233,Imports of goods and services (current US$),PE,Peru,Latin America & Caribbean ,Upper middle income,IBRD,-77.0465,-12.0931
4672,2023,63620745194.8889,Imports of goods and services (current US$),PE,Peru,Latin America & Caribbean ,Upper middle income,IBRD,-77.0465,-12.0931
4673,2022,70042848042.8955,Imports of goods and services (current US$),PE,Peru,Latin America & Caribbean ,Upper middle income,IBRD,-77.0465,-12.0931
4674,2021,59278649388.7213,Imports of goods and services (current US$),PE,Peru,Latin America & Caribbean ,Upper middle income,IBRD,-77.0465,-12.0931
4675,2020,42768390081.5493,Imports of goods and services (current US$),PE,Peru,Latin America & Caribbean ,Upper middle income,IBRD,-77.0465,-12.0931
4676,2019,52301323565.5929,Imports of goods and services (current US$),PE,Peru,Latin America & Caribbean ,Upper middle income,IBRD,-77.0465,-12.0931
4677,2018,52175148626.1042,Imports of goods and services (current US$),PE,Peru,Latin America & Caribbean ,Upper middle income,IBRD,-77.0465,-12.0931
4678,2017,48096481262.9275,Imports of goods and services (current US$),PE,Peru,Latin America & Caribbean ,Upper middle income,IBRD,-77.0465,-12.0931
4679,2016,43730752205.441,Imports of goods and services (current US$),PE,Peru,Latin America & Caribbean ,Upper middle income,IBRD,-77.0465,-12.0931
4680,2025,196019381535.854,Imports of goods and services (current US$),PH,Philippines,East Asia & Pacific,Upper middle income,IBRD,121.035,14.5515
4681,2024,185253897876.947,Imports of goods and services (current US$),PH,Philippines,East Asia & Pacific,Upper middle income,IBRD,121.035,14.5515
4682,2023,178244920795.467,Imports of goods and services (current US$),PH,Philippines,East Asia & Pacific,Upper middle income,IBRD,121.035,14.5515
4683,2022,178086451580.466,Imports of goods and services (current US$),PH,Philippines,East Asia & Pacific,Upper middle income,IBRD,121.035,14.5515
4684,2021,148699308216.869,Imports of goods and services (current US$),PH,Philippines,East Asia & Pacific,Upper middle income,IBRD,121.035,14.5515
4685,2020,119257490806.482,Imports of goods and services (current US$),PH,Philippines,East Asia & Pacific,Upper middle income,IBRD,121.035,14.5515
4686,2019,152458687320.163,Imports of goods and services (current US$),PH,Philippines,East Asia & Pacific,Upper middle income,IBRD,121.035,14.5515
4687,2018,145499457397.948,Imports of goods and services (current US$),PH,Philippines,East Asia & Pacific,Upper middle income,IBRD,121.035,14.5515
4688,2017,126846380455.649,Imports of goods and services (current US$),PH,Philippines,East Asia & Pacific,Upper middle income,IBRD,121.035,14.5515
4689,2016,111847835761.901,Imports of goods and services (current US$),PH,Philippines,East Asia & Pacific,Upper middle income,IBRD,121.035,14.5515
4690,2025,487505567677.639,Imports of goods and services (current US$),PL,Poland,Europe & Central Asia,High income,IBRD,21.02,52.26
4691,2024,442176791003.799,Imports of goods and services (current US$),PL,Poland,Europe & Central Asia,High income,IBRD,21.02,52.26
4692,2023,423641820629.422,Imports of goods and services (current US$),PL,Poland,Europe & Central Asia,High income,IBRD,21.02,52.26
4693,2022,422016820864.164,Imports of goods and services (current US$),PL,Poland,Europe & Central Asia,High income,IBRD,21.02,52.26
4694,2021,371023800786.561,Imports of goods and services (current US$),PL,Poland,Europe & Central Asia,High income,IBRD,21.02,52.26
4695,2020,283720588327.144,Imports of goods and services (current US$),PL,Poland,Europe & Central Asia,High income,IBRD,21.02,52.26
4696,2019,295123034348.038,Imports of goods and services (current US$),PL,Poland,Europe & Central Asia,High income,IBRD,21.02,52.26
4697,2018,298556337608.954,Imports of goods and services (current US$),PL,Poland,Europe & Central Asia,High income,IBRD,21.02,52.26
4698,2017,258225723957.111,Imports of goods and services (current US$),PL,Poland,Europe & Central Asia,High income,IBRD,21.02,52.26
4699,2016,222240229807.22,Imports of goods and services (current US$),PL,Poland,Europe & Central Asia,High income,IBRD,21.02,52.26
4700,2025,148156593238.275,Imports of goods and services (current US$),PT,Portugal,Europe & Central Asia,High income,Not classified,-9.13552,38.7072
4701,2024,137513069104.288,Imports of goods and services (current US$),PT,Portugal,Europe & Central Asia,High income,Not classified,-9.13552,38.7072
4702,2023,134411585081.369,Imports of goods and services (current US$),PT,Portugal,Europe & Central Asia,High income,Not classified,-9.13552,38.7072
4703,2022,133285364418.514,Imports of goods and services (current US$),PT,Portugal,Europe & Central Asia,High income,Not classified,-9.13552,38.7072
4704,2021,113497070631.301,Imports of goods and services (current US$),PT,Portugal,Europe & Central Asia,High income,Not classified,-9.13552,38.7072
4705,2020,90131397407.8057,Imports of goods and services (current US$),PT,Portugal,Europe & Central Asia,High income,Not classified,-9.13552,38.7072
4706,2019,103532874928.996,Imports of goods and services (current US$),PT,Portugal,Europe & Central Asia,High income,Not classified,-9.13552,38.7072
4707,2018,104240636747.823,Imports of goods and services (current US$),PT,Portugal,Europe & Central Asia,High income,Not classified,-9.13552,38.7072
4708,2017,92464542115.2213,Imports of goods and services (current US$),PT,Portugal,Europe & Central Asia,High income,Not classified,-9.13552,38.7072
4709,2016,80804179611.264,Imports of goods and services (current US$),PT,Portugal,Europe & Central Asia,High income,Not classified,-9.13552,38.7072
4710,2025,56372200000.0,Imports of goods and services (current US$),PR,Puerto Rico (US),Latin America & Caribbean ,High income,Not classified,-66,18.23
4711,2024,53872000000.0,Imports of goods and services (current US$),PR,Puerto Rico (US),Latin America & Caribbean ,High income,Not classified,-66,18.23
4712,2023,56884900000.0,Imports of goods and services (current US$),PR,Puerto Rico (US),Latin America & Caribbean ,High income,Not classified,-66,18.23
4713,2022,52152000000.0,Imports of goods and services (current US$),PR,Puerto Rico (US),Latin America & Caribbean ,High income,Not classified,-66,18.23
4714,2021,45053600000.0,Imports of goods and services (current US$),PR,Puerto Rico (US),Latin America & Caribbean ,High income,Not classified,-66,18.23
4715,2020,44513200000.0,Imports of goods and services (current US$),PR,Puerto Rico (US),Latin America & Caribbean ,High income,Not classified,-66,18.23
4716,2019,49401600000.0,Imports of goods and services (current US$),PR,Puerto Rico (US),Latin America & Caribbean ,High income,Not classified,-66,18.23
4717,2018,46488400000.0,Imports of goods and services (current US$),PR,Puerto Rico (US),Latin America & Caribbean ,High income,Not classified,-66,18.23
4718,2017,45938000000.0,Imports of goods and services (current US$),PR,Puerto Rico (US),Latin America & Caribbean ,High income,Not classified,-66,18.23
4719,2016,43316300000.0,Imports of goods and services (current US$),PR,Puerto Rico (US),Latin America & Caribbean ,High income,Not classified,-66,18.23
4720,2025,,Imports of goods and services (current US$),QA,Qatar,"Middle East, North Africa, Afghanistan & Pakistan",High income,Not classified,51.5082,25.2948
4721,2024,,Imports of goods and services (current US$),QA,Qatar,"Middle East, North Africa, Afghanistan & Pakistan",High income,Not classified,51.5082,25.2948
4722,2023,,Imports of goods and services (current US$),QA,Qatar,"Middle East, North Africa, Afghanistan & Pakistan",High income,Not classified,51.5082,25.2948
4723,2022,74520054945.0549,Imports of goods and services (current US$),QA,Qatar,"Middle East, North Africa, Afghanistan & Pakistan",High income,Not classified,51.5082,25.2948
4724,2021,61204395604.3956,Imports of goods and services (current US$),QA,Qatar,"Middle East, North Africa, Afghanistan & Pakistan",High income,Not classified,51.5082,25.2948
4725,2020,59064560439.5604,Imports of goods and services (current US$),QA,Qatar,"Middle East, North Africa, Afghanistan & Pakistan",High income,Not classified,51.5082,25.2948
4726,2019,66769780219.7802,Imports of goods and services (current US$),QA,Qatar,"Middle East, North Africa, Afghanistan & Pakistan",High income,Not classified,51.5082,25.2948
4727,2018,65810989010.989,Imports of goods and services (current US$),QA,Qatar,"Middle East, North Africa, Afghanistan & Pakistan",High income,Not classified,51.5082,25.2948
4728,2017,62192582417.5824,Imports of goods and services (current US$),QA,Qatar,"Middle East, North Africa, Afghanistan & Pakistan",High income,Not classified,51.5082,25.2948
4729,2016,63475274725.2747,Imports of goods and services (current US$),QA,Qatar,"Middle East, North Africa, Afghanistan & Pakistan",High income,Not classified,51.5082,25.2948
4730,2025,174602572419.192,Imports of goods and services (current US$),RO,Romania,Europe & Central Asia,High income,IBRD,26.0979,44.4479
4731,2024,159192458246.347,Imports of goods and services (current US$),RO,Romania,Europe & Central Asia,High income,IBRD,26.0979,44.4479
4732,2023,153468159062.589,Imports of goods and services (current US$),RO,Romania,Europe & Central Asia,High income,IBRD,26.0979,44.4479
4733,2022,148948128399.275,Imports of goods and services (current US$),RO,Romania,Europe & Central Asia,High income,IBRD,26.0979,44.4479
4734,2021,132207504086.146,Imports of goods and services (current US$),RO,Romania,Europe & Central Asia,High income,IBRD,26.0979,44.4479
4735,2020,103734778510.839,Imports of goods and services (current US$),RO,Romania,Europe & Central Asia,High income,IBRD,26.0979,44.4479
4736,2019,111463746998.826,Imports of goods and services (current US$),RO,Romania,Europe & Central Asia,High income,IBRD,26.0979,44.4479
4737,2018,109548390926.871,Imports of goods and services (current US$),RO,Romania,Europe & Central Asia,High income,IBRD,26.0979,44.4479
4738,2017,94191820736.4752,Imports of goods and services (current US$),RO,Romania,Europe & Central Asia,High income,IBRD,26.0979,44.4479
4739,2016,80557368317.7132,Imports of goods and services (current US$),RO,Romania,Europe & Central Asia,High income,IBRD,26.0979,44.4479
4740,2025,397181687664.146,Imports of goods and services (current US$),RU,Russian Federation,Europe & Central Asia,High income,IBRD,37.6176,55.7558
4741,2024,383987377510.246,Imports of goods and services (current US$),RU,Russian Federation,Europe & Central Asia,High income,IBRD,37.6176,55.7558
4742,2023,379986343205.999,Imports of goods and services (current US$),RU,Russian Federation,Europe & Central Asia,High income,IBRD,37.6176,55.7558
4743,2022,345173687961.946,Imports of goods and services (current US$),RU,Russian Federation,Europe & Central Asia,High income,IBRD,37.6176,55.7558
4744,2021,376515695621.301,Imports of goods and services (current US$),RU,Russian Federation,Europe & Central Asia,High income,IBRD,37.6176,55.7558
4745,2020,305255226176.837,Imports of goods and services (current US$),RU,Russian Federation,Europe & Central Asia,High income,IBRD,37.6176,55.7558
4746,2019,352088733268.664,Imports of goods and services (current US$),RU,Russian Federation,Europe & Central Asia,High income,IBRD,37.6176,55.7558
4747,2018,344519598182.381,Imports of goods and services (current US$),RU,Russian Federation,Europe & Central Asia,High income,IBRD,37.6176,55.7558
4748,2017,327207464722.169,Imports of goods and services (current US$),RU,Russian Federation,Europe & Central Asia,High income,IBRD,37.6176,55.7558
4749,2016,263830495058.506,Imports of goods and services (current US$),RU,Russian Federation,Europe & Central Asia,High income,IBRD,37.6176,55.7558
4750,2025,5749666891.7462,Imports of goods and services (current US$),RW,Rwanda,Sub-Saharan Africa ,Low income,IDA,30.0587,-1.95325
4751,2024,6537889090.72078,Imports of goods and services (current US$),RW,Rwanda,Sub-Saharan Africa ,Low income,IDA,30.0587,-1.95325
4752,2023,6395220829.4616,Imports of goods and services (current US$),RW,Rwanda,Sub-Saharan Africa ,Low income,IDA,30.0587,-1.95325
4753,2022,5383473950.07883,Imports of goods and services (current US$),RW,Rwanda,Sub-Saharan Africa ,Low income,IDA,30.0587,-1.95325
4754,2021,4559111031.28934,Imports of goods and services (current US$),RW,Rwanda,Sub-Saharan Africa ,Low income,IDA,30.0587,-1.95325
4755,2020,2693399205.97834,Imports of goods and services (current US$),RW,Rwanda,Sub-Saharan Africa ,Low income,IDA,30.0587,-1.95325
4756,2019,2825715262.59068,Imports of goods and services (current US$),RW,Rwanda,Sub-Saharan Africa ,Low income,IDA,30.0587,-1.95325
4757,2018,2542570979.8602,Imports of goods and services (current US$),RW,Rwanda,Sub-Saharan Africa ,Low income,IDA,30.0587,-1.95325
4758,2017,3067749006.03609,Imports of goods and services (current US$),RW,Rwanda,Sub-Saharan Africa ,Low income,IDA,30.0587,-1.95325
4759,2016,2963474740.66871,Imports of goods and services (current US$),RW,Rwanda,Sub-Saharan Africa ,Low income,IDA,30.0587,-1.95325
4760,2025,553949848.283117,Imports of goods and services (current US$),WS,Samoa,East Asia & Pacific,Upper middle income,IDA,-171.752,-13.8314
4761,2024,574545150.417939,Imports of goods and services (current US$),WS,Samoa,East Asia & Pacific,Upper middle income,IDA,-171.752,-13.8314
4762,2023,570854254.425383,Imports of goods and services (current US$),WS,Samoa,East Asia & Pacific,Upper middle income,IDA,-171.752,-13.8314
4763,2022,439102039.061738,Imports of goods and services (current US$),WS,Samoa,East Asia & Pacific,Upper middle income,IDA,-171.752,-13.8314
4764,2021,415237398.737686,Imports of goods and services (current US$),WS,Samoa,East Asia & Pacific,Upper middle income,IDA,-171.752,-13.8314
4765,2020,419570512.328663,Imports of goods and services (current US$),WS,Samoa,East Asia & Pacific,Upper middle income,IDA,-171.752,-13.8314
4766,2019,440934528.604655,Imports of goods and services (current US$),WS,Samoa,East Asia & Pacific,Upper middle income,IDA,-171.752,-13.8314
4767,2018,412600994.170345,Imports of goods and services (current US$),WS,Samoa,East Asia & Pacific,Upper middle income,IDA,-171.752,-13.8314
4768,2017,392417913.179009,Imports of goods and services (current US$),WS,Samoa,East Asia & Pacific,Upper middle income,IDA,-171.752,-13.8314
4769,2016,391866328.195691,Imports of goods and services (current US$),WS,Samoa,East Asia & Pacific,Upper middle income,IDA,-171.752,-13.8314
4770,2025,,Imports of goods and services (current US$),SM,San Marino,Europe & Central Asia,High income,Not classified,12.4486,43.9322
4771,2024,,Imports of goods and services (current US$),SM,San Marino,Europe & Central Asia,High income,Not classified,12.4486,43.9322
4772,2023,3142036446.62986,Imports of goods and services (current US$),SM,San Marino,Europe & Central Asia,High income,Not classified,12.4486,43.9322
4773,2022,3169277295.34437,Imports of goods and services (current US$),SM,San Marino,Europe & Central Asia,High income,Not classified,12.4486,43.9322
4774,2021,2934417621.45848,Imports of goods and services (current US$),SM,San Marino,Europe & Central Asia,High income,Not classified,12.4486,43.9322
4775,2020,2169156166.68654,Imports of goods and services (current US$),SM,San Marino,Europe & Central Asia,High income,Not classified,12.4486,43.9322
4776,2019,2315535293.4047,Imports of goods and services (current US$),SM,San Marino,Europe & Central Asia,High income,Not classified,12.4486,43.9322
4777,2018,2365343353.4178,Imports of goods and services (current US$),SM,San Marino,Europe & Central Asia,High income,Not classified,12.4486,43.9322
4778,2017,2217595893.45283,Imports of goods and services (current US$),SM,San Marino,Europe & Central Asia,High income,Not classified,12.4486,43.9322
4779,2016,2159607489.59288,Imports of goods and services (current US$),SM,San Marino,Europe & Central Asia,High income,Not classified,12.4486,43.9322
4780,2025,326819594.28308,Imports of goods and services (current US$),ST,Sao Tome and Principe,Sub-Saharan Africa ,Lower middle income,IDA,6.6071,0.20618
4781,2024,236910674.671321,Imports of goods and services (current US$),ST,Sao Tome and Principe,Sub-Saharan Africa ,Lower middle income,IDA,6.6071,0.20618
4782,2023,225991874.582345,Imports of goods and services (current US$),ST,Sao Tome and Principe,Sub-Saharan Africa ,Lower middle income,IDA,6.6071,0.20618
4783,2022,245093474.233793,Imports of goods and services (current US$),ST,Sao Tome and Principe,Sub-Saharan Africa ,Lower middle income,IDA,6.6071,0.20618
4784,2021,224643923.27936,Imports of goods and services (current US$),ST,Sao Tome and Principe,Sub-Saharan Africa ,Lower middle income,IDA,6.6071,0.20618
4785,2020,179321475.308427,Imports of goods and services (current US$),ST,Sao Tome and Principe,Sub-Saharan Africa ,Lower middle income,IDA,6.6071,0.20618
4786,2019,210019962.897022,Imports of goods and services (current US$),ST,Sao Tome and Principe,Sub-Saharan Africa ,Lower middle income,IDA,6.6071,0.20618
4787,2018,223194950.989862,Imports of goods and services (current US$),ST,Sao Tome and Principe,Sub-Saharan Africa ,Lower middle income,IDA,6.6071,0.20618
4788,2017,211851304.253584,Imports of goods and services (current US$),ST,Sao Tome and Principe,Sub-Saharan Africa ,Lower middle income,IDA,6.6071,0.20618
4789,2016,200118112.69062,Imports of goods and services (current US$),ST,Sao Tome and Principe,Sub-Saharan Africa ,Lower middle income,IDA,6.6071,0.20618
4790,2025,359757600000.0,Imports of goods and services (current US$),SA,Saudi Arabia,"Middle East, North Africa, Afghanistan & Pakistan",High income,Not classified,46.6977,24.6748
4791,2024,338830400000.0,Imports of goods and services (current US$),SA,Saudi Arabia,"Middle East, North Africa, Afghanistan & Pakistan",High income,Not classified,46.6977,24.6748
4792,2023,305152000000.0,Imports of goods and services (current US$),SA,Saudi Arabia,"Middle East, North Africa, Afghanistan & Pakistan",High income,Not classified,46.6977,24.6748
4793,2022,258212800000.0,Imports of goods and services (current US$),SA,Saudi Arabia,"Middle East, North Africa, Afghanistan & Pakistan",High income,Not classified,46.6977,24.6748
4794,2021,213515200000.0,Imports of goods and services (current US$),SA,Saudi Arabia,"Middle East, North Africa, Afghanistan & Pakistan",High income,Not classified,46.6977,24.6748
4795,2020,182183733333.333,Imports of goods and services (current US$),SA,Saudi Arabia,"Middle East, North Africa, Afghanistan & Pakistan",High income,Not classified,46.6977,24.6748
4796,2019,218974666666.667,Imports of goods and services (current US$),SA,Saudi Arabia,"Middle East, North Africa, Afghanistan & Pakistan",High income,Not classified,46.6977,24.6748
4797,2018,209069066666.667,Imports of goods and services (current US$),SA,Saudi Arabia,"Middle East, North Africa, Afghanistan & Pakistan",High income,Not classified,46.6977,24.6748
4798,2017,201397866666.667,Imports of goods and services (current US$),SA,Saudi Arabia,"Middle East, North Africa, Afghanistan & Pakistan",High income,Not classified,46.6977,24.6748
4799,2016,198364800000.0,Imports of goods and services (current US$),SA,Saudi Arabia,"Middle East, North Africa, Afghanistan & Pakistan",High income,Not classified,46.6977,24.6748
4800,2025,14277431782.6964,Imports of goods and services (current US$),SN,Senegal,Sub-Saharan Africa ,Lower middle income,IDA,-17.4734,14.7247
4801,2024,13754025059.2901,Imports of goods and services (current US$),SN,Senegal,Sub-Saharan Africa ,Lower middle income,IDA,-17.4734,14.7247
4802,2023,14883981467.266,Imports of goods and services (current US$),SN,Senegal,Sub-Saharan Africa ,Lower middle income,IDA,-17.4734,14.7247
4803,2022,14641332038.724,Imports of goods and services (current US$),SN,Senegal,Sub-Saharan Africa ,Lower middle income,IDA,-17.4734,14.7247
4804,2021,12311805834.7268,Imports of goods and services (current US$),SN,Senegal,Sub-Saharan Africa ,Lower middle income,IDA,-17.4734,14.7247
4805,2020,9651853852.83994,Imports of goods and services (current US$),SN,Senegal,Sub-Saharan Africa ,Lower middle income,IDA,-17.4734,14.7247
4806,2019,9186797791.08368,Imports of goods and services (current US$),SN,Senegal,Sub-Saharan Africa ,Lower middle income,IDA,-17.4734,14.7247
4807,2018,8978699797.55997,Imports of goods and services (current US$),SN,Senegal,Sub-Saharan Africa ,Lower middle income,IDA,-17.4734,14.7247
4808,2017,7516719954.64706,Imports of goods and services (current US$),SN,Senegal,Sub-Saharan Africa ,Lower middle income,IDA,-17.4734,14.7247
4809,2016,6197109691.57793,Imports of goods and services (current US$),SN,Senegal,Sub-Saharan Africa ,Lower middle income,IDA,-17.4734,14.7247
4810,2025,58583048490.316,Imports of goods and services (current US$),RS,Serbia,Europe & Central Asia,Upper middle income,IBRD,20.4656,44.8024
4811,2024,52378512805.4885,Imports of goods and services (current US$),RS,Serbia,Europe & Central Asia,Upper middle income,IBRD,20.4656,44.8024
4812,2023,48332534029.69,Imports of goods and services (current US$),RS,Serbia,Europe & Central Asia,Upper middle income,IBRD,20.4656,44.8024
4813,2022,47552026633.7619,Imports of goods and services (current US$),RS,Serbia,Europe & Central Asia,Upper middle income,IBRD,20.4656,44.8024
4814,2021,39697186027.9769,Imports of goods and services (current US$),RS,Serbia,Europe & Central Asia,Upper middle income,IBRD,20.4656,44.8024
4815,2020,30294542171.066,Imports of goods and services (current US$),RS,Serbia,Europe & Central Asia,Upper middle income,IBRD,20.4656,44.8024
4816,2019,31573497914.357,Imports of goods and services (current US$),RS,Serbia,Europe & Central Asia,Upper middle income,IBRD,20.4656,44.8024
4817,2018,30032669304.2156,Imports of goods and services (current US$),RS,Serbia,Europe & Central Asia,Upper middle income,IBRD,20.4656,44.8024
4818,2017,25104841040.8983,Imports of goods and services (current US$),RS,Serbia,Europe & Central Asia,Upper middle income,IBRD,20.4656,44.8024
4819,2016,21635087306.2339,Imports of goods and services (current US$),RS,Serbia,Europe & Central Asia,Upper middle income,IBRD,20.4656,44.8024
4820,2025,2212019783.97138,Imports of goods and services (current US$),SC,Seychelles,Sub-Saharan Africa ,High income,IBRD,55.4466,-4.6309
4821,2024,2123754830.88321,Imports of goods and services (current US$),SC,Seychelles,Sub-Saharan Africa ,High income,IBRD,55.4466,-4.6309
4822,2023,2135412838.43451,Imports of goods and services (current US$),SC,Seychelles,Sub-Saharan Africa ,High income,IBRD,55.4466,-4.6309
4823,2022,2012397151.36384,Imports of goods and services (current US$),SC,Seychelles,Sub-Saharan Africa ,High income,IBRD,55.4466,-4.6309
4824,2021,1539328140.15264,Imports of goods and services (current US$),SC,Seychelles,Sub-Saharan Africa ,High income,IBRD,55.4466,-4.6309
4825,2020,1201944067.38357,Imports of goods and services (current US$),SC,Seychelles,Sub-Saharan Africa ,High income,IBRD,55.4466,-4.6309
4826,2019,1701471825.8422,Imports of goods and services (current US$),SC,Seychelles,Sub-Saharan Africa ,High income,IBRD,55.4466,-4.6309
4827,2018,1760460019.13434,Imports of goods and services (current US$),SC,Seychelles,Sub-Saharan Africa ,High income,IBRD,55.4466,-4.6309
4828,2017,1734555858.72111,Imports of goods and services (current US$),SC,Seychelles,Sub-Saharan Africa ,High income,IBRD,55.4466,-4.6309
4829,2016,1498180127.10602,Imports of goods and services (current US$),SC,Seychelles,Sub-Saharan Africa ,High income,IBRD,55.4466,-4.6309
4830,2025,2105266492.69829,Imports of goods and services (current US$),SL,Sierra Leone,Sub-Saharan Africa ,Low income,IDA,-13.2134,8.4821
4831,2024,1622864248.13392,Imports of goods and services (current US$),SL,Sierra Leone,Sub-Saharan Africa ,Low income,IDA,-13.2134,8.4821
4832,2023,2202122026.06211,Imports of goods and services (current US$),SL,Sierra Leone,Sub-Saharan Africa ,Low income,IDA,-13.2134,8.4821
4833,2022,2013408071.81272,Imports of goods and services (current US$),SL,Sierra Leone,Sub-Saharan Africa ,Low income,IDA,-13.2134,8.4821
4834,2021,1906108257.87819,Imports of goods and services (current US$),SL,Sierra Leone,Sub-Saharan Africa ,Low income,IDA,-13.2134,8.4821
4835,2020,1385993375.12883,Imports of goods and services (current US$),SL,Sierra Leone,Sub-Saharan Africa ,Low income,IDA,-13.2134,8.4821
4836,2019,1817978349.2547,Imports of goods and services (current US$),SL,Sierra Leone,Sub-Saharan Africa ,Low income,IDA,-13.2134,8.4821
4837,2018,1670393268.3715,Imports of goods and services (current US$),SL,Sierra Leone,Sub-Saharan Africa ,Low income,IDA,-13.2134,8.4821
4838,2017,1591024698.98836,Imports of goods and services (current US$),SL,Sierra Leone,Sub-Saharan Africa ,Low income,IDA,-13.2134,8.4821
4839,2016,1761706025.81265,Imports of goods and services (current US$),SL,Sierra Leone,Sub-Saharan Africa ,Low income,IDA,-13.2134,8.4821
4840,2025,860239550269.609,Imports of goods and services (current US$),SG,Singapore,East Asia & Pacific,High income,Not classified,103.85,1.28941
4841,2024,794257214123.585,Imports of goods and services (current US$),SG,Singapore,East Asia & Pacific,High income,Not classified,103.85,1.28941
4842,2023,732376279726.863,Imports of goods and services (current US$),SG,Singapore,East Asia & Pacific,High income,Not classified,103.85,1.28941
4843,2022,746881154042.274,Imports of goods and services (current US$),SG,Singapore,East Asia & Pacific,High income,Not classified,103.85,1.28941
4844,2021,641260365780.587,Imports of goods and services (current US$),SG,Singapore,East Asia & Pacific,High income,Not classified,103.85,1.28941
4845,2020,526490604765.239,Imports of goods and services (current US$),SG,Singapore,East Asia & Pacific,High income,Not classified,103.85,1.28941
4846,2019,555635930735.296,Imports of goods and services (current US$),SG,Singapore,East Asia & Pacific,High income,Not classified,103.85,1.28941
4847,2018,559453294010.714,Imports of goods and services (current US$),SG,Singapore,East Asia & Pacific,High income,Not classified,103.85,1.28941
4848,2017,497980411680.576,Imports of goods and services (current US$),SG,Singapore,East Asia & Pacific,High income,Not classified,103.85,1.28941
4849,2016,441180387768.485,Imports of goods and services (current US$),SG,Singapore,East Asia & Pacific,High income,Not classified,103.85,1.28941
4850,2025,,Imports of goods and services (current US$),SX,Sint Maarten (Dutch part),Latin America & Caribbean ,High income,Not classified,,
4851,2024,,Imports of goods and services (current US$),SX,Sint Maarten (Dutch part),Latin America & Caribbean ,High income,Not classified,,
4852,2023,,Imports of goods and services (current US$),SX,Sint Maarten (Dutch part),Latin America & Caribbean ,High income,Not classified,,
4853,2022,,Imports of goods and services (current US$),SX,Sint Maarten (Dutch part),Latin America & Caribbean ,High income,Not classified,,
4854,2021,,Imports of goods and services (current US$),SX,Sint Maarten (Dutch part),Latin America & Caribbean ,High income,Not classified,,
4855,2020,,Imports of goods and services (current US$),SX,Sint Maarten (Dutch part),Latin America & Caribbean ,High income,Not classified,,
4856,2019,,Imports of goods and services (current US$),SX,Sint Maarten (Dutch part),Latin America & Caribbean ,High income,Not classified,,
4857,2018,,Imports of goods and services (current US$),SX,Sint Maarten (Dutch part),Latin America & Caribbean ,High income,Not classified,,
4858,2017,,Imports of goods and services (current US$),SX,Sint Maarten (Dutch part),Latin America & Caribbean ,High income,Not classified,,
4859,2016,,Imports of goods and services (current US$),SX,Sint Maarten (Dutch part),Latin America & Caribbean ,High income,Not classified,,
4860,2025,131733585558.917,Imports of goods and services (current US$),SK,Slovak Republic,Europe & Central Asia,High income,Not classified,17.1073,48.1484
4861,2024,120821798957.546,Imports of goods and services (current US$),SK,Slovak Republic,Europe & Central Asia,High income,Not classified,17.1073,48.1484
4862,2023,120083503114.469,Imports of goods and services (current US$),SK,Slovak Republic,Europe & Central Asia,High income,Not classified,17.1073,48.1484
4863,2022,121569681272.411,Imports of goods and services (current US$),SK,Slovak Republic,Europe & Central Asia,High income,Not classified,17.1073,48.1484
4864,2021,109927511883.134,Imports of goods and services (current US$),SK,Slovak Republic,Europe & Central Asia,High income,Not classified,17.1073,48.1484
4865,2020,89672126063.3777,Imports of goods and services (current US$),SK,Slovak Republic,Europe & Central Asia,High income,Not classified,17.1073,48.1484
4866,2019,97247442000.9646,Imports of goods and services (current US$),SK,Slovak Republic,Europe & Central Asia,High income,Not classified,17.1073,48.1484
4867,2018,100008287099.316,Imports of goods and services (current US$),SK,Slovak Republic,Europe & Central Asia,High income,Not classified,17.1073,48.1484
4868,2017,88964308586.3343,Imports of goods and services (current US$),SK,Slovak Republic,Europe & Central Asia,High income,Not classified,17.1073,48.1484
4869,2016,81715126559.1352,Imports of goods and services (current US$),SK,Slovak Republic,Europe & Central Asia,High income,Not classified,17.1073,48.1484
4870,2025,58362937489.5356,Imports of goods and services (current US$),SI,Slovenia,Europe & Central Asia,High income,Not classified,14.5044,46.0546
4871,2024,54539677618.1141,Imports of goods and services (current US$),SI,Slovenia,Europe & Central Asia,High income,Not classified,14.5044,46.0546
4872,2023,53133605229.0598,Imports of goods and services (current US$),SI,Slovenia,Europe & Central Asia,High income,Not classified,14.5044,46.0546
4873,2022,55305344696.1539,Imports of goods and services (current US$),SI,Slovenia,Europe & Central Asia,High income,Not classified,14.5044,46.0546
4874,2021,48056473878.4837,Imports of goods and services (current US$),SI,Slovenia,Europe & Central Asia,High income,Not classified,14.5044,46.0546
4875,2020,36983471635.8382,Imports of goods and services (current US$),SI,Slovenia,Europe & Central Asia,High income,Not classified,14.5044,46.0546
4876,2019,40802920386.196,Imports of goods and services (current US$),SI,Slovenia,Europe & Central Asia,High income,Not classified,14.5044,46.0546
4877,2018,41364665347.1027,Imports of goods and services (current US$),SI,Slovenia,Europe & Central Asia,High income,Not classified,14.5044,46.0546
4878,2017,36028299306.8483,Imports of goods and services (current US$),SI,Slovenia,Europe & Central Asia,High income,Not classified,14.5044,46.0546
4879,2016,30915723137.7071,Imports of goods and services (current US$),SI,Slovenia,Europe & Central Asia,High income,Not classified,14.5044,46.0546
4880,2025,,Imports of goods and services (current US$),SB,Solomon Islands,East Asia & Pacific,Lower middle income,IDA,159.949,-9.42676
4881,2024,1121200955.2876,Imports of goods and services (current US$),SB,Solomon Islands,East Asia & Pacific,Lower middle income,IDA,159.949,-9.42676
4882,2023,977101703.91436,Imports of goods and services (current US$),SB,Solomon Islands,East Asia & Pacific,Lower middle income,IDA,159.949,-9.42676
4883,2022,684987595.531817,Imports of goods and services (current US$),SB,Solomon Islands,East Asia & Pacific,Lower middle income,IDA,159.949,-9.42676
4884,2021,636797049.801229,Imports of goods and services (current US$),SB,Solomon Islands,East Asia & Pacific,Lower middle income,IDA,159.949,-9.42676
4885,2020,495896249.220635,Imports of goods and services (current US$),SB,Solomon Islands,East Asia & Pacific,Lower middle income,IDA,159.949,-9.42676
4886,2019,752930329.230226,Imports of goods and services (current US$),SB,Solomon Islands,East Asia & Pacific,Lower middle income,IDA,159.949,-9.42676
4887,2018,749072147.706918,Imports of goods and services (current US$),SB,Solomon Islands,East Asia & Pacific,Lower middle income,IDA,159.949,-9.42676
4888,2017,639628571.682141,Imports of goods and services (current US$),SB,Solomon Islands,East Asia & Pacific,Lower middle income,IDA,159.949,-9.42676
4889,2016,632096538.654956,Imports of goods and services (current US$),SB,Solomon Islands,East Asia & Pacific,Lower middle income,IDA,159.949,-9.42676
4890,2025,12841200000.5979,Imports of goods and services (current US$),SO,"Somalia, Fed. Rep.",Sub-Saharan Africa ,Low income,IDA,45.3254,2.07515
4891,2024,11861000000.0,Imports of goods and services (current US$),SO,"Somalia, Fed. Rep.",Sub-Saharan Africa ,Low income,IDA,45.3254,2.07515
4892,2023,8896000000.0,Imports of goods and services (current US$),SO,"Somalia, Fed. Rep.",Sub-Saharan Africa ,Low income,IDA,45.3254,2.07515
4893,2022,7456000000.0,Imports of goods and services (current US$),SO,"Somalia, Fed. Rep.",Sub-Saharan Africa ,Low income,IDA,45.3254,2.07515
4894,2021,5969000000.0,Imports of goods and services (current US$),SO,"Somalia, Fed. Rep.",Sub-Saharan Africa ,Low income,IDA,45.3254,2.07515
4895,2020,5353000000.0,Imports of goods and services (current US$),SO,"Somalia, Fed. Rep.",Sub-Saharan Africa ,Low income,IDA,45.3254,2.07515
4896,2019,4954000000.0,Imports of goods and services (current US$),SO,"Somalia, Fed. Rep.",Sub-Saharan Africa ,Low income,IDA,45.3254,2.07515
4897,2018,4693000000.0,Imports of goods and services (current US$),SO,"Somalia, Fed. Rep.",Sub-Saharan Africa ,Low income,IDA,45.3254,2.07515
4898,2017,4239776470.0002,Imports of goods and services (current US$),SO,"Somalia, Fed. Rep.",Sub-Saharan Africa ,Low income,IDA,45.3254,2.07515
4899,2016,3850891890.00063,Imports of goods and services (current US$),SO,"Somalia, Fed. Rep.",Sub-Saharan Africa ,Low income,IDA,45.3254,2.07515
4900,2025,126023231104.646,Imports of goods and services (current US$),ZA,South Africa,Sub-Saharan Africa ,Upper middle income,IBRD,28.1871,-25.746
4901,2024,119761291334.041,Imports of goods and services (current US$),ZA,South Africa,Sub-Saharan Africa ,Upper middle income,IBRD,28.1871,-25.746
4902,2023,123686210464.208,Imports of goods and services (current US$),ZA,South Africa,Sub-Saharan Africa ,Upper middle income,IBRD,28.1871,-25.746
4903,2022,128016518313.047,Imports of goods and services (current US$),ZA,South Africa,Sub-Saharan Africa ,Upper middle income,IBRD,28.1871,-25.746
4904,2021,104883607897.811,Imports of goods and services (current US$),ZA,South Africa,Sub-Saharan Africa ,Upper middle income,IBRD,28.1871,-25.746
4905,2020,78355182004.1248,Imports of goods and services (current US$),ZA,South Africa,Sub-Saharan Africa ,Upper middle income,IBRD,28.1871,-25.746
4906,2019,103935027605.427,Imports of goods and services (current US$),ZA,South Africa,Sub-Saharan Africa ,Upper middle income,IBRD,28.1871,-25.746
4907,2018,109373822794.536,Imports of goods and services (current US$),ZA,South Africa,Sub-Saharan Africa ,Upper middle income,IBRD,28.1871,-25.746
4908,2017,99923782384.0035,Imports of goods and services (current US$),ZA,South Africa,Sub-Saharan Africa ,Upper middle income,IBRD,28.1871,-25.746
4909,2016,89649913398.7817,Imports of goods and services (current US$),ZA,South Africa,Sub-Saharan Africa ,Upper middle income,IBRD,28.1871,-25.746
4910,2025,,Imports of goods and services (current US$),SS,South Sudan,Sub-Saharan Africa ,Low income,IDA,31.6,4.85
4911,2024,,Imports of goods and services (current US$),SS,South Sudan,Sub-Saharan Africa ,Low income,IDA,31.6,4.85
4912,2023,,Imports of goods and services (current US$),SS,South Sudan,Sub-Saharan Africa ,Low income,IDA,31.6,4.85
4913,2022,,Imports of goods and services (current US$),SS,South Sudan,Sub-Saharan Africa ,Low income,IDA,31.6,4.85
4914,2021,,Imports of goods and services (current US$),SS,South Sudan,Sub-Saharan Africa ,Low income,IDA,31.6,4.85
4915,2020,,Imports of goods and services (current US$),SS,South Sudan,Sub-Saharan Africa ,Low income,IDA,31.6,4.85
4916,2019,,Imports of goods and services (current US$),SS,South Sudan,Sub-Saharan Africa ,Low income,IDA,31.6,4.85
4917,2018,,Imports of goods and services (current US$),SS,South Sudan,Sub-Saharan Africa ,Low income,IDA,31.6,4.85
4918,2017,,Imports of goods and services (current US$),SS,South Sudan,Sub-Saharan Africa ,Low income,IDA,31.6,4.85
4919,2016,,Imports of goods and services (current US$),SS,South Sudan,Sub-Saharan Africa ,Low income,IDA,31.6,4.85
4920,2025,625571094598.823,Imports of goods and services (current US$),ES,Spain,Europe & Central Asia,High income,Not classified,-3.70327,40.4167
4921,2024,567649024933.594,Imports of goods and services (current US$),ES,Spain,Europe & Central Asia,High income,Not classified,-3.70327,40.4167
4922,2023,550315993015.696,Imports of goods and services (current US$),ES,Spain,Europe & Central Asia,High income,Not classified,-3.70327,40.4167
4923,2022,562067869749.029,Imports of goods and services (current US$),ES,Spain,Europe & Central Asia,High income,Not classified,-3.70327,40.4167
4924,2021,478813490689.915,Imports of goods and services (current US$),ES,Spain,Europe & Central Asia,High income,Not classified,-3.70327,40.4167
4925,2020,373587218922.958,Imports of goods and services (current US$),ES,Spain,Europe & Central Asia,High income,Not classified,-3.70327,40.4167
4926,2019,444777298015.686,Imports of goods and services (current US$),ES,Spain,Europe & Central Asia,High income,Not classified,-3.70327,40.4167
4927,2018,460052638839.215,Imports of goods and services (current US$),ES,Spain,Europe & Central Asia,High income,Not classified,-3.70327,40.4167
4928,2017,413273524150.589,Imports of goods and services (current US$),ES,Spain,Europe & Central Asia,High income,Not classified,-3.70327,40.4167
4929,2016,368077385209.729,Imports of goods and services (current US$),ES,Spain,Europe & Central Asia,High income,Not classified,-3.70327,40.4167
4930,2025,24857449190.3417,Imports of goods and services (current US$),LK,Sri Lanka,South Asia,Upper middle income,IDA,79.8528,6.92148
4931,2024,22277780953.8684,Imports of goods and services (current US$),LK,Sri Lanka,South Asia,Upper middle income,IDA,79.8528,6.92148
4932,2023,19126705821.4167,Imports of goods and services (current US$),LK,Sri Lanka,South Asia,Upper middle income,IDA,79.8528,6.92148
4933,2022,18626984767.9622,Imports of goods and services (current US$),LK,Sri Lanka,South Asia,Upper middle income,IDA,79.8528,6.92148
4934,2021,21525852974.0925,Imports of goods and services (current US$),LK,Sri Lanka,South Asia,Upper middle income,IDA,79.8528,6.92148
4935,2020,18243032009.0896,Imports of goods and services (current US$),LK,Sri Lanka,South Asia,Upper middle income,IDA,79.8528,6.92148
4936,2019,24565416614.3158,Imports of goods and services (current US$),LK,Sri Lanka,South Asia,Upper middle income,IDA,79.8528,6.92148
4937,2018,26788997949.0932,Imports of goods and services (current US$),LK,Sri Lanka,South Asia,Upper middle income,IDA,79.8528,6.92148
4938,2017,25400652317.36,Imports of goods and services (current US$),LK,Sri Lanka,South Asia,Upper middle income,IDA,79.8528,6.92148
4939,2016,23449857058.2692,Imports of goods and services (current US$),LK,Sri Lanka,South Asia,Upper middle income,IDA,79.8528,6.92148
4940,2025,,Imports of goods and services (current US$),KN,St. Kitts and Nevis,Latin America & Caribbean ,High income,IBRD,-62.7309,17.3
4941,2024,,Imports of goods and services (current US$),KN,St. Kitts and Nevis,Latin America & Caribbean ,High income,IBRD,-62.7309,17.3
4942,2023,,Imports of goods and services (current US$),KN,St. Kitts and Nevis,Latin America & Caribbean ,High income,IBRD,-62.7309,17.3
4943,2022,,Imports of goods and services (current US$),KN,St. Kitts and Nevis,Latin America & Caribbean ,High income,IBRD,-62.7309,17.3
4944,2021,,Imports of goods and services (current US$),KN,St. Kitts and Nevis,Latin America & Caribbean ,High income,IBRD,-62.7309,17.3
4945,2020,,Imports of goods and services (current US$),KN,St. Kitts and Nevis,Latin America & Caribbean ,High income,IBRD,-62.7309,17.3
4946,2019,,Imports of goods and services (current US$),KN,St. Kitts and Nevis,Latin America & Caribbean ,High income,IBRD,-62.7309,17.3
4947,2018,,Imports of goods and services (current US$),KN,St. Kitts and Nevis,Latin America & Caribbean ,High income,IBRD,-62.7309,17.3
4948,2017,,Imports of goods and services (current US$),KN,St. Kitts and Nevis,Latin America & Caribbean ,High income,IBRD,-62.7309,17.3
4949,2016,,Imports of goods and services (current US$),KN,St. Kitts and Nevis,Latin America & Caribbean ,High income,IBRD,-62.7309,17.3
4950,2025,,Imports of goods and services (current US$),LC,St. Lucia,Latin America & Caribbean ,Upper middle income,Blend,-60.9832,14
4951,2024,,Imports of goods and services (current US$),LC,St. Lucia,Latin America & Caribbean ,Upper middle income,Blend,-60.9832,14
4952,2023,,Imports of goods and services (current US$),LC,St. Lucia,Latin America & Caribbean ,Upper middle income,Blend,-60.9832,14
4953,2022,,Imports of goods and services (current US$),LC,St. Lucia,Latin America & Caribbean ,Upper middle income,Blend,-60.9832,14
4954,2021,,Imports of goods and services (current US$),LC,St. Lucia,Latin America & Caribbean ,Upper middle income,Blend,-60.9832,14
4955,2020,,Imports of goods and services (current US$),LC,St. Lucia,Latin America & Caribbean ,Upper middle income,Blend,-60.9832,14
4956,2019,,Imports of goods and services (current US$),LC,St. Lucia,Latin America & Caribbean ,Upper middle income,Blend,-60.9832,14
4957,2018,,Imports of goods and services (current US$),LC,St. Lucia,Latin America & Caribbean ,Upper middle income,Blend,-60.9832,14
4958,2017,,Imports of goods and services (current US$),LC,St. Lucia,Latin America & Caribbean ,Upper middle income,Blend,-60.9832,14
4959,2016,,Imports of goods and services (current US$),LC,St. Lucia,Latin America & Caribbean ,Upper middle income,Blend,-60.9832,14
4960,2025,,Imports of goods and services (current US$),MF,St. Martin (French part),Latin America & Caribbean ,High income,Not classified,,
4961,2024,,Imports of goods and services (current US$),MF,St. Martin (French part),Latin America & Caribbean ,High income,Not classified,,
4962,2023,,Imports of goods and services (current US$),MF,St. Martin (French part),Latin America & Caribbean ,High income,Not classified,,
4963,2022,,Imports of goods and services (current US$),MF,St. Martin (French part),Latin America & Caribbean ,High income,Not classified,,
4964,2021,,Imports of goods and services (current US$),MF,St. Martin (French part),Latin America & Caribbean ,High income,Not classified,,
4965,2020,,Imports of goods and services (current US$),MF,St. Martin (French part),Latin America & Caribbean ,High income,Not classified,,
4966,2019,,Imports of goods and services (current US$),MF,St. Martin (French part),Latin America & Caribbean ,High income,Not classified,,
4967,2018,,Imports of goods and services (current US$),MF,St. Martin (French part),Latin America & Caribbean ,High income,Not classified,,
4968,2017,,Imports of goods and services (current US$),MF,St. Martin (French part),Latin America & Caribbean ,High income,Not classified,,
4969,2016,,Imports of goods and services (current US$),MF,St. Martin (French part),Latin America & Caribbean ,High income,Not classified,,
4970,2025,,Imports of goods and services (current US$),VC,St. Vincent and the Grenadines,Latin America & Caribbean ,Upper middle income,Blend,-61.2653,13.2035
4971,2024,,Imports of goods and services (current US$),VC,St. Vincent and the Grenadines,Latin America & Caribbean ,Upper middle income,Blend,-61.2653,13.2035
4972,2023,,Imports of goods and services (current US$),VC,St. Vincent and the Grenadines,Latin America & Caribbean ,Upper middle income,Blend,-61.2653,13.2035
4973,2022,,Imports of goods and services (current US$),VC,St. Vincent and the Grenadines,Latin America & Caribbean ,Upper middle income,Blend,-61.2653,13.2035
4974,2021,,Imports of goods and services (current US$),VC,St. Vincent and the Grenadines,Latin America & Caribbean ,Upper middle income,Blend,-61.2653,13.2035
4975,2020,,Imports of goods and services (current US$),VC,St. Vincent and the Grenadines,Latin America & Caribbean ,Upper middle income,Blend,-61.2653,13.2035
4976,2019,,Imports of goods and services (current US$),VC,St. Vincent and the Grenadines,Latin America & Caribbean ,Upper middle income,Blend,-61.2653,13.2035
4977,2018,,Imports of goods and services (current US$),VC,St. Vincent and the Grenadines,Latin America & Caribbean ,Upper middle income,Blend,-61.2653,13.2035
4978,2017,,Imports of goods and services (current US$),VC,St. Vincent and the Grenadines,Latin America & Caribbean ,Upper middle income,Blend,-61.2653,13.2035
4979,2016,,Imports of goods and services (current US$),VC,St. Vincent and the Grenadines,Latin America & Caribbean ,Upper middle income,Blend,-61.2653,13.2035
4980,2025,769412868.639492,Imports of goods and services (current US$),SD,Sudan,Sub-Saharan Africa ,Low income,IDA,32.5363,15.5932
4981,2024,633066205.911067,Imports of goods and services (current US$),SD,Sudan,Sub-Saharan Africa ,Low income,IDA,32.5363,15.5932
4982,2023,544859101.094636,Imports of goods and services (current US$),SD,Sudan,Sub-Saharan Africa ,Low income,IDA,32.5363,15.5932
4983,2022,582633199.485523,Imports of goods and services (current US$),SD,Sudan,Sub-Saharan Africa ,Low income,IDA,32.5363,15.5932
4984,2021,642720121.708003,Imports of goods and services (current US$),SD,Sudan,Sub-Saharan Africa ,Low income,IDA,32.5363,15.5932
4985,2020,1305725563.16489,Imports of goods and services (current US$),SD,Sudan,Sub-Saharan Africa ,Low income,IDA,32.5363,15.5932
4986,2019,5713051071.07438,Imports of goods and services (current US$),SD,Sudan,Sub-Saharan Africa ,Low income,IDA,32.5363,15.5932
4987,2018,4597125307.12531,Imports of goods and services (current US$),SD,Sudan,Sub-Saharan Africa ,Low income,IDA,32.5363,15.5932
4988,2017,4838128571.42857,Imports of goods and services (current US$),SD,Sudan,Sub-Saharan Africa ,Low income,IDA,32.5363,15.5932
4989,2016,4381200000.0,Imports of goods and services (current US$),SD,Sudan,Sub-Saharan Africa ,Low income,IDA,32.5363,15.5932
4990,2025,,Imports of goods and services (current US$),SR,Suriname,Latin America & Caribbean ,Upper middle income,Blend,-55.1679,5.8232
4991,2024,,Imports of goods and services (current US$),SR,Suriname,Latin America & Caribbean ,Upper middle income,Blend,-55.1679,5.8232
4992,2023,,Imports of goods and services (current US$),SR,Suriname,Latin America & Caribbean ,Upper middle income,Blend,-55.1679,5.8232
4993,2022,,Imports of goods and services (current US$),SR,Suriname,Latin America & Caribbean ,Upper middle income,Blend,-55.1679,5.8232
4994,2021,,Imports of goods and services (current US$),SR,Suriname,Latin America & Caribbean ,Upper middle income,Blend,-55.1679,5.8232
4995,2020,,Imports of goods and services (current US$),SR,Suriname,Latin America & Caribbean ,Upper middle income,Blend,-55.1679,5.8232
4996,2019,,Imports of goods and services (current US$),SR,Suriname,Latin America & Caribbean ,Upper middle income,Blend,-55.1679,5.8232
4997,2018,,Imports of goods and services (current US$),SR,Suriname,Latin America & Caribbean ,Upper middle income,Blend,-55.1679,5.8232
4998,2017,,Imports of goods and services (current US$),SR,Suriname,Latin America & Caribbean ,Upper middle income,Blend,-55.1679,5.8232
4999,2016,,Imports of goods and services (current US$),SR,Suriname,Latin America & Caribbean ,Upper middle income,Blend,-55.1679,5.8232
5000,2025,341902516919.053,Imports of goods and services (current US$),SE,Sweden,Europe & Central Asia,High income,Not classified,18.0645,59.3327
5001,2024,311306792242.296,Imports of goods and services (current US$),SE,Sweden,Europe & Central Asia,High income,Not classified,18.0645,59.3327
5002,2023,303529221657.175,Imports of goods and services (current US$),SE,Sweden,Europe & Central Asia,High income,Not classified,18.0645,59.3327
5003,2022,303635821942.883,Imports of goods and services (current US$),SE,Sweden,Europe & Central Asia,High income,Not classified,18.0645,59.3327
5004,2021,275582535325.044,Imports of goods and services (current US$),SE,Sweden,Europe & Central Asia,High income,Not classified,18.0645,59.3327
5005,2020,218725234276.466,Imports of goods and services (current US$),SE,Sweden,Europe & Central Asia,High income,Not classified,18.0645,59.3327
5006,2019,236048697363.414,Imports of goods and services (current US$),SE,Sweden,Europe & Central Asia,High income,Not classified,18.0645,59.3327
5007,2018,244417315963.862,Imports of goods and services (current US$),SE,Sweden,Europe & Central Asia,High income,Not classified,18.0645,59.3327
5008,2017,225583506106.515,Imports of goods and services (current US$),SE,Sweden,Europe & Central Asia,High income,Not classified,18.0645,59.3327
5009,2016,207862500839.466,Imports of goods and services (current US$),SE,Sweden,Europe & Central Asia,High income,Not classified,18.0645,59.3327
5010,2025,721176290537.446,Imports of goods and services (current US$),CH,Switzerland,Europe & Central Asia,High income,Not classified,7.44821,46.948
5011,2024,573729148939.594,Imports of goods and services (current US$),CH,Switzerland,Europe & Central Asia,High income,Not classified,7.44821,46.948
5012,2023,551661909425.814,Imports of goods and services (current US$),CH,Switzerland,Europe & Central Asia,High income,Not classified,7.44821,46.948
5013,2022,525998490834.78,Imports of goods and services (current US$),CH,Switzerland,Europe & Central Asia,High income,Not classified,7.44821,46.948
5014,2021,488132942919.803,Imports of goods and services (current US$),CH,Switzerland,Europe & Central Asia,High income,Not classified,7.44821,46.948
5015,2020,437650198737.806,Imports of goods and services (current US$),CH,Switzerland,Europe & Central Asia,High income,Not classified,7.44821,46.948
5016,2019,418811907121.833,Imports of goods and services (current US$),CH,Switzerland,Europe & Central Asia,High income,Not classified,7.44821,46.948
5017,2018,420425133536.721,Imports of goods and services (current US$),CH,Switzerland,Europe & Central Asia,High income,Not classified,7.44821,46.948
5018,2017,404959093794.166,Imports of goods and services (current US$),CH,Switzerland,Europe & Central Asia,High income,Not classified,7.44821,46.948
5019,2016,396141657878.166,Imports of goods and services (current US$),CH,Switzerland,Europe & Central Asia,High income,Not classified,7.44821,46.948
5020,2025,,Imports of goods and services (current US$),SY,Syrian Arab Republic,"Middle East, North Africa, Afghanistan & Pakistan",Low income,IDA,36.3119,33.5146
5021,2024,,Imports of goods and services (current US$),SY,Syrian Arab Republic,"Middle East, North Africa, Afghanistan & Pakistan",Low income,IDA,36.3119,33.5146
5022,2023,,Imports of goods and services (current US$),SY,Syrian Arab Republic,"Middle East, North Africa, Afghanistan & Pakistan",Low income,IDA,36.3119,33.5146
5023,2022,6803218572.23967,Imports of goods and services (current US$),SY,Syrian Arab Republic,"Middle East, North Africa, Afghanistan & Pakistan",Low income,IDA,36.3119,33.5146
5024,2021,6560493569.8734,Imports of goods and services (current US$),SY,Syrian Arab Republic,"Middle East, North Africa, Afghanistan & Pakistan",Low income,IDA,36.3119,33.5146
5025,2020,3750745659.88589,Imports of goods and services (current US$),SY,Syrian Arab Republic,"Middle East, North Africa, Afghanistan & Pakistan",Low income,IDA,36.3119,33.5146
5026,2019,6546690316.91197,Imports of goods and services (current US$),SY,Syrian Arab Republic,"Middle East, North Africa, Afghanistan & Pakistan",Low income,IDA,36.3119,33.5146
5027,2018,7683752902.37253,Imports of goods and services (current US$),SY,Syrian Arab Republic,"Middle East, North Africa, Afghanistan & Pakistan",Low income,IDA,36.3119,33.5146
5028,2017,6828054267.67633,Imports of goods and services (current US$),SY,Syrian Arab Republic,"Middle East, North Africa, Afghanistan & Pakistan",Low income,IDA,36.3119,33.5146
5029,2016,5723436972.82645,Imports of goods and services (current US$),SY,Syrian Arab Republic,"Middle East, North Africa, Afghanistan & Pakistan",Low income,IDA,36.3119,33.5146
5030,2025,,Imports of goods and services (current US$),TJ,Tajikistan,Europe & Central Asia,Lower middle income,IDA,68.7864,38.5878
5031,2024,6906352632.14233,Imports of goods and services (current US$),TJ,Tajikistan,Europe & Central Asia,Lower middle income,IDA,68.7864,38.5878
5032,2023,5931426226.59821,Imports of goods and services (current US$),TJ,Tajikistan,Europe & Central Asia,Lower middle income,IDA,68.7864,38.5878
5033,2022,5258453958.4764,Imports of goods and services (current US$),TJ,Tajikistan,Europe & Central Asia,Lower middle income,IDA,68.7864,38.5878
5034,2021,4258328654.10718,Imports of goods and services (current US$),TJ,Tajikistan,Europe & Central Asia,Lower middle income,IDA,68.7864,38.5878
5035,2020,3125458368.20242,Imports of goods and services (current US$),TJ,Tajikistan,Europe & Central Asia,Lower middle income,IDA,68.7864,38.5878
5036,2019,3408735466.32569,Imports of goods and services (current US$),TJ,Tajikistan,Europe & Central Asia,Lower middle income,IDA,68.7864,38.5878
5037,2018,3220194647.33488,Imports of goods and services (current US$),TJ,Tajikistan,Europe & Central Asia,Lower middle income,IDA,68.7864,38.5878
5038,2017,2928462636.65032,Imports of goods and services (current US$),TJ,Tajikistan,Europe & Central Asia,Lower middle income,IDA,68.7864,38.5878
5039,2016,2973477077.59702,Imports of goods and services (current US$),TJ,Tajikistan,Europe & Central Asia,Lower middle income,IDA,68.7864,38.5878
5040,2025,18016880758.522,Imports of goods and services (current US$),TZ,Tanzania,Sub-Saharan Africa ,Lower middle income,IDA,35.7382,-6.17486
5041,2024,17095546882.9273,Imports of goods and services (current US$),TZ,Tanzania,Sub-Saharan Africa ,Lower middle income,IDA,35.7382,-6.17486
5042,2023,16609619515.5989,Imports of goods and services (current US$),TZ,Tanzania,Sub-Saharan Africa ,Lower middle income,IDA,35.7382,-6.17486
5043,2022,14839056923.5428,Imports of goods and services (current US$),TZ,Tanzania,Sub-Saharan Africa ,Lower middle income,IDA,35.7382,-6.17486
5044,2021,11160170702.5619,Imports of goods and services (current US$),TZ,Tanzania,Sub-Saharan Africa ,Lower middle income,IDA,35.7382,-6.17486
5045,2020,9552972185.14485,Imports of goods and services (current US$),TZ,Tanzania,Sub-Saharan Africa ,Lower middle income,IDA,35.7382,-6.17486
5046,2019,10363463865.7749,Imports of goods and services (current US$),TZ,Tanzania,Sub-Saharan Africa ,Lower middle income,IDA,35.7382,-6.17486
5047,2018,10205640647.7767,Imports of goods and services (current US$),TZ,Tanzania,Sub-Saharan Africa ,Lower middle income,IDA,35.7382,-6.17486
5048,2017,9295988100.5033,Imports of goods and services (current US$),TZ,Tanzania,Sub-Saharan Africa ,Lower middle income,IDA,35.7382,-6.17486
5049,2016,9492226418.45576,Imports of goods and services (current US$),TZ,Tanzania,Sub-Saharan Africa ,Lower middle income,IDA,35.7382,-6.17486
5050,2025,388129158917.05,Imports of goods and services (current US$),TH,Thailand,East Asia & Pacific,Upper middle income,IBRD,100.521,13.7308
5051,2024,349671347769.102,Imports of goods and services (current US$),TH,Thailand,East Asia & Pacific,Upper middle income,IBRD,100.521,13.7308
5052,2023,327159708258.581,Imports of goods and services (current US$),TH,Thailand,East Asia & Pacific,Upper middle income,IBRD,100.521,13.7308
5053,2022,334490999348.285,Imports of goods and services (current US$),TH,Thailand,East Asia & Pacific,Upper middle income,IBRD,100.521,13.7308
5054,2021,297103648539.909,Imports of goods and services (current US$),TH,Thailand,East Asia & Pacific,Upper middle income,IBRD,100.521,13.7308
5055,2020,231745471360.936,Imports of goods and services (current US$),TH,Thailand,East Asia & Pacific,Upper middle income,IBRD,100.521,13.7308
5056,2019,272916501194.971,Imports of goods and services (current US$),TH,Thailand,East Asia & Pacific,Upper middle income,IBRD,100.521,13.7308
5057,2018,283801450351.972,Imports of goods and services (current US$),TH,Thailand,East Asia & Pacific,Upper middle income,IBRD,100.521,13.7308
5058,2017,247430252336.997,Imports of goods and services (current US$),TH,Thailand,East Asia & Pacific,Upper middle income,IBRD,100.521,13.7308
5059,2016,221168950937.551,Imports of goods and services (current US$),TH,Thailand,East Asia & Pacific,Upper middle income,IBRD,100.521,13.7308
5060,2025,,Imports of goods and services (current US$),TL,Timor-Leste,East Asia & Pacific,Lower middle income,Blend,125.567,-8.56667
5061,2024,1583732800.0,Imports of goods and services (current US$),TL,Timor-Leste,East Asia & Pacific,Lower middle income,Blend,125.567,-8.56667
5062,2023,1380581800.0,Imports of goods and services (current US$),TL,Timor-Leste,East Asia & Pacific,Lower middle income,Blend,125.567,-8.56667
5063,2022,1347906300.0,Imports of goods and services (current US$),TL,Timor-Leste,East Asia & Pacific,Lower middle income,Blend,125.567,-8.56667
5064,2021,1317595300.0,Imports of goods and services (current US$),TL,Timor-Leste,East Asia & Pacific,Lower middle income,Blend,125.567,-8.56667
5065,2020,1039875900.0,Imports of goods and services (current US$),TL,Timor-Leste,East Asia & Pacific,Lower middle income,Blend,125.567,-8.56667
5066,2019,1004078400.0,Imports of goods and services (current US$),TL,Timor-Leste,East Asia & Pacific,Lower middle income,Blend,125.567,-8.56667
5067,2018,962964800.0,Imports of goods and services (current US$),TL,Timor-Leste,East Asia & Pacific,Lower middle income,Blend,125.567,-8.56667
5068,2017,891109600.0,Imports of goods and services (current US$),TL,Timor-Leste,East Asia & Pacific,Lower middle income,Blend,125.567,-8.56667
5069,2016,937594400.0,Imports of goods and services (current US$),TL,Timor-Leste,East Asia & Pacific,Lower middle income,Blend,125.567,-8.56667
5070,2025,,Imports of goods and services (current US$),TG,Togo,Sub-Saharan Africa ,Lower middle income,IDA,1.2255,6.1228
5071,2024,,Imports of goods and services (current US$),TG,Togo,Sub-Saharan Africa ,Lower middle income,IDA,1.2255,6.1228
5072,2023,3436907297.14101,Imports of goods and services (current US$),TG,Togo,Sub-Saharan Africa ,Lower middle income,IDA,1.2255,6.1228
5073,2022,3161651829.76449,Imports of goods and services (current US$),TG,Togo,Sub-Saharan Africa ,Lower middle income,IDA,1.2255,6.1228
5074,2021,2839529120.72898,Imports of goods and services (current US$),TG,Togo,Sub-Saharan Africa ,Lower middle income,IDA,1.2255,6.1228
5075,2020,2395207645.81481,Imports of goods and services (current US$),TG,Togo,Sub-Saharan Africa ,Lower middle income,IDA,1.2255,6.1228
5076,2019,2268030418.46902,Imports of goods and services (current US$),TG,Togo,Sub-Saharan Africa ,Lower middle income,IDA,1.2255,6.1228
5077,2018,2336770684.74528,Imports of goods and services (current US$),TG,Togo,Sub-Saharan Africa ,Lower middle income,IDA,1.2255,6.1228
5078,2017,2101895827.44022,Imports of goods and services (current US$),TG,Togo,Sub-Saharan Africa ,Lower middle income,IDA,1.2255,6.1228
5079,2016,2411075703.35796,Imports of goods and services (current US$),TG,Togo,Sub-Saharan Africa ,Lower middle income,IDA,1.2255,6.1228
5080,2025,,Imports of goods and services (current US$),TO,Tonga,East Asia & Pacific,Upper middle income,IDA,-175.216,-21.136
5081,2024,392898121.205892,Imports of goods and services (current US$),TO,Tonga,East Asia & Pacific,Upper middle income,IDA,-175.216,-21.136
5082,2023,383530895.291456,Imports of goods and services (current US$),TO,Tonga,East Asia & Pacific,Upper middle income,IDA,-175.216,-21.136
5083,2022,330368557.117395,Imports of goods and services (current US$),TO,Tonga,East Asia & Pacific,Upper middle income,IDA,-175.216,-21.136
5084,2021,298418027.011543,Imports of goods and services (current US$),TO,Tonga,East Asia & Pacific,Upper middle income,IDA,-175.216,-21.136
5085,2020,314805681.196911,Imports of goods and services (current US$),TO,Tonga,East Asia & Pacific,Upper middle income,IDA,-175.216,-21.136
5086,2019,333029713.220284,Imports of goods and services (current US$),TO,Tonga,East Asia & Pacific,Upper middle income,IDA,-175.216,-21.136
5087,2018,320264711.566863,Imports of goods and services (current US$),TO,Tonga,East Asia & Pacific,Upper middle income,IDA,-175.216,-21.136
5088,2017,302974590.176171,Imports of goods and services (current US$),TO,Tonga,East Asia & Pacific,Upper middle income,IDA,-175.216,-21.136
5089,2016,266264827.704386,Imports of goods and services (current US$),TO,Tonga,East Asia & Pacific,Upper middle income,IDA,-175.216,-21.136
5090,2025,,Imports of goods and services (current US$),TT,Trinidad and Tobago,Latin America & Caribbean ,High income,IBRD,-61.4789,10.6596
5091,2024,,Imports of goods and services (current US$),TT,Trinidad and Tobago,Latin America & Caribbean ,High income,IBRD,-61.4789,10.6596
5092,2023,,Imports of goods and services (current US$),TT,Trinidad and Tobago,Latin America & Caribbean ,High income,IBRD,-61.4789,10.6596
5093,2022,,Imports of goods and services (current US$),TT,Trinidad and Tobago,Latin America & Caribbean ,High income,IBRD,-61.4789,10.6596
5094,2021,,Imports of goods and services (current US$),TT,Trinidad and Tobago,Latin America & Caribbean ,High income,IBRD,-61.4789,10.6596
5095,2020,,Imports of goods and services (current US$),TT,Trinidad and Tobago,Latin America & Caribbean ,High income,IBRD,-61.4789,10.6596
5096,2019,,Imports of goods and services (current US$),TT,Trinidad and Tobago,Latin America & Caribbean ,High income,IBRD,-61.4789,10.6596
5097,2018,,Imports of goods and services (current US$),TT,Trinidad and Tobago,Latin America & Caribbean ,High income,IBRD,-61.4789,10.6596
5098,2017,,Imports of goods and services (current US$),TT,Trinidad and Tobago,Latin America & Caribbean ,High income,IBRD,-61.4789,10.6596
5099,2016,,Imports of goods and services (current US$),TT,Trinidad and Tobago,Latin America & Caribbean ,High income,IBRD,-61.4789,10.6596
5100,2025,31508376159.6476,Imports of goods and services (current US$),TN,Tunisia,"Middle East, North Africa, Afghanistan & Pakistan",Lower middle income,IBRD,10.21,36.7899
5101,2024,28943410191.6362,Imports of goods and services (current US$),TN,Tunisia,"Middle East, North Africa, Afghanistan & Pakistan",Lower middle income,IBRD,10.21,36.7899
5102,2023,28484270163.1947,Imports of goods and services (current US$),TN,Tunisia,"Middle East, North Africa, Afghanistan & Pakistan",Lower middle income,IBRD,10.21,36.7899
5103,2022,29101043948.9625,Imports of goods and services (current US$),TN,Tunisia,"Middle East, North Africa, Afghanistan & Pakistan",Lower middle income,IBRD,10.21,36.7899
5104,2021,24408983895.6767,Imports of goods and services (current US$),TN,Tunisia,"Middle East, North Africa, Afghanistan & Pakistan",Lower middle income,IBRD,10.21,36.7899
5105,2020,19691340860.5874,Imports of goods and services (current US$),TN,Tunisia,"Middle East, North Africa, Afghanistan & Pakistan",Lower middle income,IBRD,10.21,36.7899
5106,2019,23627358334.6425,Imports of goods and services (current US$),TN,Tunisia,"Middle East, North Africa, Afghanistan & Pakistan",Lower middle income,IBRD,10.21,36.7899
5107,2018,24922974973.8087,Imports of goods and services (current US$),TN,Tunisia,"Middle East, North Africa, Afghanistan & Pakistan",Lower middle income,IBRD,10.21,36.7899
5108,2017,22805583971.3982,Imports of goods and services (current US$),TN,Tunisia,"Middle East, North Africa, Afghanistan & Pakistan",Lower middle income,IBRD,10.21,36.7899
5109,2016,21646548260.6645,Imports of goods and services (current US$),TN,Tunisia,"Middle East, North Africa, Afghanistan & Pakistan",Lower middle income,IBRD,10.21,36.7899
5110,2025,400679511057.207,Imports of goods and services (current US$),TR,Turkiye,Europe & Central Asia,Upper middle income,IBRD,32.3606,39.7153
5111,2024,367379077168.558,Imports of goods and services (current US$),TR,Turkiye,Europe & Central Asia,Upper middle income,IBRD,32.3606,39.7153
5112,2023,385393330658.642,Imports of goods and services (current US$),TR,Turkiye,Europe & Central Asia,Upper middle income,IBRD,32.3606,39.7153
5113,2022,386711092836.606,Imports of goods and services (current US$),TR,Turkiye,Europe & Central Asia,Upper middle income,IBRD,32.3606,39.7153
5114,2021,290243026942.939,Imports of goods and services (current US$),TR,Turkiye,Europe & Central Asia,Upper middle income,IBRD,32.3606,39.7153
5115,2020,232192230750.627,Imports of goods and services (current US$),TR,Turkiye,Europe & Central Asia,Upper middle income,IBRD,32.3606,39.7153
5116,2019,229253569685.603,Imports of goods and services (current US$),TR,Turkiye,Europe & Central Asia,Upper middle income,IBRD,32.3606,39.7153
5117,2018,245157569262.505,Imports of goods and services (current US$),TR,Turkiye,Europe & Central Asia,Upper middle income,IBRD,32.3606,39.7153
5118,2017,255673681716.1,Imports of goods and services (current US$),TR,Turkiye,Europe & Central Asia,Upper middle income,IBRD,32.3606,39.7153
5119,2016,219776888913.906,Imports of goods and services (current US$),TR,Turkiye,Europe & Central Asia,Upper middle income,IBRD,32.3606,39.7153
5120,2025,6824243539.04166,Imports of goods and services (current US$),TM,Turkmenistan,Europe & Central Asia,Upper middle income,IBRD,58.3794,37.9509
5121,2024,4939106645.80265,Imports of goods and services (current US$),TM,Turkmenistan,Europe & Central Asia,Upper middle income,IBRD,58.3794,37.9509
5122,2023,4879119715.5062,Imports of goods and services (current US$),TM,Turkmenistan,Europe & Central Asia,Upper middle income,IBRD,58.3794,37.9509
5123,2022,4748668999.44052,Imports of goods and services (current US$),TM,Turkmenistan,Europe & Central Asia,Upper middle income,IBRD,58.3794,37.9509
5124,2021,3326409138.02354,Imports of goods and services (current US$),TM,Turkmenistan,Europe & Central Asia,Upper middle income,IBRD,58.3794,37.9509
5125,2020,3565601879.39032,Imports of goods and services (current US$),TM,Turkmenistan,Europe & Central Asia,Upper middle income,IBRD,58.3794,37.9509
5126,2019,3851149716.98113,Imports of goods and services (current US$),TM,Turkmenistan,Europe & Central Asia,Upper middle income,IBRD,58.3794,37.9509
5127,2018,3399668923.35766,Imports of goods and services (current US$),TM,Turkmenistan,Europe & Central Asia,Upper middle income,IBRD,58.3794,37.9509
5128,2017,8959792035.17588,Imports of goods and services (current US$),TM,Turkmenistan,Europe & Central Asia,Upper middle income,IBRD,58.3794,37.9509
5129,2016,12136535631.5789,Imports of goods and services (current US$),TM,Turkmenistan,Europe & Central Asia,Upper middle income,IBRD,58.3794,37.9509
5130,2025,,Imports of goods and services (current US$),TC,Turks and Caicos Islands,Latin America & Caribbean ,High income,Not classified,-71.141389,21.4602778
5131,2024,,Imports of goods and services (current US$),TC,Turks and Caicos Islands,Latin America & Caribbean ,High income,Not classified,-71.141389,21.4602778
5132,2023,,Imports of goods and services (current US$),TC,Turks and Caicos Islands,Latin America & Caribbean ,High income,Not classified,-71.141389,21.4602778
5133,2022,,Imports of goods and services (current US$),TC,Turks and Caicos Islands,Latin America & Caribbean ,High income,Not classified,-71.141389,21.4602778
5134,2021,,Imports of goods and services (current US$),TC,Turks and Caicos Islands,Latin America & Caribbean ,High income,Not classified,-71.141389,21.4602778
5135,2020,,Imports of goods and services (current US$),TC,Turks and Caicos Islands,Latin America & Caribbean ,High income,Not classified,-71.141389,21.4602778
5136,2019,,Imports of goods and services (current US$),TC,Turks and Caicos Islands,Latin America & Caribbean ,High income,Not classified,-71.141389,21.4602778
5137,2018,,Imports of goods and services (current US$),TC,Turks and Caicos Islands,Latin America & Caribbean ,High income,Not classified,-71.141389,21.4602778
5138,2017,,Imports of goods and services (current US$),TC,Turks and Caicos Islands,Latin America & Caribbean ,High income,Not classified,-71.141389,21.4602778
5139,2016,,Imports of goods and services (current US$),TC,Turks and Caicos Islands,Latin America & Caribbean ,High income,Not classified,-71.141389,21.4602778
5140,2025,,Imports of goods and services (current US$),TV,Tuvalu,East Asia & Pacific,Upper middle income,IDA,179.089567,-8.6314877
5141,2024,,Imports of goods and services (current US$),TV,Tuvalu,East Asia & Pacific,Upper middle income,IDA,179.089567,-8.6314877
5142,2023,,Imports of goods and services (current US$),TV,Tuvalu,East Asia & Pacific,Upper middle income,IDA,179.089567,-8.6314877
5143,2022,,Imports of goods and services (current US$),TV,Tuvalu,East Asia & Pacific,Upper middle income,IDA,179.089567,-8.6314877
5144,2021,,Imports of goods and services (current US$),TV,Tuvalu,East Asia & Pacific,Upper middle income,IDA,179.089567,-8.6314877
5145,2020,,Imports of goods and services (current US$),TV,Tuvalu,East Asia & Pacific,Upper middle income,IDA,179.089567,-8.6314877
5146,2019,,Imports of goods and services (current US$),TV,Tuvalu,East Asia & Pacific,Upper middle income,IDA,179.089567,-8.6314877
5147,2018,,Imports of goods and services (current US$),TV,Tuvalu,East Asia & Pacific,Upper middle income,IDA,179.089567,-8.6314877
5148,2017,,Imports of goods and services (current US$),TV,Tuvalu,East Asia & Pacific,Upper middle income,IDA,179.089567,-8.6314877
5149,2016,,Imports of goods and services (current US$),TV,Tuvalu,East Asia & Pacific,Upper middle income,IDA,179.089567,-8.6314877
5150,2025,17826764688.3341,Imports of goods and services (current US$),UG,Uganda,Sub-Saharan Africa ,Low income,IDA,32.5729,0.314269
5151,2024,13960593894.1838,Imports of goods and services (current US$),UG,Uganda,Sub-Saharan Africa ,Low income,IDA,32.5729,0.314269
5152,2023,10602364862.0753,Imports of goods and services (current US$),UG,Uganda,Sub-Saharan Africa ,Low income,IDA,32.5729,0.314269
5153,2022,10244593520.7124,Imports of goods and services (current US$),UG,Uganda,Sub-Saharan Africa ,Low income,IDA,32.5729,0.314269
5154,2021,10510437145.8077,Imports of goods and services (current US$),UG,Uganda,Sub-Saharan Africa ,Low income,IDA,32.5729,0.314269
5155,2020,8116375576.57251,Imports of goods and services (current US$),UG,Uganda,Sub-Saharan Africa ,Low income,IDA,32.5729,0.314269
5156,2019,7866761701.98036,Imports of goods and services (current US$),UG,Uganda,Sub-Saharan Africa ,Low income,IDA,32.5729,0.314269
5157,2018,7096219371.83998,Imports of goods and services (current US$),UG,Uganda,Sub-Saharan Africa ,Low income,IDA,32.5729,0.314269
5158,2017,6202981526.4862,Imports of goods and services (current US$),UG,Uganda,Sub-Saharan Africa ,Low income,IDA,32.5729,0.314269
5159,2016,5485150866.21313,Imports of goods and services (current US$),UG,Uganda,Sub-Saharan Africa ,Low income,IDA,32.5729,0.314269
5160,2025,111072990302.021,Imports of goods and services (current US$),UA,Ukraine,Europe & Central Asia,Upper middle income,IBRD,30.5038,50.4536
5161,2024,95448348221.436,Imports of goods and services (current US$),UA,Ukraine,Europe & Central Asia,Upper middle income,IBRD,30.5038,50.4536
5162,2023,89177561166.1766,Imports of goods and services (current US$),UA,Ukraine,Europe & Central Asia,Upper middle income,IBRD,30.5038,50.4536
5163,2022,84155821685.1726,Imports of goods and services (current US$),UA,Ukraine,Europe & Central Asia,Upper middle income,IBRD,30.5038,50.4536
5164,2021,83920880266.57,Imports of goods and services (current US$),UA,Ukraine,Europe & Central Asia,Upper middle income,IBRD,30.5038,50.4536
5165,2020,63171454470.3735,Imports of goods and services (current US$),UA,Ukraine,Europe & Central Asia,Upper middle income,IBRD,30.5038,50.4536
5166,2019,75832862621.1614,Imports of goods and services (current US$),UA,Ukraine,Europe & Central Asia,Upper middle income,IBRD,30.5038,50.4536
5167,2018,70634825281.8368,Imports of goods and services (current US$),UA,Ukraine,Europe & Central Asia,Upper middle income,IBRD,30.5038,50.4536
5168,2017,62669875998.4639,Imports of goods and services (current US$),UA,Ukraine,Europe & Central Asia,Upper middle income,IBRD,30.5038,50.4536
5169,2016,52487083453.2553,Imports of goods and services (current US$),UA,Ukraine,Europe & Central Asia,Upper middle income,IBRD,30.5038,50.4536
5170,2025,,Imports of goods and services (current US$),AE,United Arab Emirates,"Middle East, North Africa, Afghanistan & Pakistan",High income,Not classified,54.3705,24.4764
5171,2024,,Imports of goods and services (current US$),AE,United Arab Emirates,"Middle East, North Africa, Afghanistan & Pakistan",High income,Not classified,54.3705,24.4764
5172,2023,481851599727.706,Imports of goods and services (current US$),AE,United Arab Emirates,"Middle East, North Africa, Afghanistan & Pakistan",High income,Not classified,54.3705,24.4764
5173,2022,427991831177.672,Imports of goods and services (current US$),AE,United Arab Emirates,"Middle East, North Africa, Afghanistan & Pakistan",High income,Not classified,54.3705,24.4764
5174,2021,347528931245.745,Imports of goods and services (current US$),AE,United Arab Emirates,"Middle East, North Africa, Afghanistan & Pakistan",High income,Not classified,54.3705,24.4764
5175,2020,297228046289.993,Imports of goods and services (current US$),AE,United Arab Emirates,"Middle East, North Africa, Afghanistan & Pakistan",High income,Not classified,54.3705,24.4764
5176,2019,306004084411.164,Imports of goods and services (current US$),AE,United Arab Emirates,"Middle East, North Africa, Afghanistan & Pakistan",High income,Not classified,54.3705,24.4764
5177,2018,281535738597.685,Imports of goods and services (current US$),AE,United Arab Emirates,"Middle East, North Africa, Afghanistan & Pakistan",High income,Not classified,54.3705,24.4764
5178,2017,285336963921.035,Imports of goods and services (current US$),AE,United Arab Emirates,"Middle East, North Africa, Afghanistan & Pakistan",High income,Not classified,54.3705,24.4764
5179,2016,270714771953.71,Imports of goods and services (current US$),AE,United Arab Emirates,"Middle East, North Africa, Afghanistan & Pakistan",High income,Not classified,54.3705,24.4764
5180,2025,1275239250327.84,Imports of goods and services (current US$),GB,United Kingdom,Europe & Central Asia,High income,Not classified,-0.126236,51.5002
5181,2024,1174549941083.14,Imports of goods and services (current US$),GB,United Kingdom,Europe & Central Asia,High income,Not classified,-0.126236,51.5002
5182,2023,1131603446867.99,Imports of goods and services (current US$),GB,United Kingdom,Europe & Central Asia,High income,Not classified,-0.126236,51.5002
5183,2022,1117793765633.44,Imports of goods and services (current US$),GB,United Kingdom,Europe & Central Asia,High income,Not classified,-0.126236,51.5002
5184,2021,934375952193.96,Imports of goods and services (current US$),GB,United Kingdom,Europe & Central Asia,High income,Not classified,-0.126236,51.5002
5185,2020,795714534395.164,Imports of goods and services (current US$),GB,United Kingdom,Europe & Central Asia,High income,Not classified,-0.126236,51.5002
5186,2019,951880342949.163,Imports of goods and services (current US$),GB,United Kingdom,Europe & Central Asia,High income,Not classified,-0.126236,51.5002
5187,2018,957619509260.342,Imports of goods and services (current US$),GB,United Kingdom,Europe & Central Asia,High income,Not classified,-0.126236,51.5002
5188,2017,869550502969.043,Imports of goods and services (current US$),GB,United Kingdom,Europe & Central Asia,High income,Not classified,-0.126236,51.5002
5189,2016,833100578279.813,Imports of goods and services (current US$),GB,United Kingdom,Europe & Central Asia,High income,Not classified,-0.126236,51.5002
5190,2025,,Imports of goods and services (current US$),US,United States,North America,High income,Not classified,-77.032,38.8895
5191,2024,4113828000000.0,Imports of goods and services (current US$),US,United States,North America,High income,Not classified,-77.032,38.8895
5192,2023,3859856000000.0,Imports of goods and services (current US$),US,United States,North America,High income,Not classified,-77.032,38.8895
5193,2022,3974319000000.0,Imports of goods and services (current US$),US,United States,North America,High income,Not classified,-77.032,38.8895
5194,2021,3417930000000.0,Imports of goods and services (current US$),US,United States,North America,High income,Not classified,-77.032,38.8895
5195,2020,2782391000000.0,Imports of goods and services (current US$),US,United States,North America,High income,Not classified,-77.032,38.8895
5196,2019,3116681000000.0,Imports of goods and services (current US$),US,United States,North America,High income,Not classified,-77.032,38.8895
5197,2018,3131166000000.0,Imports of goods and services (current US$),US,United States,North America,High income,Not classified,-77.032,38.8895
5198,2017,2931589000000.0,Imports of goods and services (current US$),US,United States,North America,High income,Not classified,-77.032,38.8895
5199,2016,2738830000000.0,Imports of goods and services (current US$),US,United States,North America,High income,Not classified,-77.032,38.8895
5200,2025,19327594037.2027,Imports of goods and services (current US$),UY,Uruguay,Latin America & Caribbean ,High income,IBRD,-56.0675,-34.8941
5201,2024,19118102905.9239,Imports of goods and services (current US$),UY,Uruguay,Latin America & Caribbean ,High income,IBRD,-56.0675,-34.8941
5202,2023,19284205661.165,Imports of goods and services (current US$),UY,Uruguay,Latin America & Caribbean ,High income,IBRD,-56.0675,-34.8941
5203,2022,19456784753.5126,Imports of goods and services (current US$),UY,Uruguay,Latin America & Caribbean ,High income,IBRD,-56.0675,-34.8941
5204,2021,15409774977.7147,Imports of goods and services (current US$),UY,Uruguay,Latin America & Caribbean ,High income,IBRD,-56.0675,-34.8941
5205,2020,11538603068.7621,Imports of goods and services (current US$),UY,Uruguay,Latin America & Caribbean ,High income,IBRD,-56.0675,-34.8941
5206,2019,13589037132.6358,Imports of goods and services (current US$),UY,Uruguay,Latin America & Caribbean ,High income,IBRD,-56.0675,-34.8941
5207,2018,13963973874.5237,Imports of goods and services (current US$),UY,Uruguay,Latin America & Caribbean ,High income,IBRD,-56.0675,-34.8941
5208,2017,13291654461.5084,Imports of goods and services (current US$),UY,Uruguay,Latin America & Caribbean ,High income,IBRD,-56.0675,-34.8941
5209,2016,12380703255.0244,Imports of goods and services (current US$),UY,Uruguay,Latin America & Caribbean ,High income,IBRD,-56.0675,-34.8941
5210,2025,51999343254.4106,Imports of goods and services (current US$),UZ,Uzbekistan,Europe & Central Asia,Lower middle income,Blend,69.269,41.3052
5211,2024,43642721045.5993,Imports of goods and services (current US$),UZ,Uzbekistan,Europe & Central Asia,Lower middle income,Blend,69.269,41.3052
5212,2023,42781543618.7628,Imports of goods and services (current US$),UZ,Uzbekistan,Europe & Central Asia,Lower middle income,Blend,69.269,41.3052
5213,2022,35654761539.6622,Imports of goods and services (current US$),UZ,Uzbekistan,Europe & Central Asia,Lower middle income,Blend,69.269,41.3052
5214,2021,27959658383.0977,Imports of goods and services (current US$),UZ,Uzbekistan,Europe & Central Asia,Lower middle income,Blend,69.269,41.3052
5215,2020,22681149059.5377,Imports of goods and services (current US$),UZ,Uzbekistan,Europe & Central Asia,Lower middle income,Blend,69.269,41.3052
5216,2019,26657560793.4445,Imports of goods and services (current US$),UZ,Uzbekistan,Europe & Central Asia,Lower middle income,Blend,69.269,41.3052
5217,2018,23455563381.3022,Imports of goods and services (current US$),UZ,Uzbekistan,Europe & Central Asia,Lower middle income,Blend,69.269,41.3052
5218,2017,16784675094.9635,Imports of goods and services (current US$),UZ,Uzbekistan,Europe & Central Asia,Lower middle income,Blend,69.269,41.3052
5219,2016,14522253346.4813,Imports of goods and services (current US$),UZ,Uzbekistan,Europe & Central Asia,Lower middle income,Blend,69.269,41.3052
5220,2025,,Imports of goods and services (current US$),VU,Vanuatu,East Asia & Pacific,Lower middle income,IDA,168.321,-17.7404
5221,2024,623471656.946251,Imports of goods and services (current US$),VU,Vanuatu,East Asia & Pacific,Lower middle income,IDA,168.321,-17.7404
5222,2023,590441809.213978,Imports of goods and services (current US$),VU,Vanuatu,East Asia & Pacific,Lower middle income,IDA,168.321,-17.7404
5223,2022,634898249.70573,Imports of goods and services (current US$),VU,Vanuatu,East Asia & Pacific,Lower middle income,IDA,168.321,-17.7404
5224,2021,570950869.098467,Imports of goods and services (current US$),VU,Vanuatu,East Asia & Pacific,Lower middle income,IDA,168.321,-17.7404
5225,2020,526815739.296239,Imports of goods and services (current US$),VU,Vanuatu,East Asia & Pacific,Lower middle income,IDA,168.321,-17.7404
5226,2019,577133767.676988,Imports of goods and services (current US$),VU,Vanuatu,East Asia & Pacific,Lower middle income,IDA,168.321,-17.7404
5227,2018,535578450.506059,Imports of goods and services (current US$),VU,Vanuatu,East Asia & Pacific,Lower middle income,IDA,168.321,-17.7404
5228,2017,523321870.458931,Imports of goods and services (current US$),VU,Vanuatu,East Asia & Pacific,Lower middle income,IDA,168.321,-17.7404
5229,2016,501590228.163171,Imports of goods and services (current US$),VU,Vanuatu,East Asia & Pacific,Lower middle income,IDA,168.321,-17.7404
5230,2025,10074121350.14,Imports of goods and services (current US$),VE,"Venezuela, RB",Latin America & Caribbean ,Lower middle income,IBRD,-69.8371,9.08165
5231,2024,11456619838.8081,Imports of goods and services (current US$),VE,"Venezuela, RB",Latin America & Caribbean ,Lower middle income,IBRD,-69.8371,9.08165
5232,2023,10266483008.9548,Imports of goods and services (current US$),VE,"Venezuela, RB",Latin America & Caribbean ,Lower middle income,IBRD,-69.8371,9.08165
5233,2022,10280104686.5588,Imports of goods and services (current US$),VE,"Venezuela, RB",Latin America & Caribbean ,Lower middle income,IBRD,-69.8371,9.08165
5234,2021,7856090323.7093,Imports of goods and services (current US$),VE,"Venezuela, RB",Latin America & Caribbean ,Lower middle income,IBRD,-69.8371,9.08165
5235,2020,5605400728.82019,Imports of goods and services (current US$),VE,"Venezuela, RB",Latin America & Caribbean ,Lower middle income,IBRD,-69.8371,9.08165
5236,2019,7982721068.68012,Imports of goods and services (current US$),VE,"Venezuela, RB",Latin America & Caribbean ,Lower middle income,IBRD,-69.8371,9.08165
5237,2018,12326332794.8304,Imports of goods and services (current US$),VE,"Venezuela, RB",Latin America & Caribbean ,Lower middle income,IBRD,-69.8371,9.08165
5238,2017,10756686685.3221,Imports of goods and services (current US$),VE,"Venezuela, RB",Latin America & Caribbean ,Lower middle income,IBRD,-69.8371,9.08165
5239,2016,11515036487.7869,Imports of goods and services (current US$),VE,"Venezuela, RB",Latin America & Caribbean ,Lower middle income,IBRD,-69.8371,9.08165
5240,2025,473997023086.435,Imports of goods and services (current US$),VN,Viet Nam,East Asia & Pacific,Upper middle income,IBRD,105.825,21.0069
5241,2024,398774125641.271,Imports of goods and services (current US$),VN,Viet Nam,East Asia & Pacific,Upper middle income,IBRD,105.825,21.0069
5242,2023,339491142718.319,Imports of goods and services (current US$),VN,Viet Nam,East Asia & Pacific,Upper middle income,IBRD,105.825,21.0069
5243,2022,370998835148.792,Imports of goods and services (current US$),VN,Viet Nam,East Asia & Pacific,Upper middle income,IBRD,105.825,21.0069
5244,2021,340182482326.141,Imports of goods and services (current US$),VN,Viet Nam,East Asia & Pacific,Upper middle income,IBRD,105.825,21.0069
5245,2020,273355953899.644,Imports of goods and services (current US$),VN,Viet Nam,East Asia & Pacific,Upper middle income,IBRD,105.825,21.0069
5246,2019,265976296626.188,Imports of goods and services (current US$),VN,Viet Nam,East Asia & Pacific,Upper middle income,IBRD,105.825,21.0069
5247,2018,248830928922.633,Imports of goods and services (current US$),VN,Viet Nam,East Asia & Pacific,Upper middle income,IBRD,105.825,21.0069
5248,2017,222881466764.771,Imports of goods and services (current US$),VN,Viet Nam,East Asia & Pacific,Upper middle income,IBRD,105.825,21.0069
5249,2016,183315160786.75,Imports of goods and services (current US$),VN,Viet Nam,East Asia & Pacific,Upper middle income,IBRD,105.825,21.0069
5250,2025,,Imports of goods and services (current US$),VI,Virgin Islands (U.S.),Latin America & Caribbean ,High income,Not classified,-64.8963,18.3358
5251,2024,,Imports of goods and services (current US$),VI,Virgin Islands (U.S.),Latin America & Caribbean ,High income,Not classified,-64.8963,18.3358
5252,2023,,Imports of goods and services (current US$),VI,Virgin Islands (U.S.),Latin America & Caribbean ,High income,Not classified,-64.8963,18.3358
5253,2022,5058000000.0,Imports of goods and services (current US$),VI,Virgin Islands (U.S.),Latin America & Caribbean ,High income,Not classified,-64.8963,18.3358
5254,2021,4057000000.0,Imports of goods and services (current US$),VI,Virgin Islands (U.S.),Latin America & Caribbean ,High income,Not classified,-64.8963,18.3358
5255,2020,3184000000.0,Imports of goods and services (current US$),VI,Virgin Islands (U.S.),Latin America & Caribbean ,High income,Not classified,-64.8963,18.3358
5256,2019,4140000000.0,Imports of goods and services (current US$),VI,Virgin Islands (U.S.),Latin America & Caribbean ,High income,Not classified,-64.8963,18.3358
5257,2018,4163000000.0,Imports of goods and services (current US$),VI,Virgin Islands (U.S.),Latin America & Caribbean ,High income,Not classified,-64.8963,18.3358
5258,2017,3580000000.0,Imports of goods and services (current US$),VI,Virgin Islands (U.S.),Latin America & Caribbean ,High income,Not classified,-64.8963,18.3358
5259,2016,2517000000.0,Imports of goods and services (current US$),VI,Virgin Islands (U.S.),Latin America & Caribbean ,High income,Not classified,-64.8963,18.3358
5260,2025,9190000000.0,Imports of goods and services (current US$),PS,West Bank and Gaza,"Middle East, North Africa, Afghanistan & Pakistan",Lower middle income,Not classified,,
5261,2024,8446600000.0,Imports of goods and services (current US$),PS,West Bank and Gaza,"Middle East, North Africa, Afghanistan & Pakistan",Lower middle income,Not classified,,
5262,2023,11027800000.0,Imports of goods and services (current US$),PS,West Bank and Gaza,"Middle East, North Africa, Afghanistan & Pakistan",Lower middle income,Not classified,,
5263,2022,12258000000.0,Imports of goods and services (current US$),PS,West Bank and Gaza,"Middle East, North Africa, Afghanistan & Pakistan",Lower middle income,Not classified,,
5264,2021,10094400000.0,Imports of goods and services (current US$),PS,West Bank and Gaza,"Middle East, North Africa, Afghanistan & Pakistan",Lower middle income,Not classified,,
5265,2020,8065700000.0,Imports of goods and services (current US$),PS,West Bank and Gaza,"Middle East, North Africa, Afghanistan & Pakistan",Lower middle income,Not classified,,
5266,2019,9161700000.0,Imports of goods and services (current US$),PS,West Bank and Gaza,"Middle East, North Africa, Afghanistan & Pakistan",Lower middle income,Not classified,,
5267,2018,9023700000.0,Imports of goods and services (current US$),PS,West Bank and Gaza,"Middle East, North Africa, Afghanistan & Pakistan",Lower middle income,Not classified,,
5268,2017,8503400000.0,Imports of goods and services (current US$),PS,West Bank and Gaza,"Middle East, North Africa, Afghanistan & Pakistan",Lower middle income,Not classified,,
5269,2016,7871500000.0,Imports of goods and services (current US$),PS,West Bank and Gaza,"Middle East, North Africa, Afghanistan & Pakistan",Lower middle income,Not classified,,
5270,2025,,Imports of goods and services (current US$),YE,"Yemen, Rep.","Middle East, North Africa, Afghanistan & Pakistan",Low income,IDA,44.2075,15.352
5271,2024,,Imports of goods and services (current US$),YE,"Yemen, Rep.","Middle East, North Africa, Afghanistan & Pakistan",Low income,IDA,44.2075,15.352
5272,2023,,Imports of goods and services (current US$),YE,"Yemen, Rep.","Middle East, North Africa, Afghanistan & Pakistan",Low income,IDA,44.2075,15.352
5273,2022,,Imports of goods and services (current US$),YE,"Yemen, Rep.","Middle East, North Africa, Afghanistan & Pakistan",Low income,IDA,44.2075,15.352
5274,2021,,Imports of goods and services (current US$),YE,"Yemen, Rep.","Middle East, North Africa, Afghanistan & Pakistan",Low income,IDA,44.2075,15.352
5275,2020,,Imports of goods and services (current US$),YE,"Yemen, Rep.","Middle East, North Africa, Afghanistan & Pakistan",Low income,IDA,44.2075,15.352
5276,2019,,Imports of goods and services (current US$),YE,"Yemen, Rep.","Middle East, North Africa, Afghanistan & Pakistan",Low income,IDA,44.2075,15.352
5277,2018,10224406924.9102,Imports of goods and services (current US$),YE,"Yemen, Rep.","Middle East, North Africa, Afghanistan & Pakistan",Low income,IDA,44.2075,15.352
5278,2017,8933538625.05819,Imports of goods and services (current US$),YE,"Yemen, Rep.","Middle East, North Africa, Afghanistan & Pakistan",Low income,IDA,44.2075,15.352
5279,2016,8227926015.67977,Imports of goods and services (current US$),YE,"Yemen, Rep.","Middle East, North Africa, Afghanistan & Pakistan",Low income,IDA,44.2075,15.352
5280,2025,,Imports of goods and services (current US$),ZM,Zambia,Sub-Saharan Africa ,Lower middle income,IDA,28.2937,-15.3982
5281,2024,6971790366.11773,Imports of goods and services (current US$),ZM,Zambia,Sub-Saharan Africa ,Lower middle income,IDA,28.2937,-15.3982
5282,2023,10312987263.3203,Imports of goods and services (current US$),ZM,Zambia,Sub-Saharan Africa ,Lower middle income,IDA,28.2937,-15.3982
5283,2022,8487628171.9824,Imports of goods and services (current US$),ZM,Zambia,Sub-Saharan Africa ,Lower middle income,IDA,28.2937,-15.3982
5284,2021,7511107108.14459,Imports of goods and services (current US$),ZM,Zambia,Sub-Saharan Africa ,Lower middle income,IDA,28.2937,-15.3982
5285,2020,5892354557.94953,Imports of goods and services (current US$),ZM,Zambia,Sub-Saharan Africa ,Lower middle income,IDA,28.2937,-15.3982
5286,2019,7961078355.3142,Imports of goods and services (current US$),ZM,Zambia,Sub-Saharan Africa ,Lower middle income,IDA,28.2937,-15.3982
5287,2018,9717093536.7998,Imports of goods and services (current US$),ZM,Zambia,Sub-Saharan Africa ,Lower middle income,IDA,28.2937,-15.3982
5288,2017,9467884707.11847,Imports of goods and services (current US$),ZM,Zambia,Sub-Saharan Africa ,Lower middle income,IDA,28.2937,-15.3982
5289,2016,8097049103.85227,Imports of goods and services (current US$),ZM,Zambia,Sub-Saharan Africa ,Lower middle income,IDA,28.2937,-15.3982
5290,2025,,Imports of goods and services (current US$),ZW,Zimbabwe,Sub-Saharan Africa ,Lower middle income,Blend,31.0672,-17.8312
5291,2024,9735878412.94827,Imports of goods and services (current US$),ZW,Zimbabwe,Sub-Saharan Africa ,Lower middle income,Blend,31.0672,-17.8312
5292,2023,8312993033.65298,Imports of goods and services (current US$),ZW,Zimbabwe,Sub-Saharan Africa ,Lower middle income,Blend,31.0672,-17.8312
5293,2022,10126039654.2398,Imports of goods and services (current US$),ZW,Zimbabwe,Sub-Saharan Africa ,Lower middle income,Blend,31.0672,-17.8312
5294,2021,7964377625.17501,Imports of goods and services (current US$),ZW,Zimbabwe,Sub-Saharan Africa ,Lower middle income,Blend,31.0672,-17.8312
5295,2020,5381694862.39963,Imports of goods and services (current US$),ZW,Zimbabwe,Sub-Saharan Africa ,Lower middle income,Blend,31.0672,-17.8312
5296,2019,6166366675.23785,Imports of goods and services (current US$),ZW,Zimbabwe,Sub-Saharan Africa ,Lower middle income,Blend,31.0672,-17.8312
5297,2018,9691544117.64706,Imports of goods and services (current US$),ZW,Zimbabwe,Sub-Saharan Africa ,Lower middle income,Blend,31.0672,-17.8312
5298,2017,15499601593.6255,Imports of goods and services (current US$),ZW,Zimbabwe,Sub-Saharan Africa ,Lower middle income,Blend,31.0672,-17.8312
5299,2016,6430000000.0,Imports of goods and services (current US$),ZW,Zimbabwe,Sub-Saharan Africa ,Lower middle income,Blend,31.0672,-17.8312
